# This file uses meters as units for non-parametric coordinates.

mtllib razzo2.mtl
g default
v 46.616524 -99.423492 -2.494453
v 45.469948 -99.423492 -4.744732
v 43.684118 -99.423492 -6.530564
v 41.433835 -99.423492 -7.677138
v 41.433835 -99.423492 7.677135
v 43.684113 -99.423492 6.530561
v 45.469938 -99.423492 4.744730
v 46.616514 -99.423492 2.494452
v 47.011601 -99.423492 0.000000
v 44.806340 -6.778694 -1.906292
v 43.429905 -4.639370 -1.459064
v 41.369943 -3.209932 -0.789740
v 41.006935 -3.209932 -1.502176
v 42.759252 -4.639370 -2.775305
v 43.930113 -6.778694 -3.625982
v 40.441547 -3.209932 -2.067562
v 41.714683 -4.639370 -3.819877
v 42.565364 -6.778694 -4.990737
v 39.729121 -3.209932 -2.430563
v 40.398442 -4.639370 -4.490533
v 40.845668 -6.778694 -5.866960
v 39.729114 -3.209932 2.430562
v 40.398442 -4.639370 4.490531
v 40.845668 -6.778694 5.866958
v 40.441547 -3.209932 2.067559
v 41.714673 -4.639370 3.819874
v 42.565354 -6.778694 4.990734
v 41.006935 -3.209932 1.502168
v 42.759252 -4.639370 2.775300
v 43.930113 -6.778694 3.625979
v 41.369938 -3.209932 0.789736
v 43.429905 -4.639370 1.459061
v 44.806335 -6.778694 1.906290
v 41.495027 -3.209932 -0.000004
v 43.661001 -4.639370 -0.000002
v 45.108255 -6.778694 -0.000001
v 44.825521 -11.856953 -4.276534
v 45.858946 -11.856953 -2.248307
v 46.215046 -11.856953 -0.000000
v 45.858946 -11.856953 2.248306
v 44.825521 -11.856953 4.276532
v 43.215906 -11.856953 5.886142
v 41.187683 -11.856953 6.919575
v 41.187683 -11.856953 -6.919577
v 43.215921 -11.856953 -5.886145
v 45.875081 -99.423492 -2.253545
v 44.839242 -99.423492 -4.286496
v 43.225873 -99.423492 -5.899855
v 41.192925 -99.423492 -6.935696
v 41.192925 -99.423492 6.935693
v 43.225873 -99.423492 5.899853
v 44.839227 -99.423492 4.286494
v 45.875066 -99.423492 2.253542
v 46.232000 -99.423492 -0.000002
v 45.875081 -102.853493 -2.253545
v 44.839242 -102.853493 -4.286496
v 43.225873 -102.853493 -5.899855
v 41.192925 -102.853493 -6.935690
v 41.192925 -102.853493 6.935693
v 43.225873 -102.853493 5.899853
v 44.839227 -102.853493 4.286494
v 45.875066 -102.853493 2.253542
v 46.232000 -102.853493 0.000024
v 38.939380 -99.423492 -8.072218
v 38.939380 -99.423492 8.072215
v 38.939380 -2.707980 -0.000002
v 38.939380 -6.778694 -6.168885
v 38.939380 -4.639370 -4.721624
v 38.939380 -3.209932 -2.555644
v 38.939380 -6.778694 6.168884
v 38.939380 -4.639370 4.721621
v 38.939380 -3.209932 2.555641
v 38.939380 -11.856953 7.275671
v 38.939380 -11.856953 -7.275671
v 38.939380 -99.423492 -7.292620
v 38.939380 -99.423492 7.292617
v 38.939380 -102.853493 0.000025
v 38.939380 -102.853493 -7.292620
v 38.939380 -102.853493 7.292617
v 31.262237 -99.423492 -2.494453
v 32.408820 -99.423492 -4.744732
v 34.194653 -99.423492 -6.530564
v 36.444931 -99.423492 -7.677138
v 36.444931 -99.423492 7.677135
v 34.194653 -99.423492 6.530561
v 32.408833 -99.423492 4.744730
v 31.262257 -99.423492 2.494452
v 30.867165 -99.423492 -0.000000
v 33.072426 -6.778694 -1.906292
v 34.448861 -4.639370 -1.459064
v 36.508828 -3.209932 -0.789740
v 36.871833 -3.209932 -1.502176
v 35.119519 -4.639370 -2.775305
v 33.948658 -6.778694 -3.625982
v 37.437221 -3.209932 -2.067562
v 36.164086 -4.639370 -3.819877
v 35.313404 -6.778694 -4.990737
v 38.149647 -3.209932 -2.430563
v 37.480324 -4.639370 -4.490533
v 37.033100 -6.778694 -5.866960
v 38.149654 -3.209932 2.430562
v 37.480324 -4.639370 4.490531
v 37.033100 -6.778694 5.866958
v 37.437221 -3.209932 2.067559
v 36.164093 -4.639370 3.819874
v 35.313411 -6.778694 4.990734
v 36.871833 -3.209932 1.502168
v 35.119519 -4.639370 2.775300
v 33.948658 -6.778694 3.625979
v 36.508828 -3.209932 0.789736
v 34.448861 -4.639370 1.459061
v 33.072433 -6.778694 1.906290
v 36.383744 -3.209932 -0.000004
v 34.217770 -4.639370 -0.000002
v 32.770516 -6.778694 -0.000001
v 33.053245 -11.856953 -4.276534
v 32.019825 -11.856953 -2.248307
v 31.663719 -11.856953 -0.000000
v 32.019825 -11.856953 2.248306
v 33.053245 -11.856953 4.276532
v 34.662865 -11.856953 5.886142
v 36.691086 -11.856953 6.919575
v 36.691086 -11.856953 -6.919577
v 34.662845 -11.856953 -5.886145
v 32.003685 -99.423492 -2.253545
v 33.039524 -99.423492 -4.286496
v 34.652893 -99.423492 -5.899855
v 36.685841 -99.423492 -6.935696
v 36.685841 -99.423492 6.935693
v 34.652893 -99.423492 5.899853
v 33.039544 -99.423492 4.286494
v 32.003704 -99.423492 2.253542
v 31.646771 -99.423492 -0.000002
v 32.003685 -102.853493 -2.253545
v 33.039524 -102.853493 -4.286496
v 34.652893 -102.853493 -5.899855
v 36.685841 -102.853493 -6.935690
v 36.685841 -102.853493 6.935693
v 34.652893 -102.853493 5.899853
v 33.039544 -102.853493 4.286494
v 32.003704 -102.853493 2.253542
v 31.646771 -102.853493 0.000024
v 46.607769 -33.092472 -2.491609
v 46.616524 -33.990832 -2.494453
v 45.462498 -33.092472 -4.739321
v 45.469948 -33.990832 -4.744732
v 43.678708 -33.092472 -6.523116
v 43.684118 -33.990832 -6.530564
v 41.430982 -33.092472 -7.668383
v 41.433835 -33.990832 -7.677138
v 38.939380 -33.092472 -8.063012
v 38.939380 -33.990832 -8.072218
v 41.430982 -33.092472 7.668380
v 41.433835 -33.990832 7.677135
v 43.678693 -33.092472 6.523113
v 43.684113 -33.990832 6.530561
v 45.462484 -33.092472 4.739319
v 45.469938 -33.990832 4.744730
v 46.607759 -33.092472 2.491607
v 46.616514 -33.990832 2.494452
v 47.002393 -33.092472 -0.000000
v 47.011601 -33.990832 -0.000000
v 46.327360 -18.708576 -2.400502
v 46.286432 -17.811182 -2.387203
v 45.223973 -18.708576 -4.566027
v 45.189155 -17.811182 -4.540730
v 43.505415 -18.708576 -6.284598
v 43.480115 -17.811182 -6.249780
v 41.339879 -18.708576 -7.387987
v 41.326584 -17.811182 -7.347056
v 38.939380 -17.811182 -7.725149
v 38.939380 -18.708576 -7.768185
v 41.339879 -18.708576 7.387984
v 41.326584 -17.811182 7.347053
v 43.505395 -18.708576 6.284594
v 43.480100 -17.811182 6.249777
v 45.223973 -18.708576 4.566024
v 45.189155 -17.811182 4.540728
v 46.327360 -18.708576 2.400501
v 46.286432 -17.811182 2.387202
v 46.707563 -18.708576 -0.000000
v 46.664522 -17.811182 -0.000000
v 38.939380 -33.092472 8.063009
v 38.939380 -33.990832 8.072215
v 38.939380 -18.708576 7.768185
v 38.939380 -17.811182 7.725148
v 31.270995 -33.092472 -2.491609
v 31.262237 -33.990832 -2.494453
v 32.416267 -33.092472 -4.739321
v 32.408820 -33.990832 -4.744732
v 34.200058 -33.092472 -6.523116
v 34.194653 -33.990832 -6.530564
v 36.447781 -33.092472 -7.668383
v 36.444931 -33.990832 -7.677138
v 36.447781 -33.092472 7.668380
v 36.444931 -33.990832 7.677135
v 34.200070 -33.092472 6.523113
v 34.194653 -33.990832 6.530561
v 32.416275 -33.092472 4.739319
v 32.408833 -33.990832 4.744730
v 31.271012 -33.092472 2.491607
v 31.262257 -33.990832 2.494452
v 30.876368 -33.092472 -0.000000
v 30.867165 -33.990832 -0.000000
v 31.551404 -18.708576 -2.400502
v 31.592339 -17.811182 -2.387203
v 32.654793 -18.708576 -4.566027
v 32.689614 -17.811182 -4.540730
v 34.373356 -18.708576 -6.284598
v 34.398651 -17.811182 -6.249780
v 36.538887 -18.708576 -7.387987
v 36.552184 -17.811182 -7.347056
v 36.552184 -17.811182 7.347053
v 36.538887 -18.708576 7.387984
v 34.373363 -18.708576 6.284594
v 34.398663 -17.811182 6.249777
v 32.654793 -18.708576 4.566024
v 32.689614 -17.811182 4.540728
v 31.551404 -18.708576 2.400501
v 31.592339 -17.811182 2.387202
v 31.171208 -18.708576 -0.000000
v 31.214237 -17.811182 -0.000000
v 46.616524 -84.389640 -2.494453
v 46.616524 -85.288019 -2.494453
v 47.011601 -85.288019 -0.000000
v 47.011601 -84.389640 -0.000000
v 46.616514 -85.288019 2.494452
v 46.616514 -84.389640 2.494452
v 45.469938 -85.288019 4.744729
v 45.469938 -84.389640 4.744729
v 43.684113 -85.288019 6.530561
v 43.684113 -84.389640 6.530561
v 41.433835 -85.288019 7.677135
v 41.433835 -84.389640 7.677135
v 38.939380 -85.288019 8.072215
v 38.939380 -84.389640 8.072215
v 36.444931 -85.288019 7.677135
v 36.444931 -84.389640 7.677135
v 34.194653 -85.288019 6.530561
v 34.194653 -84.389640 6.530561
v 32.408833 -85.288019 4.744729
v 32.408833 -84.389640 4.744729
v 31.262257 -85.288019 2.494452
v 31.262257 -84.389640 2.494452
v 30.867165 -85.288019 -0.000000
v 30.867165 -84.389640 -0.000000
v 31.262237 -85.288019 -2.494453
v 31.262237 -84.389640 -2.494453
v 32.408820 -85.288019 -4.744733
v 32.408820 -84.389640 -4.744733
v 34.194653 -85.288019 -6.530564
v 34.194653 -84.389640 -6.530564
v 36.444931 -85.288019 -7.677138
v 36.444931 -84.389640 -7.677138
v 38.939380 -85.288019 -8.072218
v 38.939380 -84.389640 -8.072218
v 41.433835 -85.288019 -7.677138
v 41.433835 -84.389640 -7.677138
v 43.684118 -85.288019 -6.530564
v 43.684118 -84.389640 -6.530564
v 45.469948 -85.288019 -4.744733
v 45.469948 -84.389640 -4.744733
v 46.616524 -66.667116 -2.494453
v 46.616524 -67.565500 -2.494453
v 47.011601 -67.565500 -0.000000
v 47.011601 -66.667116 -0.000000
v 46.616514 -67.565500 2.494452
v 46.616514 -66.667116 2.494452
v 45.469938 -67.565500 4.744729
v 45.469938 -66.667116 4.744729
v 43.684113 -67.565500 6.530561
v 43.684113 -66.667116 6.530561
v 41.433835 -67.565500 7.677135
v 41.433835 -66.667116 7.677135
v 38.939380 -67.565500 8.072215
v 38.939380 -66.667116 8.072215
v 36.444931 -67.565500 7.677135
v 36.444931 -66.667116 7.677135
v 34.194653 -67.565500 6.530561
v 34.194653 -66.667116 6.530561
v 32.408833 -67.565500 4.744729
v 32.408833 -66.667116 4.744729
v 31.262257 -67.565500 2.494452
v 31.262257 -66.667116 2.494452
v 30.867165 -67.565500 -0.000000
v 30.867165 -66.667116 -0.000000
v 31.262237 -67.565500 -2.494453
v 31.262237 -66.667116 -2.494453
v 32.408820 -67.565500 -4.744733
v 32.408820 -66.667116 -4.744733
v 34.194653 -67.565500 -6.530564
v 34.194653 -66.667116 -6.530564
v 36.444931 -67.565500 -7.677138
v 36.444931 -66.667116 -7.677138
v 38.939380 -67.565500 -8.072218
v 38.939380 -66.667116 -8.072218
v 41.433835 -67.565500 -7.677138
v 41.433835 -66.667116 -7.677138
v 43.684118 -67.565500 -6.530564
v 43.684118 -66.667116 -6.530564
v 45.469948 -67.565500 -4.744733
v 45.469948 -66.667116 -4.744733
v 46.616524 -49.419943 -2.494453
v 46.616524 -50.318341 -2.494453
v 47.011601 -50.318341 -0.000000
v 47.011601 -49.419943 -0.000000
v 46.616514 -50.318341 2.494452
v 46.616514 -49.419943 2.494452
v 45.469938 -50.318341 4.744729
v 45.469938 -49.419943 4.744729
v 43.684113 -50.318341 6.530561
v 43.684113 -49.419943 6.530561
v 41.433835 -50.318341 7.677135
v 41.433835 -49.419943 7.677135
v 38.939380 -50.318341 8.072215
v 38.939380 -49.419943 8.072215
v 36.444931 -50.318341 7.677135
v 36.444931 -49.419943 7.677135
v 34.194653 -50.318341 6.530561
v 34.194653 -49.419943 6.530561
v 32.408833 -50.318341 4.744729
v 32.408833 -49.419943 4.744729
v 31.262257 -50.318341 2.494452
v 31.262257 -49.419943 2.494452
v 30.867165 -50.318341 -0.000000
v 30.867165 -49.419943 -0.000000
v 31.262237 -50.318341 -2.494453
v 31.262237 -49.419943 -2.494453
v 32.408820 -50.318341 -4.744733
v 32.408820 -49.419943 -4.744733
v 34.194653 -50.318341 -6.530564
v 34.194653 -49.419943 -6.530564
v 36.444931 -50.318341 -7.677138
v 36.444931 -49.419943 -7.677138
v 38.939380 -50.318341 -8.072218
v 38.939380 -49.419943 -8.072218
v 41.433835 -50.318341 -7.677138
v 41.433835 -49.419943 -7.677138
v 43.684118 -50.318341 -6.530564
v 43.684118 -49.419943 -6.530564
v 45.469948 -50.318341 -4.744733
v 45.469948 -49.419943 -4.744733
v 38.939380 -17.838344 -7.158835
v 41.151581 -17.838344 -6.808458
v 41.164879 -18.735738 -6.849390
v 38.939380 -18.735738 -7.201871
v 34.706234 -18.735743 5.826437
v 36.713882 -18.735738 6.849388
v 36.727185 -17.838344 6.808459
v 34.731533 -17.838344 5.791619
v 46.141251 -18.735738 -0.000000
v 45.788762 -18.735738 -2.225502
v 45.747834 -17.838344 -2.212203
v 46.098205 -17.838344 -0.000000
v 44.730988 -17.838344 -4.207861
v 44.765812 -18.735738 -4.233156
v 43.147245 -17.838344 -5.791623
v 43.172539 -18.735738 -5.826440
v 38.939380 -18.735738 7.201872
v 41.164879 -18.735738 6.849386
v 41.151581 -17.838344 6.808456
v 38.939380 -17.838344 7.158835
v 43.147230 -17.838344 5.791620
v 43.172525 -18.735738 5.826437
v 44.730988 -17.838344 4.207857
v 44.765817 -18.735738 4.233154
v 45.747834 -17.838344 2.212202
v 45.788762 -18.735738 2.225502
v 33.112949 -18.735743 -4.233155
v 32.089996 -18.735743 -2.225502
v 32.130931 -17.838344 -2.212203
v 33.147770 -17.838344 -4.207861
v 34.706227 -18.735738 -5.826441
v 34.731521 -17.838344 -5.791623
v 36.713882 -18.735738 -6.849390
v 36.727185 -17.838344 -6.808459
v 33.112949 -18.735743 4.233153
v 33.147770 -17.838344 4.207857
v 32.089996 -18.735743 2.225501
v 32.130931 -17.838344 2.212202
v 31.737517 -18.735743 -0.000000
v 31.780548 -17.838344 -0.000000
v 46.444620 -85.288019 -0.000001
v 46.077290 -85.288019 -2.319248
v 46.077290 -84.389640 -2.319248
v 46.444620 -84.389640 -0.000001
v 46.077276 -85.288019 2.319245
v 46.077276 -84.389640 2.319245
v 45.011240 -85.288019 4.411469
v 45.011240 -84.389640 4.411469
v 43.350848 -85.288019 6.071865
v 43.350848 -84.389640 6.071865
v 41.258625 -85.288019 7.137905
v 41.258625 -84.389640 7.137905
v 38.939380 -85.288019 7.505235
v 38.939380 -84.389640 7.505235
v 36.620136 -85.288019 7.137904
v 36.620136 -84.389640 7.137904
v 34.527915 -85.288019 6.071865
v 34.527915 -84.389640 6.071865
v 32.867531 -85.288019 4.411469
v 32.867531 -84.389640 4.411469
v 31.801483 -85.288019 2.319244
v 31.801483 -84.389640 2.319244
v 31.434144 -85.288019 -0.000002
v 31.434144 -84.389640 -0.000002
v 31.801470 -85.288019 -2.319247
v 31.801470 -84.389640 -2.319247
v 32.867511 -85.288019 -4.411469
v 32.867511 -84.389640 -4.411469
v 34.527915 -85.288019 -6.071867
v 34.527915 -84.389640 -6.071867
v 36.620136 -85.288019 -7.137907
v 36.620136 -84.389640 -7.137907
v 38.939380 -85.288019 -7.505238
v 38.939380 -84.389640 -7.505238
v 41.258625 -85.288019 -7.137906
v 41.258625 -84.389640 -7.137906
v 43.350853 -85.288019 -6.071866
v 43.350853 -84.389640 -6.071866
v 45.011254 -85.288019 -4.411470
v 45.011254 -84.389640 -4.411470
v 46.444620 -67.565500 -0.000001
v 46.077290 -67.565500 -2.319249
v 46.077290 -66.667116 -2.319249
v 46.444620 -66.667116 -0.000001
v 46.077276 -67.565500 2.319245
v 46.077276 -66.667116 2.319245
v 45.011240 -67.565500 4.411467
v 45.011240 -66.667116 4.411467
v 43.350848 -67.565500 6.071863
v 43.350848 -66.667116 6.071863
v 41.258625 -67.565500 7.137904
v 41.258625 -66.667116 7.137904
v 38.939380 -67.565500 7.505235
v 38.939380 -66.667116 7.505235
v 36.620136 -67.565500 7.137904
v 36.620136 -66.667116 7.137904
v 34.527915 -67.565500 6.071864
v 34.527915 -66.667116 6.071864
v 32.867531 -67.565500 4.411469
v 32.867531 -66.667116 4.411469
v 31.801483 -67.565500 2.319244
v 31.801483 -66.667116 2.319244
v 31.434144 -67.565500 -0.000002
v 31.434144 -66.667116 -0.000002
v 31.801470 -67.565500 -2.319247
v 31.801470 -66.667116 -2.319247
v 32.867511 -67.565500 -4.411470
v 32.867511 -66.667116 -4.411470
v 34.527915 -67.565500 -6.071867
v 34.527915 -66.667116 -6.071867
v 36.620136 -67.565500 -7.137907
v 36.620136 -66.667116 -7.137907
v 38.939380 -67.565500 -7.505237
v 38.939380 -66.667116 -7.505237
v 41.258625 -67.565500 -7.137908
v 41.258625 -66.667116 -7.137908
v 43.350853 -67.565500 -6.071867
v 43.350853 -66.667116 -6.071867
v 45.011254 -67.565500 -4.411471
v 45.011254 -66.667116 -4.411471
v 46.444620 -50.318341 -0.000001
v 46.077290 -50.318341 -2.319248
v 46.077290 -49.419943 -2.319248
v 46.444620 -49.419943 -0.000001
v 46.077276 -50.318341 2.319245
v 46.077276 -49.419943 2.319245
v 45.011240 -50.318341 4.411468
v 45.011240 -49.419943 4.411468
v 43.350848 -50.318341 6.071864
v 43.350848 -49.419943 6.071864
v 41.258625 -50.318341 7.137904
v 41.258625 -49.419943 7.137904
v 38.939380 -50.318341 7.505235
v 38.939380 -49.419943 7.505235
v 36.620136 -50.318341 7.137904
v 36.620136 -49.419943 7.137904
v 34.527915 -50.318341 6.071864
v 34.527915 -49.419943 6.071864
v 32.867531 -50.318341 4.411468
v 32.867531 -49.419943 4.411468
v 31.801483 -50.318341 2.319244
v 31.801483 -49.419943 2.319244
v 31.434144 -50.318341 -0.000002
v 31.434144 -49.419943 -0.000002
v 31.801470 -50.318341 -2.319247
v 31.801470 -49.419943 -2.319247
v 32.867511 -50.318341 -4.411469
v 32.867511 -49.419943 -4.411469
v 34.527915 -50.318341 -6.071867
v 34.527915 -49.419943 -6.071867
v 36.620136 -50.318341 -7.137908
v 36.620136 -49.419943 -7.137908
v 38.939380 -50.318341 -7.505237
v 38.939380 -49.419943 -7.505237
v 41.258625 -50.318341 -7.137907
v 41.258625 -49.419943 -7.137907
v 43.350853 -50.318341 -6.071867
v 43.350853 -49.419943 -6.071867
v 45.011254 -50.318341 -4.411469
v 45.011254 -49.419943 -4.411469
v 45.003820 -33.098286 -4.406075
v 46.068570 -33.098286 -2.316413
v 46.077315 -33.996635 -2.319256
v 45.011274 -33.996635 -4.411488
v 43.345458 -33.098286 -6.064442
v 43.350873 -33.996635 -6.071892
v 41.255782 -33.098286 -7.129183
v 41.258632 -33.996635 -7.137937
v 38.939380 -33.098286 -7.496063
v 38.939380 -33.996635 -7.505269
v 36.622979 -33.098286 -7.129183
v 36.620128 -33.996635 -7.137937
v 43.345444 -33.098286 6.064440
v 41.255782 -33.098286 7.129178
v 41.258632 -33.996635 7.137933
v 43.350868 -33.996645 6.071889
v 45.003805 -33.098286 4.406072
v 45.011264 -33.996645 4.411487
v 46.068555 -33.098286 2.316410
v 46.077310 -33.996635 2.319254
v 46.435441 -33.098286 -0.000001
v 46.444649 -33.996635 -0.000001
v 38.939380 -33.996635 7.505265
v 38.939380 -33.098286 7.496061
v 31.443318 -33.098286 -0.000002
v 31.810196 -33.098286 -2.316412
v 31.801441 -33.996635 -2.319257
v 31.434117 -33.996635 -0.000002
v 32.867492 -33.996635 -4.411488
v 32.874939 -33.098286 -4.406077
v 34.527893 -33.996635 -6.071892
v 34.533303 -33.098286 -6.064444
v 36.620128 -33.996635 7.137933
v 36.622979 -33.098286 7.129178
v 34.527900 -33.996635 6.071887
v 34.533317 -33.098286 6.064440
v 32.867504 -33.996635 4.411485
v 32.874951 -33.098286 4.406074
v 31.801456 -33.996635 2.319254
v 31.810211 -33.098286 2.316409
vt 0.799312 0.718102
vt 0.127595 0.905092
vt 0.133801 0.888229
vt 0.143580 0.893574
vt 0.132510 0.907733
vt 0.140571 0.870957
vt 0.294646 0.555780
vt 0.305831 0.595493
vt 0.289449 0.593790
vt 0.280284 0.553620
vt 0.273108 0.591330
vt 0.151219 0.901651
vt 0.136377 0.911759
vt 0.266146 0.550726
vt 0.256810 0.588106
vt 0.156021 0.911669
vt 0.138827 0.916779
vt 0.529507 0.495019
vt 0.157607 0.922685
vt 0.139634 0.922309
vt 0.070435 0.903666
vt 0.066995 0.920793
vt 0.403870 0.590296
vt 0.387702 0.592989
vt 0.367685 0.556579
vt 0.371416 0.594912
vt 0.087929 0.910091
vt 0.093296 0.900153
vt 0.104912 0.916067
vt 0.107516 0.911140
vt 0.353052 0.557728
vt 0.355060 0.596144
vt 0.101503 0.892397
vt 0.111538 0.907273
vt 0.338396 0.558223
vt 0.338659 0.596660
vt 0.111683 0.887582
vt 0.116568 0.904846
vt 0.323751 0.558066
vt 0.322241 0.596446
vt 0.122814 0.886155
vt 0.122102 0.904096
vt 0.121718 0.921935
vt 0.087403 0.185847
vt 0.105530 0.181343
vt 0.805501 0.613910
vt 0.802378 0.597327
vt 0.069276 0.190352
vt 0.799255 0.580744
vt 0.051149 0.194856
vt 0.796131 0.564161
vt 0.196165 0.158823
vt 0.214292 0.154319
vt 0.261298 0.387840
vt 0.253263 0.372059
vt 0.178038 0.163327
vt 0.817994 0.680241
vt 0.159911 0.167831
vt 0.814871 0.663658
vt 0.141784 0.172335
vt 0.811748 0.647075
vt 0.123657 0.176839
vt 0.808625 0.630492
vt 0.240575 0.584145
vt 0.086064 0.921191
vt 0.103996 0.921566
vt 0.855474 0.879234
vt 0.395561 0.109278
vt 0.821175 0.834181
vt 0.818051 0.817598
vt 0.824298 0.850764
vt 0.827421 0.867347
vt 0.802435 0.734684
vt 0.805558 0.751267
vt 0.808682 0.767850
vt 0.811805 0.784433
vt 0.814928 0.801015
vt 0.126887 0.939009
vt 0.131908 0.936576
vt 0.142377 0.951184
vt 0.132384 0.956117
vt 0.153485 0.966048
vt 0.480217 0.525225
vt 0.511805 0.552157
vt 0.497148 0.559671
vt 0.165408 0.954240
vt 0.526149 0.543952
vt 0.150347 0.943434
vt 0.135939 0.932715
vt 0.173071 0.939428
vt 0.540177 0.535050
vt 0.155563 0.933624
vt 0.138597 0.927801
vt 0.069718 0.938048
vt 0.419918 0.586957
vt 0.077521 0.953532
vt 0.435796 0.582858
vt 0.087464 0.932360
vt 0.092412 0.942513
vt 0.104682 0.927098
vt 0.107078 0.932129
vt 0.089644 0.965750
vt 0.451490 0.578088
vt 0.100288 0.950604
vt 0.110935 0.936160
vt 0.104867 0.973561
vt 0.466967 0.572636
vt 0.110258 0.955840
vt 0.115859 0.938795
vt 0.121679 0.976265
vt 0.482195 0.566497
vt 0.121320 0.957730
vt 0.121357 0.939775
vt 0.341180 0.122790
vt 0.846104 0.829486
vt 0.842980 0.812903
vt 0.323053 0.127294
vt 0.359307 0.118286
vt 0.849227 0.846069
vt 0.377434 0.113782
vt 0.332460 0.530477
vt 0.232419 0.149815
vt 0.827364 0.729989
vt 0.250546 0.145310
vt 0.830487 0.746572
vt 0.268672 0.140806
vt 0.833611 0.763155
vt 0.286799 0.136302
vt 0.836734 0.779737
vt 0.304926 0.131798
vt 0.839857 0.796320
vt 0.889437 0.327304
vt 0.452510 0.867590
vt 0.801800 0.025071
vt 0.353644 0.369703
vt 0.838423 0.204473
vt 0.370408 0.265739
vt 0.840283 0.186676
vt 0.526722 0.793683
vt 0.855273 0.662545
vt 0.889523 0.575283
vt 0.857977 0.644149
vt 0.146793 0.802124
vt 0.832512 0.662544
vt 0.729468 0.873719
vt 0.835215 0.644148
vt 0.337826 0.231803
vt 0.855274 0.094009
vt 0.218291 0.232451
vt 0.857978 0.075612
vt 0.604058 0.768196
vt 0.890541 0.593663
vt 0.893631 0.576036
vt 0.887749 0.611288
vt 0.885988 0.628498
vt 0.936614 0.292522
vt 0.907126 0.505645
vt 0.910631 0.488062
vt 0.903653 0.523230
vt 0.900229 0.540822
vt 0.896878 0.558423
vt 0.271857 0.834494
vt 0.277517 0.852271
vt 0.404235 0.365536
vt 0.416925 0.352806
vt 0.288394 0.867430
vt 0.388236 0.373727
vt 0.303422 0.878485
vt 0.370489 0.376580
vt 0.321131 0.884356
vt 0.352330 0.373685
vt 0.321825 0.766559
vt 0.304048 0.772221
vt 0.416881 0.285258
vt 0.404174 0.272545
vt 0.288891 0.783099
vt 0.425043 0.301273
vt 0.277836 0.798128
vt 0.427863 0.319025
vt 0.271967 0.815838
vt 0.425066 0.336781
vt 0.426642 0.824666
vt 0.429383 0.842329
vt 0.437441 0.858284
vt 0.450031 0.870972
vt 0.465923 0.879155
vt 0.483905 0.767639
vt 0.466247 0.770411
vt 0.450306 0.778499
vt 0.437641 0.791112
vt 0.429487 0.807019
vt 0.914151 0.470479
vt 0.388164 0.264375
vt 0.340481 0.766668
vt 0.501557 0.770452
vt 0.383791 0.852888
vt 0.312830 0.318892
vt 0.315585 0.336654
vt 0.372739 0.867919
vt 0.323689 0.352698
vt 0.357583 0.878800
vt 0.336350 0.365457
vt 0.339807 0.884464
vt 0.358191 0.772536
vt 0.370413 0.261546
vt 0.352656 0.264334
vt 0.373221 0.783589
vt 0.336627 0.272467
vt 0.384101 0.798745
vt 0.323890 0.285151
vt 0.389764 0.816521
vt 0.315691 0.301146
vt 0.389657 0.835178
vt 0.530159 0.858391
vt 0.517540 0.871050
vt 0.501629 0.879196
vt 0.483981 0.882033
vt 0.517478 0.778576
vt 0.530114 0.791219
vt 0.538231 0.807144
vt 0.541036 0.824798
vt 0.538255 0.842454
vt 0.931421 0.382455
vt 0.934683 0.364801
vt 0.928065 0.400086
vt 0.924643 0.417700
vt 0.921172 0.435301
vt 0.917670 0.452893
vt 0.942623 0.310850
vt 0.940720 0.329329
vt 0.937812 0.347111
vt 0.142808 0.800817
vt 0.139835 0.819257
vt 0.728600 0.877822
vt 0.747254 0.878778
vt 0.151335 0.784198
vt 0.765290 0.873924
vt 0.164579 0.771028
vt 0.780944 0.863734
vt 0.181245 0.762595
vt 0.792682 0.849205
vt 0.199701 0.759725
vt 0.799356 0.831760
vt 0.218141 0.762698
vt 0.800313 0.813106
vt 0.234759 0.771224
vt 0.795459 0.795070
vt 0.247930 0.784469
vt 0.785268 0.779416
vt 0.256363 0.801135
vt 0.770740 0.767678
vt 0.259233 0.819591
vt 0.753295 0.761004
vt 0.256259 0.838031
vt 0.734641 0.760047
vt 0.247733 0.854649
vt 0.716605 0.764901
vt 0.234489 0.867820
vt 0.700951 0.775092
vt 0.217823 0.876253
vt 0.689213 0.789620
vt 0.199367 0.879123
vt 0.682539 0.807065
vt 0.180927 0.876149
vt 0.681582 0.825719
vt 0.686436 0.843755
vt 0.164308 0.867623
vt 0.151138 0.854379
vt 0.696626 0.859409
vt 0.142705 0.837713
vt 0.711155 0.871147
vt 0.334309 0.229553
vt 0.324744 0.244726
vt 0.214829 0.234780
vt 0.224910 0.249596
vt 0.343983 0.214452
vt 0.235068 0.264360
vt 0.353762 0.199419
vt 0.245308 0.279069
vt 0.363644 0.184454
vt 0.255628 0.293721
vt 0.373628 0.169556
vt 0.266031 0.308315
vt 0.383710 0.154726
vt 0.276516 0.322850
vt 0.393891 0.139963
vt 0.287083 0.337326
vt 0.404166 0.125267
vt 0.297732 0.351742
vt 0.414535 0.110636
vt 0.308465 0.366096
vt 0.424993 0.096071
vt 0.319280 0.380388
vt 0.435537 0.081568
vt 0.330181 0.394615
vt 0.446159 0.067126
vt 0.341169 0.408777
vt 0.456849 0.052737
vt 0.352252 0.422868
vt 0.467561 0.038389
vt 0.363459 0.436891
vt 0.477722 0.024178
vt 0.375392 0.450859
vt 0.294620 0.310530
vt 0.391893 0.460494
vt 0.184870 0.190634
vt 0.297042 0.291484
vt 0.305974 0.275336
vt 0.194864 0.205040
vt 0.315295 0.259975
vt 0.204820 0.219918
vt 0.603371 0.764060
vt 0.585651 0.769962
vt 0.115724 0.841893
vt 0.124247 0.825273
vt 0.622048 0.763923
vt 0.127218 0.806833
vt 0.639854 0.769564
vt 0.124344 0.788377
vt 0.655044 0.780432
vt 0.115909 0.771712
vt 0.666133 0.795462
vt 0.102737 0.758469
vt 0.672035 0.813182
vt 0.086117 0.749945
vt 0.672172 0.831860
vt 0.067677 0.746973
vt 0.666531 0.849665
vt 0.049221 0.749845
vt 0.655663 0.864856
vt 0.032556 0.758279
vt 0.640633 0.875945
vt 0.019312 0.771450
vt 0.622913 0.881846
vt 0.010786 0.788069
vt 0.604235 0.881983
vt 0.007812 0.806509
vt 0.586430 0.876342
vt 0.010683 0.824965
vt 0.571239 0.865474
vt 0.019115 0.841631
vt 0.560150 0.850445
vt 0.032285 0.854876
vt 0.554249 0.832724
vt 0.048904 0.863403
vt 0.067363 0.866378
vt 0.554112 0.814047
vt 0.559753 0.796241
vt 0.085819 0.863503
vt 0.570621 0.781051
vt 0.102483 0.855066
vt 0.570100 0.889760
vt 0.276002 0.833862
vt 0.586989 0.897514
vt 0.100027 0.851668
vt 0.552795 0.888582
vt 0.084533 0.859512
vt 0.535493 0.887348
vt 0.067374 0.862185
vt 0.864703 0.901296
vt 0.050211 0.859419
vt 0.847360 0.901062
vt 0.034760 0.851491
vt 0.656676 0.894820
vt 0.322457 0.770705
vt 0.673688 0.902302
vt 0.112510 0.774167
vt 0.639355 0.893919
vt 0.120353 0.789662
vt 0.622036 0.892963
vt 0.123024 0.806822
vt 0.604721 0.891951
vt 0.120263 0.823967
vt 0.811688 0.090982
vt 0.413530 0.350346
vt 0.815401 0.073477
vt 0.433472 0.808325
vt 0.812821 0.057115
vt 0.401765 0.362148
vt 0.810486 0.040716
vt 0.386931 0.369742
vt 0.829571 0.172342
vt 0.401708 0.275937
vt 0.831964 0.154609
vt 0.500258 0.774439
vt 0.828165 0.138486
vt 0.413488 0.287723
vt 0.824609 0.122307
vt 0.421055 0.302570
vt 0.821296 0.106077
vt 0.423670 0.319028
vt 0.691036 0.903093
vt 0.339802 0.770805
vt 0.777996 0.899570
vt 0.380065 0.850963
vt 0.795171 0.906669
vt 0.014770 0.789375
vt 0.812533 0.907070
vt 0.369791 0.864937
vt 0.829896 0.907415
vt 0.355701 0.875053
vt 0.708387 0.903828
vt 0.356266 0.776261
vt 0.725740 0.904508
vt 0.370239 0.786536
vt 0.743095 0.905131
vt 0.380353 0.800627
vt 0.760452 0.905699
vt 0.385618 0.817154
vt 0.864728 0.283514
vt 0.317023 0.318904
vt 0.865250 0.265628
vt 0.515069 0.867662
vt 0.870696 0.299073
vt 0.500325 0.875211
vt 0.876896 0.314541
vt 0.483970 0.877840
vt 0.843209 0.220436
vt 0.534244 0.808441
vt 0.848234 0.236324
vt 0.536843 0.824800
vt 0.853496 0.252136
vt 0.534266 0.841163
vt 0.859055 0.679494
vt 0.154720 0.786672
vt 0.862836 0.696444
vt 0.167034 0.774427
vt 0.866618 0.713394
vt 0.182529 0.766587
vt 0.870399 0.730343
vt 0.199689 0.763918
vt 0.874180 0.747293
vt 0.216834 0.766683
vt 0.877962 0.764242
vt 0.232285 0.774610
vt 0.881743 0.781192
vt 0.244530 0.786924
vt 0.885525 0.798141
vt 0.252371 0.802419
vt 0.889306 0.815091
vt 0.255040 0.819579
vt 0.893087 0.832041
vt 0.252275 0.836724
vt 0.896869 0.848990
vt 0.244348 0.852175
vt 0.900650 0.865940
vt 0.232034 0.864420
vt 0.904432 0.882890
vt 0.216538 0.872261
vt 0.908213 0.899839
vt 0.199378 0.874930
vt 0.836366 0.577797
vt 0.182234 0.872165
vt 0.840148 0.594746
vt 0.166783 0.864238
vt 0.843929 0.611696
vt 0.154537 0.851923
vt 0.847710 0.628646
vt 0.146697 0.836428
vt 0.836293 0.679494
vt 0.347484 0.216726
vt 0.840075 0.696443
vt 0.357247 0.201717
vt 0.843857 0.713393
vt 0.367114 0.186776
vt 0.847638 0.730342
vt 0.377081 0.171902
vt 0.851420 0.747291
vt 0.387148 0.157094
vt 0.855201 0.764241
vt 0.397313 0.142354
vt 0.858983 0.781190
vt 0.407573 0.127679
vt 0.862764 0.798140
vt 0.417926 0.113071
vt 0.866546 0.815089
vt 0.428370 0.098526
vt 0.870328 0.832039
vt 0.438899 0.084042
vt 0.874109 0.848988
vt 0.449509 0.069617
vt 0.877891 0.865938
vt 0.460188 0.055242
vt 0.881672 0.882887
vt 0.470905 0.040889
vt 0.885454 0.899836
vt 0.481321 0.026186
vt 0.813604 0.577797
vt 0.298808 0.310067
vt 0.817385 0.594746
vt 0.301049 0.293064
vt 0.821167 0.611696
vt 0.309583 0.277480
vt 0.824949 0.628645
vt 0.318849 0.262169
vt 0.859056 0.110959
vt 0.621423 0.768069
vt 0.862837 0.127908
vt 0.637978 0.773314
vt 0.866619 0.144858
vt 0.652101 0.783419
vt 0.870400 0.161808
vt 0.662411 0.797393
vt 0.874182 0.178758
vt 0.667898 0.813869
vt 0.877964 0.195707
vt 0.668026 0.831234
vt 0.881745 0.212657
vt 0.662781 0.847789
vt 0.885526 0.229607
vt 0.652676 0.861912
vt 0.889308 0.246557
vt 0.638702 0.872222
vt 0.893090 0.263506
vt 0.622226 0.877710
vt 0.896871 0.280456
vt 0.604861 0.877837
vt 0.900653 0.297406
vt 0.588306 0.872592
vt 0.904434 0.314355
vt 0.574183 0.862488
vt 0.908216 0.331305
vt 0.563872 0.848514
vt 0.836366 0.009260
vt 0.558385 0.832037
vt 0.840148 0.026210
vt 0.558258 0.814672
vt 0.843930 0.043160
vt 0.563503 0.798117
vt 0.847711 0.060109
vt 0.573607 0.783994
vt 0.777811 0.906212
vt 0.022697 0.773924
vt 0.035011 0.761678
vt 0.050506 0.753836
vt 0.067666 0.751166
vt 0.084811 0.753929
vt 0.847260 0.907705
vt 0.022515 0.839176
vt 0.014674 0.823680
vt 0.012006 0.806520
vt 0.100263 0.761855
vt 0.604322 0.898583
vt 0.112338 0.839420
vt 0.621659 0.899596
vt 0.638999 0.900554
vt 0.656342 0.901456
vt 0.517692 0.892684
vt 0.535010 0.893975
vt 0.552333 0.895210
vt 0.569659 0.896390
vt 0.851493 0.077059
vt 0.208292 0.217604
vt 0.854196 0.058663
vt 0.587581 0.773684
vt 0.850415 0.041713
vt 0.198335 0.202724
vt 0.846633 0.024763
vt 0.188028 0.187974
vt 0.918482 0.346808
vt 0.393174 0.456476
vt 0.914701 0.329858
vt 0.378322 0.447721
vt 0.910919 0.312909
vt 0.366714 0.434250
vt 0.907138 0.295959
vt 0.355530 0.420284
vt 0.903356 0.279009
vt 0.344465 0.406218
vt 0.899575 0.262059
vt 0.333493 0.392077
vt 0.895793 0.245110
vt 0.322608 0.377869
vt 0.892012 0.228160
vt 0.311807 0.363597
vt 0.888230 0.211210
vt 0.301089 0.349262
vt 0.884448 0.194261
vt 0.290453 0.334866
vt 0.880667 0.177311
vt 0.279900 0.320410
vt 0.876885 0.160361
vt 0.269429 0.305893
vt 0.873104 0.143411
vt 0.259040 0.291318
vt 0.869322 0.126462
vt 0.248733 0.276685
vt 0.865541 0.109512
vt 0.238506 0.261995
vt 0.861759 0.092562
vt 0.228360 0.247250
vt 0.828730 0.645595
vt 0.713248 0.867514
vt 0.831434 0.627199
vt 0.328278 0.246949
vt 0.827652 0.610249
vt 0.699739 0.856600
vt 0.823870 0.593300
vt 0.690265 0.842046
vt 0.895720 0.915339
vt 0.685751 0.825276
vt 0.891938 0.898390
vt 0.686641 0.807933
vt 0.888157 0.881440
vt 0.692846 0.791713
vt 0.884375 0.864491
vt 0.703760 0.778205
vt 0.880594 0.847541
vt 0.718314 0.768730
vt 0.876812 0.830592
vt 0.735084 0.764217
vt 0.873031 0.813642
vt 0.752427 0.765106
vt 0.869249 0.796693
vt 0.768647 0.771312
vt 0.865468 0.779744
vt 0.782155 0.782226
vt 0.861686 0.762794
vt 0.791630 0.796780
vt 0.857904 0.745845
vt 0.796143 0.813549
vt 0.854123 0.728895
vt 0.795254 0.830893
vt 0.850341 0.711946
vt 0.789048 0.847112
vt 0.846560 0.694996
vt 0.778134 0.860621
vt 0.842778 0.678047
vt 0.763580 0.870095
vt 0.838997 0.661097
vt 0.746811 0.874609
vt 0.851492 0.645595
vt 0.886426 0.592957
vt 0.854195 0.627199
vt 0.144028 0.819268
vt 0.850414 0.610249
vt 0.883618 0.610694
vt 0.846632 0.593300
vt 0.881891 0.628697
vt 0.918479 0.915342
vt 0.933055 0.294780
vt 0.914698 0.898392
vt 0.938311 0.311051
vt 0.910916 0.881443
vt 0.936555 0.328716
vt 0.907135 0.864493
vt 0.933691 0.346395
vt 0.903353 0.847544
vt 0.930572 0.364044
vt 0.899572 0.830594
vt 0.927315 0.381673
vt 0.895791 0.813644
vt 0.923964 0.399285
vt 0.892009 0.796695
vt 0.920544 0.416885
vt 0.888228 0.779745
vt 0.917076 0.434477
vt 0.884446 0.762796
vt 0.913575 0.452063
vt 0.880665 0.745846
vt 0.910057 0.469647
vt 0.876884 0.728896
vt 0.906537 0.487231
vt 0.873102 0.711947
vt 0.903031 0.504819
vt 0.869321 0.694997
vt 0.899556 0.522414
vt 0.865539 0.678048
vt 0.896130 0.540020
vt 0.861758 0.661098
vt 0.892775 0.557641
vt 0.858994 0.267867
vt 0.319676 0.302452
vt 0.859785 0.249990
vt 0.526763 0.855931
vt 0.854554 0.234273
vt 0.327277 0.287623
vt 0.849559 0.218480
vt 0.339085 0.275864
vt 0.844802 0.202613
vt 0.353946 0.268324
vt 0.836003 0.170674
vt 0.515012 0.781968
vt 0.833877 0.188441
vt 0.386865 0.268362
vt 0.799946 0.008510
vt 0.338828 0.362075
vt 0.883045 0.312023
vt 0.467237 0.875173
vt 0.876882 0.296647
vt 0.327091 0.350246
vt 0.870950 0.281181
vt 0.319577 0.335371
vt 0.814776 0.107357
vt 0.421077 0.335489
vt 0.818227 0.089799
vt 0.441028 0.793584
vt 0.818109 0.123685
vt 0.452765 0.781896
vt 0.821687 0.139961
vt 0.467536 0.774401
vt 0.825508 0.156181
vt 0.483900 0.771832
vt 0.803901 0.041603
vt 0.370478 0.372387
vt 0.808397 0.024283
vt 0.440843 0.855832
vt 0.806250 0.058101
vt 0.433375 0.841047
vt 0.808846 0.074562
vt 0.430835 0.824678
vt 0.730827 0.636540
vt 0.712157 0.637106
vt 0.172582 0.256376
vt 0.171560 0.237726
vt 0.749496 0.635973
vt 0.170537 0.219076
vt 0.768166 0.635407
vt 0.189970 0.573428
vt 0.413444 0.646167
vt 0.188947 0.554778
vt 0.432114 0.645600
vt 0.187925 0.536128
vt 0.450783 0.645034
vt 0.186902 0.517478
vt 0.469453 0.644468
vt 0.185879 0.498828
vt 0.488122 0.643901
vt 0.184856 0.480178
vt 0.506792 0.643335
vt 0.183833 0.461527
vt 0.525462 0.642769
vt 0.182811 0.442877
vt 0.544131 0.642202
vt 0.181788 0.424227
vt 0.562801 0.641636
vt 0.180765 0.405577
vt 0.581470 0.641070
vt 0.179742 0.386927
vt 0.600140 0.640504
vt 0.178719 0.368277
vt 0.618809 0.639937
vt 0.177697 0.349627
vt 0.637479 0.639371
vt 0.176674 0.330976
vt 0.656149 0.638805
vt 0.175651 0.312326
vt 0.674818 0.638238
vt 0.174628 0.293676
vt 0.693488 0.637672
vt 0.173605 0.275026
vt 0.050831 0.244347
vt 0.051853 0.262997
vt 0.558502 0.165710
vt 0.557480 0.147060
vt 0.049808 0.225697
vt 0.556457 0.128410
vt 0.048785 0.207047
vt 0.575890 0.482762
vt 0.068218 0.561399
vt 0.574867 0.464112
vt 0.067196 0.542749
vt 0.573844 0.445462
vt 0.066173 0.524099
vt 0.572821 0.426812
vt 0.065150 0.505449
vt 0.571799 0.408162
vt 0.064127 0.486799
vt 0.570776 0.389511
vt 0.063104 0.468148
vt 0.569753 0.370861
vt 0.062082 0.449498
vt 0.568730 0.352211
vt 0.061059 0.430848
vt 0.567707 0.333561
vt 0.060036 0.412198
vt 0.566685 0.314911
vt 0.059013 0.393548
vt 0.565662 0.296261
vt 0.057990 0.374898
vt 0.564639 0.277611
vt 0.056967 0.356248
vt 0.563616 0.258961
vt 0.055945 0.337598
vt 0.562594 0.240310
vt 0.054922 0.318947
vt 0.561571 0.221660
vt 0.053899 0.300297
vt 0.560548 0.203010
vt 0.052876 0.281647
vt 0.559525 0.184360
vt 0.433240 0.153873
vt 0.434263 0.172523
vt 0.062193 0.084391
vt 0.044066 0.088895
vt 0.432217 0.135223
vt 0.025939 0.093399
vt 0.431194 0.116573
vt 0.370352 0.007821
vt 0.450628 0.470925
vt 0.352225 0.012325
vt 0.449605 0.452275
vt 0.334098 0.016829
vt 0.448582 0.433625
vt 0.315971 0.021333
vt 0.447559 0.414975
vt 0.297844 0.025838
vt 0.446536 0.396325
vt 0.279717 0.030342
vt 0.445514 0.377675
vt 0.261590 0.034846
vt 0.444491 0.359025
vt 0.243463 0.039350
vt 0.443468 0.340375
vt 0.225336 0.043854
vt 0.442445 0.321724
vt 0.207209 0.048358
vt 0.441422 0.303074
vt 0.189082 0.052862
vt 0.440400 0.284424
vt 0.170955 0.057366
vt 0.439377 0.265774
vt 0.152828 0.061870
vt 0.438354 0.247124
vt 0.134701 0.066374
vt 0.437331 0.228474
vt 0.116574 0.070879
vt 0.436309 0.209824
vt 0.098447 0.075383
vt 0.435286 0.191173
vt 0.080320 0.079887
vt 0.482430 0.613890
vt 0.499418 0.607049
vt 0.291387 0.648833
vt 0.273436 0.647910
vt 0.465152 0.619966
vt 0.255491 0.646872
vt 0.447624 0.625259
vt 0.237553 0.645718
vt 0.429878 0.629753
vt 0.219624 0.644450
vt 0.548246 0.582209
vt 0.563700 0.572688
vt 0.363239 0.651374
vt 0.345270 0.650911
vt 0.532364 0.591164
vt 0.327304 0.650334
vt 0.309343 0.649641
vt 0.516076 0.599462
vt 0.267631 0.754153
vt 0.286263 0.755111
vt 0.491582 0.757958
vt 0.510252 0.757392
vt 0.249005 0.753075
vt 0.528921 0.756825
vt 0.230387 0.751878
vt 0.547591 0.756259
vt 0.211776 0.750562
vt 0.566260 0.755693
vt 0.342191 0.757268
vt 0.360842 0.757748
vt 0.416904 0.760223
vt 0.435573 0.759657
vt 0.323544 0.756668
vt 0.454243 0.759091
vt 0.304901 0.755949
vt 0.472913 0.758524
vt 0.411985 0.633636
vt 0.201702 0.643067
vt 0.193175 0.749126
vt 0.584930 0.755126
vt 0.130116 0.636387
vt 0.112249 0.634430
vt 0.320856 0.640482
vt 0.339168 0.640714
vt 0.147996 0.638229
vt 0.357474 0.640127
vt 0.165888 0.639956
vt 0.375730 0.638720
vt 0.183790 0.641569
vt 0.393899 0.636489
vt 0.381210 0.651721
vt 0.230885 0.627892
vt 0.040914 0.625458
vt 0.248497 0.631705
vt 0.058725 0.627873
vt 0.266349 0.634990
vt 0.076552 0.630173
vt 0.284395 0.637593
vt 0.094394 0.632358
vt 0.302582 0.639436
vt 0.659608 0.752861
vt 0.678278 0.752295
vt 0.100326 0.740161
vt 0.118872 0.742192
vt 0.640939 0.753428
vt 0.137431 0.744104
vt 0.622269 0.753994
vt 0.156001 0.745897
vt 0.174583 0.747571
vt 0.603599 0.754560
vt 0.398234 0.760790
vt 0.007812 0.728225
vt 0.752956 0.750030
vt 0.026284 0.730849
vt 0.734287 0.750596
vt 0.044772 0.733355
vt 0.715617 0.751162
vt 0.063275 0.735742
vt 0.081794 0.738011
vt 0.696947 0.751729
vt 0.852350 0.862652
vt 0.185360 0.228193
vt 0.768079 0.552274
vt 0.301017 0.466927
vt 0.308950 0.482747
vt 0.293075 0.451111
vt 0.285127 0.435298
vt 0.277175 0.419486
vt 0.269221 0.403677
vt 0.824241 0.713406
vt 0.266306 0.385312
vt 0.274348 0.401063
vt 0.324721 0.514418
vt 0.316863 0.498574
vt 0.396753 0.552284
vt 0.306151 0.464325
vt 0.314087 0.480149
vt 0.298208 0.448506
vt 0.290259 0.432692
vt 0.282306 0.416879
vt 0.337500 0.527446
vt 0.348569 0.540111
vt 0.329881 0.511882
vt 0.322006 0.495987
vt 0.796188 0.701519
vt 0.821118 0.696824
vt 0.258411 0.369487
vt 0.783695 0.635188
vt 0.780572 0.618605
vt 0.786819 0.651770
vt 0.789942 0.668353
vt 0.793065 0.684936
vt 0.771202 0.568856
vt 0.774326 0.585439
vt 0.777449 0.602022
vt 0.221259 0.308914
vt 0.213242 0.293137
vt 0.229267 0.324697
vt 0.237270 0.340483
vt 0.245268 0.356271
vt 0.188801 0.245878
vt 0.197128 0.261639
vt 0.205207 0.277371
vt 0.226401 0.306329
vt 0.218383 0.290547
vt 0.234411 0.322114
vt 0.242414 0.337902
vt 0.250413 0.353691
vt 0.194231 0.243618
vt 0.202233 0.258993
vt 0.210343 0.274770
vt 0.138427 0.973656
vt 0.466902 0.531263
vt 0.453306 0.536708
vt 0.439464 0.541548
vt 0.425406 0.545772
vt 0.411160 0.549360
vt 0.517949 0.503579
vt 0.175744 0.923063
vt 0.505816 0.511392
vt 0.493208 0.518602
vt 0.382264 0.554770
vt 0.309153 0.557255
vt 0.123946 0.867652
vt 0.107036 0.869651
vt 0.091500 0.876821
vt 0.078877 0.888522
vt 0.173756 0.906601
vt 0.166719 0.891482
vt 0.155298 0.879187
vt 0.050228 0.859425
vt 0.864625 0.907940
vt 0.518196 0.886059
vt 0.771626 0.749464
vt 0.048922 0.863409
vt 0.379495 0.758108
vt 0.321151 0.884359
vt 0.558385 0.832037
vt 0.842851 0.007813
vt 0.911997 0.348255
vt 0.174307 0.176243
vt 0.394775 0.646733
vt 0.554249 0.832724
vt 0.169514 0.200425
vt 0.171702 0.179237
vt 0.486879 0.008978
vt 0.820089 0.576350
vt 0.889235 0.916786
vt 0.685751 0.825276
vt 0.069241 0.580049
vt 0.483120 0.007812
vt 0.555434 0.109759
vt 0.681582 0.825719
vt 0.182234 0.872165
vt 0.842851 0.576350
vt 0.911994 0.916789
vt 0.887186 0.646033
vt 0.451650 0.489576
vt 0.180927 0.876149
vt 0.007812 0.097903
vt 0.890855 0.644743
vt 0.354012 0.369824
vt 0.883327 0.329914
vt 0.806555 0.007821
vt 0.467603 0.875292
vt 0.023118 0.622930
vt 0.352728 0.373815
vt 0.578739 0.562760
vt 0.466319 0.879283
vt 0.553878 0.525483
vt 0.190576 0.227189
vt 0.033022 0.199360
vt 0.793008 0.547578
vt 0.344677 0.543722
vt 0.830544 0.883929
vt 0.252274 0.546927
vt 0.455922 0.895904
vt 0.463583 0.910939
vt 0.412289 0.927606
vt 0.466223 0.927606
vt 0.443990 0.883972
vt 0.463583 0.944272
vt 0.428955 0.876311
vt 0.455922 0.959307
vt 0.412289 0.873672
vt 0.443990 0.971239
vt 0.395622 0.876311
vt 0.428955 0.978900
vt 0.380587 0.883972
vt 0.412289 0.981540
vt 0.368655 0.895904
vt 0.395622 0.978900
vt 0.360994 0.910939
vt 0.380587 0.971239
vt 0.358355 0.927606
vt 0.368655 0.959307
vt 0.360994 0.944272
vt 0.760659 0.899058
vt 0.385519 0.834498
vt 0.743323 0.898491
vt 0.725989 0.897868
vt 0.708657 0.897189
vt 0.691328 0.896455
vt 0.830017 0.900772
vt 0.339175 0.880319
vt 0.812676 0.900427
vt 0.795335 0.900026
vt 0.674001 0.895665
vt 0.587408 0.890883
vt 0.276105 0.816518
vt 0.281561 0.800054
vt 0.291838 0.786081
vt 0.305930 0.775968
vt 0.321812 0.880218
vt 0.321830 0.880221
vt 0.305348 0.874760
vt 0.291377 0.864482
vt 0.281265 0.850390
vn 0.000000 -1.000000 0.000000
vn 0.000000 -1.000000 0.000000
vn 0.000000 -1.000000 0.000000
vn 0.000000 -1.000000 -0.000000
vn 0.000000 -1.000000 -0.000000
vn 0.000000 -1.000000 0.000000
vn 0.000000 -1.000000 0.000000
vn 0.000000 -1.000000 0.000000
vn 0.000000 -1.000000 0.000000
vn 0.000000 -1.000000 -0.000000
vn 0.000000 -1.000000 0.000000
vn 0.452581 0.879514 -0.147055
vn 0.703126 0.673365 -0.228460
vn 0.598115 0.673365 -0.434555
vn 0.384988 0.879515 -0.279710
vn 0.903709 0.311593 -0.293632
vn 0.768742 0.311594 -0.558521
vn 0.942357 0.134951 -0.306189
vn 0.801618 0.134951 -0.582406
vn 0.558522 0.311594 -0.768741
vn 0.582409 0.134951 -0.801616
vn 0.434555 0.673364 -0.598116
vn 0.279710 0.879515 -0.384989
vn 0.293631 0.311594 -0.903709
vn 0.306189 0.134951 -0.942357
vn 0.228459 0.673364 -0.703127
vn 0.147052 0.879515 -0.452581
vn -0.000000 0.311594 -0.950216
vn 0.000000 0.673364 -0.739311
vn -0.000000 0.879514 -0.475872
vn 0.293633 0.311594 0.903709
vn 0.000000 0.311594 0.950215
vn 0.000000 0.134951 0.990852
vn 0.306190 0.134951 0.942357
vn 0.558523 0.311594 0.768741
vn 0.582408 0.134951 0.801616
vn 0.228459 0.673364 0.703126
vn 0.434556 0.673365 0.598115
vn 0.147052 0.879514 0.452582
vn 0.279711 0.879514 0.384991
vn 0.768740 0.311594 0.558523
vn 0.801616 0.134951 0.582408
vn 0.598114 0.673365 0.434556
vn 0.384988 0.879515 0.279711
vn 0.903709 0.311593 0.293632
vn 0.942357 0.134951 0.306189
vn 0.703126 0.673365 0.228460
vn 0.452580 0.879515 0.147054
vn 0.950215 0.311594 0.000000
vn 0.990852 0.134951 0.000000
vn 0.739311 0.673364 0.000001
vn 0.475872 0.879514 0.000000
vn -0.000000 1.000000 0.000000
vn 0.000000 -1.000000 -0.000000
vn 0.000000 -1.000000 -0.000000
vn 0.000000 -1.000000 -0.000000
vn 0.000000 -1.000000 -0.000000
vn 0.000000 -1.000000 -0.000000
vn 0.000000 -1.000000 -0.000000
vn 0.000000 -1.000000 0.000000
vn 0.000000 -1.000000 0.000000
vn 0.000000 -1.000000 -0.000000
vn 0.000000 -1.000000 0.000000
vn 0.000000 -1.000000 0.000000
vn 0.000000 -1.000000 -0.000000
vn 0.000000 -1.000000 -0.000000
vn 0.000000 -1.000000 -0.000000
vn 0.000000 -1.000000 0.000000
vn 0.000000 -1.000000 -0.000000
vn 0.000000 -1.000000 0.000000
vn 0.000000 -1.000000 0.000000
vn 0.000000 -1.000000 0.000000
vn 0.000000 -1.000000 0.000000
vn 0.809016 0.000000 -0.587786
vn 0.951057 -0.000000 -0.309014
vn 0.951057 -0.000000 -0.309014
vn 0.809016 0.000000 -0.587786
vn 0.587784 -0.000000 -0.809018
vn 0.587784 -0.000000 -0.809018
vn 0.309017 -0.000001 -0.951057
vn 0.309017 -0.000001 -0.951057
vn 0.309017 0.000000 0.951057
vn 0.000000 0.000000 1.000000
vn 0.000000 0.000000 1.000000
vn 0.309017 0.000000 0.951057
vn 0.587786 0.000000 0.809017
vn 0.587786 0.000000 0.809017
vn 0.809018 0.000000 0.587784
vn 0.809018 0.000000 0.587784
vn 0.951056 0.000000 0.309019
vn 0.951056 0.000000 0.309019
vn 1.000000 -0.000000 0.000003
vn 1.000000 -0.000000 0.000004
vn 0.000000 -1.000000 0.000000
vn -0.000000 0.134951 -0.990852
vn -0.000000 0.673364 0.739311
vn -0.000000 0.879514 0.475872
vn 0.000000 -1.000000 0.000000
vn 0.000000 -1.000000 0.000000
vn 0.000000 -0.000001 -1.000000
vn 0.000000 -0.000001 -1.000000
vn 0.000000 -1.000000 -0.000000
vn 0.000000 -1.000000 -0.000000
vn 0.000000 -1.000000 -0.000000
vn 0.000000 -1.000000 -0.000000
vn 0.000000 -1.000000 0.000000
vn 0.000000 -1.000000 -0.000000
vn 0.000000 -1.000000 -0.000000
vn 0.000000 -1.000000 0.000000
vn 0.000000 -1.000000 0.000000
vn -0.452581 0.879515 -0.147053
vn -0.384988 0.879515 -0.279710
vn -0.598115 0.673365 -0.434555
vn -0.703126 0.673365 -0.228459
vn -0.768741 0.311594 -0.558521
vn -0.903709 0.311593 -0.293631
vn -0.801618 0.134951 -0.582406
vn -0.942357 0.134951 -0.306190
vn -0.558522 0.311594 -0.768741
vn -0.582409 0.134951 -0.801616
vn -0.434556 0.673364 -0.598115
vn -0.279710 0.879514 -0.384989
vn -0.293632 0.311594 -0.903709
vn -0.306190 0.134951 -0.942357
vn -0.228459 0.673364 -0.703127
vn -0.147052 0.879514 -0.452583
vn -0.293634 0.311594 0.903708
vn -0.306191 0.134951 0.942356
vn -0.558523 0.311593 0.768740
vn -0.582408 0.134951 0.801616
vn -0.228460 0.673365 0.703126
vn -0.434556 0.673365 0.598115
vn -0.147052 0.879514 0.452582
vn -0.279711 0.879514 0.384989
vn -0.768740 0.311594 0.558523
vn -0.801617 0.134951 0.582408
vn -0.598114 0.673365 0.434556
vn -0.384988 0.879515 0.279709
vn -0.903709 0.311594 0.293631
vn -0.942357 0.134952 0.306190
vn -0.703126 0.673365 0.228459
vn -0.452581 0.879515 0.147051
vn -0.950216 0.311594 0.000001
vn -0.990852 0.134952 0.000000
vn -0.739311 0.673364 -0.000000
vn -0.475872 0.879514 -0.000000
vn 0.000000 -1.000000 0.000000
vn 0.000000 -1.000000 0.000000
vn 0.000000 -1.000000 -0.000000
vn 0.000000 -1.000000 -0.000000
vn 0.000000 -1.000000 0.000000
vn 0.000000 -1.000000 0.000000
vn 0.000000 -1.000000 0.000000
vn 0.000000 -1.000000 0.000000
vn 0.000000 -1.000000 0.000000
vn 0.000000 -1.000000 0.000000
vn 0.000000 -1.000000 0.000000
vn 0.000000 -1.000000 0.000000
vn 0.000000 -1.000000 0.000000
vn 0.000000 -1.000000 0.000000
vn 0.000000 -1.000000 -0.000000
vn 0.000000 -1.000000 -0.000000
vn 0.000000 -1.000000 -0.000000
vn 0.000000 -1.000000 -0.000000
vn -0.809016 0.000000 -0.587786
vn -0.809016 0.000000 -0.587786
vn -0.951058 -0.000000 -0.309013
vn -0.951058 -0.000000 -0.309013
vn -0.587784 -0.000000 -0.809018
vn -0.587784 -0.000000 -0.809018
vn -0.309017 -0.000001 -0.951057
vn -0.309017 -0.000001 -0.951057
vn -0.309017 0.000000 0.951057
vn -0.309017 0.000000 0.951057
vn -0.587786 0.000000 0.809016
vn -0.587786 0.000000 0.809016
vn -0.809018 0.000000 0.587784
vn -0.809018 0.000000 0.587784
vn -0.951056 0.000000 0.309019
vn -0.951056 0.000000 0.309019
vn -1.000000 0.000000 0.000004
vn -1.000000 0.000000 0.000005
vn 0.000000 0.047902 -0.998852
vn 0.308661 0.047902 -0.949965
vn 0.308661 0.047902 -0.949965
vn 0.000000 0.047902 -0.998852
vn -0.587113 0.047904 0.808087
vn -0.308663 0.047903 0.949964
vn -0.308662 0.047903 0.949965
vn -0.587112 0.047904 0.808087
vn 1.000000 0.000000 0.000003
vn 0.951057 0.000000 -0.309015
vn 0.951057 0.000000 -0.309015
vn 1.000000 0.000000 0.000003
vn 1.000000 0.000000 0.000003
vn 0.951057 0.000000 -0.309015
vn 0.951057 0.000000 -0.309015
vn 1.000000 0.000000 0.000003
vn 1.000000 0.000000 0.000003
vn 0.951057 0.000000 -0.309016
vn 0.951057 0.000000 -0.309016
vn 1.000000 0.000000 0.000003
vn 0.809017 -0.000000 -0.587785
vn 0.951057 -0.000000 -0.309016
vn 0.951057 -0.000000 -0.309016
vn 0.809017 -0.000000 -0.587785
vn 0.587785 -0.000000 -0.809017
vn 0.587785 -0.000000 -0.809017
vn 0.309016 0.000000 -0.951057
vn 0.309016 0.000000 -0.951057
vn 0.000000 0.000000 -1.000000
vn 0.000000 0.000000 -1.000000
vn 0.309016 0.000000 0.951057
vn 0.587786 0.000000 0.809017
vn 0.587786 0.000000 0.809017
vn 0.309016 0.000000 0.951057
vn 0.809017 0.000000 0.587785
vn 0.809017 0.000000 0.587785
vn 0.951056 -0.000000 0.309018
vn 0.951056 -0.000000 0.309018
vn 1.000000 -0.000000 0.000002
vn 1.000000 -0.000000 0.000002
vn 0.950857 0.020493 -0.308952
vn 0.808848 0.020493 -0.587661
vn 0.808848 0.020493 -0.587661
vn 0.950857 0.020493 -0.308952
vn 0.587661 0.020493 -0.808847
vn 0.587661 0.020493 -0.808847
vn 0.308951 0.020493 -0.950857
vn 0.308951 0.020493 -0.950857
vn -0.000000 0.020493 -0.999790
vn -0.000000 0.020493 -0.999790
vn 0.308952 0.020493 0.950857
vn 0.587662 0.020493 0.808847
vn 0.587662 0.020493 0.808847
vn 0.308952 0.020493 0.950857
vn 0.808847 0.020492 0.587663
vn 0.808847 0.020492 0.587662
vn 0.950856 0.020493 0.308953
vn 0.950857 0.020493 0.308953
vn 0.999790 0.020493 0.000001
vn 0.999790 0.020493 0.000001
vn 0.948359 0.075275 -0.308139
vn 0.806723 0.075275 -0.586115
vn 0.586118 0.075275 -0.806721
vn 0.308139 0.075275 -0.948359
vn 0.000000 0.075275 -0.997163
vn 0.308141 0.075275 0.948358
vn 0.586118 0.075275 0.806722
vn 0.806722 0.075275 0.586118
vn 0.948359 0.075275 0.308139
vn 0.997163 0.075275 -0.000000
vn 0.000000 0.000000 1.000000
vn 0.000000 0.000000 1.000000
vn 0.000000 0.020493 0.999790
vn 0.000000 0.020493 0.999790
vn -0.000000 0.075275 0.997163
vn -0.950857 0.020493 -0.308951
vn -0.950857 0.020493 -0.308952
vn -0.808847 0.020493 -0.587661
vn -0.808847 0.020493 -0.587661
vn -0.587662 0.020493 -0.808847
vn -0.587662 0.020493 -0.808847
vn -0.308951 0.020493 -0.950857
vn -0.308951 0.020493 -0.950857
vn -0.308952 0.020493 0.950857
vn -0.308952 0.020493 0.950857
vn -0.587662 0.020493 0.808847
vn -0.587662 0.020493 0.808847
vn -0.808847 0.020493 0.587662
vn -0.808847 0.020493 0.587662
vn -0.950857 0.020493 0.308952
vn -0.950857 0.020493 0.308952
vn -0.999790 0.020493 0.000002
vn -0.999790 0.020493 0.000002
vn -0.948358 0.075275 -0.308140
vn -0.806724 0.075275 -0.586115
vn -0.586118 0.075275 -0.806721
vn -0.308140 0.075275 -0.948358
vn -0.308141 0.075275 0.948358
vn -0.586118 0.075275 0.806721
vn -0.806722 0.075275 0.586117
vn -0.948358 0.075275 0.308140
vn -0.997163 0.075276 0.000000
vn -1.000000 0.000000 0.000004
vn -1.000000 0.000000 0.000004
vn -0.951057 0.000000 -0.309017
vn -0.951057 0.000000 -0.309017
vn -0.951056 0.000000 0.309019
vn -0.951056 0.000000 0.309019
vn -0.809018 0.000000 0.587784
vn -0.809018 0.000000 0.587784
vn -0.587786 0.000000 0.809016
vn -0.587786 0.000000 0.809016
vn -0.309017 0.000000 0.951057
vn -0.309017 0.000000 0.951057
vn -0.309017 0.000000 -0.951057
vn -0.309017 0.000000 -0.951057
vn -0.587785 -0.000000 -0.809017
vn -0.587785 -0.000000 -0.809017
vn -0.809016 -0.000000 -0.587787
vn -0.809016 -0.000000 -0.587787
vn 1.000000 -0.000000 0.000002
vn 0.951057 -0.000000 -0.309016
vn 0.951057 -0.000000 -0.309016
vn 1.000000 -0.000000 0.000002
vn 0.951056 0.000000 0.309018
vn 0.951056 0.000000 0.309018
vn 0.809017 0.000000 0.587785
vn 0.809017 0.000000 0.587785
vn 0.587786 0.000000 0.809017
vn 0.587786 0.000000 0.809017
vn 0.309017 0.000000 0.951057
vn 0.309017 0.000000 0.951057
vn -0.000000 0.000000 1.000000
vn -0.000000 0.000000 1.000000
vn -0.309017 0.000000 0.951057
vn -0.309017 0.000000 0.951057
vn -0.587786 0.000000 0.809016
vn -0.587786 0.000000 0.809016
vn -0.809018 0.000000 0.587784
vn -0.809018 0.000000 0.587784
vn -0.951056 0.000000 0.309019
vn -0.951056 0.000000 0.309019
vn -1.000000 0.000000 0.000004
vn -1.000000 0.000000 0.000004
vn -0.951057 0.000000 -0.309017
vn -0.951057 0.000000 -0.309017
vn -0.809016 0.000000 -0.587787
vn -0.809016 0.000000 -0.587787
vn -0.587785 0.000000 -0.809017
vn -0.587785 0.000000 -0.809017
vn -0.309017 0.000000 -0.951057
vn -0.309017 0.000000 -0.951057
vn 0.000000 0.000000 -1.000000
vn 0.000000 0.000000 -1.000000
vn 0.309016 0.000000 -0.951057
vn 0.309016 0.000000 -0.951057
vn 0.587785 0.000000 -0.809017
vn 0.587785 0.000000 -0.809017
vn 0.809017 0.000000 -0.587785
vn 0.809017 0.000000 -0.587785
vn 1.000000 -0.000000 0.000002
vn 0.951057 -0.000000 -0.309016
vn 0.951057 -0.000000 -0.309016
vn 1.000000 -0.000000 0.000002
vn 0.951056 0.000000 0.309018
vn 0.951056 0.000000 0.309018
vn 0.809017 0.000000 0.587785
vn 0.809017 0.000000 0.587785
vn 0.587786 0.000000 0.809017
vn 0.587786 0.000000 0.809017
vn 0.309017 0.000000 0.951057
vn 0.309017 0.000000 0.951057
vn 0.000000 0.000000 1.000000
vn 0.000000 0.000000 1.000000
vn -0.309017 0.000000 0.951057
vn -0.309017 0.000000 0.951057
vn -0.587786 0.000000 0.809016
vn -0.587786 0.000000 0.809016
vn -0.809018 0.000000 0.587784
vn -0.809018 0.000000 0.587784
vn -0.951056 0.000000 0.309019
vn -0.951056 0.000000 0.309019
vn -1.000000 0.000000 0.000004
vn -1.000000 0.000000 0.000004
vn -0.951057 0.000000 -0.309017
vn -0.951057 0.000000 -0.309017
vn -0.809016 0.000000 -0.587787
vn -0.809016 0.000000 -0.587787
vn -0.587785 0.000000 -0.809017
vn -0.587785 0.000000 -0.809017
vn -0.309017 0.000000 -0.951057
vn -0.309017 0.000000 -0.951057
vn 0.000000 0.000000 -1.000000
vn 0.000000 0.000000 -1.000000
vn 0.309016 0.000000 -0.951057
vn 0.309016 0.000000 -0.951057
vn 0.587785 0.000000 -0.809017
vn 0.587785 0.000000 -0.809017
vn 0.809017 0.000000 -0.587785
vn 0.809017 0.000000 -0.587785
vn 1.000000 -0.000000 0.000002
vn 0.951057 -0.000000 -0.309016
vn 0.951057 -0.000000 -0.309016
vn 1.000000 -0.000000 0.000002
vn 0.951056 0.000000 0.309018
vn 0.951056 0.000000 0.309018
vn 0.809017 -0.000000 0.587785
vn 0.809017 -0.000000 0.587785
vn 0.587786 -0.000000 0.809017
vn 0.587786 -0.000000 0.809017
vn 0.309017 0.000000 0.951057
vn 0.309017 0.000000 0.951057
vn -0.000000 0.000000 1.000000
vn -0.000000 0.000000 1.000000
vn -0.309017 0.000000 0.951057
vn -0.309017 0.000000 0.951057
vn -0.587786 -0.000000 0.809016
vn -0.587786 -0.000000 0.809016
vn -0.809018 -0.000000 0.587784
vn -0.809018 -0.000000 0.587784
vn -0.951056 0.000000 0.309019
vn -0.951056 0.000000 0.309019
vn -1.000000 0.000000 0.000004
vn -1.000000 0.000000 0.000004
vn -0.951057 0.000000 -0.309017
vn -0.951057 0.000000 -0.309017
vn -0.809016 0.000000 -0.587787
vn -0.809016 0.000000 -0.587787
vn -0.587785 0.000000 -0.809017
vn -0.587785 0.000000 -0.809017
vn -0.309017 0.000000 -0.951057
vn -0.309017 0.000000 -0.951057
vn -0.000000 0.000000 -1.000000
vn -0.000000 0.000000 -1.000000
vn 0.309016 0.000000 -0.951057
vn 0.309016 0.000000 -0.951057
vn 0.587785 0.000000 -0.809017
vn 0.587785 0.000000 -0.809017
vn 0.809017 0.000000 -0.587785
vn 0.809017 0.000000 -0.587785
vn 0.808973 0.010249 -0.587756
vn 0.951007 0.010244 -0.309001
vn 0.951006 0.010244 -0.309001
vn 0.808974 0.010249 -0.587756
vn 0.587754 0.010251 -0.808975
vn 0.587754 0.010251 -0.808975
vn 0.309001 0.010248 -0.951007
vn 0.309002 0.010248 -0.951006
vn 0.000000 0.010247 -0.999948
vn 0.000000 0.010247 -0.999948
vn -0.308999 0.010247 -0.951007
vn -0.309000 0.010247 -0.951007
vn 0.587753 0.010255 0.808976
vn 0.309001 0.010250 0.951007
vn 0.309002 0.010250 0.951006
vn 0.587755 0.010255 0.808974
vn 0.808973 0.010256 0.587756
vn 0.808974 0.010256 0.587756
vn 0.951006 0.010250 0.309004
vn 0.951006 0.010250 0.309004
vn 0.999947 0.010245 0.000002
vn 0.999947 0.010245 0.000002
vn 0.998852 0.047906 -0.000000
vn 0.949965 0.047905 -0.308662
vn 0.949965 0.047905 -0.308662
vn 0.998852 0.047906 -0.000000
vn 0.808090 0.047904 -0.587108
vn 0.808090 0.047904 -0.587108
vn 0.587111 0.047903 -0.808088
vn 0.587110 0.047903 -0.808088
vn 0.000001 0.047902 0.998852
vn 0.308662 0.047901 0.949965
vn 0.308662 0.047901 0.949965
vn 0.000001 0.047902 0.998852
vn 0.587110 0.047903 0.808089
vn 0.587110 0.047903 0.808089
vn 0.808087 0.047907 0.587112
vn 0.808088 0.047907 0.587111
vn 0.949964 0.047907 0.308663
vn 0.949964 0.047907 0.308663
vn 0.000000 0.010247 0.999948
vn 0.000000 0.010247 0.999948
vn -0.999947 0.010244 0.000003
vn -0.951007 0.010245 -0.308999
vn -0.951007 0.010245 -0.308999
vn -0.999948 0.010244 0.000003
vn -0.808974 0.010246 -0.587755
vn -0.808974 0.010246 -0.587755
vn -0.587752 0.010247 -0.808976
vn -0.587752 0.010247 -0.808976
vn -0.309001 0.010248 0.951006
vn -0.309000 0.010248 0.951007
vn -0.587754 0.010249 0.808975
vn -0.587753 0.010249 0.808975
vn -0.808975 0.010247 0.587754
vn -0.808975 0.010247 0.587754
vn -0.951006 0.010245 0.309002
vn -0.951006 0.010245 0.309002
vn -0.808089 0.047904 -0.587109
vn -0.949965 0.047904 -0.308662
vn -0.949965 0.047904 -0.308663
vn -0.808089 0.047904 -0.587110
vn -0.587111 0.047903 -0.808088
vn -0.587111 0.047903 -0.808088
vn -0.308660 0.047903 -0.949965
vn -0.308660 0.047903 -0.949966
vn -0.808088 0.047906 0.587111
vn -0.808087 0.047906 0.587112
vn -0.949965 0.047904 0.308663
vn -0.949964 0.047904 0.308663
vn -0.998852 0.047902 -0.000000
vn -0.998852 0.047902 -0.000000
vn 0.951056 0.000000 0.309018
vn 0.951056 0.000000 0.309018
vn 0.809018 0.000000 0.587784
vn 0.809018 0.000000 0.587784
vn 0.587785 0.000000 0.809017
vn 0.587785 0.000000 0.809017
vn 0.309016 0.000000 0.951057
vn 0.309016 0.000000 0.951057
vn -0.000000 0.000000 1.000000
vn -0.000000 0.000000 1.000000
vn -0.309017 0.000000 0.951057
vn -0.309017 0.000000 0.951057
vn -0.587786 0.000000 0.809016
vn -0.587786 0.000000 0.809016
vn -0.809018 0.000000 0.587784
vn -0.809018 0.000000 0.587784
vn -0.951056 0.000000 0.309020
vn -0.951056 0.000000 0.309020
vn -1.000000 0.000000 0.000003
vn -1.000000 0.000000 0.000003
vn -0.951057 0.000000 -0.309016
vn -0.951057 0.000000 -0.309016
vn -0.809016 0.000000 -0.587786
vn -0.809016 0.000000 -0.587786
vn -0.587785 0.000000 -0.809018
vn -0.587785 0.000000 -0.809018
vn -0.309017 0.000000 -0.951057
vn -0.309017 0.000000 -0.951057
vn 0.000000 0.000000 -1.000000
vn 0.000000 0.000000 -1.000000
vn 0.309016 0.000000 -0.951057
vn 0.309016 0.000000 -0.951057
vn 0.587784 0.000000 -0.809018
vn 0.587784 0.000000 -0.809018
vn 0.809017 0.000000 -0.587785
vn 0.809017 0.000000 -0.587785
vn 0.951056 0.000000 0.309018
vn 0.951056 0.000000 0.309018
vn 0.809018 0.000000 0.587784
vn 0.809018 0.000000 0.587784
vn 0.587786 0.000000 0.809017
vn 0.587786 0.000000 0.809017
vn 0.309016 0.000000 0.951057
vn 0.309016 0.000000 0.951057
vn 0.000000 0.000000 1.000000
vn 0.000000 0.000000 1.000000
vn -0.309016 0.000000 0.951057
vn -0.309016 0.000000 0.951057
vn -0.587786 0.000000 0.809016
vn -0.587786 0.000000 0.809016
vn -0.809018 0.000000 0.587784
vn -0.809018 0.000000 0.587784
vn -0.951056 0.000000 0.309020
vn -0.951056 0.000000 0.309020
vn -1.000000 0.000000 0.000002
vn -1.000000 0.000000 0.000002
vn -0.951057 0.000000 -0.309016
vn -0.951057 0.000000 -0.309016
vn -0.809016 0.000000 -0.587786
vn -0.809016 0.000000 -0.587786
vn -0.587785 0.000000 -0.809018
vn -0.587785 0.000000 -0.809018
vn -0.309016 0.000000 -0.951057
vn -0.309016 0.000000 -0.951057
vn -0.000000 0.000000 -1.000000
vn -0.000000 0.000000 -1.000000
vn 0.309016 0.000000 -0.951057
vn 0.309016 0.000000 -0.951057
vn 0.587784 0.000000 -0.809018
vn 0.587784 0.000000 -0.809018
vn 0.809017 0.000000 -0.587786
vn 0.809017 0.000000 -0.587786
vn 0.951056 0.000000 0.309019
vn 0.951056 0.000000 0.309019
vn 0.809017 0.000000 0.587785
vn 0.809017 0.000000 0.587785
vn 0.587785 0.000000 0.809017
vn 0.587785 0.000000 0.809017
vn 0.309017 0.000000 0.951057
vn 0.309017 0.000000 0.951057
vn 0.000000 0.000000 1.000000
vn 0.000000 0.000000 1.000000
vn -0.309017 0.000000 0.951057
vn -0.309017 0.000000 0.951057
vn -0.587786 0.000000 0.809017
vn -0.587786 0.000000 0.809017
vn -0.809017 0.000000 0.587785
vn -0.809017 0.000000 0.587785
vn -0.951056 0.000000 0.309020
vn -0.951056 0.000000 0.309020
vn -1.000000 0.000000 0.000003
vn -1.000000 0.000000 0.000003
vn -0.951057 0.000000 -0.309016
vn -0.951057 0.000000 -0.309016
vn -0.809016 0.000000 -0.587787
vn -0.809016 0.000000 -0.587787
vn -0.587784 0.000000 -0.809018
vn -0.587784 0.000000 -0.809018
vn -0.309017 0.000000 -0.951057
vn -0.309017 0.000000 -0.951057
vn 0.000000 0.000000 -1.000000
vn 0.000000 0.000000 -1.000000
vn 0.309016 0.000000 -0.951057
vn 0.309016 0.000000 -0.951057
vn 0.587784 0.000000 -0.809018
vn 0.587784 0.000000 -0.809018
vn 0.809017 0.000000 -0.587786
vn 0.809017 0.000000 -0.587786
vn 0.000000 -0.998852 -0.047911
vn 0.014804 -0.998852 -0.045565
vn 0.014804 -0.998852 -0.045565
vn 0.000000 -0.998852 -0.047911
vn -0.014804 0.998852 0.045561
vn -0.000000 0.998852 0.047911
vn 0.000000 0.998852 0.047911
vn -0.014804 0.998852 0.045561
vn 0.028163 0.998852 -0.038763
vn 0.014805 0.998852 -0.045568
vn 0.014805 0.998852 -0.045568
vn 0.028163 0.998852 -0.038763
vn -0.014804 -0.998852 0.045564
vn -0.028159 -0.998852 0.038762
vn -0.028159 -0.998852 0.038762
vn -0.014804 -0.998852 0.045564
vn -0.047908 0.998852 0.000000
vn -0.045563 0.998852 0.014803
vn -0.045563 0.998852 0.014803
vn -0.047908 0.998852 0.000000
vn 0.045563 -0.998852 -0.014805
vn 0.047908 -0.998852 0.000001
vn 0.047908 -0.998852 0.000001
vn 0.045563 -0.998852 -0.014805
vn 0.038758 -0.998852 -0.028162
vn 0.038758 -0.998852 -0.028162
vn -0.038758 0.998852 0.028158
vn -0.038758 0.998852 0.028158
vn 0.028159 -0.998852 -0.038758
vn 0.028159 -0.998852 -0.038758
vn -0.028159 0.998852 0.038756
vn -0.028159 0.998852 0.038756
vn -0.000000 0.998852 -0.047911
vn -0.014804 0.998851 -0.045570
vn -0.014804 0.998851 -0.045570
vn -0.000000 0.998852 -0.047911
vn 0.014804 -0.998852 0.045563
vn 0.000000 -0.998852 0.047909
vn 0.000000 -0.998852 0.047909
vn 0.014804 -0.998852 0.045563
vn 0.028159 -0.998852 0.038754
vn 0.028159 -0.998852 0.038754
vn -0.028159 0.998852 -0.038761
vn -0.028159 0.998852 -0.038761
vn 0.038758 -0.998852 0.028161
vn 0.038758 -0.998852 0.028161
vn -0.038758 0.998852 -0.028158
vn -0.038758 0.998852 -0.028158
vn 0.045563 -0.998852 0.014808
vn 0.045563 -0.998852 0.014808
vn -0.045563 0.998852 -0.014806
vn -0.045563 0.998852 -0.014806
vn 0.038763 0.998851 0.028164
vn 0.045571 0.998851 0.014807
vn 0.045571 0.998851 0.014807
vn 0.038763 0.998851 0.028164
vn -0.045563 -0.998852 -0.014801
vn -0.038758 -0.998852 -0.028161
vn -0.038758 -0.998852 -0.028161
vn -0.045563 -0.998852 -0.014801
vn 0.028161 0.998852 0.038760
vn 0.028161 0.998852 0.038760
vn -0.028159 -0.998852 -0.038759
vn -0.028159 -0.998852 -0.038759
vn 0.014804 0.998852 0.045565
vn 0.014804 0.998852 0.045565
vn -0.014804 -0.998852 -0.045559
vn -0.014804 -0.998852 -0.045559
vn 0.038765 0.998851 -0.028163
vn 0.038765 0.998851 -0.028163
vn -0.038758 -0.998852 0.028160
vn -0.038758 -0.998852 0.028160
vn 0.045571 0.998851 -0.014807
vn 0.045571 0.998851 -0.014807
vn -0.045563 -0.998852 0.014802
vn -0.045563 -0.998852 0.014802
vn 0.047917 0.998851 -0.000000
vn 0.047917 0.998851 -0.000000
vn -0.047908 -0.998852 0.000001
vn -0.047908 -0.998852 0.000001
vn 0.000000 1.000000 0.000000
vn 0.000000 1.000000 0.000000
vn 0.000000 1.000000 -0.000000
vn 0.000000 1.000000 0.000000
vn 0.000000 -1.000000 0.000000
vn 0.000000 -1.000000 -0.000000
vn 0.000000 -1.000000 -0.000000
vn 0.000000 -1.000000 -0.000000
vn 0.000000 1.000000 0.000000
vn 0.000000 1.000000 0.000000
vn 0.000000 -1.000000 -0.000000
vn 0.000000 -1.000000 0.000000
vn 0.000000 1.000000 -0.000000
vn 0.000000 1.000000 -0.000000
vn 0.000000 -1.000000 0.000000
vn 0.000000 -1.000000 0.000000
vn 0.000000 1.000000 -0.000000
vn 0.000000 1.000000 -0.000000
vn 0.000000 -1.000000 0.000000
vn 0.000000 -1.000000 0.000000
vn 0.000000 1.000000 0.000000
vn 0.000000 1.000000 0.000000
vn 0.000000 -1.000000 -0.000000
vn 0.000000 -1.000000 -0.000000
vn 0.000000 1.000000 0.000000
vn 0.000000 1.000000 0.000000
vn 0.000000 -1.000000 0.000000
vn 0.000000 -1.000000 0.000000
vn 0.000000 1.000000 0.000000
vn 0.000000 1.000000 -0.000000
vn 0.000000 -1.000000 0.000000
vn 0.000000 -1.000000 0.000000
vn 0.000000 1.000000 -0.000000
vn 0.000000 1.000000 -0.000000
vn 0.000000 -1.000000 0.000000
vn 0.000000 -1.000000 0.000000
vn 0.000000 1.000000 0.000000
vn 0.000000 1.000000 0.000000
vn 0.000000 -1.000000 0.000000
vn 0.000000 -1.000000 0.000000
vn 0.000000 1.000000 -0.000000
vn 0.000000 1.000000 -0.000000
vn 0.000000 -1.000000 0.000000
vn 0.000000 -1.000000 0.000000
vn 0.000000 1.000000 -0.000000
vn 0.000000 1.000000 -0.000000
vn 0.000000 -1.000000 0.000000
vn 0.000000 -1.000000 0.000000
vn 0.000000 1.000000 0.000000
vn 0.000000 1.000000 0.000000
vn 0.000000 -1.000000 -0.000000
vn 0.000000 -1.000000 -0.000000
vn 0.000000 1.000000 -0.000000
vn 0.000000 1.000000 -0.000000
vn 0.000000 -1.000000 0.000000
vn 0.000000 -1.000000 -0.000000
vn 0.000000 1.000000 0.000000
vn 0.000000 1.000000 0.000000
vn 0.000000 -1.000000 0.000000
vn 0.000000 -1.000000 0.000000
vn 0.000000 1.000000 0.000000
vn 0.000000 1.000000 0.000000
vn 0.000000 -1.000000 0.000000
vn 0.000000 -1.000000 0.000000
vn 0.000000 1.000000 0.000000
vn 0.000000 1.000000 0.000000
vn 0.000000 -1.000000 0.000000
vn 0.000000 -1.000000 0.000000
vn 0.000000 1.000000 0.000000
vn 0.000000 1.000000 0.000000
vn 0.000000 -1.000000 -0.000000
vn 0.000000 -1.000000 -0.000000
vn 0.000000 1.000000 0.000000
vn 0.000000 1.000000 0.000000
vn 0.000000 -1.000000 -0.000001
vn 0.000000 -1.000000 -0.000001
vn 0.000000 1.000000 0.000000
vn 0.000000 1.000000 -0.000000
vn 0.000000 -1.000000 -0.000000
vn 0.000000 -1.000000 -0.000000
vn 0.000000 1.000000 0.000000
vn 0.000000 1.000000 -0.000001
vn 0.000000 1.000000 -0.000001
vn 0.000000 1.000000 0.000000
vn 0.000000 -1.000000 0.000000
vn 0.000000 -1.000000 -0.000001
vn 0.000000 -1.000000 -0.000001
vn 0.000000 -1.000000 0.000000
vn 0.000000 1.000000 0.000000
vn 0.000000 1.000000 0.000000
vn 0.000000 -1.000000 -0.000001
vn 0.000000 -1.000000 -0.000001
vn 0.000000 1.000000 0.000001
vn 0.000000 1.000000 0.000001
vn 0.000000 -1.000000 -0.000001
vn 0.000000 -1.000000 -0.000001
vn 0.000000 1.000000 0.000000
vn 0.000000 1.000000 0.000000
vn 0.000000 -1.000000 0.000001
vn 0.000000 -1.000000 0.000001
vn 0.000000 1.000000 -0.000003
vn 0.000000 1.000000 -0.000003
vn 0.000000 -1.000000 0.000000
vn 0.000000 -1.000000 0.000000
vn 0.000000 1.000000 -0.000003
vn 0.000000 1.000000 -0.000003
vn 0.000000 -1.000000 -0.000001
vn 0.000000 -1.000000 -0.000001
vn 0.000000 1.000000 -0.000001
vn 0.000000 1.000000 -0.000001
vn 0.000000 -1.000000 -0.000000
vn 0.000000 -1.000000 -0.000000
vn 0.000000 1.000000 0.000000
vn 0.000000 1.000000 0.000000
vn 0.000000 -1.000000 -0.000001
vn 0.000000 -1.000000 -0.000001
vn 0.000000 1.000000 0.000001
vn 0.000000 1.000000 0.000001
vn 0.000000 -1.000000 0.000000
vn 0.000000 -1.000000 -0.000000
vn 0.000000 1.000000 0.000001
vn 0.000000 1.000000 0.000001
vn 0.000000 -1.000000 0.000001
vn 0.000000 -1.000000 0.000001
vn 0.000000 1.000000 0.000001
vn 0.000000 1.000000 0.000001
vn 0.000000 -1.000000 -0.000001
vn 0.000000 -1.000000 -0.000001
vn 0.000000 1.000000 0.000000
vn 0.000000 1.000000 0.000000
vn 0.000000 -1.000000 -0.000000
vn 0.000000 -1.000000 -0.000000
vn 0.000000 1.000000 -0.000000
vn 0.000000 1.000000 0.000000
vn 0.000000 -1.000000 0.000001
vn 0.000000 -1.000000 0.000001
vn 0.000000 1.000000 -0.000001
vn 0.000000 1.000000 -0.000001
vn 0.000000 -1.000000 0.000002
vn 0.000000 -1.000000 0.000002
vn 0.000000 1.000000 -0.000000
vn 0.000000 1.000000 -0.000000
vn 0.000000 -1.000000 0.000002
vn 0.000000 -1.000000 0.000002
vn 0.000000 1.000000 0.000002
vn 0.000000 1.000000 0.000002
vn 0.000000 -1.000000 0.000003
vn 0.000000 -1.000000 0.000003
vn 0.000000 1.000000 0.000000
vn 0.000000 1.000000 0.000000
vn 0.000000 -1.000000 0.000001
vn 0.000000 -1.000000 0.000001
vn 0.000000 1.000000 -0.000001
vn 0.000000 1.000000 -0.000001
vn 0.000000 -1.000000 -0.000001
vn 0.000000 -1.000000 -0.000001
vn 0.000000 1.000000 -0.000001
vn 0.000000 1.000000 -0.000001
vn 0.000000 -1.000000 0.000001
vn 0.000000 -1.000000 0.000001
vn 0.000000 1.000000 -0.000001
vn 0.000000 1.000000 0.000002
vn 0.000000 1.000000 0.000002
vn 0.000000 1.000000 -0.000001
vn 0.000000 -1.000000 0.000001
vn 0.000000 -1.000000 0.000000
vn 0.000000 -1.000000 0.000000
vn 0.000000 -1.000000 0.000001
vn 0.000000 1.000000 -0.000002
vn 0.000000 1.000000 -0.000002
vn 0.000000 -1.000000 -0.000001
vn 0.000000 -1.000000 -0.000001
vn 0.000000 1.000000 -0.000002
vn 0.000000 1.000000 -0.000002
vn 0.000000 -1.000000 -0.000000
vn 0.000000 -1.000000 0.000000
vn 0.000000 1.000000 -0.000003
vn 0.000000 1.000000 -0.000003
vn 0.000000 -1.000000 0.000001
vn 0.000000 -1.000000 0.000001
vn 0.000000 1.000000 -0.000002
vn 0.000000 1.000000 -0.000002
vn 0.000000 -1.000000 0.000001
vn 0.000000 -1.000000 0.000001
vn 0.000000 1.000000 -0.000002
vn 0.000000 1.000000 -0.000002
vn 0.000000 -1.000000 0.000001
vn 0.000000 -1.000000 0.000001
vn 0.000000 1.000000 -0.000003
vn 0.000000 1.000000 -0.000003
vn 0.000000 -1.000000 0.000001
vn 0.000000 -1.000000 0.000001
vn 0.000000 1.000000 -0.000001
vn 0.000000 1.000000 -0.000001
vn 0.000000 -1.000000 -0.000001
vn 0.000000 -1.000000 -0.000001
vn 0.000000 1.000000 -0.000000
vn 0.000000 1.000000 0.000000
vn 0.000000 -1.000000 -0.000002
vn 0.000000 -1.000000 -0.000002
vn 0.000000 1.000000 -0.000001
vn 0.000000 1.000000 -0.000001
vn 0.000000 -1.000000 -0.000001
vn 0.000000 -1.000000 -0.000001
vn 0.000000 1.000000 0.000000
vn 0.000000 1.000000 0.000000
vn 0.000000 -1.000000 -0.000001
vn 0.000000 -1.000000 -0.000001
vn 0.000000 1.000000 0.000000
vn 0.000000 1.000000 0.000000
vn 0.000000 -1.000000 -0.000001
vn 0.000000 -1.000000 -0.000001
vn 0.000000 1.000000 -0.000002
vn 0.000000 1.000000 -0.000002
vn 0.000000 -1.000000 -0.000001
vn 0.000000 -1.000000 -0.000001
vn 0.000000 1.000000 0.000001
vn 0.000000 1.000000 0.000001
vn 0.000000 -1.000000 0.000001
vn 0.000000 -1.000000 0.000001
vn 0.000000 1.000000 0.000005
vn 0.000000 1.000000 0.000005
vn 0.000000 -1.000000 0.000002
vn 0.000000 -1.000000 0.000002
vn 0.000000 1.000000 0.000002
vn 0.000000 1.000000 0.000002
vn 0.000000 -1.000000 0.000001
vn 0.000000 -1.000000 0.000001
vn 0.000000 1.000000 -0.000001
vn 0.000000 1.000000 -0.000001
vn 0.000000 -1.000000 0.000001
vn 0.000000 -1.000000 0.000001
vn 0.000000 1.000000 0.000001
vn 0.000000 1.000000 0.000001
vn 0.000000 -1.000000 -0.000001
vn 0.000000 -1.000000 -0.000001
vn 0.000000 1.000000 0.000003
vn 0.000000 1.000000 0.000003
vn 0.000000 -1.000000 -0.000001
vn 0.000000 -1.000000 -0.000001
vn 0.008295 -0.999948 -0.006023
vn 0.009752 -0.999948 -0.003166
vn 0.009752 -0.999947 -0.003166
vn 0.008295 -0.999948 -0.006023
vn -0.009735 0.999948 0.003164
vn -0.008281 0.999948 0.006019
vn -0.008281 0.999948 0.006019
vn -0.009735 0.999948 0.003164
vn 0.006027 -0.999948 -0.008290
vn 0.006027 -0.999948 -0.008290
vn -0.006017 0.999948 0.008283
vn -0.006017 0.999948 0.008283
vn 0.003169 -0.999948 -0.009749
vn 0.003169 -0.999948 -0.009749
vn -0.003163 0.999948 0.009736
vn -0.003163 0.999948 0.009736
vn 0.000000 -0.999948 -0.010253
vn 0.000000 -0.999948 -0.010253
vn -0.000000 0.999948 0.010239
vn -0.000000 0.999948 0.010239
vn -0.003169 -0.999947 -0.009753
vn -0.003169 -0.999947 -0.009753
vn 0.003163 0.999948 0.009736
vn 0.003163 0.999948 0.009736
vn 0.006027 -0.999947 0.008292
vn 0.003169 -0.999948 0.009749
vn 0.003169 -0.999947 0.009749
vn 0.006027 -0.999948 0.008292
vn -0.003164 0.999948 -0.009737
vn -0.006024 0.999948 -0.008289
vn -0.006024 0.999947 -0.008289
vn -0.003164 0.999948 -0.009737
vn 0.008295 -0.999947 0.006027
vn 0.008295 -0.999948 0.006027
vn -0.008292 0.999947 -0.006026
vn -0.008292 0.999948 -0.006026
vn 0.009752 -0.999947 0.003170
vn 0.009752 -0.999947 0.003170
vn -0.009740 0.999948 -0.003164
vn -0.009740 0.999948 -0.003164
vn 0.010254 -0.999947 0.000000
vn 0.010254 -0.999948 0.000000
vn -0.010236 0.999948 0.000001
vn -0.010236 0.999948 0.000001
vn -0.000000 0.999948 -0.010240
vn 0.000000 0.999948 -0.010240
vn 0.000000 -0.999948 0.010251
vn 0.000000 -0.999947 0.010251
vn -0.010254 -0.999948 0.000001
vn -0.009752 -0.999947 -0.003170
vn -0.009752 -0.999948 -0.003170
vn -0.010254 -0.999948 0.000001
vn 0.009735 0.999948 0.003162
vn 0.010236 0.999948 -0.000001
vn 0.010236 0.999948 -0.000001
vn 0.009735 0.999948 0.003162
vn 0.008282 0.999948 0.006016
vn 0.008281 0.999948 0.006016
vn -0.008296 -0.999947 -0.006029
vn -0.008296 -0.999947 -0.006029
vn 0.006017 0.999948 0.008280
vn 0.006017 0.999948 0.008280
vn -0.006027 -0.999947 -0.008298
vn -0.006027 -0.999948 -0.008298
vn 0.003163 0.999948 -0.009736
vn 0.003163 0.999948 -0.009736
vn -0.003169 -0.999947 0.009752
vn -0.003169 -0.999948 0.009752
vn 0.006017 0.999948 -0.008279
vn 0.006017 0.999948 -0.008279
vn -0.006027 -0.999947 0.008295
vn -0.006027 -0.999948 0.008295
vn 0.008281 0.999948 -0.006014
vn 0.008281 0.999948 -0.006014
vn -0.008296 -0.999947 0.006025
vn -0.008296 -0.999947 0.006025
vn 0.009735 0.999948 -0.003163
vn 0.009735 0.999948 -0.003163
vn -0.009752 -0.999947 0.003170
vn -0.009752 -0.999948 0.003170
s 1
g polySurface1 group1 razzo2
usemtl initialShadingGroup
f 56/1028/1 55/1029/2 77/1030/3
f 57/1032/4 56/1028/1 77/1030/3
f 58/1034/5 57/1032/4 77/1030/3
f 59/1039/6 79/1041/7 77/1030/3
f 60/1037/8 59/1039/6 77/1030/3
f 61/1035/9 60/1037/8 77/1030/3
f 62/1033/10 61/1035/9 77/1030/3
f 63/1031/11 62/1033/10 77/1030/3
f 55/1029/2 63/1031/11 77/1030/3
s 3
f 12/2/12 11/3/13 14/4/14 13/5/15
f 11/3/13 10/6/16 15/981/17 14/4/14
f 15/7/17 10/974/16 38/8/18 37/9/19
f 18/10/20 15/7/17 37/9/19 45/11/21
f 14/4/14 15/981/17 18/980/20 17/12/22
f 13/5/15 14/4/14 17/12/22 16/13/23
f 21/14/24 18/10/20 45/11/21 44/15/25
f 17/12/22 18/980/20 21/979/24 20/16/26
f 16/13/23 17/12/22 20/16/26 19/17/27
f 20/16/26 21/979/24 67/970/28 68/19/29
f 19/17/27 20/16/26 68/19/29 69/20/30
f 24/973/31 70/926/32 73/23/33 43/24/34
f 27/25/35 24/973/31 43/24/34 42/26/36
f 23/27/37 24/21/31 27/978/35 26/28/38
f 22/29/39 23/27/37 26/28/38 25/30/40
f 30/31/41 27/25/35 42/26/36 41/32/42
f 26/28/38 27/978/35 30/977/41 29/33/43
f 25/30/40 26/28/38 29/33/43 28/34/44
f 33/35/45 30/31/41 41/32/42 40/36/46
f 29/33/43 30/977/41 33/976/45 32/37/47
f 28/34/44 29/33/43 32/37/47 31/38/48
f 36/39/49 33/35/45 40/36/46 39/40/50
f 32/37/47 33/976/45 36/975/49 35/41/51
f 31/38/48 32/37/47 35/41/51 34/42/52
f 10/974/16 36/39/49 39/40/50 38/8/18
f 10/6/16 11/3/13 35/41/51 36/975/49
f 11/3/13 12/2/12 34/42/52 35/41/51
f 12/2/12 66/43/53 34/42/52
s 5
f 2/962/54 1/956/55 46/948/56 47/954/57
f 3/961/58 2/962/54 47/954/57 48/953/59
f 4/960/60 3/961/58 48/953/59 49/952/61
f 5/938/62 65/922/63 76/54/64 50/55/65
f 6/959/66 5/938/62 50/55/65 51/951/67
f 7/958/68 6/959/66 51/951/67 52/950/69
f 8/957/70 7/958/68 52/950/69 53/949/71
f 9/955/72 8/957/70 53/949/71 54/947/73
f 1/956/55 9/955/72 54/947/73 46/948/56
s 7
f 47/47/74 46/46/75 55/940/76 56/946/77
f 48/49/78 47/47/74 56/946/77 57/945/79
f 49/51/80 48/49/78 57/945/79 58/944/81
f 50/937/82 76/921/83 79/1/84 59/936/85
f 51/57/86 50/937/82 59/936/85 60/943/87
f 52/59/88 51/57/86 60/943/87 61/942/89
f 53/61/90 52/59/88 61/942/89 62/941/91
f 54/63/92 53/61/90 62/941/91 63/939/93
f 46/46/75 54/63/92 63/939/93 55/940/76
s 1
f 77/1030/3 78/1036/94 58/1034/5
s 3
f 74/64/95 67/1027/28 21/14/24 44/15/25
f 71/65/96 70/22/32 24/21/31 23/27/37
f 72/66/97 71/65/96 23/27/37 22/29/39
s 5
f 75/913/98 64/1022/99 4/960/60 49/952/61
s 7
f 78/914/100 75/1024/101 49/51/80 58/944/81
s 3
f 66/43/53 12/2/12 13/5/15
f 66/43/53 13/5/15 16/13/23
f 66/43/53 16/13/23 19/17/27
f 69/20/30 66/43/53 19/17/27
f 66/43/53 72/66/97 22/29/39
f 66/43/53 22/29/39 25/30/40
f 66/43/53 25/30/40 28/34/44
f 66/43/53 28/34/44 31/38/48
f 66/43/53 31/38/48 34/42/52
s 1
f 135/1042/102 77/1030/3 134/1044/103
f 136/1040/104 77/1030/3 135/1042/102
f 137/1038/105 77/1030/3 136/1040/104
f 138/1043/106 77/1030/3 79/1041/7
f 139/1045/107 77/1030/3 138/1043/106
f 140/1047/108 77/1030/3 139/1045/107
f 141/1048/109 77/1030/3 140/1047/108
f 142/1046/110 77/1030/3 141/1048/109
f 134/1044/103 77/1030/3 142/1046/110
s 3
f 91/78/111 92/79/112 93/80/113 90/81/114
f 90/81/114 93/80/113 94/82/115 89/963/116
f 94/972/115 116/84/117 117/85/118 89/83/116
f 97/971/119 124/87/120 116/84/117 94/972/115
f 93/80/113 96/88/121 97/86/119 94/82/115
f 92/79/112 95/89/122 96/88/121 93/80/113
f 100/969/123 123/91/124 124/87/120 97/971/119
f 96/88/121 99/92/125 100/90/123 97/86/119
f 95/89/122 98/93/126 99/92/125 96/88/121
f 99/92/125 68/19/29 67/970/28 100/90/123
f 98/93/126 69/20/30 68/19/29 99/92/125
f 103/968/127 122/95/128 73/23/33 70/926/32
f 106/967/129 121/97/130 122/95/128 103/968/127
f 102/98/131 105/99/132 106/96/129 103/94/127
f 101/100/133 104/101/134 105/99/132 102/98/131
f 109/966/135 120/103/136 121/97/130 106/967/129
f 105/99/132 108/104/137 109/102/135 106/96/129
f 104/101/134 107/105/138 108/104/137 105/99/132
f 112/965/139 119/107/140 120/103/136 109/966/135
f 108/104/137 111/108/141 112/106/139 109/102/135
f 107/105/138 110/109/142 111/108/141 108/104/137
f 115/964/143 118/111/144 119/107/140 112/965/139
f 111/108/141 114/112/145 115/110/143 112/106/139
f 110/109/142 113/113/146 114/112/145 111/108/141
f 89/83/116 117/85/118 118/111/144 115/964/143
f 89/963/116 115/110/143 114/112/145 90/81/114
f 90/81/114 114/112/145 113/113/146 91/78/111
f 91/78/111 113/113/146 66/43/53
s 5
f 81/935/147 126/925/148 125/916/149 80/928/150
f 82/934/151 127/924/152 126/925/148 81/935/147
f 83/932/153 128/121/154 127/924/152 82/934/151
f 84/923/155 129/920/156 76/54/64 65/922/63
f 85/931/157 130/919/158 129/920/156 84/923/155
f 86/930/159 131/918/160 130/919/158 85/931/157
f 87/929/161 132/917/162 131/918/160 86/930/159
f 88/927/163 133/915/164 132/917/162 87/929/161
f 80/928/150 125/916/149 133/915/164 88/927/163
s 7
f 126/115/165 135/69/166 134/70/167 125/116/168
f 127/119/169 136/71/170 135/69/166 126/115/165
f 128/912/171 137/72/172 136/71/170 127/119/169
f 129/123/173 138/73/174 79/1/84 76/921/83
f 130/125/175 139/74/176 138/73/174 129/123/173
f 131/127/177 140/75/178 139/74/176 130/125/175
f 132/129/179 141/76/180 140/75/178 131/127/177
f 133/131/181 142/77/182 141/76/180 132/129/179
f 125/116/168 134/70/167 142/77/182 133/131/181
s 1
f 77/1030/3 137/1038/105 78/1036/94
s 3
f 74/1021/95 123/91/124 100/969/123 67/18/28
f 71/65/96 102/98/131 103/94/127 70/22/32
f 72/66/97 101/100/133 102/98/131 71/65/96
s 5
f 75/1025/98 128/121/154 83/932/153 64/933/99
s 7
f 78/1026/100 137/72/172 128/912/171 75/67/101
s 3
f 66/43/53 92/79/112 91/78/111
f 66/43/53 95/89/122 92/79/112
f 66/43/53 98/93/126 95/89/122
f 69/20/30 98/93/126 66/43/53
f 66/43/53 101/100/133 72/66/97
f 66/43/53 104/101/134 101/100/133
f 66/43/53 107/105/138 104/101/134
f 66/43/53 110/109/142 107/105/138
f 66/43/53 113/113/146 110/109/142
s 13
f 343/1015/183 344/706/184 345/134/185 346/686/186
f 347/136/187 348/684/188 349/138/189 350/680/190
s 15
f 383/140/191 384/632/192 385/142/193 386/670/194
s 16
f 423/144/195 424/592/196 425/146/197 426/630/198
s 17
f 463/148/199 464/552/200 465/150/201 466/590/202
s 18
f 261/794/203 224/831/204 1/45/205 2/44/206
f 2/44/206 3/48/207 259/795/208 261/794/203
f 3/48/207 4/50/209 257/797/210 259/795/208
f 255/1011/211 257/797/210 4/50/209 64/1023/212
f 5/52/213 6/56/214 231/823/215 233/821/216
f 6/56/214 7/58/217 229/825/218 231/823/215
f 7/58/217 8/60/219 227/827/220 229/825/218
f 8/60/219 9/62/221 225/829/222 227/827/220
f 9/62/221 1/45/205 224/831/204 225/829/222
s 20
f 143/910/223 145/909/224 165/888/225 163/890/226
f 145/909/224 147/907/227 167/886/228 165/888/225
f 147/907/227 149/905/229 169/884/230 167/886/228
f 149/905/229 151/903/231 172/1017/232 169/884/230
f 153/900/233 155/899/234 175/878/235 173/880/236
f 155/899/234 157/897/237 177/876/238 175/878/235
f 157/897/237 159/895/239 179/872/240 177/876/238
f 159/895/239 161/894/241 181/873/242 179/872/240
f 161/894/241 143/910/223 163/890/226 181/873/242
s 3
f 164/891/243 166/889/244 37/9/19 38/8/18
f 166/889/244 168/887/245 45/11/21 37/9/19
f 168/887/245 170/885/246 44/15/25 45/11/21
f 170/885/246 171/883/247 74/64/95 44/15/25
f 174/881/248 176/879/249 42/26/36 43/24/34
f 176/879/249 178/877/250 41/32/42 42/26/36
f 178/877/250 180/875/251 40/36/46 41/32/42
f 180/875/251 182/874/252 39/40/50 40/36/46
f 182/874/252 164/891/243 38/8/18 39/40/50
s 18
f 65/53/253 5/52/213 233/821/216 235/819/254
s 20
f 185/869/255 183/870/256 153/900/233 173/880/236
s 3
f 73/23/33 186/868/257 174/881/248 43/24/34
s 20
f 187/866/258 205/848/259 207/847/260 189/864/261
f 189/864/261 207/847/260 209/845/262 191/860/263
f 191/860/263 209/845/262 211/844/264 193/861/265
f 193/861/265 211/844/264 172/882/232 151/987/231
f 195/858/266 214/841/267 215/839/268 197/856/269
f 197/856/269 215/839/268 217/837/270 199/854/271
f 199/854/271 217/837/270 219/835/272 201/850/273
f 201/850/273 219/835/272 221/834/274 203/851/275
f 203/851/275 221/834/274 205/848/259 187/866/258
s 3
f 206/849/276 117/85/118 116/84/117 208/846/277
f 208/846/277 116/84/117 124/87/120 210/842/278
f 210/842/278 124/87/120 123/91/124 212/843/279
f 212/843/279 123/91/124 74/1021/95 171/1019/247
f 213/840/280 122/95/128 121/97/130 216/838/281
f 216/838/281 121/97/130 120/103/136 218/836/282
f 218/836/282 120/103/136 119/107/140 220/832/283
f 220/832/283 119/107/140 118/111/144 222/833/284
f 222/833/284 118/111/144 117/85/118 206/849/276
s 18
f 88/130/285 245/809/286 247/807/287 80/117/288
f 87/128/289 243/811/290 245/809/286 88/130/285
f 86/126/291 241/813/292 243/811/290 87/128/289
f 85/124/293 239/815/294 241/813/292 86/126/291
f 84/122/295 237/817/296 239/815/294 85/124/293
f 83/120/297 253/801/298 255/799/211 64/68/212
f 82/118/299 251/803/300 253/801/298 83/120/297
f 81/114/301 249/805/302 251/803/300 82/118/299
f 80/117/288 247/807/287 249/805/302 81/114/301
s 20
f 185/869/255 214/841/267 195/858/266 183/870/256
s 3
f 73/23/33 122/95/128 213/840/280 186/868/257
s 18
f 65/53/253 235/819/254 237/817/296 84/122/295
s 24
f 226/828/303 223/830/304 264/791/305 265/789/306
f 228/826/307 226/828/303 265/789/306 267/787/308
f 230/824/309 228/826/307 267/787/308 269/785/310
f 232/822/311 230/824/309 269/785/310 271/783/312
f 234/820/313 232/822/311 271/783/312 273/781/314
f 236/818/315 234/820/313 273/781/314 275/779/316
f 238/816/317 236/818/315 275/779/316 277/777/318
f 240/814/319 238/816/317 277/777/318 279/775/320
f 242/812/321 240/814/319 279/775/320 281/773/322
f 244/810/323 242/812/321 281/773/322 283/771/324
f 246/808/325 244/810/323 283/771/324 285/769/326
f 248/806/327 246/808/325 285/769/326 287/767/328
f 250/804/329 248/806/327 287/767/328 289/765/330
f 252/802/331 250/804/329 289/765/330 291/763/332
f 254/800/333 252/802/331 291/763/332 293/761/334
f 256/1009/335 254/800/333 293/761/334 295/759/336
f 295/1003/336 297/757/337 258/796/338 256/798/335
f 260/792/339 258/796/338 297/757/337 299/755/340
f 262/793/341 260/792/339 299/755/340 301/754/342
f 301/754/342 264/791/305 223/830/304 262/793/341
s 25
f 266/788/343 263/790/344 304/751/345 305/749/346
f 268/786/347 266/788/343 305/749/346 307/747/348
f 270/784/349 268/786/347 307/747/348 309/745/350
f 272/782/351 270/784/349 309/745/350 311/743/352
f 274/780/353 272/782/351 311/743/352 313/741/354
f 276/778/355 274/780/353 313/741/354 315/739/356
f 278/776/357 276/778/355 315/739/356 317/737/358
f 280/774/359 278/776/357 317/737/358 319/735/360
f 282/772/361 280/774/359 319/735/360 321/733/362
f 284/770/363 282/772/361 321/733/362 323/731/364
f 286/768/365 284/770/363 323/731/364 325/729/366
f 288/766/367 286/768/365 325/729/366 327/727/368
f 290/764/369 288/766/367 327/727/368 329/725/370
f 292/762/371 290/764/369 329/725/370 331/723/372
f 294/760/373 292/762/371 331/723/372 333/721/374
f 296/1001/375 294/760/373 333/721/374 335/719/376
f 335/995/376 337/717/377 298/756/378 296/758/375
f 300/752/379 298/756/378 337/717/377 339/715/380
f 302/753/381 300/752/379 339/715/380 341/714/382
f 341/714/382 304/751/345 263/790/344 302/753/381
s 26
f 306/748/383 303/750/384 144/911/385 162/893/386
f 308/746/387 306/748/383 162/893/386 160/892/388
f 310/744/389 308/746/387 160/892/388 158/896/390
f 312/742/391 310/744/389 158/896/390 156/898/392
f 314/740/393 312/742/391 156/898/392 154/901/394
f 316/738/395 314/740/393 154/901/394 184/871/396
f 318/736/397 316/738/395 184/871/396 196/859/398
f 320/734/399 318/736/397 196/859/398 198/857/400
f 322/732/401 320/734/399 198/857/400 200/855/402
f 324/730/403 322/732/401 200/855/402 202/853/404
f 326/728/405 324/730/403 202/853/404 204/852/406
f 328/726/407 326/728/405 204/852/406 188/867/408
f 330/724/409 328/726/407 188/867/408 190/865/410
f 332/722/411 330/724/409 190/865/410 192/863/412
f 334/720/413 332/722/411 192/863/412 194/862/414
f 336/993/415 334/720/413 194/862/414 152/902/416
f 150/904/417 338/716/418 336/718/415 152/985/416
f 340/712/419 338/716/418 150/904/417 148/906/420
f 342/713/421 340/712/419 148/906/420 146/908/422
f 144/911/385 303/750/384 342/713/421 146/908/422
s 27
f 503/352/423 504/1060/424 505/354/425 506/551/426
f 507/356/427 503/352/423 506/551/426 508/550/428
f 509/358/429 507/356/427 508/550/428 510/549/430
f 511/984/431 509/358/429 510/549/430 512/548/432
f 513/362/433 511/360/431 512/983/432 514/538/434
f 515/364/435 516/1059/436 517/366/437 518/547/438
f 519/368/439 515/364/435 518/547/438 520/546/440
f 521/370/441 519/368/439 520/546/440 522/545/442
f 523/372/443 521/370/441 522/545/442 524/543/444
f 523/372/443 524/543/444 505/354/425 504/1060/424
s 13
f 351/374/445 352/710/446 353/376/447 354/696/448
f 355/378/449 353/376/447 352/710/446 356/708/450
f 357/380/451 355/378/449 356/708/450 358/704/452
f 345/134/185 344/706/184 357/380/451 358/704/452
f 359/382/453 360/702/454 361/384/455 362/682/456
f 363/386/457 361/384/455 360/702/454 364/700/458
f 365/388/459 363/386/457 364/700/458 366/698/460
f 367/390/461 365/388/459 366/698/460 368/694/462
f 351/374/445 354/696/448 367/390/461 368/694/462
s 27
f 525/392/463 517/366/437 516/1059/436 526/1054/464
f 527/394/465 528/1058/466 529/396/467 530/532/468
f 531/398/469 529/396/467 528/1058/466 532/1057/470
f 533/400/471 531/398/469 532/1057/470 534/1055/472
f 513/362/433 514/538/434 533/400/471 534/1055/472
f 535/402/473 525/392/463 526/1054/464 536/1053/474
f 537/404/475 535/402/473 536/1053/474 538/1052/476
f 539/406/477 537/404/475 538/1052/476 540/1051/478
f 541/408/479 539/406/477 540/1051/478 542/1049/480
f 527/394/465 530/532/468 541/408/479 542/1049/480
s 13
f 369/410/481 370/672/482 371/412/483 372/692/484
f 373/414/485 369/410/481 372/692/484 374/690/486
f 375/416/487 373/414/485 374/690/486 376/688/488
f 375/416/487 376/688/488 343/132/183 346/1014/186
f 349/138/189 348/684/188 359/382/453 362/682/456
f 377/418/489 347/136/187 350/680/190 378/678/490
f 379/420/491 377/418/489 378/678/490 380/676/492
f 381/422/493 379/420/491 380/676/492 382/674/494
f 381/422/493 382/674/494 371/412/483 370/672/482
s 15
f 387/424/495 383/140/191 386/670/194 388/668/496
f 389/426/497 387/424/495 388/668/496 390/666/498
f 391/428/499 389/426/497 390/666/498 392/664/500
f 393/430/501 391/428/499 392/664/500 394/662/502
f 395/432/503 393/430/501 394/662/502 396/660/504
f 397/434/505 395/432/503 396/660/504 398/658/506
f 399/436/507 397/434/505 398/658/506 400/656/508
f 401/438/509 399/436/507 400/656/508 402/654/510
f 403/440/511 401/438/509 402/654/510 404/652/512
f 405/442/513 403/440/511 404/652/512 406/650/514
f 407/444/515 405/442/513 406/650/514 408/648/516
f 409/446/517 407/444/515 408/648/516 410/646/518
f 411/448/519 409/446/517 410/646/518 412/644/520
f 413/450/521 411/448/519 412/644/520 414/642/522
f 415/1007/523 413/450/521 414/642/522 416/640/524
f 417/454/525 415/452/523 416/1006/524 418/638/526
f 419/456/527 417/454/525 418/638/526 420/636/528
f 421/458/529 419/456/527 420/636/528 422/634/530
f 421/458/529 422/634/530 385/142/193 384/632/192
s 16
f 427/460/531 423/144/195 426/630/198 428/628/532
f 429/462/533 427/460/531 428/628/532 430/626/534
f 431/464/535 429/462/533 430/626/534 432/624/536
f 433/466/537 431/464/535 432/624/536 434/622/538
f 435/468/539 433/466/537 434/622/538 436/620/540
f 437/470/541 435/468/539 436/620/540 438/618/542
f 439/472/543 437/470/541 438/618/542 440/616/544
f 441/474/545 439/472/543 440/616/544 442/614/546
f 443/476/547 441/474/545 442/614/546 444/612/548
f 445/478/549 443/476/547 444/612/548 446/610/550
f 447/480/551 445/478/549 446/610/550 448/608/552
f 449/482/553 447/480/551 448/608/552 450/606/554
f 451/484/555 449/482/553 450/606/554 452/604/556
f 453/486/557 451/484/555 452/604/556 454/602/558
f 455/999/559 453/486/557 454/602/558 456/600/560
f 457/490/561 455/488/559 456/998/560 458/598/562
f 459/492/563 457/490/561 458/598/562 460/596/564
f 461/494/565 459/492/563 460/596/564 462/594/566
f 461/494/565 462/594/566 425/146/197 424/592/196
s 17
f 467/496/567 463/148/199 466/590/202 468/588/568
f 469/498/569 467/496/567 468/588/568 470/586/570
f 471/500/571 469/498/569 470/586/570 472/584/572
f 473/502/573 471/500/571 472/584/572 474/582/574
f 475/504/575 473/502/573 474/582/574 476/580/576
f 477/506/577 475/504/575 476/580/576 478/578/578
f 479/508/579 477/506/577 478/578/578 480/576/580
f 481/510/581 479/508/579 480/576/580 482/574/582
f 483/512/583 481/510/581 482/574/582 484/572/584
f 485/514/585 483/512/583 484/572/584 486/570/586
f 487/516/587 485/514/585 486/570/586 488/568/588
f 489/518/589 487/516/587 488/568/588 490/566/590
f 491/520/591 489/518/589 490/566/590 492/564/592
f 493/522/593 491/520/591 492/564/592 494/562/594
f 495/991/595 493/522/593 494/562/594 496/560/596
f 497/526/597 495/524/595 496/990/596 498/558/598
f 499/528/599 497/526/597 498/558/598 500/556/600
f 501/530/601 499/528/599 500/556/600 502/554/602
f 501/530/601 502/554/602 465/150/201 464/552/200
s 33
f 171/186/603 170/185/604 344/133/605 343/689/606
s 34
f 169/169/607 172/1018/608 346/1013/609 345/705/610
f 215/206/611 214/205/612 348/137/613 347/681/614
s 33
f 213/218/615 216/219/616 350/139/617 349/683/618
s 34
f 181/181/619 163/165/620 352/375/621 351/695/622
s 33
f 164/182/623 182/191/624 354/377/625 353/711/626
f 166/183/627 164/182/623 353/711/626 355/709/628
s 34
f 163/165/620 165/164/629 356/379/630 352/375/621
s 33
f 168/184/631 166/183/627 355/709/628 357/707/632
s 34
f 165/164/629 167/167/633 358/381/634 356/379/630
s 33
f 170/185/604 168/184/631 357/707/632 344/133/605
s 34
f 167/167/633 169/169/607 345/705/610 358/381/634
f 185/193/635 173/175/636 360/383/637 359/685/638
s 33
f 174/187/639 186/195/640 362/385/641 361/703/642
f 176/188/643 174/187/639 361/703/642 363/701/644
s 34
f 173/175/636 175/174/645 364/387/646 360/383/637
s 33
f 178/189/647 176/188/643 363/701/644 365/699/648
s 34
f 175/174/645 177/177/649 366/389/650 364/387/646
s 33
f 180/190/651 178/189/647 365/699/648 367/697/652
s 34
f 177/177/649 179/179/653 368/391/654 366/389/650
s 33
f 182/191/624 180/190/651 367/697/652 354/377/625
s 34
f 179/179/653 181/181/619 351/695/622 368/391/654
f 207/198/655 205/197/656 370/411/657 369/693/658
s 33
f 206/214/659 208/215/660 372/413/661 371/675/662
s 34
f 209/200/663 207/198/655 369/693/658 373/691/664
s 33
f 208/215/660 210/216/665 374/415/666 372/413/661
s 34
f 211/202/667 209/200/663 373/691/664 375/687/668
s 33
f 210/216/665 212/217/669 376/417/670 374/415/666
f 212/217/669 171/1020/603 343/1016/606 376/417/670
s 34
f 172/171/608 211/202/667 375/687/668 346/135/609
f 214/205/612 185/193/635 359/685/638 348/137/613
s 33
f 186/195/640 213/218/615 349/683/618 362/385/641
s 34
f 217/208/671 215/206/611 347/681/614 377/679/672
s 33
f 216/219/616 218/220/673 378/419/674 350/139/617
s 34
f 219/210/675 217/208/671 377/679/672 379/677/676
s 33
f 218/220/673 220/221/677 380/421/678 378/419/674
s 34
f 221/212/679 219/210/675 379/677/676 381/673/680
s 33
f 220/221/677 222/222/681 382/423/682 380/421/678
f 222/222/681 206/214/659 371/675/662 382/423/682
s 34
f 205/197/656 221/212/679 381/673/680 370/411/657
s 42
f 225/161/683 224/153/684 384/141/685 383/671/686
s 43
f 223/233/687 226/232/688 386/143/689 385/635/690
s 42
f 227/160/691 225/161/683 383/671/686 387/669/692
s 43
f 226/232/688 228/236/693 388/425/694 386/143/689
s 42
f 229/159/695 227/160/691 387/669/692 389/667/696
s 43
f 228/236/693 230/238/697 390/427/698 388/425/694
s 42
f 231/157/699 229/159/695 389/667/696 391/665/700
s 43
f 230/238/697 232/240/701 392/429/702 390/427/698
s 42
f 233/158/703 231/157/699 391/665/700 393/663/704
s 43
f 232/240/701 234/242/705 394/431/706 392/429/702
s 42
f 235/192/707 233/158/703 393/663/704 395/661/708
s 43
f 234/242/705 236/244/709 396/433/710 394/431/706
s 42
f 237/228/711 235/192/707 395/661/708 397/659/712
s 43
f 236/244/709 238/246/713 398/435/714 396/433/710
s 42
f 239/227/715 237/228/711 397/659/712 399/657/716
s 43
f 238/246/713 240/248/717 400/437/718 398/435/714
s 42
f 241/226/719 239/227/715 399/657/716 401/655/720
s 43
f 240/248/717 242/250/721 402/439/722 400/437/718
s 42
f 243/225/723 241/226/719 401/655/720 403/653/724
s 43
f 242/250/721 244/252/725 404/441/726 402/439/722
s 42
f 245/223/727 243/225/723 403/653/724 405/651/728
s 43
f 244/252/725 246/254/729 406/443/730 404/441/726
s 42
f 247/224/731 245/223/727 405/651/728 407/649/732
s 43
f 246/254/729 248/256/733 408/445/734 406/443/730
s 42
f 249/231/735 247/224/731 407/649/732 409/647/736
s 43
f 248/256/733 250/258/737 410/447/738 408/445/734
s 42
f 251/230/739 249/231/735 409/647/736 411/645/740
s 43
f 250/258/737 252/260/741 412/449/742 410/447/738
s 42
f 253/229/743 251/230/739 411/645/740 413/643/744
s 43
f 252/260/741 254/262/745 414/451/746 412/449/742
s 42
f 255/156/747 253/229/743 413/643/744 415/641/748
s 43
f 254/262/745 256/1010/749 416/1005/750 414/451/746
s 42
f 257/155/751 255/1012/747 415/1008/748 417/639/752
s 43
f 256/264/749 258/267/753 418/455/754 416/453/750
s 42
f 259/154/755 257/155/751 417/639/752 419/637/756
s 43
f 258/267/753 260/268/757 420/457/758 418/455/754
s 42
f 261/152/759 259/154/755 419/637/756 421/633/760
s 43
f 260/268/757 262/270/761 422/459/762 420/457/758
f 262/270/761 223/233/687 385/635/690 422/459/762
s 42
f 224/153/684 261/152/759 421/633/760 384/141/685
s 44
f 265/235/763 264/234/764 424/145/765 423/631/766
s 45
f 263/273/767 266/272/768 426/147/769 425/595/770
s 44
f 267/237/771 265/235/763 423/631/766 427/629/772
s 45
f 266/272/768 268/276/773 428/461/774 426/147/769
s 44
f 269/239/775 267/237/771 427/629/772 429/627/776
s 45
f 268/276/773 270/278/777 430/463/778 428/461/774
s 44
f 271/241/779 269/239/775 429/627/776 431/625/780
s 45
f 270/278/777 272/280/781 432/465/782 430/463/778
s 44
f 273/243/783 271/241/779 431/625/780 433/623/784
s 45
f 272/280/781 274/282/785 434/467/786 432/465/782
s 44
f 275/245/787 273/243/783 433/623/784 435/621/788
s 45
f 274/282/785 276/284/789 436/469/790 434/467/786
s 44
f 277/247/791 275/245/787 435/621/788 437/619/792
s 45
f 276/284/789 278/286/793 438/471/794 436/469/790
s 44
f 279/249/795 277/247/791 437/619/792 439/617/796
s 45
f 278/286/793 280/288/797 440/473/798 438/471/794
s 44
f 281/251/799 279/249/795 439/617/796 441/615/800
s 45
f 280/288/797 282/290/801 442/475/802 440/473/798
s 44
f 283/253/803 281/251/799 441/615/800 443/613/804
s 45
f 282/290/801 284/292/805 444/477/806 442/475/802
s 44
f 285/255/807 283/253/803 443/613/804 445/611/808
s 45
f 284/292/805 286/294/809 446/479/810 444/477/806
s 44
f 287/257/811 285/255/807 445/611/808 447/609/812
s 45
f 286/294/809 288/296/813 448/481/814 446/479/810
s 44
f 289/259/815 287/257/811 447/609/812 449/607/816
s 45
f 288/296/813 290/298/817 450/483/818 448/481/814
s 44
f 291/261/819 289/259/815 449/607/816 451/605/820
s 45
f 290/298/817 292/300/821 452/485/822 450/483/818
s 44
f 293/263/823 291/261/819 451/605/820 453/603/824
s 45
f 292/300/821 294/302/825 454/487/826 452/485/822
s 44
f 295/265/827 293/263/823 453/603/824 455/601/828
s 45
f 294/302/825 296/1002/829 456/997/830 454/487/826
s 44
f 297/266/831 295/1004/827 455/1000/828 457/599/832
s 45
f 296/304/829 298/307/833 458/491/834 456/489/830
s 44
f 299/269/835 297/266/831 457/599/832 459/597/836
s 45
f 298/307/833 300/308/837 460/493/838 458/491/834
s 44
f 301/271/839 299/269/835 459/597/836 461/593/840
s 45
f 300/308/837 302/310/841 462/495/842 460/493/838
f 302/310/841 263/273/767 425/595/770 462/495/842
s 44
f 264/234/764 301/271/839 461/593/840 424/145/765
s 46
f 305/275/843 304/274/844 464/149/845 463/591/846
s 47
f 303/313/847 306/312/848 466/151/849 465/555/850
s 46
f 307/277/851 305/275/843 463/591/846 467/589/852
s 47
f 306/312/848 308/316/853 468/497/854 466/151/849
s 46
f 309/279/855 307/277/851 467/589/852 469/587/856
s 47
f 308/316/853 310/318/857 470/499/858 468/497/854
s 46
f 311/281/859 309/279/855 469/587/856 471/585/860
s 47
f 310/318/857 312/320/861 472/501/862 470/499/858
s 46
f 313/283/863 311/281/859 471/585/860 473/583/864
s 47
f 312/320/861 314/322/865 474/503/866 472/501/862
s 46
f 315/285/867 313/283/863 473/583/864 475/581/868
s 47
f 314/322/865 316/324/869 476/505/870 474/503/866
s 46
f 317/287/871 315/285/867 475/581/868 477/579/872
s 47
f 316/324/869 318/326/873 478/507/874 476/505/870
s 46
f 319/289/875 317/287/871 477/579/872 479/577/876
s 47
f 318/326/873 320/328/877 480/509/878 478/507/874
s 46
f 321/291/879 319/289/875 479/577/876 481/575/880
s 47
f 320/328/877 322/330/881 482/511/882 480/509/878
s 46
f 323/293/883 321/291/879 481/575/880 483/573/884
s 47
f 322/330/881 324/332/885 484/513/886 482/511/882
s 46
f 325/295/887 323/293/883 483/573/884 485/571/888
s 47
f 324/332/885 326/334/889 486/515/890 484/513/886
s 46
f 327/297/891 325/295/887 485/571/888 487/569/892
s 47
f 326/334/889 328/336/893 488/517/894 486/515/890
s 46
f 329/299/895 327/297/891 487/569/892 489/567/896
s 47
f 328/336/893 330/338/897 490/519/898 488/517/894
s 46
f 331/301/899 329/299/895 489/567/896 491/565/900
s 47
f 330/338/897 332/340/901 492/521/902 490/519/898
s 46
f 333/303/903 331/301/899 491/565/900 493/563/904
s 47
f 332/340/901 334/342/905 494/523/906 492/521/902
s 46
f 335/305/907 333/303/903 493/563/904 495/561/908
s 47
f 334/342/905 336/994/909 496/989/910 494/523/906
s 46
f 337/306/911 335/996/907 495/992/908 497/559/912
s 47
f 336/344/909 338/347/913 498/527/914 496/525/910
s 46
f 339/309/915 337/306/911 497/559/912 499/557/916
s 47
f 338/347/913 340/348/917 500/529/918 498/527/914
s 46
f 341/311/919 339/309/915 499/557/916 501/553/920
s 47
f 340/348/917 342/350/921 502/531/922 500/529/918
f 342/350/921 303/313/847 465/555/850 502/531/922
s 46
f 304/274/844 341/311/919 501/553/920 464/149/845
s 48
f 145/163/923 143/162/924 504/353/925 503/1069/926
s 49
f 144/314/927 146/351/928 506/355/929 505/544/930
s 48
f 147/166/931 145/163/923 503/1069/926 507/1068/932
s 49
f 146/351/928 148/349/933 508/357/934 506/355/929
s 48
f 149/168/935 147/166/931 507/1068/932 509/1067/936
s 49
f 148/349/933 150/346/937 510/359/938 508/357/934
s 48
f 151/170/939 149/168/935 509/1067/936 511/1065/940
s 49
f 150/346/937 152/986/941 512/982/942 510/359/938
s 48
f 193/203/943 151/988/939 511/1066/940 513/1056/944
s 49
f 152/345/941 194/343/945 514/363/946 512/361/942
s 48
f 155/173/947 153/172/948 516/365/949 515/1064/950
s 49
f 154/323/951 156/321/952 518/367/953 517/542/954
s 48
f 157/176/955 155/173/947 515/1064/950 519/1063/956
s 49
f 156/321/952 158/319/957 520/369/958 518/367/953
s 48
f 159/178/959 157/176/955 519/1063/956 521/1062/960
s 49
f 158/319/957 160/317/961 522/371/962 520/369/958
s 48
f 161/180/963 159/178/959 521/1062/960 523/1061/964
s 49
f 160/317/961 162/315/965 524/373/966 522/371/962
f 162/315/965 144/314/927 505/544/930 524/373/966
s 48
f 143/162/924 161/180/963 523/1061/964 504/353/925
s 49
f 184/325/967 154/323/951 517/542/954 525/537/968
s 48
f 153/172/948 183/194/969 526/393/970 516/365/949
f 203/213/971 187/196/972 528/395/973 527/1050/974
s 49
f 188/337/975 204/335/976 530/397/977 529/541/978
f 190/339/979 188/337/975 529/541/978 531/540/980
s 48
f 187/196/972 189/199/981 532/399/982 528/395/973
s 49
f 192/341/983 190/339/979 531/540/980 533/539/984
s 48
f 189/199/981 191/201/985 534/401/986 532/399/982
s 49
f 194/343/945 192/341/983 533/539/984 514/363/946
s 48
f 191/201/985 193/203/943 513/1056/944 534/401/986
s 49
f 196/327/987 184/325/967 525/537/968 535/536/988
s 48
f 183/194/969 195/204/989 536/403/990 526/393/970
s 49
f 198/329/991 196/327/987 535/536/988 537/535/992
s 48
f 195/204/989 197/207/993 538/405/994 536/403/990
s 49
f 200/331/995 198/329/991 537/535/992 539/534/996
s 48
f 197/207/993 199/209/997 540/407/998 538/405/994
s 49
f 202/333/999 200/331/995 539/534/996 541/533/1000
s 48
f 199/209/997 201/211/1001 542/409/1002 540/407/998
s 49
f 204/335/976 202/333/999 541/533/1000 530/397/977
s 48
f 201/211/1001 203/213/971 527/1050/974 542/409/1002
g default
v 57.896809 -79.175799 -0.000000
v 57.501717 -79.175799 2.494452
v 57.501732 -79.175799 -2.494453
v 57.501732 -85.083809 -2.494453
v 57.896809 -85.083809 -0.000000
v 57.501717 -85.083809 2.494452
v 47.656624 -54.549066 -0.000000
v 47.261537 -54.549066 2.494452
v 47.261552 -54.549066 -2.494453
v 47.656624 -92.907463 -0.000000
v 47.261552 -92.907463 -2.494453
v 47.261537 -92.907463 2.494452
v 19.981944 -79.175799 -0.000000
v 20.377038 -79.175799 2.494452
v 20.377027 -79.175799 -2.494453
v 20.377027 -85.083809 -2.494453
v 19.981944 -85.083809 -0.000000
v 20.377038 -85.083809 2.494452
v 30.222131 -54.549066 -0.000000
v 30.617221 -54.549066 2.494452
v 30.617206 -54.549066 -2.494453
v 30.222131 -92.907463 -0.000000
v 30.617206 -92.907463 -2.494453
v 30.617221 -92.907463 2.494452
v 43.100045 -54.549066 -0.000000
v 34.778715 -54.549066 -0.000000
v 43.100045 -54.549066 2.494452
v 34.778715 -54.549066 2.494452
v 43.100045 -92.907463 2.494452
v 34.778715 -92.907463 2.494452
v 43.100045 -54.549066 -2.494453
v 34.778715 -54.549066 -2.494453
v 43.100045 -92.907463 -2.494453
v 34.778715 -92.907463 -2.494453
v 43.100045 -92.907463 -0.000000
v 34.778715 -92.907463 -0.000000
vt 0.973429 0.147566
vt 0.954731 0.148224
vt 0.954910 0.103501
vt 0.973405 0.104841
vt 0.973480 0.344606
vt 0.954828 0.345735
vt 0.955097 0.007821
vt 0.973639 0.010149
vt 0.992068 0.148210
vt 0.992011 0.103581
vt 0.992133 0.345715
vt 0.992188 0.007884
vt 0.919141 0.599796
vt 0.937648 0.600990
vt 0.937997 0.643692
vt 0.919303 0.644485
vt 0.936874 0.506272
vt 0.918311 0.504126
vt 0.956133 0.599493
vt 0.956702 0.644179
vt 0.920966 0.841989
vt 0.939609 0.840718
vt 0.955399 0.503822
vt 0.958270 0.841684
vt 0.425552 0.007824
vt 0.428474 0.026272
vt 0.394775 0.026272
vt 0.394775 0.007824
vt 0.425552 0.044720
vt 0.394775 0.044720
vt 0.129640 0.007824
vt 0.132561 0.026272
vt 0.098862 0.026272
vt 0.098862 0.007824
vt 0.129640 0.044720
vt 0.098862 0.044720
vt 0.056259 0.007824
vt 0.087037 0.007824
vt 0.087037 0.026272
vt 0.053337 0.026272
vt 0.087037 0.044720
vt 0.056259 0.044720
vt 0.010734 0.007824
vt 0.041512 0.007824
vt 0.041512 0.026272
vt 0.007812 0.026272
vt 0.041512 0.044720
vt 0.010734 0.044720
vt 0.683385 0.109379
vt 0.607651 0.291511
vt 0.607651 0.007824
vt 0.683385 0.065685
vt 0.576874 0.007824
vt 0.576874 0.291511
vt 0.742567 0.445609
vt 0.742567 0.489303
vt 0.666834 0.547164
vt 0.666834 0.263477
vt 0.636057 0.263477
vt 0.636057 0.547164
vt 0.663372 0.243146
vt 0.663372 0.199453
vt 0.739105 0.017321
vt 0.739105 0.301008
vt 0.769882 0.017321
vt 0.769882 0.301008
vt 0.740764 0.385131
vt 0.740764 0.341437
vt 0.816497 0.283575
vt 0.816497 0.567262
vt 0.847274 0.283575
vt 0.847274 0.567262
vn 1.000000 -0.000000 0.000003
vn 0.987688 -0.000000 0.156438
vn 0.987688 -0.000000 0.156438
vn 1.000000 -0.000000 0.000003
vn 0.987689 0.000000 -0.156432
vn 0.987689 0.000000 -0.156432
vn 0.923356 0.383946 0.000003
vn 0.913637 0.379905 0.144708
vn 0.913637 0.379905 0.144708
vn 0.923356 0.383946 0.000003
vn -0.000000 -0.000000 1.000000
vn -0.000000 -0.000000 1.000000
vn -0.000000 -0.000000 1.000000
vn -0.000000 -0.000000 1.000000
vn 0.913637 0.379905 -0.144703
vn 0.913637 0.379905 -0.144703
vn 0.607104 -0.794623 0.000002
vn 0.604316 -0.790975 -0.095713
vn 0.604317 -0.790975 -0.095713
vn 0.607104 -0.794623 0.000002
vn 0.000000 0.000000 -1.000000
vn 0.000000 0.000000 -1.000000
vn 0.000000 0.000000 -1.000000
vn 0.000000 0.000000 -1.000000
vn 0.604316 -0.790974 0.095716
vn 0.604316 -0.790974 0.095716
vn -0.987688 0.000000 -0.156434
vn -1.000000 0.000000 0.000002
vn -1.000000 0.000000 0.000002
vn -0.987688 0.000000 -0.156434
vn -0.987688 0.000000 0.156439
vn -0.987688 0.000000 0.156439
vn -0.923356 0.383946 0.000003
vn -0.923356 0.383946 0.000002
vn -0.913637 0.379905 0.144709
vn -0.913637 0.379904 0.144709
vn -0.000000 0.000000 -1.000000
vn -0.000000 0.000000 -1.000000
vn -0.000000 0.000000 -1.000000
vn -0.000000 0.000000 -1.000000
vn -0.913637 0.379905 -0.144704
vn -0.913637 0.379905 -0.144704
vn -0.607104 -0.794623 0.000002
vn -0.607104 -0.794623 0.000001
vn -0.604316 -0.790974 -0.095713
vn -0.604316 -0.790974 -0.095713
vn -0.604316 -0.790974 0.095716
vn -0.604316 -0.790974 0.095716
vn 0.000000 -0.000000 1.000000
vn 0.000000 -0.000000 1.000000
vn 0.000000 -0.000000 1.000000
vn 0.000000 -0.000000 1.000000
vn 0.000000 1.000000 0.000000
vn 0.000000 1.000000 0.000000
vn 0.000000 1.000000 0.000000
vn 0.000000 1.000000 0.000000
vn 0.000000 0.000000 -1.000000
vn 0.000000 0.000000 -1.000000
vn 0.000000 1.000000 0.000000
vn 0.000000 1.000000 0.000000
vn 0.000000 -1.000000 0.000000
vn 0.000000 -1.000000 0.000000
vn 0.000000 -1.000000 0.000000
vn 0.000000 -1.000000 0.000000
vn 0.000000 -1.000000 0.000000
vn 0.000000 -1.000000 0.000000
vn 0.000000 -0.000000 1.000000
vn 0.000000 -0.000000 1.000000
vn 0.000000 1.000000 0.000000
vn 0.000000 1.000000 0.000000
vn 0.000000 1.000000 0.000000
vn 0.000000 1.000000 0.000000
vn 0.000000 -0.000000 1.000000
vn 0.000000 -0.000000 1.000000
vn 0.000000 1.000000 0.000000
vn 0.000000 1.000000 0.000000
vn 0.000000 -1.000000 -0.000000
vn 0.000000 -1.000000 -0.000000
vn 0.000000 -1.000000 0.000000
vn 0.000000 -1.000000 0.000000
vn 0.000000 0.000000 -1.000000
vn 0.000000 0.000000 -1.000000
vn 0.000000 -1.000000 0.000000
vn 0.000000 -1.000000 0.000000
s 1
g group1 razzo2 polySurface2
usemtl initialShadingGroup
f 543/1070/1003 544/1071/1004 548/1072/1005 547/1073/1006
f 545/1078/1007 543/1070/1003 547/1073/1006 546/1079/1008
s 2
f 549/1074/1009 550/1075/1010 544/1071/1011 543/1070/1012
s 3
f 544/1118/1013 550/1119/1014 554/1120/1015 548/1121/1016
s 2
f 551/1080/1017 549/1074/1009 543/1070/1012 545/1078/1018
s 4
f 552/1077/1019 553/1081/1020 546/1079/1021 547/1073/1022
s 5
f 545/1124/1023 546/1125/1024 553/1126/1025 551/1127/1026
s 4
f 554/1076/1027 552/1077/1019 547/1073/1022 548/1072/1028
s 6
f 558/1082/1029 559/1083/1030 555/1084/1031 557/1085/1032
f 555/1084/1031 559/1083/1030 560/1088/1033 556/1089/1034
s 7
f 561/1091/1035 555/1084/1036 556/1089/1037 562/1093/1038
s 8
f 558/1130/1039 557/1131/1040 563/1132/1041 565/1133/1042
s 7
f 563/1090/1043 557/1085/1044 555/1084/1036 561/1091/1035
s 9
f 564/1086/1045 559/1083/1046 558/1082/1047 565/1087/1048
f 566/1092/1049 560/1088/1050 559/1083/1046 564/1086/1045
s 10
f 556/1136/1051 560/1137/1052 566/1138/1053 562/1139/1054
s 11
f 550/1094/1055 549/1095/1056 567/1096/1057 569/1097/1058
s 5
f 573/1128/1059 551/1127/1026 553/1126/1025 575/1129/1060
s 11
f 549/1095/1056 551/1098/1061 573/1099/1062 567/1096/1057
s 12
f 553/1100/1063 552/1101/1064 577/1102/1065 575/1103/1066
f 552/1101/1064 554/1104/1067 571/1105/1068 577/1102/1065
s 3
f 571/1122/1069 554/1120/1015 550/1119/1014 569/1123/1070
s 13
f 562/1106/1071 570/1107/1072 568/1108/1073 561/1109/1074
s 10
f 572/1140/1075 570/1141/1076 562/1139/1054 566/1138/1053
s 13
f 561/1109/1074 568/1108/1073 574/1110/1077 563/1111/1078
s 14
f 565/1112/1079 576/1113/1080 578/1114/1081 564/1115/1082
s 8
f 574/1134/1083 576/1135/1084 565/1133/1042 563/1132/1041
s 14
f 564/1115/1082 578/1114/1081 572/1116/1085 566/1117/1086
