# Blender 4.3.2
# www.blender.org
mtllib armatura.mtl
o astronauta_low
v -0.000000 11.251724 0.473759
v -0.000000 11.529006 0.428815
v 0.000000 10.857238 -0.777890
v -0.000000 11.047259 -0.750190
v -0.000000 11.231967 -0.704342
v -0.000000 11.417123 -0.668683
v 0.000000 11.743197 -0.608288
v -0.000000 8.600691 -0.690286
v 0.000000 10.478363 -0.771802
v 0.000000 10.664075 -0.782618
v -0.000000 8.606000 0.693535
v -0.000000 8.465899 0.677466
v -0.000000 9.043065 0.762805
v -0.000000 9.197936 0.787680
v 0.000000 9.358490 0.810728
v -0.000000 8.892644 0.737583
v -0.000000 8.753564 0.718150
v 1.491885 10.476024 -0.000901
v 0.799336 10.758092 0.437646
v 0.610109 10.248056 -0.786847
v 0.346207 11.433535 -0.591860
v 1.550657 10.325403 0.007329
v 1.463779 10.287683 0.001885
v 1.404878 10.390208 -0.014743
v 1.350849 10.439955 -0.017914
v 1.389801 10.527146 0.011713
v 0.735720 10.949229 0.390115
v 0.865167 10.960742 0.299413
v 0.936849 10.796931 0.328874
v 0.610233 11.464948 0.037991
v 0.614591 11.348591 0.155776
v 0.624485 11.557569 -0.123999
v 0.384718 11.622963 0.238634
v 0.463968 11.674187 0.103965
v 0.745857 10.325817 -0.799037
v 0.690691 10.497492 -0.843208
v 0.556372 10.466039 -0.845890
v 0.571921 10.089611 -0.727768
v 0.427270 10.273619 -0.803312
v 0.424413 10.121025 -0.748470
v 0.407010 10.464988 -0.844462
v 0.503283 11.360937 -0.595884
v 0.591265 11.467113 -0.466174
v 0.494185 11.539777 -0.462343
v 0.304775 11.236510 -0.702257
v 0.450301 11.211090 -0.706442
v 0.162944 11.423298 -0.649407
v 0.151830 11.233975 -0.706705
v 0.511826 11.762171 -0.073377
v 0.504629 11.831077 -0.251155
v 0.423309 11.833015 -0.423548
v 0.587861 11.577946 -0.298876
v 0.660355 11.516258 -0.310004
v 0.693251 11.498677 -0.144667
v 0.699324 11.422053 -0.004909
v 0.715802 11.330149 0.101406
v 0.755324 11.235935 0.194670
v 0.645296 11.236077 0.256789
v 0.524078 11.241307 0.317280
v 0.807253 11.110045 0.253313
v 0.685594 11.103674 0.331923
v 0.395238 11.246531 0.382757
v 0.955622 10.040158 0.354281
v 0.925604 9.936579 0.363118
v 0.905169 9.825178 0.365896
v 0.888204 9.706586 0.364228
v 0.998753 9.909179 0.219573
v 0.977545 9.802251 0.228425
v 0.957668 9.686548 0.232080
v 0.939706 9.564308 0.230443
v 0.872935 9.581822 0.358847
v 0.921844 9.439130 0.222346
v 0.444596 8.968685 -0.608872
v 0.432562 8.845020 -0.621148
v 0.420611 8.723730 -0.643028
v 0.407765 8.606239 -0.684198
v 0.522549 8.597145 -0.646097
v 0.319759 8.854102 -0.636806
v 0.309382 8.730717 -0.660940
v 0.297863 8.610031 -0.704791
v 0.193355 8.609730 -0.708920
v 0.095222 8.605683 -0.701076
v 0.640247 8.582426 -0.591283
v 0.751319 8.565668 -0.525873
v 0.849327 8.548937 -0.449729
v 0.904710 9.185588 0.187754
v 0.909369 9.311931 0.208086
v 0.857097 9.186866 0.316247
v 0.855681 9.319360 0.334630
v 0.861113 9.452272 0.348999
v 0.781979 9.323839 0.449483
v 0.123307 11.253538 0.465522
v 0.257099 11.243997 0.425744
v 0.143359 11.541342 0.399150
v 0.282418 11.583421 0.336613
v 0.137741 11.048311 -0.760071
v 0.121302 11.780284 -0.599195
v 0.283928 11.828245 -0.549605
v 0.126047 10.856834 -0.797107
v 0.256572 10.854877 -0.821492
v 0.275580 11.047783 -0.775772
v 0.395847 10.852137 -0.831530
v 0.415648 11.037580 -0.783125
v 0.537176 10.850170 -0.831684
v 0.558360 11.025805 -0.782889
v 0.702223 11.015300 -0.779500
v 1.042219 10.970224 0.149160
v 0.959827 10.968730 0.217099
v 1.107460 10.822324 0.172991
v 1.032581 10.814219 0.239037
v 1.174112 10.682084 0.157425
v 1.112232 10.671130 0.222783
v 1.045349 10.641420 0.302594
v 0.967375 10.592361 0.389468
v 1.166121 10.552888 0.173131
v 1.122429 10.518437 0.242824
v 1.077551 10.461578 0.315619
v 1.143211 10.420733 0.149690
v 1.116219 10.367106 0.209243
v 1.084093 10.298593 0.263156
v 1.044468 10.220695 0.305353
v 1.116217 10.285670 0.087035
v 1.092679 10.231875 0.125346
v 1.069896 10.170607 0.156938
v 1.045764 10.097094 0.183356
v 0.997445 10.133311 0.336881
v 1.021010 10.008511 0.204681
v 0.493646 9.592670 -0.590592
v 0.481969 9.469005 -0.585151
v 0.472212 9.344771 -0.584776
v 0.463792 9.219426 -0.590426
v 0.362436 9.480853 -0.608017
v 0.354001 9.355031 -0.604290
v 0.346531 9.229148 -0.606681
v 0.338622 9.103642 -0.613305
v 0.455049 9.093662 -0.598310
v 0.329732 8.978868 -0.622629
v 0.917690 8.540276 -0.359394
v 0.959675 8.541309 -0.250418
v 0.969555 8.544931 -0.126630
v 0.785871 9.186502 0.431181
v 0.692760 9.186545 0.528793
v 0.688157 9.327150 0.549113
v 0.584471 9.187916 0.609117
v 0.579686 9.332562 0.630778
v 0.467049 9.339224 0.696872
v 0.130685 10.476700 -0.784446
v 0.124205 10.661684 -0.801960
v 0.253511 10.658302 -0.832997
v 0.393102 10.659179 -0.851585
v 0.534466 10.663962 -0.854759
v 0.670246 10.675719 -0.848457
v 0.677192 10.849769 -0.824567
v 0.801417 10.687595 -0.836533
v 0.816403 10.849890 -0.814570
v 0.848160 11.005051 -0.771262
v 0.954528 10.846634 -0.803065
v 0.996261 10.994023 -0.759715
v 1.405245 10.922359 0.043640
v 1.267911 10.953960 0.078248
v 1.145917 10.970746 0.113744
v 1.316908 10.558164 0.038925
v 1.256073 10.570725 0.073299
v 1.208451 10.567678 0.117405
v 1.240933 10.480208 0.016011
v 1.197245 10.476129 0.049799
v 1.166334 10.456461 0.095376
v 1.193215 10.375312 -0.022653
v 1.163599 10.355374 0.008756
v 1.139399 10.326054 0.046630
v 1.165239 10.273329 -0.083795
v 1.147702 10.243114 -0.060413
v 1.131631 10.207548 -0.036006
v 1.147838 10.193728 -0.167116
v 1.133319 10.162278 -0.152085
v 1.116876 10.145525 -0.265803
v 0.545283 9.961880 -0.668418
v 0.524528 9.838905 -0.626897
v 0.507647 9.715905 -0.603625
v 0.397700 9.862051 -0.644476
v 0.383760 9.733574 -0.622924
v 0.372091 9.606929 -0.613436
v 0.955917 8.547867 0.004474
v 0.914196 8.544527 0.138283
v 0.848022 8.535940 0.266488
v 0.612393 8.768829 0.529068
v 0.601143 8.905429 0.558145
v 0.592211 9.045278 0.585438
v 0.484900 8.900697 0.621989
v 0.477653 9.043448 0.650629
v 0.471290 9.189403 0.675314
v 0.361930 9.041692 0.704352
v 0.356521 9.191705 0.728559
v 0.352866 9.345594 0.750472
v 0.239064 9.194263 0.766119
v 0.235470 9.351805 0.786826
v 0.117578 9.356409 0.806451
v 0.412257 9.989241 -0.686480
v 0.134747 8.465693 0.670076
v 0.759177 8.522982 0.380982
v 0.648266 8.507822 0.472310
v 0.629286 8.636215 0.502632
v 0.526034 8.492542 0.543148
v 0.510148 8.624040 0.570304
v 0.495838 8.760450 0.595292
v 0.387078 8.612892 0.625609
v 0.376261 8.753058 0.648419
v 0.366743 8.896840 0.672738
v 0.254645 8.749037 0.685966
v 0.247438 8.894456 0.710702
v 0.242714 9.041795 0.740613
v 0.124482 8.892833 0.730138
v 0.121679 9.042302 0.760104
v 0.119500 9.196445 0.785743
v 0.128187 8.747489 0.709352
v 0.131056 8.605951 0.688805
v 0.260757 8.606991 0.664328
v 0.268257 8.468238 0.645044
v 0.399517 8.477705 0.602078
v 1.037952 10.229432 -0.605098
v 1.004554 10.309234 -0.709533
v 0.961824 10.415469 -0.785048
v 0.860079 10.379154 -0.798170
v 0.932275 10.546753 -0.820983
v 0.929091 10.694471 -0.823632
v 1.038168 10.554781 -0.808107
v 1.048279 10.691170 -0.812813
v 1.086344 10.835288 -0.793048
v 1.280014 10.952147 -0.745984
v 1.143115 10.979271 -0.753163
v 1.771883 10.921348 -0.241368
v 1.732153 10.899608 -0.144105
v 1.653470 10.886904 -0.065984
v 1.539494 10.893267 -0.004588
v 1.405033 10.907543 -0.784307
v 1.285667 10.962811 -0.790912
v 1.236431 10.560695 0.153909
v 1.198321 10.681597 0.197148
v 1.596882 10.176520 0.023896
v 1.717886 10.044564 -0.005216
v 1.632719 10.027052 0.035431
v 1.539966 10.008512 0.038502
v 1.505548 10.151750 0.025004
v 1.451761 9.990059 0.006258
v 1.421843 10.124017 -0.011108
v 1.387438 10.235989 -0.036905
v 1.350382 10.309615 -0.053077
v 1.350143 10.087675 -0.075050
v 1.326098 10.177061 -0.096761
v 1.303653 10.230590 -0.110987
v 1.279068 10.270620 -0.122062
v 1.313450 10.354442 -0.062680
v 1.277014 10.120366 -0.173968
v 1.263432 10.168223 -0.185631
v 1.248022 10.206218 -0.195935
v 1.229015 10.230775 -0.200421
v 1.251499 10.297091 -0.127163
v 1.235101 10.128280 -0.275694
v 1.225186 10.167126 -0.283654
v 1.214541 10.196564 -0.289713
v 1.195526 10.216238 -0.291480
v 1.205859 10.242609 -0.198909
v 1.221717 10.155780 -0.382083
v 1.209508 10.186056 -0.385753
v 1.186419 10.202688 -0.387229
v 1.160753 10.203339 -0.385935
v 1.169398 10.213962 -0.287346
v 1.206165 10.196648 -0.486283
v 1.180274 10.213786 -0.487635
v 1.151282 10.219922 -0.487110
v 1.121670 10.214761 -0.486880
v 1.137130 10.191458 -0.384241
v 1.175519 10.256686 -0.589709
v 1.144288 10.268244 -0.588167
v 1.109969 10.265716 -0.591724
v 1.075806 10.253623 -0.597691
v 1.094336 10.198930 -0.488290
v 1.146062 10.339170 -0.684532
v 1.106657 10.343893 -0.685846
v 1.064405 10.334372 -0.694806
v 1.112775 10.432867 -0.758276
v 1.047056 10.434199 -0.767425
v 1.128974 10.546302 -0.797434
v 1.165718 10.419694 -0.756415
v 1.203321 10.524834 -0.789437
v 1.616465 10.896444 -0.710447
v 1.267190 10.492226 -0.783249
v 1.504267 10.822508 -0.779498
v 1.680903 10.892197 -0.028788
v 1.769457 10.906397 -0.117151
v 1.490116 10.813626 -0.736080
v 1.396848 10.897766 -0.739568
v 1.590999 10.884820 -0.673291
v 1.322803 10.439253 -0.822079
v 1.371942 10.376139 -0.809147
v 1.278564 10.560004 0.112585
v 1.679868 10.926153 -0.581627
v 1.125767 10.831411 0.214781
v 1.737931 10.941038 -0.468352
v 1.885900 10.070266 -0.562299
v 1.771856 10.937912 -0.352858
v 1.906573 10.062766 -0.437874
v 1.161513 10.982360 0.156005
v 1.282388 10.963337 0.121453
v 1.823389 10.067750 -0.054790
v 1.743839 10.053164 0.032423
v 1.147427 10.990249 -0.798165
v 1.090360 10.842830 -0.838777
v 1.399537 10.517350 0.056137
v 1.331524 10.544935 0.081063
v 1.862783 10.057631 -0.307011
v 1.835661 10.063382 -0.184808
v 1.786211 10.057848 -0.080943
v 1.372156 9.968698 -0.055351
v 1.311159 9.947736 -0.144950
v 1.291825 10.049129 -0.158359
v 1.275651 9.932355 -0.250858
v 1.256528 10.021630 -0.258663
v 1.244919 10.081882 -0.267358
v 1.247102 10.013870 -0.367126
v 1.237215 10.072014 -0.372214
v 1.229348 10.117050 -0.377206
v 1.248501 10.086652 -0.478412
v 1.239666 10.131325 -0.480903
v 1.225609 10.169193 -0.483733
v 1.251714 10.168999 -0.584504
v 1.228876 10.206561 -0.587399
v 1.203871 10.236026 -0.589501
v 1.253096 10.260758 -0.674421
v 1.218007 10.295857 -0.682317
v 1.183536 10.322848 -0.684671
v 1.260710 10.363563 -0.742995
v 1.215575 10.396793 -0.751134
v 1.322088 10.445115 -0.775935
v 1.304030 10.317749 -0.730062
v 1.371610 10.384851 -0.763450
v 1.478645 10.132237 -0.794878
v 1.507752 10.022128 -0.810104
v 1.816428 10.950574 -0.357008
v 1.779238 10.954914 -0.484643
v 1.596003 10.043836 -0.815340
v 1.414087 10.305479 -0.789141
v 1.448556 10.226610 -0.778404
v 1.566181 10.333638 0.050403
v 1.505654 10.475327 0.043530
v 1.058295 10.982753 0.190979
v 1.650918 10.034436 0.077602
v 1.878558 10.073125 -0.169669
v 1.420596 10.929901 0.086903
v 1.559381 10.899267 0.037038
v 1.614114 10.184709 0.066325
v 1.052357 10.692191 -0.859143
v 1.042535 10.552304 -0.854356
v 1.842159 10.061941 -0.548825
v 1.860829 10.055334 -0.433826
v 1.264033 9.927002 -0.363385
v 1.270546 9.934855 -0.476541
v 1.257753 10.024926 -0.476557
v 1.305758 9.949994 -0.585467
v 1.288981 10.046688 -0.581116
v 1.270974 10.119965 -0.581792
v 1.341910 10.072948 -0.663537
v 1.317126 10.156473 -0.659883
v 1.286901 10.216287 -0.665393
v 1.379750 10.192628 -0.707099
v 1.342668 10.263260 -0.713952
v 1.453085 10.227995 -0.732124
v 1.415455 10.314565 -0.743536
v 1.815851 10.931285 -0.229867
v 1.268331 10.487791 -0.829544
v 1.205492 10.521147 -0.835761
v 1.908263 10.066049 -0.302020
v 1.714983 10.939733 -0.608953
v 1.771019 10.073411 -0.743891
v 1.840612 10.076091 -0.666094
v 1.132631 10.543376 -0.843719
v 1.687528 10.061824 -0.793658
v 1.743197 10.063390 -0.707978
v 1.802775 10.066281 -0.640869
v 1.362574 9.971115 -0.672664
v 1.433657 9.994131 -0.731190
v 1.408788 10.099759 -0.717641
v 1.512377 10.017333 -0.764063
v 1.484037 10.127375 -0.748928
v 1.593739 10.037504 -0.769308
v 1.671941 10.053063 -0.750711
v 1.069088 10.176113 -0.490228
v 1.097859 10.148412 -0.379175
v 1.115821 10.173018 -0.381593
v 1.131729 10.172718 -0.273430
v 1.149030 10.195148 -0.281091
v 1.164173 10.218801 -0.181052
v 1.183843 10.238502 -0.192418
v 1.188214 10.296893 -0.105232
v 1.218137 10.307342 -0.121965
v 1.228640 10.386024 -0.045977
v 1.269786 10.380233 -0.060105
v 1.293662 10.468549 -0.005369
v 1.253235 11.329165 -0.121083
v 1.261536 11.274943 -0.051832
v 0.748951 11.535979 -0.147936
v 0.818743 11.500880 -0.156895
v 0.755801 11.462550 -0.009874
v 0.585157 11.075180 -0.778973
v 0.621969 11.237287 -0.704870
v 0.730564 11.093794 -0.762117
v 0.976233 11.349763 0.014005
v 0.997265 11.273149 0.069491
v 1.522774 11.043544 -0.671614
v 1.611004 11.112144 -0.582940
v 1.600196 10.961041 -0.667154
v 1.691079 11.003393 -0.574157
v 1.171026 11.366456 -0.470331
v 1.341719 11.329411 -0.472957
v 1.214736 11.390126 -0.327838
v 1.423645 10.947142 -0.735651
v 1.296837 11.033000 0.069937
v 1.171074 11.050153 0.106160
v 1.685310 11.079026 -0.150885
v 1.558928 11.193527 -0.151623
v 0.559839 11.398793 -0.597218
v 0.646002 11.502714 -0.470079
v 0.508353 11.253121 -0.704469
v 0.809424 11.284783 0.181310
v 0.858646 11.161366 0.236623
v 0.675585 11.372697 -0.599740
v 0.923674 11.479383 -0.317308
v 1.061312 11.433818 -0.320177
v 0.945227 11.461595 -0.174063
v 1.758950 10.948983 -0.140188
v 1.671566 11.141540 -0.468190
v 0.876141 11.083475 -0.753697
v 1.024769 11.072475 -0.742253
v 0.914360 11.192253 -0.697706
v 1.016851 11.395658 -0.467306
v 0.962017 11.308077 -0.595728
v 1.406849 11.217390 -0.072349
v 1.403337 11.159313 -0.023570
v 0.767458 11.214480 -0.703743
v 0.791712 11.518394 -0.312727
v 0.742323 11.474220 -0.470277
v 1.124091 11.245723 0.028585
v 1.141671 11.149081 0.076084
v 1.287769 11.267366 -0.596111
v 1.265798 11.204655 -0.002278
v 1.230227 11.162590 -0.684928
v 1.463181 11.213576 -0.589781
v 0.715352 11.552239 -0.313648
v 1.764728 10.990415 -0.464436
v 1.781849 10.998126 -0.235760
v 1.782586 11.014728 -0.344309
v 1.519184 11.261015 -0.472119
v 1.381242 11.340727 -0.338213
v 0.832394 11.439521 -0.031415
v 1.025373 11.161719 0.112062
v 1.083813 11.411704 -0.191948
v 1.706036 11.141706 -0.350542
v 1.315302 11.029706 -0.728741
v 1.067676 11.175465 -0.690719
v 1.238610 11.365851 -0.209899
v 1.416039 11.080723 0.014537
v 0.818371 11.341081 -0.602141
v 0.958108 11.408313 -0.067408
v 1.553875 11.265144 -0.347214
v 0.850522 11.365424 0.058440
v 1.173602 11.057699 -0.735991
v 1.400901 11.314342 -0.225481
v 1.275668 11.119781 0.041945
v 1.099392 11.370379 -0.099137
v 0.927895 11.166278 0.172357
v 1.388355 11.122835 -0.676696
v 1.672994 10.966853 -0.069944
v 1.513861 11.113530 -0.041651
v 1.543165 11.148513 -0.085987
v 1.549946 11.040554 -0.023668
v 0.771979 11.374980 0.092794
v 0.877421 11.437160 -0.472747
v 1.062656 11.049405 0.142623
v 1.708880 11.117173 -0.240915
v 1.116497 11.287119 -0.596170
v 0.480421 11.113193 -0.765929
v 1.565965 10.973257 -0.010838
v 0.986624 11.018106 0.221015
v 1.564676 11.236578 -0.236518
v 1.638697 11.045685 -0.079284
v 0.887552 11.287791 0.129878
v 1.432042 10.971735 0.047557
v 1.114168 11.320420 -0.022469
v 1.410736 11.275930 -0.135141
v 1.516913 10.902293 -0.719449
v 0.904642 11.040670 0.272982
v 1.751329 10.965726 -0.466394
v 0.712723 11.446741 -0.002951
v 0.463700 11.235778 -0.704483
v 0.878565 10.985429 0.301371
v 0.706650 11.523365 -0.142709
v 0.516681 11.385624 -0.593925
v 0.715622 11.039989 -0.777541
v 1.503514 10.838314 -0.734122
v 0.604664 11.491800 -0.464216
v 0.673754 11.540946 -0.308045
v 1.410247 10.922454 -0.737610
v 1.293413 10.976835 -0.744026
v 0.820652 11.134734 0.255272
v 1.666868 10.911592 -0.064026
v 1.156513 11.003960 -0.751205
v 0.571758 11.050492 -0.780931
v 0.429047 11.062268 -0.781167
v 1.281309 10.978648 0.080206
v 1.159315 10.995434 0.115702
v 1.418643 10.947047 0.045599
v 1.552892 10.917953 -0.002630
v 1.785255 10.962600 -0.350900
v 1.693266 10.950841 -0.579668
v 1.604397 10.909507 -0.671333
v 0.973225 10.993419 0.219057
v 1.055618 10.994912 0.151119
v 1.745551 10.924295 -0.142146
v 1.785282 10.946035 -0.239410
v 0.729201 11.354836 0.103364
v 0.768722 11.260623 0.196628
v 1.009659 11.018711 -0.757757
v 0.861558 11.029738 -0.769303
v 1.218769 10.542806 -0.883538
v 1.285831 10.505755 -0.877468
v 1.831574 10.220473 -0.041595
v 1.854490 10.104510 -0.030243
v 1.166630 10.850979 0.244486
v 1.235070 10.837820 0.217232
v 1.923933 10.324927 -0.472636
v 1.933455 10.194922 -0.452520
v 1.534659 10.259892 -0.833875
v 1.503481 10.350746 -0.849974
v 1.636604 10.291491 -0.817465
v 1.566260 10.164529 -0.847348
v 1.257262 10.648193 -0.889945
v 1.654389 10.883385 -0.747139
v 1.709879 10.770945 -0.744743
v 1.759738 10.927446 -0.637027
v 1.931399 10.202911 -0.313117
v 1.949022 10.101604 -0.298773
v 1.292947 10.946228 0.171398
v 1.335488 10.819218 0.183662
v 1.440037 10.640164 0.130127
v 1.450851 10.794134 0.147604
v 1.703544 10.440557 -0.794934
v 1.733440 10.312239 -0.776520
v 1.896493 10.216402 -0.170861
v 1.176766 10.967225 0.205398
v 1.799685 10.465266 -0.725272
v 1.551017 10.625714 0.092907
v 1.737038 10.211455 0.058960
v 1.353938 10.657142 0.161925
v 1.120738 10.842097 -0.883706
v 1.169553 10.970469 -0.848916
v 1.243591 10.693108 0.223677
v 1.217318 10.827975 -0.878881
v 1.702817 10.624069 0.020233
v 1.760816 10.618033 -0.738177
v 1.163662 10.677446 -0.896170
v 1.142144 10.567528 -0.891236
v 1.335323 10.602582 -0.885121
v 1.894445 10.775620 -0.214743
v 1.894242 10.611746 -0.218085
v 1.904803 10.197510 -0.581896
v 1.925394 10.105684 -0.572742
v 1.847184 10.201430 -0.690778
v 1.395622 10.382045 -0.857157
v 1.437485 10.308260 -0.837630
v 1.324840 10.790370 -0.873073
v 1.579323 10.773042 0.096737
v 1.763486 10.088562 0.068322
v 1.458961 10.451272 -0.868643
v 1.916036 10.109828 -0.156745
v 1.597826 10.719007 -0.816448
v 1.495776 10.639268 -0.859407
v 1.658445 10.580536 -0.807971
v 1.876555 10.475672 -0.621520
v 1.822909 10.323317 -0.706035
v 1.793587 10.110283 -0.776280
v 1.697314 10.097339 -0.833230
v 1.873793 10.112841 -0.687660
v 1.655665 10.198978 0.097210
v 1.922295 10.626081 -0.362231
v 1.902698 10.639479 -0.504585
v 1.807942 10.799371 -0.636008
v 1.283382 10.947844 -0.842960
v 1.866577 10.914712 -0.221917
v 1.868147 10.936835 -0.364758
v 1.286364 10.674440 0.194909
v 1.280944 10.579298 0.182082
v 1.948058 10.097482 -0.441101
v 1.670804 10.186735 -0.824092
v 1.686943 10.073400 0.106128
v 1.685577 10.491723 0.028624
v 1.539406 10.497945 0.083189
v 1.605610 10.350640 0.082697
v 1.418948 10.533195 0.104193
v 1.846934 10.638069 -0.632427
v 1.927491 10.468042 -0.352291
v 1.344275 10.451659 -0.870028
v 1.812288 10.886137 -0.091719
v 1.403844 10.535518 -0.878250
v 1.560034 10.526819 -0.849744
v 1.819266 10.613610 -0.085511
v 1.418448 10.727983 -0.866599
v 1.399376 10.894460 -0.836664
v 1.879830 10.472456 -0.209622
v 1.592109 10.076841 -0.857999
v 1.803995 10.484384 -0.082019
v 1.874812 10.805670 -0.503579
v 1.499526 10.145326 -0.842742
v 1.892033 10.325491 -0.601563
v 1.921762 10.473563 -0.495307
v 1.522696 10.059916 -0.854439
v 1.827545 10.763667 -0.084195
v 1.708052 10.359893 0.042370
v 1.710647 10.869925 0.010132
v 1.516652 10.797994 -0.828056
v 1.917766 10.330657 -0.332350
v 1.604975 10.403061 -0.833898
v 1.577359 10.878023 0.083197
v 1.715742 10.763577 0.019747
v 1.828529 10.942472 -0.503263
v 1.811839 10.357240 -0.063218
v 1.357429 10.556633 0.126797
v 1.766116 10.198664 -0.771979
v 1.879439 10.343991 -0.191874
v 1.908913 10.794574 -0.360250
v 1.309223 10.575807 0.153882
v 1.113625 10.967793 0.225741
v 1.076082 10.574456 -0.899120
v 1.083730 10.688985 -0.903359
v 1.469673 10.235081 -0.827329
v 1.431413 10.910902 0.136184
v 1.207664 10.517459 -0.882085
v 1.269471 10.483355 -0.875839
v 1.641930 10.908069 -0.747603
v 1.750098 10.953313 -0.636279
v 1.296865 10.972714 0.164658
v 1.177109 10.993975 0.198267
v 1.094376 10.850371 -0.884507
v 1.151739 11.001225 -0.843166
v 1.144074 10.840500 0.256572
v 1.222529 10.681109 0.236871
v 1.372275 10.367425 -0.854844
v 1.412719 10.296393 -0.834745
v 1.798840 10.083432 -0.779804
v 1.703116 10.070584 -0.836606
v 1.878449 10.085900 -0.691319
v 1.859819 10.941221 -0.218366
v 1.861000 10.963235 -0.361158
v 1.264412 10.553712 0.190413
v 1.631346 10.192897 0.108754
v 1.669117 10.041821 0.119774
v 1.953743 10.074466 -0.297028
v 1.921454 10.082867 -0.154531
v 1.952318 10.070198 -0.441922
v 1.519422 10.474631 0.087961
v 1.581706 10.341872 0.093477
v 1.409272 10.507554 0.100560
v 1.323518 10.433389 -0.868224
v 1.806761 10.913187 -0.090197
v 1.291320 10.973475 -0.835840
v 1.413218 10.917322 -0.829046
v 1.929642 10.078591 -0.575772
v 1.503127 10.026923 -0.856145
v 1.473253 10.137100 -0.840829
v 1.598267 10.050167 -0.861373
v 1.860567 10.077652 -0.028638
v 1.769791 10.061766 0.070062
v 1.708337 10.897489 0.008409
v 1.579268 10.905270 0.078663
v 1.820544 10.968791 -0.500934
v 1.074370 10.995280 0.232798
v 1.046903 10.549828 -0.900605
v 1.056435 10.693213 -0.905474
v 1.518418 10.831388 -0.822915
v 1.136288 10.540450 -0.890003
v 1.444028 10.225224 -0.824683
v 1.346140 10.531708 0.123201
v 1.301055 10.549281 0.151871
v 1.435948 10.937444 0.130165
v 0.720048 11.548053 -0.140750
v 0.726121 11.471429 -0.000992
v 0.587263 11.104412 -0.765833
v 0.729020 11.064676 -0.775583
v 1.617796 10.934196 -0.669374
v 1.706665 10.975530 -0.577710
v 1.294708 11.003336 0.082165
v 1.172714 11.020122 0.117660
v 0.530080 11.410312 -0.591967
v 0.618062 11.516488 -0.462257
v 0.477098 11.260466 -0.702525
v 0.782121 11.285312 0.198587
v 0.834050 11.159421 0.257230
v 0.874957 11.054426 -0.767345
v 1.023058 11.043399 -0.755798
v 0.687152 11.565635 -0.306087
v 1.798680 10.970723 -0.237451
v 1.798653 10.987288 -0.348942
v 1.744841 10.977908 -0.143781
v 1.306811 11.001523 -0.742068
v 1.439360 10.971879 -0.721760
v 1.169912 11.028647 -0.749247
v 1.680267 10.936279 -0.062068
v 0.742600 11.379524 0.105322
v 0.442446 11.086956 -0.779208
v 1.566291 10.942642 -0.000671
v 1.749508 11.018313 -0.459768
v 1.069016 11.019600 0.153077
v 0.976824 11.047086 0.211183
v 1.516913 10.863002 -0.732164
v 1.435159 11.001511 0.035899
v 0.891964 11.010118 0.303329
v -0.000000 11.601344 -0.787430
v -0.000000 11.764119 -0.758917
v 0.407253 11.472692 -0.725529
v 0.591185 11.595995 -0.565093
v 0.366462 11.664399 -0.689547
v 0.193920 11.454831 -0.794917
v 0.348605 11.503019 0.481750
v 0.363183 11.599762 0.464429
v 0.493882 11.652760 0.340233
v 0.592443 11.714807 0.174470
v 0.171383 11.627113 -0.763447
v 0.596817 11.449284 0.326100
v 0.594955 11.323054 0.424148
v 0.467758 11.430068 0.433438
v 0.699568 11.432534 0.249901
v -0.000000 11.463985 0.570782
v 0.175364 11.473722 0.549746
v 0.186755 11.544289 0.544873
v 0.152668 11.797238 -0.747032
v -0.000000 11.522866 0.580767
v 0.656237 11.803546 -0.049704
v 0.715456 11.326980 0.356494
v 0.455246 11.313082 0.505627
v 0.321586 11.409643 0.512667
v 0.495455 11.543858 0.366857
v 0.553299 11.708143 -0.536301
v 0.648135 11.864955 -0.288373
v 0.710818 11.656869 -0.341063
v 0.157225 11.401772 0.568983
v 0.149691 11.304853 0.606226
v 0.304429 11.298371 0.559648
v 0.666856 11.740458 -0.311945
v 0.540969 11.855953 -0.517127
v 0.623316 11.589088 0.194380
v 0.715227 11.545285 0.113151
v 0.690497 11.700447 -0.057273
v 0.358628 11.843827 -0.681150
v 0.745974 11.644232 -0.094722
v -0.000000 11.396354 0.582945
v -0.000000 11.303902 0.616603
v -0.000000 11.446517 -0.817891
v 0.318089 9.802342 1.018945
v 0.210828 9.820560 1.046497
v 0.372428 10.783777 0.788756
v 0.242276 10.793662 0.819224
v 0.379410 10.666270 0.834615
v 0.611983 10.241454 0.892331
v 0.584647 10.123401 0.919389
v 0.741205 10.172435 0.828260
v 0.732765 9.713450 0.745711
v -0.000000 10.350010 0.993531
v 0.116631 10.347511 0.991407
v 0.964257 10.323808 0.599545
v 0.927105 10.257770 0.653271
v -0.000000 10.466244 0.959305
v -0.000000 10.230724 1.024871
v 0.444104 10.040008 0.982326
v 0.327906 10.070099 1.014801
v 0.850026 10.083322 0.732261
v 0.808767 9.985828 0.752611
v 0.632348 9.509344 0.820320
v 0.632612 9.622015 0.832420
v 0.120578 10.463678 0.956036
v 0.120776 10.799253 0.841148
v 0.121926 10.904503 0.797861
v 0.890156 10.174985 0.697675
v 0.634450 9.395783 0.804990
v 0.532023 9.518422 0.895957
v 0.214854 9.686039 1.042338
v 0.218809 9.548362 1.035876
v 0.108768 9.695312 1.060256
v 0.726485 9.610614 0.737024
v 0.637116 9.731169 0.842706
v 0.320898 9.935496 1.024854
v 0.813567 10.369070 0.738155
v 0.241283 10.900181 0.770596
v 0.244353 10.681481 0.863015
v 0.459511 10.167655 0.963979
v 0.705062 10.059298 0.854783
v 0.562587 9.997071 0.935788
v 0.211524 9.954634 1.048090
v -0.000000 10.579749 0.922552
v 0.530395 9.637525 0.907094
v 0.375905 10.550045 0.878784
v 0.365340 10.435066 0.921350
v 0.767532 9.897194 0.753201
v 0.868842 9.948240 0.617795
v 0.000000 9.556273 1.059519
v 0.000000 9.418372 1.043584
v 0.110960 9.553731 1.055223
v 0.107138 9.831597 1.061732
v 0.338765 10.197987 0.992383
v 0.122603 10.577263 0.919072
v 0.215519 10.089695 1.037505
v 0.488469 10.892656 0.688370
v 0.430955 9.529607 0.955049
v -0.000000 10.690384 0.885420
v 0.238701 10.453839 0.943336
v 0.498915 10.404936 0.891615
v 0.351697 10.318931 0.960472
v 0.670508 10.469311 0.793660
v 0.640293 10.354900 0.849627
v 0.744662 9.809324 0.751158
v 0.533162 9.753816 0.918780
v 0.000000 9.699006 1.064250
v 0.517938 10.520010 0.843732
v 0.679217 10.582265 0.741712
v 0.107208 9.965527 1.061821
v 0.222489 10.217538 1.011900
v 0.776489 10.275355 0.789922
v 0.122326 10.689074 0.880620
v 0.532399 10.640249 0.789765
v -0.000000 10.799994 0.846186
v 0.230644 10.337741 0.979990
v 0.123454 11.003042 0.754928
v 0.000000 9.835414 1.067383
v 0.426562 9.654852 0.964933
v 0.647115 9.835588 0.852110
v 0.824445 9.790152 0.639324
v 0.543231 9.871806 0.932085
v 0.244241 10.567997 0.903960
v 0.723657 9.503194 0.725477
v 0.000000 9.969738 1.064710
v 0.326769 9.539944 1.003201
v -0.000000 10.103257 1.049541
v 0.511244 10.769530 0.744904
v 0.478703 10.288611 0.933006
v 0.426440 9.779067 0.977308
v 0.107086 10.099986 1.049968
v -0.000000 10.904465 0.805724
v 0.111789 10.227801 1.022340
v 0.321518 9.672011 1.010160
v 0.675176 9.941330 0.864212
v 0.433018 9.907552 0.987290
v 0.362949 10.896713 0.734132
v -0.000000 11.000327 0.763670
v 0.810609 9.698254 0.639055
v 0.799593 9.599251 0.633235
v 1.004381 10.231651 0.497944
v 0.534474 9.399495 0.880431
v 0.433623 9.404557 0.939603
v 0.330101 9.409608 0.987956
v 0.221528 9.414235 1.021509
v 0.568819 11.002300 0.571037
v 0.470092 11.003682 0.622210
v 0.602101 10.890301 0.634664
v 0.360086 11.003129 0.680502
v 0.700187 10.596005 0.724571
v 0.852866 10.453164 0.677708
v 0.788151 9.390079 0.610511
v 0.791783 9.496354 0.623078
v 0.723285 9.393560 0.710657
v 0.112562 9.417147 1.039602
v 0.242322 10.997678 0.719144
v 0.644280 10.755540 0.686249
v 0.977253 10.173720 0.543104
v 0.943086 10.103485 0.578638
v 0.842394 9.870816 0.631777
v 0.904149 10.025952 0.602430
v 0.984405 10.597839 0.426938
v 0.965550 10.576111 0.473333
v 0.801098 10.737164 0.520596
v 0.817285 10.761684 0.475500
v 0.117354 9.326244 0.825649
v 0.116268 9.338947 0.874411
v 0.232462 9.334880 0.855557
v 0.235562 9.321716 0.806063
v 0.262910 11.249073 0.471481
v 0.261205 11.215581 0.511273
v 0.127699 11.224746 0.550355
v 0.128206 11.258199 0.511596
v 1.050176 10.177940 0.377586
v 1.069839 10.201417 0.326353
v 1.109739 10.282341 0.287325
v 1.089420 10.256558 0.337694
v 0.889940 9.451934 0.373308
v 0.876979 9.459960 0.424474
v 0.887849 9.582019 0.433915
v 0.901190 9.578893 0.384022
v 1.140919 10.355416 0.239310
v 1.122060 10.330276 0.287146
v 1.080456 10.437452 0.397130
v 1.100385 10.457137 0.349113
v 0.982264 10.023627 0.375053
v 0.966061 10.007518 0.425961
v 1.005288 10.093559 0.407846
v 1.023026 10.113551 0.356274
v 0.766833 9.341830 0.516879
v 0.779513 9.326768 0.460456
v 0.116300 9.371875 0.865818
v 0.117350 9.359168 0.817044
v 1.058177 10.268303 0.331061
v 1.077950 10.291412 0.279253
v 0.567939 9.349953 0.695642
v 0.577867 9.335257 0.640825
v 0.253879 11.190331 0.489668
v 0.255884 11.223751 0.449860
v 0.844245 9.462998 0.415684
v 0.857178 9.454775 0.364555
v 0.905480 9.920674 0.428094
v 0.920760 9.932751 0.378758
v 1.089971 10.335316 0.277001
v 1.108909 10.358253 0.228113
v 0.639484 11.218308 0.280674
v 0.628161 11.183698 0.327198
v 0.234849 9.354583 0.797269
v 0.231907 9.367760 0.846802
v 0.123319 11.232707 0.489589
v 0.123339 11.199204 0.528295
v 0.519851 11.222704 0.341152
v 0.512105 11.188607 0.384906
v 0.900287 9.823060 0.382432
v 0.885829 9.816787 0.431405
v 0.351884 9.348356 0.760717
v 0.347017 9.362041 0.811486
v 0.852026 9.323188 0.349563
v 0.839073 9.336753 0.402478
v 0.392405 11.226912 0.406757
v 0.387524 11.193114 0.448100
v 0.792218 10.746454 0.458246
v 0.776704 10.721093 0.503141
v 1.069922 10.452301 0.334739
v 1.051185 10.429517 0.381695
v 0.465658 9.341942 0.706972
v 0.458410 9.356110 0.759606
v -0.000000 11.230740 0.497957
v -0.000000 11.197273 0.536552
v 1.038899 10.214257 0.320364
v 1.019616 10.191962 0.372345
v 0.000000 9.361240 0.821423
v 0.000000 9.373708 0.869905
v 0.686023 9.329878 0.559283
v 0.674176 9.345016 0.615723
v 0.868598 9.582852 0.375071
v 0.855264 9.586021 0.424958
v 0.934328 10.017605 0.418940
v 0.950876 10.035131 0.368693
v 0.729062 10.935126 0.411678
v 0.714941 10.905213 0.457412
v 0.666659 11.055284 0.400582
v 0.679477 11.088039 0.354107
v 0.992448 10.127561 0.351104
v 0.974447 10.106847 0.402339
v 0.869620 9.704590 0.430051
v 0.883506 9.706081 0.380870
v 0.941004 10.560305 0.455849
v 0.959386 10.582650 0.409578
v 0.655399 11.240435 0.301049
v 0.646116 11.204606 0.347160
v 0.691403 11.070596 0.418225
v 0.702814 11.104796 0.372343
v 0.531335 11.246950 0.362087
v 0.523626 11.212814 0.405867
v 0.000000 9.328295 0.829947
v 0.000000 9.340763 0.878430
v 0.353851 9.315602 0.769737
v 0.348568 9.329247 0.820441
v 0.937744 9.913741 0.436398
v 0.952938 9.925158 0.386819
v 0.932710 9.817710 0.391272
v 0.918262 9.811550 0.440278
v 0.902118 9.700030 0.439055
v 0.916003 9.701510 0.389874
v -0.000000 11.256454 0.520247
v -0.000000 11.222987 0.558841
v 0.401963 11.251660 0.428067
v 0.395783 11.218190 0.469571
v 0.883145 9.313775 0.359613
v 0.864370 9.316978 0.413748
v 0.777613 9.311316 0.527401
v 0.794053 9.298011 0.471395
v 0.468896 9.309353 0.716218
v 0.461217 9.323457 0.768769
v 0.754737 10.949382 0.428872
v 0.741219 10.918730 0.474288
v 0.695108 9.298737 0.569566
v 0.680808 9.313137 0.625609
v 0.572081 9.317517 0.705066
v 0.583066 9.303034 0.650453
v 1.156961 10.276387 0.098271
v 1.172701 10.196640 -0.027833
v 1.115956 10.097727 -0.388146
v 1.099505 10.062287 -0.385546
v 0.738631 8.905656 0.508913
v 0.626967 8.900365 0.592496
v 0.506097 9.588027 -0.631774
v 0.519270 9.708257 -0.644600
v 0.703204 9.197635 -0.537632
v 0.695856 9.069679 -0.548052
v 0.982591 9.299319 0.079213
v 0.971827 9.181624 0.058329
v 0.951159 9.306590 0.217963
v 0.946650 9.183104 0.198115
v 0.895953 9.185004 0.335200
v 1.106192 9.968586 0.062275
v 1.121395 9.946408 -0.090822
v 1.085211 9.875216 0.079239
v 1.073846 10.117648 -0.511066
v 1.021509 10.286380 -0.742132
v 0.975085 10.396512 -0.821617
v 0.714184 9.321521 -0.527585
v 0.494956 9.466931 -0.626376
v 0.592586 9.208365 -0.594909
v 1.061648 10.001346 0.217709
v 0.986385 8.690229 -0.205808
v 0.998921 8.686134 -0.075103
v 0.938150 8.953816 -0.264515
v 0.974749 8.952621 -0.134241
v 0.823787 9.879001 -0.576306
v 0.691831 9.910943 -0.654263
v 1.133566 10.126893 -0.390768
v 0.610223 9.183414 0.643600
v 0.618015 9.040530 0.619849
v 1.039598 9.660634 0.098809
v 1.022257 9.540536 0.099918
v 1.048747 9.645690 -0.050384
v 0.885374 9.189143 -0.351411
v 0.874153 9.069193 -0.364791
v 0.805522 9.191499 -0.460001
v 0.551331 8.720658 -0.641040
v 0.666434 8.706538 -0.577476
v 0.435187 8.732961 -0.682712
v 0.539627 8.610134 -0.683675
v 1.133473 10.222957 0.136693
v 1.103496 9.941577 -0.233506
v 1.082459 9.849888 -0.216907
v 1.055899 9.942554 -0.370087
v 0.748886 9.552468 -0.529302
v 0.729362 9.439065 -0.523887
v 0.628340 9.570710 -0.592267
v 0.908038 8.925161 0.276759
v 0.902792 9.054198 0.309705
v 0.836351 8.914645 0.400905
v 0.665185 9.800811 -0.624690
v 1.046878 10.076378 -0.512273
v 0.582029 10.071019 -0.765513
v 0.556118 9.945175 -0.706837
v 0.638299 8.764241 0.563423
v 1.012560 8.549717 -0.127032
v 0.998342 8.550097 0.012696
v 0.776209 8.580542 -0.557994
v 0.773238 8.696794 -0.505213
v 0.879296 8.563177 -0.477506
v 0.655811 8.631852 0.536542
v 0.994191 9.526273 -0.188034
v 1.025074 9.636334 -0.190319
v 0.940503 9.855141 -0.475863
v 0.911243 9.752487 -0.458384
v 0.938288 9.528859 -0.320903
v 0.485307 9.344743 -0.626019
v 0.972113 9.414704 -0.195013
v 0.686090 8.943894 -0.551490
v 0.583158 9.081423 -0.602971
v 0.954450 8.544439 0.154159
v 0.936130 8.669868 0.199856
v 1.081635 10.016646 -0.381252
v 1.174184 10.148064 -0.151424
v 0.974804 9.950781 -0.494800
v 0.884734 8.533548 0.289269
v 0.661662 8.596428 -0.626180
v 0.983119 8.824810 -0.165450
v 1.110698 10.162260 0.168685
v 1.156777 10.155107 -0.001654
v 1.057169 9.744990 -0.200774
v 1.028843 9.847921 -0.351027
v 0.871792 10.360622 -0.835477
v 0.831837 9.427951 -0.437121
v 0.614676 9.452792 -0.587382
v 0.989110 8.818009 -0.031217
v 0.828189 9.047086 0.433810
v 0.727823 10.018356 -0.693481
v 1.000269 9.418490 0.093893
v 1.024566 9.529824 -0.047964
v 0.935624 9.072450 -0.244310
v 0.794038 9.066321 -0.465870
v 0.871018 8.946400 -0.379035
v 1.013110 10.025199 -0.507209
v 0.861407 9.975974 -0.600285
v 1.039333 9.902092 0.232820
v 1.018206 9.795148 0.241414
v 0.954313 9.301190 -0.208537
v 0.916242 9.419808 -0.326076
v 0.675606 8.822896 -0.558870
v 0.574236 8.955860 -0.612907
v 0.867472 8.692114 -0.421509
v 1.151443 10.076329 -0.123614
v 1.138759 10.023937 -0.108167
v 0.883027 9.645494 -0.446368
v 0.794723 9.773833 -0.556104
v 0.476953 9.220724 -0.631627
v 0.981008 8.679152 0.062241
v 0.819780 9.183642 0.457911
v 0.851324 8.785164 0.368120
v 1.162274 10.114348 -0.136892
v 1.134484 10.064015 -0.257980
v 0.535561 9.827035 -0.667020
v 0.969520 9.070359 -0.108322
v 0.962964 9.432290 0.233956
v 1.004401 9.412534 -0.053748
v 0.458047 8.971107 -0.649928
v 0.446630 8.848987 -0.661877
v 0.977931 8.943558 0.003925
v 1.086486 10.089342 0.195770
v 1.141961 10.108109 0.019538
v 1.076661 9.753974 -0.060261
v 1.002008 9.742749 -0.335890
v 0.468310 9.095653 -0.639451
v 0.867519 8.657708 0.331503
v 0.645278 9.686881 -0.605521
v 1.122106 10.017985 -0.249688
v 0.964248 10.120815 -0.635417
v 0.853911 9.538049 -0.437148
v 0.771146 9.664315 -0.541110
v 0.953747 8.552200 -0.380134
v 0.967547 8.807814 0.106077
v 0.998535 9.680065 0.244743
v 1.061760 9.771344 0.091577
v 0.941513 9.187302 -0.225792
v 0.899885 9.306529 -0.337520
v 0.779297 8.817311 -0.485350
v 0.563416 8.835157 -0.623040
v 1.155857 10.127668 -0.271641
v 0.970386 9.063622 0.033315
v 0.790271 8.518818 0.410788
v 1.125498 10.048610 0.041190
v 1.016390 10.167684 -0.635406
v 0.816656 9.312968 -0.446945
v 0.728448 9.042401 0.536695
v 0.872892 8.819576 -0.398679
v 0.778065 10.113111 -0.736196
v 0.858674 10.187415 -0.755566
v 0.980623 9.557729 0.242889
v 0.973306 9.183873 -0.086044
v 0.941184 8.691248 -0.322888
v 1.101580 9.856824 -0.074169
v 0.908086 10.056899 -0.623134
v 1.099646 10.151556 -0.508548
v 0.422296 8.618879 -0.722947
v 0.954378 8.933764 0.142270
v 0.721021 9.182492 0.561311
v 1.144667 10.097781 -0.264648
v 0.771487 8.644113 0.447905
v 0.754737 10.307259 -0.837105
v 0.945291 8.825447 -0.291587
v 0.921680 8.796778 0.241197
v 1.061829 10.203330 -0.630018
v 0.752852 8.773526 0.479024
v 0.943348 10.246565 -0.755060
v 0.602954 9.332471 -0.588737
v 1.000714 8.549679 -0.261290
v 0.785684 8.940674 -0.471739
v 0.947801 9.058512 0.172588
v 0.675346 8.502998 0.505715
v 0.618665 10.229330 -0.824908
v 0.986756 9.296964 -0.067907
v 0.969559 9.635231 -0.325098
v 0.763504 10.857942 -0.891086
v 0.793139 11.002028 -0.850856
v 0.892518 10.854937 -0.880331
v 0.349219 9.682302 -0.706529
v 0.231627 9.691991 -0.713498
v 0.517441 10.481679 -0.922562
v 0.497052 10.665463 -0.930798
v 0.124284 10.177856 -0.796549
v 0.126874 10.053887 -0.761854
v 0.288086 8.891418 -0.748272
v 0.278351 8.784357 -0.787337
v 0.182594 8.894416 -0.748809
v 0.520515 11.021659 -0.861761
v 0.656092 11.011716 -0.858573
v 0.092414 9.225532 -0.683273
v 0.087473 9.112960 -0.689918
v 0.097977 10.660140 -0.879315
v 0.221679 10.657940 -0.909067
v 0.117010 10.319902 -0.837696
v 0.249993 10.161909 -0.813259
v 0.000000 10.057458 -0.759355
v 0.370946 10.475902 -0.920526
v 0.000000 9.938415 -0.738801
v 0.312513 9.222823 -0.706507
v 0.201290 9.226026 -0.702052
v 0.303820 9.109999 -0.714917
v 0.931270 10.991804 -0.840076
v 0.240155 9.808759 -0.721816
v 0.248060 9.925704 -0.737939
v 0.119384 9.816031 -0.722721
v 0.176042 8.785439 -0.790577
v 0.083016 9.001435 -0.706419
v 0.000000 9.576968 -0.697333
v 0.107869 9.576344 -0.704050
v 0.230393 10.478006 -0.898130
v -0.000000 9.456412 -0.684031
v 0.244865 10.306996 -0.863165
v 0.904971 10.423273 -0.863602
v 0.875392 10.552068 -0.898417
v 0.124798 9.935778 -0.738982
v 0.000000 9.817729 -0.722056
v 0.000000 9.697576 -0.706283
v 0.808208 10.389286 -0.876101
v 0.079272 8.784049 -0.781729
v 0.081651 8.892783 -0.733120
v -0.000000 9.224770 -0.665584
v -0.000000 9.111205 -0.670617
v -0.000000 9.339276 -0.670541
v 0.113384 9.696604 -0.711022
v 0.217248 9.455665 -0.703877
v 0.102452 9.456128 -0.695827
v 0.187232 9.002214 -0.724798
v 0.252301 10.042154 -0.763848
v 0.764157 10.532331 -0.911847
v 0.359461 10.660224 -0.927591
v 0.632715 10.858033 -0.900422
v 0.224219 9.573768 -0.708740
v 0.108531 10.860346 -0.875475
v 0.231649 10.861128 -0.897766
v 0.209427 9.339793 -0.700473
v 0.119344 11.038218 -0.841063
v 0.249479 11.040312 -0.855316
v -0.000000 8.998298 -0.687250
v 0.870286 10.695893 -0.901526
v 0.000000 10.859116 -0.858473
v 0.386435 10.286565 -0.879550
v 0.384199 10.139132 -0.826717
v -0.000000 11.035570 -0.832750
v 0.366253 10.859919 -0.907071
v 0.097187 9.339361 -0.686477
v -0.000000 8.888597 -0.718699
v 0.376306 10.019181 -0.770495
v 0.384773 11.032150 -0.862117
v 0.193718 9.113306 -0.709812
v 0.626389 10.677423 -0.924864
v 0.340388 9.566543 -0.701558
v 0.331489 9.451034 -0.698191
v -0.000000 8.780923 -0.771701
v 0.000000 10.181329 -0.792186
v 0.500731 10.858562 -0.907075
v 0.000000 10.322594 -0.829980
v 0.750667 10.689355 -0.913615
v 0.322098 9.336631 -0.700477
v 0.700037 10.339529 -0.877127
v 0.646441 10.507734 -0.919695
v 0.368367 9.909263 -0.734095
v 0.358948 9.796241 -0.715066
v 0.000000 10.485492 -0.853049
v 0.295838 8.998541 -0.727530
v 0.108152 10.484594 -0.863578
v -1.491885 10.476027 -0.000901
v -0.799336 10.758094 0.437646
v -0.610109 10.248057 -0.786847
v -0.346207 11.433535 -0.591860
v -1.550657 10.325406 0.007328
v -1.463779 10.287686 0.001885
v -1.404878 10.390212 -0.014743
v -1.350848 10.439959 -0.017914
v -1.389801 10.527150 0.011714
v -0.735720 10.949231 0.390116
v -0.865167 10.960744 0.299413
v -0.936849 10.796933 0.328875
v -0.610233 11.464950 0.037991
v -0.614591 11.348593 0.155776
v -0.624485 11.557570 -0.123999
v -0.384718 11.622964 0.238635
v -0.463968 11.674188 0.103965
v -0.745857 10.325819 -0.799037
v -0.690691 10.497494 -0.843208
v -0.556372 10.466041 -0.845890
v -0.571921 10.089612 -0.727768
v -0.427270 10.273620 -0.803312
v -0.424413 10.121026 -0.748470
v -0.407010 10.464988 -0.844462
v -0.503283 11.360937 -0.595884
v -0.591265 11.467113 -0.466174
v -0.494185 11.539778 -0.462343
v -0.304775 11.236510 -0.702257
v -0.450301 11.211091 -0.706441
v -0.162944 11.423299 -0.649407
v -0.151830 11.233975 -0.706705
v -0.511826 11.762172 -0.073377
v -0.504629 11.831077 -0.251155
v -0.423309 11.833015 -0.423548
v -0.587861 11.577947 -0.298876
v -0.660355 11.516260 -0.310003
v -0.693251 11.498679 -0.144667
v -0.699324 11.422055 -0.004909
v -0.715802 11.330151 0.101406
v -0.755324 11.235937 0.194670
v -0.645296 11.236079 0.256789
v -0.524078 11.241309 0.317280
v -0.807253 11.110047 0.253314
v -0.685594 11.103676 0.331923
v -0.395238 11.246532 0.382758
v -0.955622 10.040159 0.354281
v -0.925604 9.936580 0.363118
v -0.905169 9.825179 0.365896
v -0.888204 9.706586 0.364228
v -0.998753 9.909180 0.219573
v -0.977545 9.802252 0.228425
v -0.957668 9.686548 0.232080
v -0.939706 9.564309 0.230443
v -0.872935 9.581822 0.358847
v -0.921844 9.439130 0.222346
v -0.444596 8.968685 -0.608872
v -0.432562 8.845020 -0.621148
v -0.420611 8.723730 -0.643028
v -0.407766 8.606238 -0.684198
v -0.522549 8.597145 -0.646097
v -0.319759 8.854102 -0.636806
v -0.309382 8.730717 -0.660940
v -0.297863 8.610030 -0.704791
v -0.193355 8.609729 -0.708920
v -0.095222 8.605683 -0.701076
v -0.640247 8.582426 -0.591283
v -0.751319 8.565669 -0.525873
v -0.849327 8.548937 -0.449729
v -0.904710 9.185588 0.187754
v -0.909369 9.311932 0.208086
v -0.857097 9.186866 0.316247
v -0.855681 9.319361 0.334630
v -0.861113 9.452273 0.348999
v -0.781979 9.323840 0.449483
v -0.123307 11.253540 0.465522
v -0.257099 11.243999 0.425745
v -0.143359 11.541343 0.399150
v -0.282418 11.583422 0.336613
v -0.137741 11.048311 -0.760071
v -0.121302 11.780284 -0.599195
v -0.283928 11.828245 -0.549605
v -0.126047 10.856834 -0.797107
v -0.256572 10.854877 -0.821492
v -0.275580 11.047783 -0.775772
v -0.395847 10.852138 -0.831530
v -0.415648 11.037581 -0.783125
v -0.537176 10.850172 -0.831683
v -0.558360 11.025806 -0.782889
v -0.702223 11.015302 -0.779499
v -1.042219 10.970226 0.149161
v -0.959827 10.968732 0.217099
v -1.107460 10.822326 0.172991
v -1.032581 10.814220 0.239038
v -1.174112 10.682087 0.157425
v -1.112232 10.671132 0.222783
v -1.045349 10.641422 0.302595
v -0.967375 10.592363 0.389469
v -1.166121 10.552890 0.173131
v -1.122429 10.518439 0.242824
v -1.077551 10.461580 0.315619
v -1.143210 10.420735 0.149691
v -1.116219 10.367108 0.209243
v -1.084093 10.298594 0.263156
v -1.044468 10.220696 0.305353
v -1.116217 10.285672 0.087035
v -1.092679 10.231877 0.125346
v -1.069896 10.170609 0.156938
v -1.045764 10.097095 0.183356
v -0.997445 10.133312 0.336881
v -1.021010 10.008512 0.204681
v -0.493646 9.592670 -0.590593
v -0.481969 9.469005 -0.585151
v -0.472212 9.344771 -0.584776
v -0.463792 9.219426 -0.590426
v -0.362436 9.480853 -0.608017
v -0.354001 9.355031 -0.604290
v -0.346531 9.229148 -0.606681
v -0.338622 9.103642 -0.613305
v -0.455049 9.093662 -0.598310
v -0.329732 8.978868 -0.622629
v -0.917690 8.540276 -0.359394
v -0.959675 8.541309 -0.250418
v -0.969556 8.544931 -0.126630
v -0.785871 9.186502 0.431181
v -0.692760 9.186545 0.528793
v -0.688157 9.327151 0.549113
v -0.584471 9.187916 0.609117
v -0.579686 9.332562 0.630778
v -0.467049 9.339225 0.696872
v -0.130685 10.476700 -0.784446
v -0.124205 10.661684 -0.801960
v -0.253511 10.658302 -0.832997
v -0.393102 10.659179 -0.851584
v -0.534466 10.663964 -0.854759
v -0.670246 10.675721 -0.848456
v -0.677192 10.849771 -0.824567
v -0.801417 10.687598 -0.836533
v -0.816403 10.849893 -0.814570
v -0.848160 11.005054 -0.771261
v -0.954528 10.846637 -0.803064
v -0.996260 10.994026 -0.759714
v -1.405244 10.922363 0.043641
v -1.267911 10.953963 0.078249
v -1.145917 10.970748 0.113744
v -1.316908 10.558167 0.038926
v -1.256073 10.570728 0.073299
v -1.208451 10.567681 0.117405
v -1.240933 10.480211 0.016011
v -1.197245 10.476131 0.049800
v -1.166334 10.456464 0.095376
v -1.193215 10.375315 -0.022653
v -1.163599 10.355377 0.008756
v -1.139399 10.326056 0.046630
v -1.165239 10.273332 -0.083795
v -1.147701 10.243116 -0.060413
v -1.131631 10.207550 -0.036006
v -1.147838 10.193730 -0.167116
v -1.133319 10.162280 -0.152085
v -1.116876 10.145527 -0.265803
v -0.545283 9.961881 -0.668418
v -0.524528 9.838906 -0.626897
v -0.507647 9.715905 -0.603625
v -0.397699 9.862052 -0.644476
v -0.383759 9.733574 -0.622924
v -0.372091 9.606929 -0.613436
v -0.955917 8.547867 0.004475
v -0.914196 8.544527 0.138283
v -0.848022 8.535940 0.266489
v -0.612393 8.768829 0.529068
v -0.601143 8.905429 0.558145
v -0.592211 9.045279 0.585438
v -0.484900 8.900698 0.621989
v -0.477653 9.043448 0.650629
v -0.471290 9.189403 0.675314
v -0.361930 9.041692 0.704352
v -0.356521 9.191705 0.728559
v -0.352866 9.345594 0.750472
v -0.239064 9.194263 0.766119
v -0.235470 9.351805 0.786826
v -0.117578 9.356409 0.806451
v -0.412257 9.989242 -0.686480
v -0.134747 8.465693 0.670076
v -0.759177 8.522982 0.380983
v -0.648266 8.507823 0.472311
v -0.629286 8.636215 0.502632
v -0.526034 8.492543 0.543148
v -0.510148 8.624040 0.570304
v -0.495838 8.760450 0.595292
v -0.387079 8.612892 0.625609
v -0.376261 8.753058 0.648419
v -0.366743 8.896840 0.672738
v -0.254645 8.749037 0.685966
v -0.247438 8.894457 0.710702
v -0.242714 9.041795 0.740613
v -0.124482 8.892833 0.730138
v -0.121679 9.042302 0.760104
v -0.119500 9.196445 0.785743
v -0.128187 8.747489 0.709352
v -0.131056 8.605951 0.688805
v -0.260757 8.606991 0.664328
v -0.268257 8.468238 0.645044
v -0.399517 8.477705 0.602078
v -1.037951 10.229434 -0.605098
v -1.004553 10.309236 -0.709533
v -0.961824 10.415472 -0.785048
v -0.860078 10.379157 -0.798170
v -0.932275 10.546756 -0.820983
v -0.929091 10.694474 -0.823631
v -1.038167 10.554785 -0.808106
v -1.048279 10.691174 -0.812812
v -1.086344 10.835292 -0.793047
v -1.280014 10.952152 -0.745983
v -1.143115 10.979275 -0.753162
v -1.771883 10.921352 -0.241367
v -1.732153 10.899612 -0.144104
v -1.653470 10.886908 -0.065983
v -1.539494 10.893270 -0.004587
v -1.405033 10.907549 -0.784306
v -1.285667 10.962816 -0.790911
v -1.236431 10.560698 0.153909
v -1.198321 10.681600 0.197148
v -1.596882 10.176522 0.023896
v -1.717887 10.044566 -0.005216
v -1.632719 10.027054 0.035430
v -1.539966 10.008513 0.038501
v -1.505547 10.151752 0.025004
v -1.451761 9.990062 0.006258
v -1.421843 10.124019 -0.011109
v -1.387438 10.235991 -0.036906
v -1.350382 10.309618 -0.053077
v -1.350143 10.087677 -0.075051
v -1.326098 10.177063 -0.096761
v -1.303653 10.230592 -0.110987
v -1.279068 10.270622 -0.122062
v -1.313450 10.354445 -0.062680
v -1.277014 10.120368 -0.173968
v -1.263431 10.168225 -0.185631
v -1.248022 10.206220 -0.195935
v -1.229015 10.230777 -0.200421
v -1.251499 10.297094 -0.127163
v -1.235101 10.128283 -0.275694
v -1.225186 10.167129 -0.283655
v -1.214540 10.196567 -0.289713
v -1.195526 10.216241 -0.291480
v -1.205859 10.242611 -0.198909
v -1.221716 10.155784 -0.382083
v -1.209508 10.186059 -0.385753
v -1.186419 10.202691 -0.387229
v -1.160753 10.203341 -0.385935
v -1.169398 10.213964 -0.287346
v -1.206164 10.196651 -0.486283
v -1.180274 10.213789 -0.487635
v -1.151282 10.219925 -0.487110
v -1.121670 10.214763 -0.486880
v -1.137130 10.191460 -0.384241
v -1.175519 10.256689 -0.589709
v -1.144288 10.268247 -0.588167
v -1.109969 10.265718 -0.591724
v -1.075806 10.253625 -0.597691
v -1.094335 10.198932 -0.488289
v -1.146062 10.339173 -0.684532
v -1.106657 10.343896 -0.685845
v -1.064405 10.334374 -0.694806
v -1.112775 10.432871 -0.758276
v -1.047056 10.434203 -0.767424
v -1.128974 10.546307 -0.797433
v -1.165718 10.419698 -0.756414
v -1.203320 10.524838 -0.789437
v -1.616464 10.896449 -0.710446
v -1.267190 10.492230 -0.783248
v -1.504267 10.822513 -0.779497
v -1.680903 10.892200 -0.028787
v -1.769457 10.906402 -0.117150
v -1.490116 10.813631 -0.736080
v -1.396848 10.897771 -0.739567
v -1.590999 10.884825 -0.673290
v -1.322803 10.439257 -0.822079
v -1.371942 10.376142 -0.809147
v -1.278564 10.560007 0.112585
v -1.679868 10.926158 -0.581626
v -1.125767 10.831413 0.214782
v -1.737930 10.941043 -0.468351
v -1.885900 10.070268 -0.562299
v -1.771856 10.937917 -0.352857
v -1.906574 10.062768 -0.437875
v -1.161513 10.982362 0.156006
v -1.282388 10.963340 0.121454
v -1.823389 10.067752 -0.054791
v -1.743839 10.053166 0.032422
v -1.147426 10.990252 -0.798164
v -1.090360 10.842834 -0.838777
v -1.399537 10.517354 0.056137
v -1.331524 10.544938 0.081063
v -1.862783 10.057634 -0.307011
v -1.835661 10.063384 -0.184809
v -1.786212 10.057850 -0.080944
v -1.372156 9.968700 -0.055352
v -1.311159 9.947739 -0.144951
v -1.291825 10.049130 -0.158360
v -1.275651 9.932358 -0.250859
v -1.256528 10.021633 -0.258664
v -1.244918 10.081885 -0.267358
v -1.247102 10.013873 -0.367126
v -1.237215 10.072017 -0.372214
v -1.229347 10.117054 -0.377206
v -1.248501 10.086655 -0.478413
v -1.239666 10.131329 -0.480903
v -1.225608 10.169197 -0.483733
v -1.251714 10.169003 -0.584504
v -1.228875 10.206565 -0.587399
v -1.203871 10.236029 -0.589500
v -1.253096 10.260762 -0.674420
v -1.218007 10.295860 -0.682317
v -1.183536 10.322851 -0.684671
v -1.260710 10.363565 -0.742995
v -1.215575 10.396797 -0.751133
v -1.322088 10.445119 -0.775935
v -1.304030 10.317752 -0.730062
v -1.371610 10.384853 -0.763450
v -1.478645 10.132240 -0.794879
v -1.507752 10.022129 -0.810105
v -1.816428 10.950579 -0.357007
v -1.779237 10.954919 -0.484642
v -1.596003 10.043837 -0.815341
v -1.414087 10.305483 -0.789140
v -1.448556 10.226614 -0.778404
v -1.566181 10.333642 0.050402
v -1.505654 10.475331 0.043530
v -1.058295 10.982755 0.190980
v -1.650918 10.034438 0.077602
v -1.878558 10.073127 -0.169670
v -1.420596 10.929905 0.086903
v -1.559381 10.899271 0.037038
v -1.614114 10.184711 0.066325
v -1.052357 10.692195 -0.859143
v -1.042535 10.552308 -0.854355
v -1.842159 10.061943 -0.548825
v -1.860829 10.055336 -0.433827
v -1.264033 9.927006 -0.363386
v -1.270546 9.934859 -0.476542
v -1.257753 10.024929 -0.476558
v -1.305758 9.949998 -0.585467
v -1.288981 10.046691 -0.581117
v -1.270974 10.119968 -0.581792
v -1.341910 10.072951 -0.663538
v -1.317126 10.156477 -0.659883
v -1.286901 10.216290 -0.665393
v -1.379750 10.192632 -0.707099
v -1.342668 10.263264 -0.713951
v -1.453085 10.227999 -0.732124
v -1.415455 10.314569 -0.743536
v -1.815851 10.931290 -0.229866
v -1.268331 10.487796 -0.829543
v -1.205492 10.521152 -0.835761
v -1.908263 10.066051 -0.302020
v -1.714983 10.939737 -0.608952
v -1.771019 10.073412 -0.743891
v -1.840612 10.076093 -0.666095
v -1.132631 10.543381 -0.843718
v -1.687529 10.061826 -0.793659
v -1.743198 10.063391 -0.707978
v -1.802775 10.066283 -0.640869
v -1.362574 9.971119 -0.672664
v -1.433657 9.994134 -0.731190
v -1.408788 10.099762 -0.717642
v -1.512377 10.017334 -0.764063
v -1.484037 10.127378 -0.748928
v -1.593739 10.037505 -0.769308
v -1.671941 10.053065 -0.750711
v -1.069088 10.176115 -0.490228
v -1.097859 10.148414 -0.379175
v -1.115821 10.173020 -0.381593
v -1.131729 10.172720 -0.273430
v -1.149030 10.195149 -0.281091
v -1.164173 10.218803 -0.181052
v -1.183843 10.238503 -0.192418
v -1.188214 10.296896 -0.105232
v -1.218137 10.307344 -0.121965
v -1.228640 10.386026 -0.045977
v -1.269786 10.380236 -0.060105
v -1.293662 10.468552 -0.005369
v -1.253235 11.329166 -0.121083
v -1.261536 11.274945 -0.051832
v -0.748951 11.535981 -0.147936
v -0.818742 11.500882 -0.156894
v -0.755801 11.462552 -0.009874
v -0.585157 11.075182 -0.778972
v -0.621969 11.237288 -0.704870
v -0.730564 11.093796 -0.762117
v -0.976233 11.349765 0.014005
v -0.997265 11.273150 0.069492
v -1.522774 11.043549 -0.671613
v -1.611003 11.112149 -0.582939
v -1.600196 10.961046 -0.667153
v -1.691079 11.003398 -0.574156
v -1.171026 11.366458 -0.470331
v -1.341719 11.329413 -0.472956
v -1.214736 11.390128 -0.327838
v -1.423645 10.947146 -0.735650
v -1.296836 11.033002 0.069938
v -1.171074 11.050155 0.106160
v -1.685310 11.079031 -0.150884
v -1.558928 11.193531 -0.151622
v -0.559838 11.398794 -0.597217
v -0.646002 11.502716 -0.470079
v -0.508353 11.253122 -0.704469
v -0.809424 11.284785 0.181311
v -0.858646 11.161368 0.236623
v -0.675585 11.372699 -0.599740
v -0.923674 11.479385 -0.317308
v -1.061312 11.433820 -0.320176
v -0.945227 11.461596 -0.174063
v -1.758950 10.948988 -0.140187
v -1.671565 11.141544 -0.468189
v -0.876141 11.083478 -0.753696
v -1.024768 11.072478 -0.742252
v -0.914360 11.192255 -0.697705
v -1.016851 11.395659 -0.467306
v -0.962017 11.308079 -0.595727
v -1.406848 11.217392 -0.072349
v -1.403337 11.159317 -0.023569
v -0.767457 11.214482 -0.703742
v -0.791711 11.518395 -0.312727
v -0.742323 11.474222 -0.470276
v -1.124091 11.245725 0.028586
v -1.141671 11.149083 0.076084
v -1.287769 11.267370 -0.596110
v -1.265798 11.204657 -0.002278
v -1.230227 11.162594 -0.684927
v -1.463181 11.213581 -0.589780
v -0.715352 11.552241 -0.313648
v -1.764727 10.990419 -0.464435
v -1.781849 10.998131 -0.235759
v -1.782585 11.014732 -0.344308
v -1.519183 11.261019 -0.472118
v -1.381242 11.340730 -0.338213
v -0.832394 11.439523 -0.031415
v -1.025373 11.161721 0.112062
v -1.083813 11.411706 -0.191948
v -1.706036 11.141710 -0.350540
v -1.315302 11.029711 -0.728740
v -1.067676 11.175467 -0.690718
v -1.238610 11.365853 -0.209899
v -1.416039 11.080727 0.014538
v -0.818371 11.341083 -0.602140
v -0.958108 11.408315 -0.067408
v -1.553875 11.265148 -0.347212
v -0.850521 11.365426 0.058441
v -1.173602 11.057703 -0.735990
v -1.400901 11.314345 -0.225480
v -1.275668 11.119783 0.041945
v -1.099392 11.370381 -0.099136
v -0.927895 11.166280 0.172357
v -1.388354 11.122840 -0.676695
v -1.672994 10.966857 -0.069943
v -1.513861 11.113534 -0.041650
v -1.543165 11.148517 -0.085986
v -1.549946 11.040558 -0.023667
v -0.771978 11.374982 0.092794
v -0.877421 11.437161 -0.472747
v -1.062656 11.049407 0.142624
v -1.708880 11.117178 -0.240914
v -1.116497 11.287122 -0.596170
v -0.480421 11.113194 -0.765928
v -1.565965 10.973261 -0.010837
v -0.986624 11.018107 0.221016
v -1.564676 11.236582 -0.236517
v -1.638697 11.045689 -0.079283
v -0.887552 11.287793 0.129878
v -1.432042 10.971739 0.047558
v -1.114168 11.320422 -0.022468
v -1.410736 11.275932 -0.135140
v -1.516913 10.902298 -0.719448
v -0.904642 11.040672 0.272983
v -1.751329 10.965731 -0.466393
v -0.712723 11.446743 -0.002951
v -0.463700 11.235779 -0.704483
v -0.878565 10.985431 0.301371
v -0.706650 11.523367 -0.142708
v -0.516681 11.385625 -0.593925
v -0.715622 11.039990 -0.777541
v -1.503514 10.838319 -0.734121
v -0.604664 11.491802 -0.464216
v -0.673754 11.540948 -0.308045
v -1.410246 10.922459 -0.737609
v -1.293412 10.976840 -0.744025
v -0.820652 11.134736 0.255272
v -1.666868 10.911595 -0.064025
v -1.156513 11.003963 -0.751204
v -0.571758 11.050494 -0.780931
v -0.429047 11.062269 -0.781166
v -1.281309 10.978651 0.080207
v -1.159315 10.995436 0.115702
v -1.418643 10.947051 0.045599
v -1.552892 10.917957 -0.002629
v -1.785254 10.962605 -0.350899
v -1.693266 10.950846 -0.579667
v -1.604397 10.909512 -0.671331
v -0.973225 10.993421 0.219057
v -1.055618 10.994914 0.151119
v -1.745551 10.924300 -0.142145
v -1.785281 10.946040 -0.239409
v -0.729201 11.354838 0.103364
v -0.768722 11.260625 0.196629
v -1.009659 11.018714 -0.757756
v -0.861558 11.029741 -0.769303
v -1.218768 10.542811 -0.883538
v -1.285831 10.505761 -0.877467
v -1.831574 10.220475 -0.041595
v -1.854490 10.104512 -0.030243
v -1.166630 10.850981 0.244486
v -1.235070 10.837823 0.217233
v -1.923933 10.324931 -0.472636
v -1.933455 10.194925 -0.452520
v -1.534659 10.259896 -0.833875
v -1.503481 10.350750 -0.849973
v -1.636604 10.291494 -0.817465
v -1.566259 10.164532 -0.847348
v -1.257262 10.648199 -0.889944
v -1.654389 10.883389 -0.747137
v -1.709879 10.770949 -0.744743
v -1.759738 10.927451 -0.637026
v -1.931399 10.202914 -0.313118
v -1.949022 10.101607 -0.298774
v -1.292946 10.946231 0.171399
v -1.335488 10.819221 0.183662
v -1.440037 10.640167 0.130127
v -1.450850 10.794138 0.147605
v -1.703544 10.440560 -0.794933
v -1.733440 10.312243 -0.776519
v -1.896493 10.216404 -0.170861
v -1.176766 10.967227 0.205399
v -1.799685 10.465269 -0.725271
v -1.551017 10.625718 0.092908
v -1.737037 10.211457 0.058960
v -1.353938 10.657146 0.161926
v -1.120738 10.842102 -0.883705
v -1.169552 10.970474 -0.848915
v -1.243591 10.693110 0.223678
v -1.217317 10.827980 -0.878880
v -1.702817 10.624073 0.020234
v -1.760816 10.618038 -0.738177
v -1.163662 10.677452 -0.896170
v -1.142144 10.567533 -0.891236
v -1.335322 10.602588 -0.885120
v -1.894446 10.775625 -0.214742
v -1.894241 10.611751 -0.218084
v -1.904803 10.197513 -0.581896
v -1.925394 10.105686 -0.572742
v -1.847184 10.201433 -0.690779
v -1.395622 10.382049 -0.857156
v -1.437485 10.308264 -0.837629
v -1.324840 10.790376 -0.873072
v -1.579323 10.773046 0.096738
v -1.763486 10.088564 0.068322
v -1.458961 10.451276 -0.868643
v -1.916036 10.109830 -0.156746
v -1.597826 10.719013 -0.816447
v -1.495776 10.639274 -0.859407
v -1.658445 10.580541 -0.807970
v -1.876555 10.475675 -0.621519
v -1.822909 10.323320 -0.706035
v -1.793587 10.110285 -0.776281
v -1.697314 10.097341 -0.833230
v -1.873793 10.112843 -0.687661
v -1.655664 10.198980 0.097210
v -1.922295 10.626086 -0.362230
v -1.902697 10.639483 -0.504584
v -1.807942 10.799376 -0.636007
v -1.283382 10.947848 -0.842959
v -1.866576 10.914717 -0.221916
v -1.868146 10.936840 -0.364757
v -1.286363 10.674444 0.194909
v -1.280944 10.579301 0.182083
v -1.948058 10.097485 -0.441102
v -1.670803 10.186738 -0.824092
v -1.686943 10.073401 0.106127
v -1.685577 10.491727 0.028624
v -1.539406 10.497949 0.083189
v -1.605610 10.350644 0.082697
v -1.418948 10.533198 0.104194
v -1.846934 10.638074 -0.632427
v -1.927491 10.468046 -0.352291
v -1.344275 10.451664 -0.870027
v -1.812288 10.886141 -0.091718
v -1.403844 10.535523 -0.878250
v -1.560034 10.526825 -0.849744
v -1.819266 10.613614 -0.085510
v -1.418448 10.727988 -0.866598
v -1.399376 10.894465 -0.836663
v -1.879830 10.472461 -0.209622
v -1.592109 10.076843 -0.858000
v -1.803995 10.484387 -0.082018
v -1.874812 10.805675 -0.503579
v -1.499526 10.145329 -0.842742
v -1.892033 10.325495 -0.601563
v -1.921762 10.473567 -0.495306
v -1.522696 10.059917 -0.854439
v -1.827545 10.763671 -0.084194
v -1.708052 10.359896 0.042370
v -1.710647 10.869928 0.010133
v -1.516652 10.797999 -0.828055
v -1.917766 10.330660 -0.332349
v -1.604975 10.403065 -0.833897
v -1.577359 10.878027 0.083198
v -1.715741 10.763580 0.019747
v -1.828529 10.942476 -0.503262
v -1.811839 10.357243 -0.063218
v -1.357429 10.556636 0.126797
v -1.766116 10.198667 -0.771979
v -1.879439 10.343994 -0.191874
v -1.908913 10.794579 -0.360250
v -1.309223 10.575809 0.153883
v -1.113625 10.967794 0.225742
v -1.076082 10.574460 -0.899120
v -1.083730 10.688989 -0.903359
v -1.469673 10.235085 -0.827329
v -1.431413 10.910906 0.136184
v -1.207664 10.517465 -0.882084
v -1.269471 10.483360 -0.875838
v -1.641930 10.908073 -0.747602
v -1.750098 10.953318 -0.636278
v -1.296865 10.972717 0.164659
v -1.177109 10.993977 0.198268
v -1.094375 10.850376 -0.884506
v -1.151738 11.001230 -0.843165
v -1.144074 10.840502 0.256572
v -1.222529 10.681112 0.236871
v -1.372274 10.367429 -0.854843
v -1.412719 10.296397 -0.834745
v -1.798840 10.083433 -0.779804
v -1.703116 10.070586 -0.836606
v -1.878450 10.085902 -0.691320
v -1.859819 10.941226 -0.218365
v -1.861000 10.963240 -0.361157
v -1.264412 10.553715 0.190413
v -1.631346 10.192899 0.108754
v -1.669117 10.041823 0.119773
v -1.953743 10.074469 -0.297029
v -1.921454 10.082869 -0.154532
v -1.952318 10.070200 -0.441923
v -1.519422 10.474635 0.087962
v -1.581706 10.341876 0.093476
v -1.409272 10.507558 0.100561
v -1.323518 10.433393 -0.868223
v -1.806760 10.913191 -0.090196
v -1.291319 10.973480 -0.835839
v -1.413218 10.917328 -0.829045
v -1.929642 10.078593 -0.575773
v -1.503127 10.026924 -0.856146
v -1.473253 10.137103 -0.840830
v -1.598268 10.050168 -0.861373
v -1.860567 10.077654 -0.028639
v -1.769792 10.061768 0.070061
v -1.708337 10.897492 0.008410
v -1.579268 10.905273 0.078664
v -1.820544 10.968796 -0.500933
v -1.074370 10.995282 0.232798
v -1.046903 10.549831 -0.900604
v -1.056435 10.693216 -0.905473
v -1.518418 10.831393 -0.822914
v -1.136288 10.540456 -0.890003
v -1.444028 10.225228 -0.824683
v -1.346140 10.531711 0.123201
v -1.301055 10.549284 0.151872
v -1.435948 10.937448 0.130166
v -0.720048 11.548055 -0.140750
v -0.726121 11.471431 -0.000992
v -0.587263 11.104414 -0.765833
v -0.729020 11.064678 -0.775582
v -1.617796 10.934200 -0.669373
v -1.706665 10.975534 -0.577709
v -1.294708 11.003339 0.082165
v -1.172714 11.020123 0.117661
v -0.530080 11.410313 -0.591967
v -0.618062 11.516490 -0.462257
v -0.477098 11.260467 -0.702525
v -0.782121 11.285314 0.198587
v -0.834050 11.159423 0.257230
v -0.874957 11.054429 -0.767344
v -1.023057 11.043402 -0.755797
v -0.687152 11.565637 -0.306087
v -1.798680 10.970728 -0.237450
v -1.798653 10.987292 -0.348941
v -1.744841 10.977913 -0.143780
v -1.306811 11.001528 -0.742066
v -1.439360 10.971884 -0.721759
v -1.169912 11.028651 -0.749246
v -1.680266 10.936283 -0.062067
v -0.742600 11.379526 0.105323
v -0.442446 11.086957 -0.779208
v -1.566291 10.942646 -0.000670
v -1.749507 11.018318 -0.459767
v -1.069016 11.019602 0.153077
v -0.976824 11.047088 0.211184
v -1.516913 10.863007 -0.732163
v -1.435159 11.001514 0.035900
v -0.891964 11.010119 0.303330
v -0.407253 11.472692 -0.725528
v -0.591185 11.595996 -0.565092
v -0.366462 11.664399 -0.689547
v -0.193920 11.454832 -0.794917
v -0.348605 11.503020 0.481750
v -0.363183 11.599763 0.464429
v -0.493882 11.652761 0.340233
v -0.592443 11.714808 0.174470
v -0.171383 11.627113 -0.763447
v -0.596817 11.449286 0.326100
v -0.594955 11.323056 0.424148
v -0.467758 11.430070 0.433438
v -0.699568 11.432536 0.249901
v -0.175364 11.473722 0.549746
v -0.186755 11.544290 0.544873
v -0.152668 11.797238 -0.747032
v -0.656237 11.803547 -0.049704
v -0.715456 11.326982 0.356494
v -0.455246 11.313084 0.505627
v -0.321586 11.409645 0.512668
v -0.495455 11.543859 0.366857
v -0.553299 11.708143 -0.536301
v -0.648135 11.864956 -0.288373
v -0.710818 11.656870 -0.341063
v -0.157225 11.401774 0.568983
v -0.149692 11.304855 0.606226
v -0.304429 11.298373 0.559649
v -0.666856 11.740459 -0.311945
v -0.540969 11.855953 -0.517127
v -0.623316 11.589090 0.194380
v -0.715227 11.545287 0.113151
v -0.690497 11.700448 -0.057273
v -0.358628 11.843827 -0.681150
v -0.745974 11.644233 -0.094722
v -0.318089 9.802342 1.018945
v -0.210828 9.820560 1.046497
v -0.372428 10.783779 0.788756
v -0.242276 10.793664 0.819224
v -0.379411 10.666272 0.834615
v -0.611983 10.241455 0.892331
v -0.584647 10.123402 0.919389
v -0.741205 10.172436 0.828260
v -0.732765 9.713450 0.745711
v -0.116631 10.347511 0.991407
v -0.964257 10.323810 0.599545
v -0.927105 10.257771 0.653271
v -0.444104 10.040009 0.982326
v -0.327906 10.070100 1.014801
v -0.850026 10.083323 0.732261
v -0.808767 9.985829 0.752611
v -0.632348 9.509345 0.820320
v -0.632612 9.622016 0.832420
v -0.120578 10.463678 0.956036
v -0.120776 10.799253 0.841148
v -0.121926 10.904505 0.797861
v -0.890156 10.174986 0.697675
v -0.634450 9.395783 0.804990
v -0.532023 9.518423 0.895957
v -0.214854 9.686040 1.042338
v -0.218809 9.548362 1.035876
v -0.108768 9.695313 1.060256
v -0.726485 9.610615 0.737024
v -0.637116 9.731169 0.842706
v -0.320898 9.935497 1.024854
v -0.813567 10.369072 0.738155
v -0.241283 10.900183 0.770597
v -0.244353 10.681483 0.863015
v -0.459511 10.167656 0.963979
v -0.705062 10.059299 0.854783
v -0.562587 9.997072 0.935788
v -0.211524 9.954635 1.048090
v -0.530395 9.637526 0.907094
v -0.375905 10.550046 0.878784
v -0.365340 10.435067 0.921350
v -0.767532 9.897195 0.753201
v -0.868842 9.948241 0.617795
v -0.110960 9.553731 1.055223
v -0.107138 9.831597 1.061732
v -0.338765 10.197988 0.992383
v -0.122603 10.577263 0.919072
v -0.215519 10.089696 1.037505
v -0.488469 10.892658 0.688370
v -0.430955 9.529607 0.955049
v -0.238701 10.453839 0.943336
v -0.498915 10.404937 0.891615
v -0.351697 10.318932 0.960472
v -0.670508 10.469312 0.793660
v -0.640293 10.354901 0.849628
v -0.744662 9.809325 0.751158
v -0.533162 9.753816 0.918780
v -0.517938 10.520012 0.843732
v -0.679217 10.582267 0.741712
v -0.107208 9.965527 1.061821
v -0.222489 10.217539 1.011900
v -0.776489 10.275356 0.789923
v -0.122326 10.689074 0.880620
v -0.532399 10.640251 0.789766
v -0.230644 10.337741 0.979990
v -0.123454 11.003044 0.754928
v -0.426562 9.654853 0.964933
v -0.647115 9.835588 0.852110
v -0.824444 9.790153 0.639324
v -0.543231 9.871807 0.932085
v -0.244242 10.567997 0.903960
v -0.723657 9.503195 0.725477
v -0.326769 9.539945 1.003201
v -0.511244 10.769532 0.744904
v -0.478703 10.288612 0.933006
v -0.426440 9.779067 0.977308
v -0.107086 10.099987 1.049968
v -0.111789 10.227801 1.022340
v -0.321518 9.672012 1.010160
v -0.675176 9.941331 0.864212
v -0.433018 9.907553 0.987290
v -0.362949 10.896715 0.734133
v -0.810609 9.698254 0.639055
v -0.799593 9.599251 0.633235
v -1.004381 10.231653 0.497944
v -0.534474 9.399495 0.880431
v -0.433623 9.404557 0.939603
v -0.330101 9.409608 0.987956
v -0.221528 9.414235 1.021509
v -0.568819 11.002302 0.571037
v -0.470092 11.003684 0.622211
v -0.602101 10.890303 0.634664
v -0.360086 11.003131 0.680502
v -0.700187 10.596007 0.724572
v -0.852866 10.453166 0.677708
v -0.788151 9.390079 0.610511
v -0.791783 9.496354 0.623078
v -0.723285 9.393561 0.710657
v -0.112562 9.417147 1.039602
v -0.242322 10.997680 0.719144
v -0.644280 10.755542 0.686249
v -0.977253 10.173722 0.543104
v -0.943086 10.103487 0.578638
v -0.842394 9.870817 0.631777
v -0.904149 10.025953 0.602430
v -0.984405 10.597841 0.426938
v -0.965550 10.576113 0.473333
v -0.801098 10.737166 0.520597
v -0.817285 10.761686 0.475501
v -0.117354 9.326244 0.825649
v -0.116268 9.338947 0.874411
v -0.232462 9.334880 0.855557
v -0.235562 9.321716 0.806063
v -0.262910 11.249075 0.471481
v -0.261205 11.215583 0.511273
v -0.127699 11.224748 0.550356
v -0.128207 11.258201 0.511596
v -1.050176 10.177942 0.377586
v -1.069839 10.201419 0.326353
v -1.109739 10.282343 0.287325
v -1.089420 10.256560 0.337694
v -0.889940 9.451935 0.373308
v -0.876979 9.459960 0.424474
v -0.887849 9.582019 0.433915
v -0.901190 9.578894 0.384022
v -1.140919 10.355418 0.239310
v -1.122060 10.330278 0.287146
v -1.080456 10.437454 0.397130
v -1.100385 10.457139 0.349113
v -0.982264 10.023628 0.375053
v -0.966061 10.007519 0.425961
v -1.005288 10.093560 0.407846
v -1.023026 10.113552 0.356274
v -0.766833 9.341831 0.516879
v -0.779513 9.326769 0.460456
v -0.116300 9.371875 0.865818
v -0.117350 9.359168 0.817044
v -1.058177 10.268305 0.331061
v -1.077950 10.291414 0.279253
v -0.567939 9.349954 0.695642
v -0.577867 9.335258 0.640825
v -0.253879 11.190333 0.489668
v -0.255884 11.223753 0.449860
v -0.844245 9.462998 0.415684
v -0.857178 9.454776 0.364555
v -0.905480 9.920675 0.428094
v -0.920760 9.932752 0.378758
v -1.089971 10.335318 0.277001
v -1.108909 10.358254 0.228113
v -0.639484 11.218310 0.280674
v -0.628161 11.183700 0.327198
v -0.234849 9.354583 0.797269
v -0.231907 9.367760 0.846802
v -0.123320 11.232709 0.489589
v -0.123339 11.199206 0.528295
v -0.519851 11.222706 0.341152
v -0.512105 11.188609 0.384906
v -0.900287 9.823061 0.382432
v -0.885829 9.816788 0.431405
v -0.351884 9.348356 0.760717
v -0.347017 9.362041 0.811486
v -0.852026 9.323189 0.349563
v -0.839073 9.336753 0.402478
v -0.392405 11.226913 0.406757
v -0.387524 11.193116 0.448100
v -0.792218 10.746456 0.458247
v -0.776704 10.721095 0.503142
v -1.069922 10.452303 0.334739
v -1.051185 10.429519 0.381695
v -0.465658 9.341943 0.706972
v -0.458410 9.356111 0.759606
v -1.038899 10.214259 0.320364
v -1.019616 10.191964 0.372345
v -0.686023 9.329879 0.559283
v -0.674176 9.345017 0.615723
v -0.868598 9.582852 0.375071
v -0.855264 9.586021 0.424958
v -0.934328 10.017606 0.418940
v -0.950876 10.035132 0.368693
v -0.729062 10.935128 0.411678
v -0.714941 10.905215 0.457412
v -0.666659 11.055285 0.400582
v -0.679477 11.088041 0.354107
v -0.992448 10.127562 0.351104
v -0.974447 10.106848 0.402339
v -0.869620 9.704590 0.430051
v -0.883506 9.706081 0.380870
v -0.941004 10.560307 0.455849
v -0.959386 10.582652 0.409578
v -0.655399 11.240437 0.301049
v -0.646116 11.204608 0.347160
v -0.691403 11.070598 0.418226
v -0.702814 11.104798 0.372343
v -0.531335 11.246952 0.362087
v -0.523626 11.212816 0.405867
v -0.353851 9.315602 0.769737
v -0.348568 9.329247 0.820441
v -0.937744 9.913742 0.436398
v -0.952938 9.925159 0.386819
v -0.932710 9.817711 0.391272
v -0.918261 9.811551 0.440278
v -0.902118 9.700030 0.439055
v -0.916003 9.701510 0.389874
v -0.401963 11.251662 0.428068
v -0.395783 11.218192 0.469571
v -0.883145 9.313776 0.359613
v -0.864370 9.316978 0.413748
v -0.777613 9.311316 0.527401
v -0.794053 9.298012 0.471395
v -0.468896 9.309354 0.716218
v -0.461217 9.323457 0.768769
v -0.754737 10.949384 0.428872
v -0.741219 10.918732 0.474288
v -0.695108 9.298738 0.569566
v -0.680808 9.313138 0.625609
v -0.572081 9.317517 0.705066
v -0.583066 9.303035 0.650453
v -1.156961 10.276389 0.098271
v -1.172701 10.196642 -0.027833
v -1.115956 10.097729 -0.388146
v -1.099505 10.062289 -0.385546
v -0.738631 8.905656 0.508913
v -0.626967 8.900365 0.592496
v -0.506097 9.588027 -0.631774
v -0.519270 9.708257 -0.644600
v -0.703204 9.197635 -0.537633
v -0.695856 9.069679 -0.548052
v -0.982591 9.299319 0.079213
v -0.971827 9.181624 0.058329
v -0.951159 9.306590 0.217963
v -0.946650 9.183104 0.198115
v -0.895953 9.185004 0.335200
v -1.106192 9.968587 0.062275
v -1.121395 9.946410 -0.090822
v -1.085211 9.875217 0.079239
v -1.073846 10.117650 -0.511066
v -1.021509 10.286382 -0.742132
v -0.975084 10.396515 -0.821617
v -0.714184 9.321521 -0.527585
v -0.494956 9.466932 -0.626376
v -0.592586 9.208365 -0.594909
v -1.061648 10.001347 0.217709
v -0.986385 8.690229 -0.205808
v -0.998921 8.686134 -0.075103
v -0.938150 8.953816 -0.264515
v -0.974749 8.952621 -0.134241
v -0.823787 9.879002 -0.576306
v -0.691831 9.910944 -0.654263
v -1.133566 10.126895 -0.390768
v -0.610223 9.183414 0.643600
v -0.618015 9.040531 0.619849
v -1.039598 9.660634 0.098809
v -1.022257 9.540536 0.099918
v -1.048747 9.645690 -0.050384
v -0.885374 9.189144 -0.351411
v -0.874153 9.069193 -0.364791
v -0.805522 9.191500 -0.460001
v -0.551331 8.720658 -0.641040
v -0.666435 8.706538 -0.577476
v -0.435187 8.732961 -0.682712
v -0.539627 8.610134 -0.683675
v -1.133473 10.222959 0.136693
v -1.103496 9.941579 -0.233506
v -1.082459 9.849889 -0.216907
v -1.055899 9.942556 -0.370087
v -0.748886 9.552469 -0.529302
v -0.729362 9.439065 -0.523887
v -0.628340 9.570711 -0.592267
v -0.908038 8.925161 0.276759
v -0.902792 9.054198 0.309705
v -0.836351 8.914645 0.400905
v -0.665185 9.800812 -0.624690
v -1.046878 10.076380 -0.512273
v -0.582029 10.071020 -0.765513
v -0.556118 9.945176 -0.706837
v -0.638299 8.764241 0.563423
v -1.012560 8.549717 -0.127032
v -0.998342 8.550097 0.012696
v -0.776209 8.580543 -0.557994
v -0.773238 8.696794 -0.505213
v -0.879296 8.563177 -0.477506
v -0.655811 8.631852 0.536542
v -0.994191 9.526274 -0.188034
v -1.025074 9.636334 -0.190319
v -0.940503 9.855142 -0.475863
v -0.911243 9.752488 -0.458384
v -0.938288 9.528859 -0.320903
v -0.485307 9.344743 -0.626019
v -0.972113 9.414705 -0.195013
v -0.686090 8.943894 -0.551490
v -0.583158 9.081423 -0.602971
v -0.954450 8.544440 0.154159
v -0.936130 8.669868 0.199856
v -1.081635 10.016648 -0.381252
v -1.174184 10.148066 -0.151424
v -0.974804 9.950783 -0.494800
v -0.884734 8.533548 0.289270
v -0.661662 8.596428 -0.626180
v -0.983119 8.824810 -0.165450
v -1.110698 10.162262 0.168685
v -1.156777 10.155107 -0.001654
v -1.057169 9.744991 -0.200774
v -1.028843 9.847922 -0.351027
v -0.871792 10.360624 -0.835477
v -0.831837 9.427952 -0.437121
v -0.614676 9.452793 -0.587382
v -0.989110 8.818009 -0.031217
v -0.828189 9.047086 0.433811
v -0.727823 10.018357 -0.693481
v -1.000269 9.418491 0.093893
v -1.024566 9.529824 -0.047964
v -0.935624 9.072450 -0.244310
v -0.794038 9.066321 -0.465870
v -0.871018 8.946400 -0.379035
v -1.013109 10.025201 -0.507209
v -0.861407 9.975976 -0.600285
v -1.039333 9.902093 0.232820
v -1.018206 9.795149 0.241414
v -0.954313 9.301190 -0.208537
v -0.916242 9.419808 -0.326076
v -0.675606 8.822896 -0.558870
v -0.574236 8.955860 -0.612908
v -0.867472 8.692114 -0.421509
v -1.151442 10.076331 -0.123614
v -1.138759 10.023939 -0.108167
v -0.883027 9.645494 -0.446369
v -0.794722 9.773834 -0.556104
v -0.476953 9.220724 -0.631627
v -0.981008 8.679152 0.062241
v -0.819780 9.183642 0.457911
v -0.851324 8.785164 0.368120
v -1.162274 10.114350 -0.136892
v -1.134484 10.064017 -0.257980
v -0.535561 9.827036 -0.667020
v -0.969520 9.070359 -0.108322
v -0.962964 9.432290 0.233956
v -1.004401 9.412534 -0.053748
v -0.458047 8.971107 -0.649928
v -0.446630 8.848987 -0.661877
v -0.977931 8.943558 0.003925
v -1.086486 10.089343 0.195770
v -1.141961 10.108111 0.019538
v -1.076661 9.753975 -0.060262
v -1.002008 9.742750 -0.335890
v -0.468310 9.095653 -0.639451
v -0.867519 8.657708 0.331503
v -0.645278 9.686881 -0.605521
v -1.122106 10.017987 -0.249688
v -0.964248 10.120817 -0.635417
v -0.853911 9.538049 -0.437148
v -0.771146 9.664315 -0.541110
v -0.953747 8.552200 -0.380134
v -0.967547 8.807814 0.106077
v -0.998535 9.680065 0.244743
v -1.061760 9.771345 0.091577
v -0.941513 9.187302 -0.225792
v -0.899885 9.306530 -0.337520
v -0.779297 8.817311 -0.485350
v -0.563416 8.835157 -0.623040
v -1.155857 10.127670 -0.271641
v -0.970386 9.063622 0.033315
v -0.790271 8.518819 0.410788
v -1.125498 10.048612 0.041190
v -1.016390 10.167686 -0.635406
v -0.816656 9.312968 -0.446945
v -0.728448 9.042402 0.536695
v -0.872892 8.819576 -0.398679
v -0.778064 10.113112 -0.736196
v -0.858673 10.187417 -0.755565
v -0.980623 9.557730 0.242889
v -0.973306 9.183873 -0.086044
v -0.941184 8.691249 -0.322888
v -1.101580 9.856825 -0.074169
v -0.908085 10.056901 -0.623134
v -1.099645 10.151558 -0.508548
v -0.422297 8.618879 -0.722947
v -0.954379 8.933764 0.142270
v -0.721021 9.182492 0.561311
v -1.144667 10.097783 -0.264648
v -0.771487 8.644113 0.447905
v -0.754737 10.307261 -0.837105
v -0.945291 8.825447 -0.291587
v -0.921680 8.796779 0.241197
v -1.061829 10.203332 -0.630018
v -0.752852 8.773526 0.479024
v -0.943347 10.246567 -0.755059
v -0.602954 9.332472 -0.588737
v -1.000714 8.549680 -0.261290
v -0.785684 8.940674 -0.471739
v -0.947801 9.058512 0.172588
v -0.675346 8.502998 0.505715
v -0.618665 10.229331 -0.824908
v -0.986756 9.296965 -0.067907
v -0.969559 9.635231 -0.325098
v -0.763504 10.857944 -0.891085
v -0.793139 11.002031 -0.850856
v -0.892517 10.854940 -0.880330
v -0.349219 9.682302 -0.706529
v -0.231627 9.691991 -0.713498
v -0.517441 10.481681 -0.922562
v -0.497052 10.665465 -0.930798
v -0.124284 10.177857 -0.796549
v -0.126874 10.053887 -0.761854
v -0.288086 8.891418 -0.748272
v -0.278351 8.784357 -0.787337
v -0.182594 8.894416 -0.748809
v -0.520515 11.021661 -0.861761
v -0.656092 11.011718 -0.858572
v -0.092414 9.225532 -0.683273
v -0.087473 9.112960 -0.689918
v -0.097977 10.660140 -0.879315
v -0.221679 10.657940 -0.909067
v -0.117010 10.319902 -0.837696
v -0.249992 10.161910 -0.813258
v -0.370946 10.475903 -0.920526
v -0.312513 9.222823 -0.706507
v -0.201290 9.226026 -0.702052
v -0.303820 9.109998 -0.714917
v -0.931270 10.991808 -0.840075
v -0.240155 9.808759 -0.721816
v -0.248060 9.925705 -0.737939
v -0.119384 9.816031 -0.722721
v -0.176042 8.785439 -0.790577
v -0.083016 9.001435 -0.706419
v -0.107869 9.576344 -0.704050
v -0.230393 10.478006 -0.898130
v -0.244865 10.306996 -0.863165
v -0.904971 10.423276 -0.863602
v -0.875392 10.552072 -0.898416
v -0.124798 9.935778 -0.738982
v -0.808208 10.389289 -0.876101
v -0.079272 8.784049 -0.781729
v -0.081651 8.892783 -0.733120
v -0.113384 9.696604 -0.711022
v -0.217248 9.455665 -0.703877
v -0.102452 9.456128 -0.695827
v -0.187232 9.002214 -0.724799
v -0.252301 10.042155 -0.763848
v -0.764157 10.532335 -0.911847
v -0.359461 10.660225 -0.927590
v -0.632715 10.858035 -0.900422
v -0.224219 9.573768 -0.708740
v -0.108531 10.860346 -0.875475
v -0.231649 10.861128 -0.897766
v -0.209427 9.339793 -0.700473
v -0.119344 11.038218 -0.841063
v -0.249479 11.040312 -0.855316
v -0.870285 10.695897 -0.901526
v -0.386435 10.286566 -0.879550
v -0.384199 10.139132 -0.826717
v -0.366253 10.859920 -0.907071
v -0.097187 9.339361 -0.686477
v -0.376305 10.019182 -0.770495
v -0.384773 11.032151 -0.862117
v -0.193718 9.113305 -0.709812
v -0.626389 10.677425 -0.924863
v -0.340388 9.566543 -0.701558
v -0.331489 9.451034 -0.698191
v -0.500730 10.858563 -0.907075
v -0.750667 10.689359 -0.913615
v -0.322098 9.336631 -0.700477
v -0.700037 10.339531 -0.877127
v -0.646440 10.507736 -0.919694
v -0.368367 9.909264 -0.734095
v -0.358948 9.796241 -0.715066
v -0.295838 8.998541 -0.727530
v -0.108152 10.484594 -0.863578
v -0.000000 8.597403 -0.654974
v -0.000000 8.469666 0.641179
v 0.386420 8.602659 -0.649205
v 0.495195 8.594042 -0.613099
v 0.282270 8.606253 -0.668720
v 0.183233 8.605967 -0.672633
v 0.090237 8.602135 -0.665199
v 0.606732 8.580093 -0.561154
v 0.711989 8.564213 -0.499168
v 0.804867 8.548357 -0.427010
v 0.869651 8.540150 -0.341403
v 0.909438 8.541128 -0.238132
v 0.918801 8.544561 -0.120824
v 0.905877 8.547342 0.003417
v 0.866340 8.544178 0.130221
v 0.803630 8.536039 0.251715
v 0.127694 8.469471 0.634176
v 0.719436 8.523760 0.360216
v 0.614331 8.509396 0.446763
v 0.498497 8.494915 0.513892
v 0.254215 8.471883 0.610454
v 0.378603 8.480854 0.569737
v -0.386420 8.602659 -0.649205
v -0.495195 8.594042 -0.613099
v -0.282270 8.606253 -0.668720
v -0.183234 8.605967 -0.672633
v -0.090237 8.602134 -0.665199
v -0.606732 8.580093 -0.561154
v -0.711989 8.564214 -0.499168
v -0.804867 8.548358 -0.427010
v -0.869651 8.540150 -0.341403
v -0.909438 8.541129 -0.238132
v -0.918802 8.544561 -0.120824
v -0.905877 8.547343 0.003417
v -0.866340 8.544178 0.130221
v -0.803630 8.536040 0.251715
v -0.127694 8.469471 0.634176
v -0.719436 8.523761 0.360216
v -0.614331 8.509396 0.446763
v -0.498497 8.494916 0.513892
v -0.254215 8.471883 0.610454
v -0.378603 8.480854 0.569737
v 1.717886 10.044564 -0.005216
v 1.632719 10.027052 0.035431
v 1.539966 10.008512 0.038502
v 1.451761 9.990059 0.006258
v 1.862783 10.057631 -0.307011
v 1.835661 10.063382 -0.184808
v 1.786211 10.057848 -0.080943
v 1.372156 9.968698 -0.055351
v 1.311159 9.947736 -0.144950
v 1.275651 9.932355 -0.250858
v 1.842159 10.061941 -0.548825
v 1.860829 10.055334 -0.433826
v 1.264033 9.927002 -0.363385
v 1.270546 9.934855 -0.476541
v 1.305758 9.949994 -0.585467
v 1.743197 10.063390 -0.707978
v 1.802775 10.066281 -0.640869
v 1.362574 9.971115 -0.672664
v 1.433657 9.994131 -0.731190
v 1.512377 10.017333 -0.764063
v 1.593739 10.037504 -0.769308
v 1.671941 10.053063 -0.750711
v -1.694186 10.039247 -0.063896
v -1.622298 10.024465 -0.029587
v -1.544008 10.008815 -0.026995
v -1.469557 9.993240 -0.054211
v -1.816488 10.050277 -0.318632
v -1.793596 10.055130 -0.215484
v -1.751857 10.050458 -0.127815
v -1.402365 9.975210 -0.106213
v -1.350879 9.957518 -0.181841
v -1.320908 9.944534 -0.271236
v -1.799080 10.053913 -0.522740
v -1.814839 10.048336 -0.425673
v -1.311101 9.940018 -0.366216
v -1.316599 9.946646 -0.461728
v -1.346320 9.959424 -0.553668
v -1.715550 10.055136 -0.657076
v -1.765838 10.057577 -0.600432
v -1.394277 9.977251 -0.627269
v -1.454276 9.996678 -0.676669
v -1.520721 10.016260 -0.704416
v -1.589396 10.033286 -0.708843
v -1.655404 10.046419 -0.693146
v 1.694185 10.039245 -0.063895
v 1.622298 10.024463 -0.029586
v 1.544008 10.008813 -0.026994
v 1.469557 9.993237 -0.054210
v 1.816488 10.050274 -0.318631
v 1.793596 10.055128 -0.215484
v 1.751856 10.050456 -0.127814
v 1.402365 9.975207 -0.106213
v 1.350879 9.957515 -0.181840
v 1.320908 9.944530 -0.271235
v 1.799080 10.053911 -0.522739
v 1.814839 10.048334 -0.425672
v 1.311101 9.940014 -0.366215
v 1.316599 9.946642 -0.461727
v 1.346320 9.959420 -0.553668
v 1.715550 10.055135 -0.657076
v 1.765837 10.057575 -0.600431
v 1.394277 9.977247 -0.627268
v 1.454276 9.996675 -0.676668
v 1.520721 10.016259 -0.704415
v 1.589396 10.033285 -0.708843
v 1.655404 10.046417 -0.693146
vn -0.2463 -0.1218 0.9615
vn -0.2658 0.0306 0.9635
vn -0.5897 -0.1305 0.7970
vn -0.5144 -0.5346 0.6705
vn -0.2469 -0.7683 0.5905
vn -0.1095 -0.3330 0.9365
vn 0.9514 -0.2948 0.0891
vn 0.4367 -0.8197 -0.3705
vn 0.1683 -0.9778 -0.1250
vn 0.1577 -0.9819 -0.1049
vn 0.5749 0.3424 0.7431
vn 0.4685 0.2449 0.8488
vn 0.6405 0.4165 0.6451
vn 0.6655 0.4110 0.6230
vn 0.1066 -0.6814 -0.7241
vn -0.5938 -0.7105 -0.3776
vn -0.3589 0.0509 -0.9320
vn -0.3707 0.0410 -0.9278
vn -0.5931 -0.1929 -0.7817
vn 0.4946 -0.3606 -0.7908
vn 0.5146 -0.2352 -0.8245
vn 0.4534 -0.5866 -0.6710
vn 0.8093 -0.2665 -0.5235
vn -0.3932 0.8761 -0.2792
vn -0.3976 0.6679 -0.6292
vn 0.4604 -0.3034 -0.8343
vn -0.3431 0.4824 -0.8059
vn 0.0728 0.4000 -0.9136
vn 0.0280 0.3007 -0.9533
vn 0.1526 -0.5126 -0.8449
vn 0.4272 -0.1686 0.8883
vn 0.4777 -0.1115 0.8714
vn 0.5101 -0.2149 0.8328
vn 0.4232 -0.3056 0.8530
vn 0.4580 0.7882 0.4110
vn 0.2794 0.8349 0.4743
vn 0.3798 0.7991 0.4660
vn 0.5061 0.7831 0.3614
vn 0.1608 0.7441 0.6484
vn 0.0772 0.6742 0.7345
vn 0.1955 0.6177 0.7617
vn 0.1273 0.7453 0.6544
vn -0.2870 0.9579 0.0078
vn 0.9350 -0.1710 -0.3107
vn 0.9901 -0.1254 -0.0630
vn -0.2309 0.9094 0.3461
vn 0.9969 0.0016 0.0788
vn -0.1774 0.7658 0.6181
vn 0.9712 0.2152 0.1026
vn -0.1536 0.6621 0.7335
vn 0.7627 0.2189 0.6086
vn -0.0857 0.5102 0.8558
vn 0.5827 0.4937 0.6456
vn 0.0245 0.3599 0.9327
vn 0.3856 -0.0213 0.9224
vn 0.3987 0.0048 0.9171
vn 0.9184 -0.1909 0.3466
vn 0.9181 -0.1467 0.3683
vn 0.9187 -0.1339 0.3717
vn 0.3829 -0.0516 0.9224
vn 0.9223 -0.1248 0.3658
vn 0.3852 -0.0851 0.9189
vn 0.6658 0.1465 -0.7316
vn 0.6485 0.0647 -0.7585
vn -0.5100 0.1719 -0.8429
vn -0.4901 0.2723 -0.8281
vn 0.2015 -0.9588 -0.2003
vn 0.3070 -0.8908 -0.3351
vn 0.9023 -0.1244 0.4128
vn 0.6502 0.6875 0.3234
vn 0.3869 0.5135 0.7659
vn 0.4501 -0.1330 0.8830
vn 0.4136 -0.1160 0.9031
vn 0.9317 -0.1030 0.3482
vn -0.0498 0.5006 -0.8643
vn -0.2870 0.7631 -0.5791
vn -0.0135 0.6927 -0.7211
vn -0.0000 0.5849 -0.8111
vn 0.9990 -0.0384 -0.0236
vn 0.9924 0.0122 0.1227
vn 0.2172 0.8497 0.4805
vn 0.3382 0.7945 0.5044
vn 0.1634 0.7822 -0.6012
vn 0.4821 0.7916 -0.3754
vn 0.5039 0.7649 -0.4013
vn 0.1898 0.7397 -0.6456
vn -0.0368 0.7632 -0.6451
vn -0.0001 0.6425 -0.7663
vn 0.0671 0.2501 -0.9659
vn 0.0535 -0.5493 -0.8339
vn 0.9772 0.1518 0.1484
vn 0.8777 -0.1634 0.4506
vn 0.2144 -0.5266 -0.8227
vn 0.5391 -0.5033 -0.6753
vn 0.0071 0.7923 -0.6101
vn -0.0074 0.7786 -0.6275
vn 0.6183 0.3342 0.7113
vn -0.1677 -0.0524 0.9844
vn 0.2623 0.1626 0.9512
vn 0.6502 -0.0095 0.7597
vn 0.7076 0.1925 0.6799
vn -0.0952 -0.2617 0.9604
vn 0.6763 0.2381 0.6971
vn 0.6919 0.3607 0.6254
vn 0.8450 0.0039 0.5348
vn 0.8337 -0.1010 0.5429
vn 0.8640 0.0986 0.4938
vn 0.9385 -0.1913 0.2875
vn 0.9228 -0.2301 0.3091
vn 0.6277 0.1809 0.7571
vn 0.9334 0.1954 0.3009
vn 0.9339 -0.2772 0.2258
vn 0.9146 -0.3366 0.2239
vn 0.5626 0.0995 0.8207
vn 0.9050 -0.3439 0.2502
vn 0.4929 0.0427 0.8690
vn 0.6497 -0.0400 -0.7591
vn 0.6575 -0.0718 -0.7500
vn -0.5100 0.0203 -0.8599
vn -0.5150 0.0475 -0.8559
vn -0.5269 0.0761 -0.8465
vn 0.6387 -0.0111 -0.7694
vn -0.5316 0.0996 -0.8411
vn 0.6315 0.0069 -0.7754
vn 0.6720 -0.5241 0.5232
vn 0.5301 -0.5934 0.6057
vn 0.5006 0.6634 0.5562
vn 0.5766 0.6833 0.4480
vn 0.4095 -0.6323 0.6577
vn 0.2667 0.1505 0.9520
vn -0.4557 0.3178 -0.8314
vn -0.6825 0.5733 -0.4535
vn -0.0001 0.5519 -0.8339
vn 0.0941 -0.0274 -0.9952
vn 0.0556 -0.6495 -0.7583
vn -0.1328 -0.6754 -0.7254
vn -0.1199 -0.6701 -0.7326
vn -0.1021 0.7425 -0.6620
vn -0.0511 -0.6428 -0.7643
vn -0.0561 0.7623 -0.6448
vn 0.0088 -0.6262 -0.7797
vn -0.0411 0.7776 -0.6274
vn 0.0466 -0.6188 -0.7842
vn -0.0287 0.7810 -0.6239
vn 0.0523 -0.6280 -0.7765
vn 0.0067 0.7712 -0.6366
vn 0.8720 -0.4599 -0.1677
vn 0.8439 -0.4328 -0.3171
vn 0.9289 0.0552 -0.3663
vn 0.9898 0.0465 -0.1348
vn 0.5649 -0.3653 0.7399
vn 0.7767 -0.4560 0.4345
vn 0.8481 -0.0401 0.5283
vn 0.6154 -0.0407 0.7872
vn 0.1478 -0.1576 0.9764
vn 0.6079 -0.3850 0.6945
vn 0.6402 0.0283 0.7677
vn 0.2745 0.0503 0.9603
vn -0.8275 0.4195 0.3731
vn -0.7514 0.3642 0.5502
vn -0.2705 0.6775 0.6840
vn -0.2926 0.7822 0.5500
vn -0.3605 0.2666 -0.8939
vn -0.7717 0.4541 -0.4452
vn -0.4488 0.5651 -0.6922
vn -0.3059 0.3286 -0.8936
vn 0.7347 -0.6769 -0.0459
vn 0.1916 -0.9739 -0.1220
vn -0.5616 -0.0698 0.8245
vn -0.8913 -0.2165 0.3983
vn -0.8840 -0.3023 0.3565
vn -0.8375 -0.1677 -0.5200
vn -0.7678 -0.2855 -0.5735
vn -0.9312 -0.3517 0.0963
vn -0.9531 -0.2910 0.0833
vn 0.2218 0.6095 -0.7611
vn 0.4873 0.6629 -0.5685
vn -0.3540 0.9351 0.0184
vn -0.4629 0.8860 -0.0275
vn 0.6843 0.6584 -0.3134
vn -0.2918 0.9532 0.0789
vn 0.5964 -0.1351 0.7913
vn 0.6778 -0.6563 -0.3313
vn 0.1640 -0.9860 -0.0319
vn 0.1756 -0.9828 0.0574
vn 0.3489 -0.7187 0.6015
vn 0.7020 -0.4524 0.5500
vn 0.4204 -0.5287 0.7374
vn 0.1636 -0.9145 0.3700
vn 0.8659 -0.3238 0.3812
vn 0.8625 -0.3587 0.3568
vn 0.6944 -0.4936 0.5237
vn 0.9230 -0.2827 0.2611
vn 0.9164 -0.3255 0.2327
vn 0.8496 -0.4295 0.3062
vn 0.8791 0.4480 -0.1629
vn 0.8882 0.4271 -0.1695
vn 0.8913 -0.4468 0.0768
vn 0.4595 -0.1055 0.8819
vn 0.4566 -0.0673 0.8871
vn 0.8097 -0.5821 0.0749
vn -0.3752 -0.2999 -0.8771
vn 0.3076 -0.4401 -0.8436
vn -0.5485 -0.1242 -0.8269
vn -0.5704 -0.2067 -0.7950
vn -0.5137 -0.2229 -0.8285
vn -0.5122 -0.1376 -0.8478
vn -0.5289 0.1254 -0.8394
vn -0.4530 0.0992 -0.8860
vn -0.4471 0.1186 -0.8866
vn 0.4370 0.0195 0.8992
vn 0.4571 0.0057 0.8894
vn 0.4688 0.0642 0.8810
vn -0.2672 -0.7351 0.6231
vn -0.6877 -0.6959 -0.2071
vn 0.7547 -0.6415 0.1380
vn 0.6906 -0.6839 0.2353
vn -0.1530 0.2522 -0.9555
vn -0.4891 0.1017 -0.8663
vn 0.5370 0.1876 0.8224
vn 0.5728 0.2567 0.7784
vn 0.6315 -0.6606 0.4061
vn -0.5088 -0.7221 0.4687
vn 0.4796 -0.4036 -0.7792
vn 0.6089 -0.4211 -0.6722
vn 0.5017 -0.6356 0.5868
vn 0.7472 -0.4751 -0.4648
vn -0.0770 -0.6389 0.7654
vn -0.4681 -0.6857 -0.5574
vn 0.5287 -0.7424 0.4116
vn -0.0335 -0.7270 0.6858
vn -0.4660 0.0195 -0.8846
vn -0.4638 0.0535 -0.8843
vn 0.6172 -0.1563 -0.7711
vn 0.5652 -0.2515 -0.7856
vn -0.5317 -0.0477 -0.8456
vn -0.5149 -0.0048 -0.8573
vn 0.6491 -0.1013 -0.7539
vn 0.5715 0.0020 -0.8206
vn 0.5922 -0.0282 -0.8053
vn 0.0970 0.6876 -0.7196
vn 0.2232 0.2243 -0.9486
vn 0.4392 0.6130 -0.6568
vn 0.0964 0.7583 -0.6447
vn 0.0926 -0.0806 -0.9924
vn -0.5469 -0.7395 -0.3925
vn 0.2861 -0.5794 -0.7632
vn 0.0467 -0.5629 -0.8252
vn 0.0621 -0.5628 -0.8243
vn 0.6335 0.0255 -0.7733
vn 0.5703 0.0344 -0.8207
vn -0.4423 0.1597 -0.8825
vn -0.4377 0.2762 -0.8556
vn 0.9562 0.0115 -0.2924
vn 0.9663 0.1112 -0.2322
vn 0.9596 0.0917 -0.2660
vn 0.9359 -0.0323 -0.3509
vn 0.9524 0.2468 -0.1790
vn 0.9265 0.3353 -0.1705
vn 0.9313 0.3116 -0.1887
vn 0.9560 0.2045 -0.2104
vn -0.2039 -0.2089 0.9564
vn -0.1894 -0.2142 0.9583
vn -0.1466 -0.2192 0.9646
vn -0.1455 -0.2074 0.9674
vn -0.1248 0.4803 0.8682
vn 0.5168 0.6191 0.5913
vn -0.4785 -0.0214 -0.8778
vn 0.7544 -0.6161 0.2265
vn 0.3945 -0.4227 -0.8159
vn -0.4573 0.0787 -0.8858
vn -0.5072 -0.2434 -0.8268
vn 0.4514 -0.1419 0.8809
vn 0.4458 -0.1453 0.8833
vn -0.2060 -0.1894 0.9601
vn 0.4575 -0.1205 0.8810
vn 0.5839 0.0450 -0.8106
vn 0.9169 -0.0022 -0.3992
vn 0.8736 -0.0651 -0.4823
vn 0.5452 0.4348 -0.7167
vn 0.3554 -0.1303 0.9256
vn 0.3529 -0.1597 0.9219
vn 0.3240 -0.6511 0.6864
vn 0.2416 -0.6633 0.7083
vn 0.1439 -0.6700 0.7283
vn 0.2258 -0.1389 0.9642
vn 0.0045 0.7340 -0.6792
vn -0.0254 0.7182 -0.6953
vn 0.5006 -0.6923 -0.5198
vn -0.0164 -0.9997 0.0205
vn 0.0069 -0.0050 -1.0000
vn -0.1180 -0.0045 -0.9930
vn -0.1465 0.6632 -0.7339
vn -0.7253 0.5396 -0.4275
vn 0.0648 -0.6525 -0.7550
vn -0.0327 -0.4783 -0.8776
vn -0.0478 0.7534 -0.6559
vn -0.0909 0.7380 -0.6686
vn 0.3093 -0.0287 -0.9505
vn 0.3144 -0.5346 -0.7845
vn 0.5406 -0.4500 -0.7108
vn 0.4512 -0.2177 -0.8654
vn 0.1087 -0.2910 -0.9505
vn 0.0952 -0.6205 0.7784
vn -0.6724 -0.7224 0.1610
vn 0.8195 -0.5315 -0.2142
vn 0.7985 -0.6020 0.0001
vn 0.6803 0.6541 0.3307
vn 0.8383 0.1808 0.5143
vn 0.4600 -0.1181 0.8800
vn 0.3490 -0.6034 0.7170
vn -0.1830 -0.2328 0.9551
vn 0.4508 -0.1238 0.8840
vn 0.3529 -0.1318 0.9263
vn 0.3602 -0.1252 0.9244
vn 0.3506 -0.1591 0.9229
vn 0.2299 -0.1677 0.9587
vn 0.2379 -0.1401 0.9611
vn 0.2249 -0.1716 0.9591
vn 0.0926 -0.1734 0.9805
vn 0.1065 -0.1647 0.9806
vn 0.0892 -0.1454 0.9853
vn -0.0000 -0.1724 0.9850
vn 0.0311 -0.1711 0.9848
vn 0.0500 -0.6756 0.7355
vn -0.0000 -0.6808 0.7325
vn 0.1152 -0.1450 0.9827
vn -0.0000 -0.2244 0.9745
vn 0.1666 -0.1536 0.9740
vn 0.0795 -0.1383 0.9872
vn 0.1155 -0.1354 0.9840
vn -0.3374 -0.7158 0.6114
vn 0.0740 -0.9434 0.3233
vn 0.2431 -0.1303 0.9612
vn 0.1608 -0.9490 0.2711
vn 0.2377 -0.9500 0.2024
vn -0.0321 0.6944 -0.7189
vn 0.6286 0.1573 -0.7616
vn 0.5911 0.0805 -0.8026
vn 0.0545 -0.9930 -0.1051
vn -0.0382 -0.0257 -0.9989
vn 0.5419 -0.0333 -0.8398
vn 0.4187 -0.3506 -0.8377
vn 0.5081 -0.3576 -0.7836
vn 0.6037 0.6360 0.4806
vn -0.1206 -0.2390 0.9635
vn 0.4997 0.1232 0.8574
vn 0.4541 -0.0397 0.8901
vn 0.6113 -0.0762 -0.7877
vn 0.6033 -0.0982 -0.7914
vn -0.0899 -0.5761 -0.8124
vn -0.0287 -0.5666 -0.8235
vn -0.6243 0.1516 -0.7664
vn -0.2109 -0.4503 -0.8676
vn 0.5482 -0.0586 -0.8343
vn 0.2829 0.1978 -0.9385
vn -0.6069 0.3544 -0.7114
vn -0.4182 -0.7248 -0.5475
vn -0.2645 -0.7877 -0.5564
vn -0.3863 -0.9207 0.0551
vn -0.5750 -0.8156 0.0651
vn -0.0967 -0.8782 0.4685
vn -0.3747 -0.9190 -0.1228
vn -0.2418 -0.9619 -0.1278
vn -0.1847 0.5204 -0.8337
vn 0.7918 -0.3926 -0.4678
vn 0.8151 0.0523 -0.5769
vn 0.6990 -0.3290 -0.6350
vn 0.3858 -0.1370 -0.9123
vn 0.4134 -0.0262 -0.9102
vn 0.6335 0.0291 -0.7732
vn 0.2808 -0.2264 0.9327
vn 0.2234 -0.1969 0.9546
vn 0.2718 0.0840 0.9587
vn 0.3000 0.0833 0.9503
vn -0.8593 0.4465 0.2495
vn -0.2507 0.9157 0.3141
vn -0.8784 0.4778 -0.0134
vn -0.5171 0.7486 -0.4150
vn 0.0699 0.0411 -0.9967
vn 0.0439 0.0553 -0.9975
vn 0.0586 0.2375 -0.9696
vn 0.0835 0.2331 -0.9689
vn -0.4347 0.1657 0.8852
vn 0.0458 0.3844 0.9220
vn -0.8629 0.4501 0.2300
vn -0.2843 0.9587 -0.0034
vn -0.8632 0.4504 0.2282
vn -0.3992 0.8816 -0.2519
vn 0.0180 0.0694 -0.9974
vn 0.0327 0.2422 -0.9697
vn 0.0672 0.0426 -0.9968
vn 0.0555 0.0490 -0.9973
vn 0.0820 0.2350 -0.9685
vn 0.1264 0.2275 -0.9655
vn 0.0730 0.0394 -0.9966
vn 0.1788 0.2033 -0.9627
vn -0.6024 0.2672 0.7522
vn -0.1267 0.5544 0.8225
vn 0.3633 -0.2680 0.8923
vn 0.4178 -0.0001 0.9086
vn 0.0650 0.0438 -0.9969
vn 0.0774 0.2364 -0.9686
vn -0.5467 -0.6436 -0.5356
vn -0.7351 -0.6735 0.0780
vn 0.3900 0.6803 0.6205
vn 0.3603 0.6953 0.6218
vn 0.0618 0.9830 -0.1730
vn -0.0932 0.9929 -0.0735
vn 0.2427 -0.2069 0.9478
vn 0.3051 0.0531 0.9508
vn 0.7551 0.6534 -0.0534
vn 0.7192 0.6352 0.2814
vn -0.2529 0.9591 0.1267
vn -0.2626 0.9564 0.1275
vn -0.9841 0.1599 -0.0769
vn -0.7638 -0.6448 -0.0297
vn 0.3449 0.6942 0.6318
vn 0.3158 0.6819 0.6598
vn 0.1230 0.9592 -0.2544
vn 0.1537 0.9613 -0.2285
vn 0.2747 0.6844 0.6754
vn -0.8068 0.5693 0.1582
vn -0.0020 0.9667 -0.2558
vn -0.2857 0.7803 0.5564
vn -0.4683 -0.8172 0.3360
vn 0.6256 -0.2622 0.7347
vn 0.6195 -0.7455 0.2459
vn 0.1955 -0.9779 0.0743
vn 0.2221 -0.9736 0.0532
vn -0.6838 -0.7093 0.1712
vn -0.3934 -0.9169 -0.0677
vn 0.7605 -0.5617 -0.3258
vn 0.2310 -0.9711 0.0594
vn -0.8163 -0.3720 0.4419
vn -0.6881 -0.4767 -0.5470
vn -0.6264 -0.5797 -0.5212
vn -0.8327 -0.5453 0.0958
vn -0.8930 -0.4379 0.1041
vn -0.2192 0.0677 0.9733
vn -0.0829 0.7420 0.6653
vn -0.5325 0.0060 0.8464
vn -0.3128 0.7176 0.6222
vn -0.5542 -0.0462 0.8311
vn -0.5196 -0.1723 0.8369
vn -0.7386 -0.0856 0.6686
vn -0.7351 -0.0406 0.6767
vn -0.7142 -0.1868 0.6746
vn -0.3704 -0.3649 0.8542
vn -0.6108 -0.3574 0.7066
vn -0.8595 -0.1838 0.4770
vn -0.8709 -0.1152 0.4778
vn -0.8102 -0.3267 0.4867
vn -0.3018 -0.5990 0.7417
vn -0.5997 -0.6070 0.5214
vn -0.9322 -0.2903 0.2163
vn -0.9565 -0.1880 0.2229
vn -0.7871 -0.5722 0.2303
vn -0.0349 -0.8725 0.4875
vn -0.2749 -0.9350 0.2243
vn -0.7897 -0.6130 0.0248
vn -0.9454 -0.3259 -0.0058
vn -0.3461 -0.9380 0.0173
vn 0.4041 -0.9083 0.1085
vn 0.2076 -0.9763 -0.0611
vn -0.3889 -0.8930 -0.2266
vn -0.7022 -0.6924 -0.1656
vn 0.0046 -0.9521 -0.3058
vn 0.5443 -0.8249 -0.1523
vn 0.3553 -0.8639 -0.3571
vn -0.1116 -0.8495 -0.5157
vn -0.4124 -0.7899 -0.4539
vn 0.2294 -0.8072 -0.5438
vn 0.5671 -0.7296 -0.3822
vn 0.4492 -0.7101 -0.5421
vn 0.1095 -0.6925 -0.7130
vn -0.1525 -0.7049 -0.6927
vn 0.3251 -0.6140 -0.7193
vn 0.2009 -0.4125 -0.8885
vn 0.0470 -0.4682 -0.8824
vn -0.0986 -0.8284 -0.5514
vn -0.0907 -0.4616 -0.8824
vn 0.9613 0.2743 -0.0248
vn -0.4995 0.7659 -0.4048
vn -0.5106 -0.8592 -0.0319
vn 0.2245 -0.9669 -0.1215
vn -0.4918 0.8569 0.1546
vn -0.9506 0.3084 -0.0365
vn 0.4618 -0.3164 0.8286
vn 0.4615 0.0504 0.8857
vn -0.7747 -0.4240 0.4691
vn 0.8729 -0.4805 0.0852
vn 0.9827 0.0103 0.1850
vn -0.5375 -0.8171 0.2085
vn 0.5367 0.6459 0.5430
vn -0.2110 0.9763 0.0484
vn 0.2079 0.8614 -0.4635
vn 0.0500 0.9850 0.1649
vn 0.2738 0.7403 -0.6139
vn 0.4535 0.6521 -0.6075
vn 0.5064 0.8128 0.2879
vn 0.2867 0.9230 0.2569
vn 0.8286 -0.5484 0.1129
vn 0.8115 -0.5072 0.2901
vn -0.2013 -0.9783 0.0494
vn -0.0709 -0.7219 -0.6883
vn -0.2244 -0.6927 -0.6854
vn 0.2944 0.8272 -0.4786
vn -0.3420 0.8285 -0.4434
vn 0.3059 0.6103 -0.7307
vn 0.4924 0.7372 -0.4627
vn 0.2121 -0.9699 -0.1194
vn 0.1947 -0.5523 -0.8106
vn 0.3941 -0.5127 -0.7628
vn 0.5780 -0.4923 -0.6508
vn -0.5677 -0.5561 -0.6071
vn 0.4804 0.7433 0.4655
vn 0.5455 0.7971 0.2590
vn -0.6112 0.3345 -0.7174
vn -0.6426 0.1351 -0.7542
vn -0.4831 0.7052 0.5190
vn -0.8744 -0.0982 0.4752
vn -0.6284 0.6804 0.3771
vn -0.9600 -0.1584 0.2309
vn -0.7295 0.6561 0.1931
vn -0.9610 -0.1540 0.2299
vn -0.9844 -0.1751 -0.0168
vn -0.9848 -0.1737 -0.0009
vn -0.9769 -0.2127 -0.0205
vn -0.9379 -0.2970 -0.1795
vn -0.9576 -0.2068 -0.2007
vn -0.8763 -0.4560 -0.1554
vn -0.7245 -0.5659 -0.3935
vn -0.8099 -0.4186 -0.4110
vn -0.5964 -0.6921 -0.4067
vn -0.4243 -0.6021 -0.6763
vn -0.4769 -0.5456 -0.6891
vn -0.3339 -0.6560 -0.6768
vn -0.1622 -0.4344 -0.8860
vn -0.2022 -0.4186 -0.8854
vn -0.2205 -0.4149 -0.8828
vn 0.7213 -0.5002 -0.4791
vn 0.7953 -0.5408 -0.2739
vn -0.3499 -0.0190 0.9366
vn -0.3903 -0.0936 0.9159
vn -0.7474 -0.2718 -0.6063
vn -0.7492 -0.1198 -0.6514
vn 0.3017 0.8545 -0.4228
vn 0.0758 0.7871 -0.6121
vn 0.4369 0.8760 -0.2044
vn 0.8121 -0.5777 -0.0821
vn -0.3667 -0.6255 -0.6887
vn -0.0562 -0.8433 0.5344
vn 0.1911 -0.8624 0.4688
vn -0.4821 -0.5569 -0.6764
vn 0.3577 0.7536 0.5514
vn 0.3906 0.7324 0.5577
vn 0.5260 0.8504 0.0110
vn 0.3001 0.8300 0.4701
vn 0.3440 0.7832 0.5179
vn -0.4810 0.6177 0.6222
vn 0.2182 0.8631 0.4554
vn -0.1502 -0.5740 0.8050
vn 0.7390 -0.4974 0.4545
vn -0.2490 -0.3671 0.8962
vn -0.1441 -0.7885 0.5979
vn 0.5748 -0.5139 0.6368
vn -0.2812 -0.1164 0.9526
vn -0.7545 0.6557 0.0276
vn -0.9644 -0.1659 -0.2060
vn -0.7430 0.6571 -0.1270
vn -0.8829 -0.1655 -0.4395
vn -0.6752 0.6678 -0.3133
vn -0.8623 -0.2689 -0.4291
vn -0.6525 -0.2574 -0.7127
vn -0.7121 -0.1228 -0.6913
vn -0.5539 -0.4321 -0.7117
vn -0.2875 -0.3418 -0.8947
vn -0.4086 -0.1585 -0.8988
vn -0.5527 -0.5211 -0.6503
vn -0.6424 -0.4532 -0.6180
vn -0.4720 -0.6396 -0.6067
vn -0.1426 -0.2900 0.9463
vn -0.0239 -0.7417 0.6703
vn -0.5454 0.6829 -0.4860
vn -0.4911 -0.0288 -0.8706
vn -0.3805 0.7069 -0.5963
vn 0.7080 -0.6743 -0.2099
vn 0.8182 -0.5708 -0.0694
vn 0.7113 -0.7029 -0.0064
vn 0.8136 -0.5631 0.1449
vn 0.5654 -0.7697 0.2967
vn 0.6608 -0.5976 0.4541
vn 0.2258 -0.7203 0.6558
vn 0.3621 -0.6008 0.7127
vn -0.0512 -0.5574 0.8287
vn 0.1239 -0.4913 0.8621
vn -0.1452 -0.1852 0.9719
vn -0.4958 -0.0684 -0.8657
vn 0.0757 0.6970 -0.7131
vn 0.0815 0.7588 -0.6462
vn 0.9113 0.3877 -0.1384
vn 0.9201 0.3539 -0.1679
vn 0.4940 -0.1721 0.8523
vn 0.4646 -0.1514 0.8725
vn -0.3350 -0.7779 0.5316
vn 0.6180 -0.7187 0.3186
vn 0.6795 0.6586 0.3233
vn -0.0206 0.2859 -0.9580
vn 0.9127 -0.2767 0.3007
vn 0.0649 -0.5459 -0.8353
vn 0.8119 -0.2732 -0.5159
vn 0.9435 -0.1527 -0.2941
vn 0.5964 0.7999 0.0671
vn 0.5951 0.8023 -0.0461
vn 0.1199 -0.1795 0.9764
vn 0.1778 -0.2219 0.9587
vn 0.1525 -0.3949 0.9060
vn -0.0000 -0.6393 0.7690
vn 0.3016 -0.1523 0.9412
vn 0.2937 -0.4201 0.8587
vn 0.1913 0.7134 0.6742
vn 0.1046 0.6253 0.7734
vn -0.0758 0.6799 -0.7294
vn 0.7005 0.6695 -0.2471
vn 0.9808 -0.0890 -0.1734
vn 0.8716 -0.0124 -0.4901
vn 0.5821 -0.7831 -0.2189
vn 0.6534 -0.6021 -0.4589
vn 0.6208 -0.5626 -0.5459
vn 0.0090 0.9983 -0.0576
vn -0.0335 0.9972 -0.0674
vn -0.0769 -0.8508 -0.5198
vn -0.0000 -0.8754 -0.4834
vn 0.8063 0.5069 -0.3050
vn 0.6527 0.7181 -0.2417
vn 0.0324 0.9994 -0.0151
vn 0.6378 0.7643 0.0954
vn 0.9596 0.2283 -0.1643
vn -0.2296 -0.8548 -0.4654
vn -0.1586 -0.8512 -0.5003
vn -0.0244 0.9950 -0.0973
vn -0.0002 0.9932 -0.1167
vn 0.5837 -0.1508 -0.7978
vn 0.0604 0.7011 -0.7105
vn 0.0653 0.7599 -0.6467
vn 0.0304 0.7556 -0.6544
vn 0.0161 -0.5618 -0.8271
vn -0.1030 -0.6189 -0.7787
vn 0.1821 -0.6449 -0.7422
vn 0.5313 -0.2414 -0.8120
vn 0.4511 -0.3508 -0.8206
vn 0.8237 -0.2291 -0.5187
vn 0.8510 -0.1458 -0.5045
vn -0.2704 -0.8684 -0.4157
vn 0.8611 -0.0988 -0.4988
vn -0.1795 -0.9727 -0.1469
vn -0.2981 -0.9092 -0.2906
vn 0.7612 -0.3506 -0.5456
vn 0.8651 -0.0587 -0.4981
vn 0.9436 0.2330 -0.2351
vn 0.6097 -0.0589 -0.7904
vn -0.2944 -0.8821 -0.3677
vn 0.6679 -0.4762 -0.5719
vn -0.0000 0.5429 -0.8398
vn 0.4848 -0.0535 -0.8730
vn 0.3578 0.6610 -0.6596
vn -0.5342 0.2166 -0.8171
vn -0.0001 0.5088 -0.8609
vn 0.4235 0.3625 0.8302
vn 0.5560 0.4324 0.7099
vn 0.4668 0.5849 0.6633
vn 0.3949 0.4882 0.7783
vn 0.3705 0.9019 0.2219
vn 0.3318 0.9298 -0.1591
vn 0.3684 0.9057 -0.2100
vn 0.4218 0.8830 0.2059
vn 0.3886 0.7818 0.4877
vn 0.3549 0.8063 0.4732
vn 0.3647 0.7313 0.5764
vn 0.3513 0.7324 0.5833
vn 0.4428 0.6162 0.6514
vn 0.4377 0.5873 0.6808
vn 0.0648 0.4862 -0.8715
vn 0.0777 0.4972 -0.8641
vn 0.0479 0.4077 -0.9118
vn 0.0397 0.4021 -0.9147
vn 0.1022 0.5072 -0.8557
vn 0.0710 0.4147 -0.9072
vn 0.1386 0.6585 -0.7397
vn 0.1621 0.6724 -0.7222
vn 0.1242 0.6425 -0.7561
vn 0.2344 0.8228 -0.5177
vn 0.2366 0.8377 -0.4922
vn 0.2352 0.7944 -0.5601
vn 0.2968 0.9461 -0.1297
vn 0.2849 0.9538 -0.0955
vn 0.2146 0.8625 -0.4583
vn 0.3255 0.9176 0.2282
vn 0.3156 0.9205 0.2306
vn 0.3246 0.8338 0.4466
vn 0.3170 0.8474 0.4259
vn 0.3395 0.7237 0.6009
vn 0.3296 0.7026 0.6306
vn 0.3904 0.5371 0.7477
vn 0.3308 0.5139 0.7915
vn 0.4207 0.4130 0.8077
vn 0.3147 0.4053 0.8583
vn 0.5289 0.4405 0.7254
vn 0.5435 0.4682 0.6967
vn 0.5590 0.4271 0.7108
vn 0.4243 0.3869 0.8187
vn 0.5705 0.4394 0.6938
vn 0.1092 0.5189 -0.8478
vn 0.0839 0.5248 -0.8471
vn 0.0878 0.4165 -0.9049
vn 0.0917 0.4193 -0.9032
vn 0.1503 0.6978 -0.7004
vn 0.1066 0.7285 -0.6767
vn 0.1799 0.8986 -0.4002
vn 0.2650 0.8977 -0.3521
vn 0.1765 0.7286 -0.6618
vn 0.2644 0.9634 -0.0441
vn 0.3378 0.9412 -0.0100
vn 0.3023 0.9236 0.2359
vn 0.3746 0.8924 0.2516
vn 0.3198 0.8363 0.4454
vn 0.3880 0.7859 0.4814
vn 0.3283 0.6706 0.6652
vn 0.3638 0.6438 0.6732
vn 0.3141 0.5192 0.7949
vn 0.3284 0.5190 0.7892
vn 0.2980 0.4091 0.8625
vn 0.3162 0.3797 0.8694
vn 0.2963 0.3433 0.8912
vn 0.3348 0.3132 0.8887
vn 0.3022 0.3558 0.8843
vn 0.1186 0.5100 -0.8520
vn 0.2318 0.4672 -0.8532
vn 0.1723 0.3760 -0.9104
vn 0.0997 0.4034 -0.9096
vn 0.3519 0.6725 -0.6511
vn 0.5555 0.5357 -0.6359
vn 0.3669 0.3929 -0.8432
vn 0.4618 0.8197 -0.3388
vn 0.6953 0.6273 -0.3507
vn 0.5205 0.8538 -0.0124
vn 0.7529 0.6562 -0.0503
vn 0.5333 0.8012 0.2714
vn 0.7330 0.6270 0.2638
vn 0.5145 0.6994 0.4960
vn 0.6603 0.5440 0.5177
vn 0.7208 0.4276 0.5455
vn 0.8286 0.4966 0.2584
vn 0.5687 0.3439 0.7472
vn 0.4292 0.2975 0.8528
vn 0.4495 0.3512 -0.8214
vn 0.3254 0.2959 -0.8981
vn 0.2655 0.3287 -0.9063
vn 0.6620 0.4468 -0.6018
vn 0.7992 0.4951 -0.3409
vn 0.8543 0.5158 -0.0642
vn 0.3436 -0.1036 0.9334
vn 0.2736 -0.1746 0.9459
vn 0.2093 -0.1861 0.9600
vn 0.2738 -0.0082 0.9617
vn 0.3847 0.1315 0.9136
vn 0.3258 0.0575 0.9437
vn 0.3060 0.1993 0.9310
vn 0.3242 0.2350 0.9163
vn 0.3367 0.2632 0.9041
vn 0.3991 0.2073 0.8931
vn 0.4662 -0.1052 0.8784
vn 0.3250 -0.1922 0.9260
vn 0.5089 0.0081 0.8608
vn 0.4989 -0.2474 0.8306
vn 0.3170 -0.2694 0.9094
vn 0.6181 -0.1632 0.7690
vn 0.0993 0.1630 -0.9816
vn 0.0813 0.0179 -0.9965
vn 0.0838 0.0286 -0.9961
vn 0.0862 0.1643 -0.9826
vn 0.0942 0.2334 -0.9678
vn 0.1237 0.2289 -0.9656
vn 0.5853 0.0232 0.8105
vn 0.7975 0.0489 0.6013
vn 0.8074 0.1423 0.5726
vn 0.5940 0.1091 0.7970
vn 0.4265 0.1235 0.8960
vn 0.4176 0.0132 0.9085
vn 0.3275 0.1583 0.9315
vn 0.3312 0.0185 0.9434
vn 0.5594 -0.0575 0.8269
vn 0.7846 -0.0523 0.6178
vn 0.5279 0.0585 0.8473
vn 0.7870 0.0347 0.6160
vn 0.5379 0.1853 0.8224
vn 0.7941 0.1689 0.5838
vn 0.3312 0.1702 0.9281
vn 0.5530 0.1952 0.8100
vn 0.7962 0.2087 0.5679
vn 0.3806 0.1813 0.9068
vn 0.4039 0.1596 0.9007
vn 0.5648 0.1842 0.8044
vn 0.0731 0.0054 -0.9973
vn 0.0524 -0.0793 -0.9955
vn 0.0859 -0.0669 -0.9941
vn 0.0947 -0.0547 -0.9940
vn 0.0808 -0.0094 -0.9967
vn 0.0297 -0.0954 -0.9950
vn 0.1403 0.1486 -0.9789
vn 0.1892 0.1240 -0.9741
vn 0.1792 0.2006 -0.9631
vn 0.3055 0.1801 -0.9350
vn 0.5836 0.2143 -0.7833
vn 0.3878 0.1641 -0.9070
vn 0.5409 0.2358 -0.8074
vn 0.7486 0.2939 -0.5943
vn 0.7890 0.2390 -0.5660
vn 0.8858 0.2990 -0.3550
vn 0.9198 0.2257 -0.3211
vn 0.9577 0.2715 -0.0955
vn 0.9839 0.1744 -0.0388
vn 0.9475 0.2118 0.2396
vn 0.9500 0.1032 0.2947
vn 0.9378 -0.0202 0.3466
vn 0.9979 0.0553 0.0333
vn 0.9230 0.0023 0.3849
vn 0.9934 0.0066 0.1141
vn 0.9245 0.1129 0.3641
vn 0.9883 0.0577 0.1409
vn 0.9230 0.1920 0.3336
vn 0.9811 0.1533 0.1183
vn 0.9219 0.2089 0.3263
vn 0.9779 0.1809 0.1045
vn 0.7968 0.2131 0.5655
vn 0.0959 -0.0377 -0.9947
vn 0.1079 -0.0950 -0.9896
vn 0.0189 -0.1936 -0.9809
vn 0.0223 -0.1291 -0.9914
vn 0.2374 0.0819 -0.9680
vn 0.2774 0.0214 -0.9605
vn 0.4431 0.0917 -0.8918
vn 0.4827 0.0227 -0.8755
vn 0.2942 -0.0419 -0.9548
vn 0.6467 0.1381 -0.7502
vn 0.6965 0.0639 -0.7147
vn 0.8367 0.1527 -0.5260
vn 0.8790 0.0728 -0.4712
vn 0.9555 0.1231 -0.2680
vn 0.9807 0.0444 -0.1905
vn 0.9919 0.0319 -0.1230
vn 0.9130 0.0381 -0.4061
vn 0.9883 0.1188 -0.0956
vn 0.9336 0.1203 -0.3374
vn 0.9831 0.1621 -0.0850
vn 0.9424 0.1807 -0.2815
vn 0.0952 -0.1393 -0.9857
vn 0.0455 -0.0060 -0.9989
vn -0.0870 -0.0232 -0.9959
vn -0.0154 -0.1980 -0.9801
vn 0.2902 0.0360 -0.9563
vn 0.3081 0.1638 -0.9371
vn 0.0338 0.1333 -0.9905
vn 0.5199 0.0513 -0.8527
vn 0.5678 0.1643 -0.8066
vn 0.7427 0.0492 -0.6679
vn 0.7888 0.1447 -0.5974
vn 0.8183 0.2119 -0.5343
vn 0.6039 0.2165 -0.7671
vn 0.0580 0.1357 -0.9891
vn -0.0893 0.1049 -0.9905
vn -0.1106 0.1140 -0.9873
vn 0.3386 0.1887 -0.9218
vn 0.8730 -0.4737 0.1160
vn 0.6451 0.2631 0.7174
vn 0.4826 0.3849 0.7867
vn 0.5567 0.4959 0.6664
vn 0.7430 0.3938 0.5411
vn 0.8768 0.4284 0.2183
vn 0.4463 0.1865 -0.8753
vn 0.7165 0.2702 -0.6431
vn 0.2005 0.1642 -0.9658
vn 0.8931 0.3725 -0.2522
vn 0.1882 0.2737 0.9432
vn -0.0000 0.0159 0.9999
vn 0.3503 0.3001 0.8872
vn 0.4574 0.1665 0.8735
vn 0.2439 0.1023 0.9644
vn 0.3288 0.0997 0.9391
vn -0.0284 0.1639 -0.9861
vn 0.3651 0.3515 0.8621
vn 0.3440 0.3313 0.8786
vn 0.4596 0.3117 0.8316
vn 0.4542 0.3352 0.8254
vn 0.3470 -0.0706 0.9352
vn 0.2497 -0.6318 0.7338
vn 0.3311 -0.6310 0.7015
vn 0.4507 -0.0769 0.8894
vn 0.4921 0.5964 0.6342
vn 0.3554 0.6201 0.6994
vn 0.3623 0.4708 0.8044
vn 0.5675 0.4768 0.6713
vn 0.6045 0.2221 0.7651
vn 0.6714 0.3582 0.6487
vn 0.5819 0.3988 0.7087
vn 0.7446 -0.1687 0.6459
vn 0.8860 -0.1541 0.4374
vn 0.8822 -0.2316 0.4101
vn 0.7438 -0.2284 0.6282
vn 0.2953 0.4450 0.8454
vn 0.2804 0.3959 0.8744
vn 0.3610 0.3980 0.8434
vn 0.2419 0.4183 0.8755
vn 0.2142 0.3807 0.8996
vn 0.2719 0.3505 0.8962
vn 0.1944 0.3438 0.9187
vn 0.0990 0.3346 0.9372
vn 0.0884 0.3180 0.9440
vn 0.1810 0.3231 0.9289
vn 0.1145 0.3622 0.9251
vn 0.2579 0.3294 0.9083
vn 0.1682 0.3009 0.9387
vn 0.2415 0.3011 0.9225
vn 0.3230 0.2925 0.9001
vn 0.2316 0.2540 0.9391
vn 0.3125 0.2262 0.9226
vn 0.4363 0.2531 0.8635
vn 0.4253 0.1653 0.8898
vn 0.3172 0.1415 0.9378
vn 0.4285 0.0728 0.9006
vn 0.5754 0.0531 0.8162
vn 0.5861 0.1485 0.7965
vn 0.5775 -0.0484 0.8150
vn 0.4464 -0.0332 0.8942
vn 0.5950 -0.1538 0.7889
vn 0.7527 -0.2121 0.6233
vn 0.7638 -0.1365 0.6308
vn 0.6195 -0.1659 0.7672
vn 0.8873 -0.2948 0.3548
vn 0.8855 -0.3295 0.3275
vn 0.1371 0.3955 0.9082
vn 0.1444 0.5902 0.7942
vn -0.0000 0.6402 0.7682
vn 0.2744 0.3768 0.8847
vn 0.2801 0.6066 0.7441
vn 0.2394 0.5953 0.7670
vn 0.7911 -0.4631 0.3995
vn 0.9055 -0.0928 0.4142
vn 0.7713 -0.0894 0.6301
vn 0.6424 -0.5480 0.5357
vn 0.8950 -0.2982 0.3317
vn 0.7749 -0.0553 0.6297
vn 0.6453 -0.0898 0.7586
vn 0.6548 -0.0866 0.7508
vn 0.7588 -0.0981 0.6438
vn 0.7487 -0.1164 0.6526
vn 0.6370 -0.1149 0.7623
vn 0.5136 -0.1103 0.8509
vn 0.5306 -0.0825 0.8436
vn 0.4791 -0.1162 0.8701
vn 0.3624 -0.0475 0.9308
vn 0.3977 -0.0877 0.9133
vn 0.3355 0.0493 0.9408
vn 0.2486 0.0987 0.9635
vn 0.2644 0.0015 0.9644
vn 0.2351 0.1852 0.9542
vn 0.1590 0.2121 0.9642
vn 0.1672 0.1289 0.9775
vn 0.1585 0.2647 0.9512
vn 0.0732 0.2686 0.9605
vn 0.0691 0.2245 0.9720
vn 0.0798 0.2990 0.9509
vn -0.0000 -0.0244 0.9997
vn 0.3394 0.2481 0.9073
vn -0.0000 0.0074 1.0000
vn -0.0000 0.0324 0.9995
vn -0.0000 0.0880 0.9961
vn 0.8891 -0.1301 0.4388
vn 0.6019 0.4067 0.6873
vn 0.5425 -0.0842 0.8359
vn 0.4112 -0.6199 0.6683
vn 0.5169 -0.5941 0.6164
vn -0.0000 -0.1001 0.9950
vn 0.0201 -0.6482 0.7612
vn 0.0647 -0.6414 0.7645
vn 0.1017 -0.0726 0.9922
vn 0.2267 -0.0702 0.9714
vn 0.1553 -0.6364 0.7556
vn 0.4313 -0.0684 0.8996
vn 0.3286 -0.0495 0.9432
vn 0.2928 -0.0527 0.9547
vn 0.1934 -0.0233 0.9809
vn 0.2180 -0.0334 0.9754
vn 0.1756 0.0286 0.9840
vn 0.0806 0.0469 0.9956
vn 0.0936 -0.0077 0.9956
vn 0.0693 0.1460 0.9869
vn -0.0000 -0.0965 0.9953
vn 0.1552 0.0496 0.9866
vn -0.0000 -0.0635 0.9980
vn 0.9308 -0.1318 0.3410
vn 0.8402 0.1353 0.5251
vn 0.7905 0.0225 0.6120
vn 0.9107 -0.2235 0.3474
vn 0.1008 -0.0261 0.9946
vn -0.0000 -0.0713 0.9975
vn -0.0000 -0.0463 0.9989
vn 0.8951 -0.1114 0.4318
vn 0.5792 -0.1172 0.8067
vn 0.6221 -0.0961 0.7770
vn 0.4870 -0.0987 0.8678
vn 0.4969 -0.1013 0.8619
vn 0.6484 0.1772 0.7404
vn 0.3225 -0.1343 0.9370
vn 0.6507 0.0128 0.7592
vn 0.2841 0.0731 0.9560
vn 0.1791 0.0463 0.9827
vn 0.0736 -0.5219 0.8498
vn 0.1778 -0.5172 0.8372
vn 0.3231 0.2037 0.9242
vn 0.1303 0.3423 0.9305
vn 0.0040 0.0004 1.0000
vn 0.4402 -0.0002 0.8979
vn 0.0293 0.4374 0.8988
vn 0.2904 -0.5064 0.8119
vn 0.5373 -0.0885 0.8387
vn 0.4948 -0.0893 0.8644
vn 0.5062 -0.0794 0.8588
vn 0.5853 -0.0590 0.8087
vn 0.5273 -0.0571 0.8477
vn 0.7410 -0.3753 -0.5568
vn 0.6734 -0.4890 -0.5545
vn -0.0000 0.0052 1.0000
vn 0.4462 -0.4007 0.8002
vn 0.3829 0.0228 0.9235
vn 0.7593 -0.2439 0.6033
vn 0.4693 0.1578 0.8689
vn 0.3869 -0.4870 0.7830
vn 0.3495 -0.0844 0.9331
vn 0.4820 -0.4572 0.7474
vn 0.6141 -0.3939 0.6840
vn 0.0271 -0.5198 0.8538
vn 0.8189 -0.2427 -0.5200
vn 0.8550 -0.1493 -0.4966
vn 0.4651 -0.1109 0.8783
vn 0.4794 -0.1034 0.8715
vn 0.4830 -0.0689 0.8729
vn 0.4926 -0.0534 0.8686
vn 0.0460 0.4145 0.9089
vn 0.3268 0.3741 0.8679
vn 0.5914 -0.5828 -0.5573
vn -0.0671 -0.9890 -0.1319
vn 0.7225 -0.2908 0.6272
vn 0.7107 -0.3588 0.6051
vn 0.9520 0.2889 -0.1013
vn 0.9457 0.2654 -0.1879
vn 0.1303 0.3260 0.9363
vn 0.8298 0.5465 -0.1131
vn 0.8012 0.0387 -0.5972
vn 0.8652 -0.0997 -0.4914
vn 0.8685 -0.0581 -0.4922
vn 0.4809 -0.0877 0.8724
vn 0.7405 -0.1563 0.6537
vn 0.4868 -0.2941 0.8225
vn 0.0216 0.9998 0.0004
vn 0.0309 0.9993 -0.0186
vn 0.4445 0.0028 0.8958
vn 0.3615 0.0503 0.9310
vn 0.8420 0.5120 -0.1700
vn 0.6975 0.6992 -0.1568
vn -0.2136 -0.9468 -0.2406
vn 0.3573 -0.0554 0.9323
vn 0.1059 0.0942 0.9899
vn 0.5840 -0.4030 0.7047
vn -0.0722 -0.8738 -0.4809
vn -0.0000 -0.8819 -0.4714
vn 0.0213 -0.4956 0.8683
vn 0.0723 -0.4908 0.8682
vn 0.7311 -0.5569 -0.3941
vn 0.6736 -0.5465 -0.4977
vn 0.6372 -0.0032 0.7707
vn 0.6458 0.1413 0.7503
vn -0.1459 -0.8769 -0.4580
vn 0.1763 -0.4883 0.8547
vn 0.0284 0.9994 -0.0177
vn 0.0031 0.9986 -0.0532
vn 0.8767 -0.0181 -0.4807
vn 0.1713 0.0769 0.9822
vn 0.2932 0.0326 0.9555
vn 0.5583 0.7665 -0.3175
vn 0.2867 -0.4827 0.8275
vn -0.2055 -0.8834 -0.4212
vn 0.0633 0.0631 0.9960
vn -0.0000 0.9984 -0.0559
vn 0.3822 -0.4739 0.7933
vn -0.2485 -0.8876 -0.3878
vn 0.4669 -0.4528 0.7595
vn -0.2536 -0.9082 -0.3329
vn 0.3158 -0.5020 -0.8051
vn 0.2950 -0.4837 -0.8240
vn 0.3223 -0.4463 -0.8348
vn 0.9670 -0.1724 0.1875
vn 0.9596 -0.1891 0.2082
vn 0.9720 -0.1650 0.1671
vn 0.9752 -0.1615 0.1512
vn 0.9791 -0.1894 -0.0737
vn 0.9735 -0.2258 -0.0350
vn 0.9836 -0.1557 -0.0915
vn 0.9839 -0.1259 0.1266
vn 0.9883 -0.1160 -0.0993
vn 0.9424 -0.1369 -0.3052
vn 0.9348 -0.2089 -0.2874
vn 0.9464 -0.0876 -0.3108
vn 0.9927 -0.0523 -0.1091
vn 0.9458 -0.0343 -0.3230
vn 0.8624 -0.0555 -0.5031
vn 0.8587 -0.1147 -0.4996
vn 0.8579 -0.0254 -0.5132
vn 0.9354 0.0352 -0.3518
vn 0.8374 0.0133 -0.5465
vn 0.7123 -0.0050 -0.7019
vn 0.7149 -0.0226 -0.6989
vn 0.7059 -0.0045 -0.7083
vn 0.7991 0.0738 -0.5966
vn 0.6773 0.0284 -0.7352
vn 0.5450 0.0086 -0.8384
vn 0.5417 0.0187 -0.8403
vn 0.5492 0.0111 -0.8356
vn 0.6386 0.0747 -0.7659
vn 0.5415 0.0592 -0.8386
vn 0.3963 0.0360 -0.9174
vn 0.3833 0.0351 -0.9229
vn 0.4128 0.0733 -0.9079
vn 0.5200 0.2144 -0.8268
vn 0.4121 0.2074 -0.8872
vn 0.6056 0.2258 -0.7630
vn 0.7282 0.2145 -0.6510
vn 0.7607 0.0979 -0.6416
vn 0.8968 0.1063 -0.4294
vn 0.8709 0.1777 -0.4582
vn 0.9164 0.0989 -0.3879
vn 0.9861 0.0857 -0.1426
vn 0.9809 0.0908 -0.1719
vn 0.9919 0.0285 -0.1241
vn 0.9966 0.0027 0.0824
vn 0.9959 0.0517 0.0743
vn 0.9929 -0.0665 0.0986
vn 0.9688 -0.0244 0.2465
vn 0.9578 -0.2107 0.1954
vn 0.9528 -0.2339 0.1937
vn 0.9595 -0.1927 0.2054
vn 0.9597 -0.1810 0.2148
vn 0.9726 -0.2325 0.0100
vn 0.9661 -0.2578 0.0117
vn 0.9754 -0.2205 0.0074
vn 0.9586 -0.1838 0.2176
vn 0.9745 -0.2245 0.0063
vn 0.9369 -0.2765 -0.2141
vn 0.9360 -0.2944 -0.1927
vn 0.9358 -0.2658 -0.2315
vn 0.9710 -0.2390 -0.0036
vn 0.9307 -0.2765 -0.2396
vn 0.8366 -0.3072 -0.4536
vn 0.8382 -0.3482 -0.4197
vn 0.8345 -0.2894 -0.4689
vn 0.9274 -0.2710 -0.2579
vn 0.8357 -0.2769 -0.4743
vn 0.6848 -0.2807 -0.6725
vn 0.6762 -0.3346 -0.6564
vn 0.6957 -0.2494 -0.6737
vn 0.8480 -0.2086 -0.4871
vn 0.7107 -0.1900 -0.6774
vn 0.5200 -0.2123 -0.8274
vn 0.5060 -0.2668 -0.8203
vn 0.5403 -0.1590 -0.8263
vn 0.7184 -0.0938 -0.6893
vn 0.5551 -0.0791 -0.8280
vn 0.3684 -0.1230 -0.9215
vn 0.3481 -0.1850 -0.9190
vn 0.3875 -0.0593 -0.9200
vn 0.5506 -0.0090 -0.8347
vn 0.3919 -0.0047 -0.9200
vn 0.3849 0.0282 -0.9225
vn 0.9703 0.1262 -0.2063
vn 0.9966 0.0772 0.0277
vn 0.9966 0.0609 0.0560
vn 0.9705 0.0235 0.2399
vn 0.9743 0.0315 0.2232
vn 0.9694 0.0098 0.2451
vn 0.9110 -0.0360 0.4109
vn 0.9154 -0.0162 0.4023
vn 0.9058 -0.0517 0.4205
vn 0.7945 -0.0786 0.6021
vn 0.8063 -0.0746 0.5868
vn 0.6624 -0.1011 0.7423
vn 0.9541 -0.2988 0.0188
vn 0.9157 -0.3745 -0.1457
vn 0.9316 -0.3213 -0.1698
vn 0.8533 -0.4109 -0.3210
vn 0.8426 -0.4586 -0.2824
vn 0.8458 -0.3847 -0.3696
vn 0.6775 -0.4752 -0.5614
vn 0.7001 -0.5093 -0.5004
vn 0.6722 -0.4063 -0.6189
vn 0.4899 -0.4403 -0.7524
vn 0.4856 -0.5234 -0.7002
vn 0.4967 -0.3480 -0.7951
vn 0.3327 -0.3691 -0.8678
vn 0.3366 -0.2664 -0.9032
vn 0.9210 -0.0148 0.3894
vn 0.8326 -0.0569 0.5509
vn 0.8194 -0.0533 0.5708
vn 0.6798 -0.0881 0.7281
vn 0.6971 -0.0891 0.7114
vn 0.6695 -0.1043 0.7355
vn 0.5098 -0.5619 -0.6514
vn 0.5425 -0.5842 -0.6037
vn 0.7137 -0.5390 -0.4474
vn 0.3652 -0.5105 -0.7784
vn -0.0657 0.2936 -0.9537
vn -0.0591 -0.0052 -0.9982
vn -0.0180 -0.0366 -0.9992
vn -0.0961 0.0454 -0.9943
vn -0.1074 0.1046 -0.9887
vn -0.1752 0.0241 -0.9842
vn -0.1390 -0.0433 -0.9893
vn -0.1947 0.1050 -0.9752
vn -0.0947 0.1768 -0.9797
vn -0.1921 0.1940 -0.9620
vn -0.0000 -0.1584 -0.9874
vn -0.0209 0.0120 -0.9997
vn -0.0000 -0.0579 -0.9983
vn -0.1611 0.3230 -0.9326
vn 0.0002 0.1191 -0.9929
vn -0.1988 -0.1373 -0.9704
vn 0.0162 -0.0637 -0.9978
vn 0.0158 -0.1129 -0.9935
vn 0.0059 -0.0459 -0.9989
vn -0.0567 -0.0625 -0.9964
vn -0.0296 -0.0776 -0.9965
vn -0.0942 -0.0702 -0.9931
vn -0.0002 -0.2357 -0.9718
vn -0.0029 -0.0759 -0.9971
vn -0.0000 -0.2597 -0.9657
vn -0.1444 -0.2286 -0.9628
vn -0.0982 -0.2911 -0.9516
vn -0.0000 -0.3353 -0.9421
vn 0.0382 -0.2101 -0.9769
vn -0.1826 -0.2593 -0.9484
vn -0.1464 -0.3383 -0.9296
vn -0.0821 -0.3004 -0.9503
vn -0.0455 -0.2453 -0.9684
vn -0.0139 -0.1902 -0.9817
vn -0.0112 -0.1643 -0.9863
vn -0.0000 -0.2563 -0.9666
vn -0.0000 -0.1716 -0.9852
vn -0.0105 -0.1174 -0.9930
vn -0.0000 -0.1453 -0.9894
vn -0.0000 -0.0891 -0.9960
vn 0.1165 -0.1087 -0.9872
vn 0.2462 -0.1218 0.9615
vn 0.5144 -0.5346 0.6705
vn 0.5897 -0.1305 0.7970
vn 0.2658 0.0306 0.9635
vn 0.2469 -0.7683 0.5905
vn 0.1095 -0.3330 0.9365
vn 0.5343 -0.8401 0.0941
vn -0.1577 -0.9819 -0.1049
vn -0.1683 -0.9778 -0.1250
vn 0.1296 -0.7121 -0.6900
vn -0.5749 0.3424 0.7431
vn -0.6650 0.4113 0.6234
vn -0.6405 0.4165 0.6451
vn -0.4685 0.2449 0.8488
vn -0.1066 -0.6814 -0.7241
vn 0.3707 0.0410 -0.9278
vn 0.3589 0.0509 -0.9320
vn 0.5938 -0.7105 -0.3776
vn 0.5931 -0.1929 -0.7817
vn -0.5146 -0.2352 -0.8245
vn -0.4946 -0.3606 -0.7908
vn -0.4534 -0.5866 -0.6710
vn -0.8093 -0.2665 -0.5235
vn -0.4604 -0.3034 -0.8343
vn 0.3976 0.6679 -0.6292
vn 0.3932 0.8760 -0.2792
vn -0.0728 0.4000 -0.9136
vn 0.3431 0.4824 -0.8059
vn -0.1526 -0.5126 -0.8449
vn -0.0280 0.3007 -0.9533
vn -0.4273 -0.1686 0.8883
vn -0.4232 -0.3056 0.8530
vn -0.5101 -0.2149 0.8328
vn -0.4777 -0.1115 0.8714
vn -0.4580 0.7883 0.4109
vn -0.5061 0.7831 0.3614
vn -0.3798 0.7991 0.4660
vn -0.2795 0.8349 0.4742
vn -0.1608 0.7441 0.6484
vn -0.1273 0.7453 0.6544
vn -0.1955 0.6177 0.7617
vn -0.0772 0.6742 0.7345
vn 0.2870 0.9579 0.0078
vn -0.9350 -0.1710 -0.3108
vn -0.9901 -0.1254 -0.0630
vn 0.2309 0.9094 0.3461
vn 0.1774 0.7658 0.6181
vn -0.9969 0.0016 0.0788
vn 0.1536 0.6621 0.7335
vn -0.9712 0.2152 0.1026
vn 0.0857 0.5102 0.8558
vn -0.7627 0.2189 0.6086
vn -0.5827 0.4937 0.6456
vn -0.0245 0.3599 0.9327
vn -0.3856 -0.0213 0.9224
vn -0.9180 -0.1467 0.3684
vn -0.9184 -0.1909 0.3466
vn -0.3987 0.0048 0.9171
vn -0.9187 -0.1339 0.3717
vn -0.3829 -0.0516 0.9224
vn -0.3852 -0.0851 0.9189
vn -0.9223 -0.1249 0.3658
vn -0.6658 0.1465 -0.7316
vn 0.4901 0.2723 -0.8281
vn 0.5100 0.1719 -0.8429
vn -0.6485 0.0647 -0.7585
vn 0.3427 -0.9394 0.0012
vn 0.0959 -0.8599 -0.5014
vn -0.9023 -0.1244 0.4128
vn -0.4501 -0.1330 0.8830
vn -0.3869 0.5135 0.7659
vn -0.6502 0.6875 0.3234
vn -0.4136 -0.1160 0.9031
vn -0.9317 -0.1036 0.3482
vn 0.0135 0.6927 -0.7211
vn 0.2249 0.5992 -0.7684
vn -0.9924 0.0122 0.1227
vn -0.9990 -0.0384 -0.0237
vn -0.2172 0.8497 0.4804
vn -0.3382 0.7945 0.5044
vn -0.1634 0.7822 -0.6012
vn -0.1898 0.7397 -0.6456
vn -0.5039 0.7649 -0.4013
vn -0.4820 0.7916 -0.3754
vn 0.0368 0.7632 -0.6451
vn -0.8777 -0.1634 0.4506
vn -0.9772 0.1518 0.1484
vn -0.5391 -0.5033 -0.6753
vn -0.2144 -0.5266 -0.8227
vn -0.0071 0.7923 -0.6101
vn 0.0075 0.7786 -0.6275
vn -0.6183 0.3342 0.7113
vn -0.6502 -0.0095 0.7597
vn -0.2623 0.1626 0.9512
vn 0.1677 -0.0524 0.9844
vn -0.7076 0.1925 0.6799
vn 0.0952 -0.2617 0.9604
vn -0.6763 0.2381 0.6971
vn -0.6919 0.3607 0.6254
vn -0.8450 0.0039 0.5348
vn -0.8337 -0.1010 0.5429
vn -0.8640 0.0986 0.4938
vn -0.9386 -0.1912 0.2871
vn -0.9228 -0.2301 0.3091
vn -0.6277 0.1809 0.7571
vn -0.9339 -0.2772 0.2258
vn -0.9334 0.1954 0.3009
vn -0.9146 -0.3366 0.2239
vn -0.5626 0.0995 0.8207
vn -0.4929 0.0427 0.8690
vn -0.9050 -0.3439 0.2502
vn -0.6497 -0.0400 -0.7591
vn 0.5150 0.0475 -0.8559
vn 0.5100 0.0203 -0.8599
vn -0.6575 -0.0718 -0.7500
vn 0.5269 0.0761 -0.8465
vn -0.6387 -0.0111 -0.7694
vn -0.6315 0.0069 -0.7754
vn 0.5316 0.0996 -0.8411
vn -0.6720 -0.5241 0.5232
vn -0.5766 0.6833 0.4480
vn -0.5006 0.6634 0.5562
vn -0.5302 -0.5932 0.6058
vn -0.4095 -0.6322 0.6577
vn -0.2667 0.1505 0.9520
vn 0.4557 0.3178 -0.8314
vn 0.6825 0.5733 -0.4535
vn 0.1328 -0.6754 -0.7254
vn 0.1021 0.7425 -0.6620
vn 0.1199 -0.6701 -0.7326
vn 0.0561 0.7623 -0.6448
vn 0.0511 -0.6428 -0.7643
vn 0.0411 0.7776 -0.6274
vn -0.0088 -0.6262 -0.7797
vn 0.0287 0.7810 -0.6239
vn -0.0466 -0.6188 -0.7842
vn -0.0523 -0.6280 -0.7765
vn -0.0067 0.7712 -0.6366
vn -0.8720 -0.4599 -0.1677
vn -0.9898 0.0465 -0.1348
vn -0.9289 0.0552 -0.3663
vn -0.8439 -0.4328 -0.3171
vn -0.5649 -0.3653 0.7399
vn -0.6154 -0.0407 0.7872
vn -0.8481 -0.0401 0.5283
vn -0.7767 -0.4560 0.4345
vn -0.1478 -0.1577 0.9764
vn -0.2745 0.0503 0.9603
vn -0.6402 0.0283 0.7677
vn -0.6079 -0.3850 0.6945
vn 0.8275 0.4195 0.3731
vn 0.2926 0.7822 0.5500
vn 0.2705 0.6775 0.6840
vn 0.7514 0.3642 0.5502
vn 0.3605 0.2665 -0.8939
vn 0.3059 0.3286 -0.8936
vn 0.4488 0.5651 -0.6922
vn 0.7717 0.4541 -0.4452
vn -0.1916 -0.9739 -0.1220
vn 0.2919 -0.7718 -0.5650
vn 0.8840 -0.3023 0.3565
vn 0.8913 -0.2165 0.3983
vn 0.5616 -0.0698 0.8245
vn 0.8375 -0.1677 -0.5200
vn 0.9531 -0.2910 0.0833
vn 0.9312 -0.3517 0.0963
vn 0.7678 -0.2855 -0.5735
vn -0.2218 0.6095 -0.7611
vn 0.4629 0.8860 -0.0275
vn 0.3540 0.9351 0.0184
vn -0.4873 0.6629 -0.5685
vn 0.2918 0.9532 0.0789
vn -0.6843 0.6584 -0.3134
vn 0.5418 -0.8404 -0.0153
vn -0.1756 -0.9828 0.0574
vn -0.1640 -0.9860 -0.0319
vn -0.1002 -0.6977 -0.7094
vn -0.3489 -0.7187 0.6015
vn -0.7020 -0.4524 0.5500
vn -0.1636 -0.9145 0.3700
vn -0.4204 -0.5287 0.7374
vn -0.8659 -0.3238 0.3812
vn -0.8625 -0.3587 0.3568
vn -0.6944 -0.4936 0.5237
vn -0.9230 -0.2827 0.2611
vn -0.9165 -0.3255 0.2327
vn -0.8496 -0.4295 0.3062
vn -0.8791 0.4480 -0.1629
vn -0.8882 0.4271 -0.1695
vn -0.8913 -0.4468 0.0768
vn -0.4566 -0.0673 0.8871
vn -0.4595 -0.1055 0.8819
vn 0.2731 -0.7118 0.6471
vn -0.3076 -0.4401 -0.8436
vn 0.3752 -0.2999 -0.8771
vn 0.5485 -0.1242 -0.8269
vn 0.5122 -0.1376 -0.8478
vn 0.5137 -0.2229 -0.8285
vn 0.5704 -0.2067 -0.7950
vn 0.5289 0.1254 -0.8394
vn 0.4471 0.1186 -0.8866
vn 0.4530 0.0992 -0.8860
vn -0.4370 0.0195 0.8992
vn -0.4688 0.0642 0.8810
vn -0.4571 0.0057 0.8894
vn 0.6203 -0.6990 -0.3558
vn -0.6906 -0.6839 0.2353
vn -0.7547 -0.6414 0.1380
vn -0.3091 -0.6618 -0.6830
vn 0.4891 0.1017 -0.8663
vn 0.1530 0.2522 -0.9555
vn -0.5728 0.2567 0.7784
vn -0.5370 0.1876 0.8224
vn 0.5606 -0.7355 0.3806
vn -0.6089 -0.4211 -0.6722
vn -0.4796 -0.4036 -0.7792
vn 0.5987 -0.4238 -0.6797
vn 0.6227 -0.7276 0.2877
vn -0.7472 -0.4751 -0.4648
vn 0.6000 -0.7573 0.2578
vn 0.0335 -0.7270 0.6858
vn -0.5287 -0.7424 0.4116
vn -0.5332 -0.6736 -0.5119
vn 0.4638 0.0535 -0.8843
vn 0.4660 0.0195 -0.8846
vn -0.6172 -0.1563 -0.7711
vn 0.5317 -0.0477 -0.8456
vn -0.5652 -0.2515 -0.7856
vn 0.5149 -0.0048 -0.8573
vn -0.6491 -0.1013 -0.7539
vn -0.5922 -0.0282 -0.8053
vn -0.5715 0.0020 -0.8206
vn -0.0970 0.6876 -0.7196
vn -0.0964 0.7583 -0.6447
vn -0.4392 0.6130 -0.6568
vn -0.2232 0.2243 -0.9486
vn -0.0926 -0.0806 -0.9924
vn -0.2861 -0.5794 -0.7632
vn 0.5469 -0.7395 -0.3925
vn -0.0621 -0.5628 -0.8243
vn -0.0467 -0.5629 -0.8252
vn -0.5703 0.0344 -0.8207
vn -0.6335 0.0255 -0.7733
vn 0.4377 0.2762 -0.8556
vn 0.4423 0.1597 -0.8825
vn -0.9562 0.0115 -0.2924
vn -0.9359 -0.0323 -0.3509
vn -0.9596 0.0917 -0.2660
vn -0.9663 0.1112 -0.2322
vn -0.9524 0.2468 -0.1790
vn -0.9560 0.2045 -0.2104
vn -0.9313 0.3116 -0.1887
vn -0.9265 0.3353 -0.1705
vn 0.2039 -0.2089 0.9564
vn 0.1455 -0.2074 0.9674
vn 0.1466 -0.2192 0.9646
vn 0.1894 -0.2142 0.9583
vn -0.5168 0.6191 0.5913
vn 0.1249 0.4803 0.8682
vn 0.4785 -0.0214 -0.8778
vn 0.4249 -0.7036 0.5696
vn -0.3945 -0.4227 -0.8159
vn 0.4573 0.0787 -0.8858
vn 0.5072 -0.2434 -0.8268
vn -0.4514 -0.1419 0.8809
vn 0.2060 -0.1894 0.9601
vn -0.4458 -0.1453 0.8833
vn -0.4575 -0.1205 0.8810
vn -0.5839 0.0450 -0.8106
vn -0.5452 0.4348 -0.7167
vn -0.8736 -0.0651 -0.4823
vn -0.9169 -0.0022 -0.3992
vn -0.3554 -0.1303 0.9256
vn -0.3529 -0.1597 0.9219
vn -0.3240 -0.6511 0.6864
vn -0.2409 -0.6640 0.7079
vn -0.1439 -0.6700 0.7283
vn -0.2258 -0.1389 0.9642
vn 0.0254 0.7182 -0.6953
vn -0.0045 0.7340 -0.6792
vn 0.0079 -0.9974 -0.0723
vn 0.1180 -0.0045 -0.9930
vn 0.7253 0.5396 -0.4275
vn 0.1465 0.6632 -0.7339
vn 0.0327 -0.4783 -0.8776
vn -0.0648 -0.6525 -0.7550
vn 0.0909 0.7380 -0.6686
vn 0.0478 0.7534 -0.6559
vn -0.3093 -0.0287 -0.9505
vn -0.3144 -0.5346 -0.7845
vn -0.5406 -0.4500 -0.7108
vn -0.1087 -0.2910 -0.9505
vn -0.4512 -0.2177 -0.8654
vn 0.7244 -0.6894 0.0090
vn -0.7985 -0.6020 0.0001
vn -0.8195 -0.5315 -0.2142
vn -0.0271 -0.6329 -0.7737
vn -0.8383 0.1808 0.5143
vn -0.6803 0.6541 0.3307
vn -0.4600 -0.1181 0.8800
vn 0.1830 -0.2328 0.9551
vn -0.1287 -0.8402 0.5267
vn -0.4508 -0.1238 0.8840
vn -0.3529 -0.1318 0.9263
vn -0.3602 -0.1252 0.9244
vn -0.3506 -0.1591 0.9229
vn -0.2299 -0.1677 0.9587
vn -0.2379 -0.1401 0.9611
vn -0.2249 -0.1716 0.9591
vn -0.0926 -0.1734 0.9805
vn -0.1065 -0.1647 0.9806
vn -0.0892 -0.1454 0.9853
vn -0.0500 -0.6756 0.7355
vn -0.1152 -0.1450 0.9827
vn -0.1155 -0.1354 0.9840
vn -0.4225 -0.7030 0.5721
vn -0.2431 -0.1303 0.9612
vn -0.5393 -0.6774 0.5002
vn -0.6479 -0.6431 0.4082
vn 0.0321 0.6944 -0.7189
vn -0.5911 0.0805 -0.8026
vn -0.6286 0.1573 -0.7616
vn -0.5419 -0.0333 -0.8398
vn 0.0382 -0.0257 -0.9989
vn 0.5072 -0.6861 -0.5216
vn -0.4187 -0.3506 -0.8377
vn -0.5081 -0.3576 -0.7836
vn -0.6037 0.6360 0.4806
vn 0.1206 -0.2390 0.9635
vn -0.4997 0.1232 0.8574
vn -0.4541 -0.0397 0.8901
vn -0.6033 -0.0982 -0.7914
vn -0.6113 -0.0762 -0.7877
vn 0.0287 -0.5666 -0.8235
vn 0.0899 -0.5761 -0.8124
vn 0.6243 0.1516 -0.7663
vn -0.2829 0.1978 -0.9385
vn -0.5482 -0.0586 -0.8343
vn 0.2109 -0.4503 -0.8676
vn 0.6069 0.3544 -0.7114
vn 0.4182 -0.7248 -0.5475
vn 0.5750 -0.8156 0.0651
vn 0.3863 -0.9207 0.0551
vn 0.2645 -0.7877 -0.5564
vn 0.2418 -0.9619 -0.1278
vn 0.3747 -0.9190 -0.1228
vn 0.0967 -0.8782 0.4685
vn 0.1847 0.5204 -0.8337
vn -0.8151 0.0523 -0.5769
vn -0.7918 -0.3926 -0.4678
vn -0.6990 -0.3290 -0.6350
vn -0.6335 0.0291 -0.7732
vn -0.4134 -0.0262 -0.9102
vn -0.3858 -0.1370 -0.9123
vn -0.2808 -0.2264 0.9327
vn -0.3000 0.0833 0.9503
vn -0.2718 0.0840 0.9587
vn -0.2234 -0.1969 0.9546
vn 0.8593 0.4465 0.2495
vn 0.2507 0.9157 0.3141
vn 0.5171 0.7486 -0.4150
vn 0.8784 0.4778 -0.0134
vn -0.0699 0.0411 -0.9967
vn -0.0835 0.2331 -0.9689
vn -0.0586 0.2375 -0.9696
vn -0.0439 0.0553 -0.9975
vn 0.4347 0.1657 0.8852
vn -0.0458 0.3844 0.9220
vn 0.8629 0.4501 0.2300
vn 0.2843 0.9587 -0.0034
vn 0.3992 0.8816 -0.2519
vn 0.8632 0.4504 0.2282
vn -0.0327 0.2422 -0.9697
vn -0.0180 0.0694 -0.9974
vn -0.0672 0.0426 -0.9968
vn -0.1264 0.2275 -0.9655
vn -0.0820 0.2350 -0.9685
vn -0.0555 0.0490 -0.9973
vn -0.1788 0.2033 -0.9627
vn -0.0730 0.0394 -0.9966
vn 0.6024 0.2672 0.7522
vn 0.1267 0.5544 0.8225
vn -0.3633 -0.2680 0.8923
vn -0.4178 -0.0001 0.9086
vn -0.0774 0.2364 -0.9686
vn -0.0650 0.0438 -0.9969
vn 0.5467 -0.6436 -0.5356
vn 0.7351 -0.6735 0.0780
vn -0.3900 0.6803 0.6205
vn 0.0932 0.9929 -0.0735
vn -0.0618 0.9830 -0.1730
vn -0.3603 0.6953 0.6218
vn -0.3051 0.0531 0.9508
vn -0.2427 -0.2069 0.9478
vn -0.7551 0.6534 -0.0534
vn 0.2626 0.9564 0.1275
vn 0.2529 0.9591 0.1267
vn -0.7192 0.6352 0.2814
vn 0.7638 -0.6448 -0.0297
vn 0.9841 0.1599 -0.0769
vn -0.3449 0.6942 0.6318
vn -0.1537 0.9613 -0.2285
vn -0.1230 0.9592 -0.2544
vn -0.3158 0.6819 0.6598
vn -0.2747 0.6844 0.6754
vn 0.0020 0.9667 -0.2558
vn 0.8068 0.5693 0.1582
vn 0.4683 -0.8172 0.3360
vn 0.3315 -0.9429 0.0325
vn 0.3629 -0.8695 -0.3349
vn -0.2221 -0.9736 0.0532
vn -0.1955 -0.9779 0.0743
vn -0.4128 -0.7251 -0.5512
vn 0.3934 -0.9169 -0.0677
vn 0.6838 -0.7093 0.1712
vn -0.2310 -0.9711 0.0594
vn -0.7281 -0.6401 -0.2451
vn 0.8163 -0.3720 0.4419
vn 0.6881 -0.4768 -0.5470
vn 0.8930 -0.4379 0.1041
vn 0.8327 -0.5453 0.0958
vn 0.6264 -0.5797 -0.5212
vn 0.2192 0.0677 0.9733
vn 0.0222 -0.5995 0.8001
vn 0.5325 0.0060 0.8464
vn 0.2729 -0.6461 0.7128
vn 0.5542 -0.0462 0.8311
vn 0.5196 -0.1723 0.8369
vn 0.7386 -0.0856 0.6686
vn 0.7351 -0.0406 0.6767
vn 0.7142 -0.1868 0.6746
vn 0.6108 -0.3574 0.7066
vn 0.3704 -0.3649 0.8542
vn 0.8595 -0.1838 0.4770
vn 0.8709 -0.1152 0.4778
vn 0.8102 -0.3267 0.4867
vn 0.5997 -0.6070 0.5214
vn 0.3018 -0.5990 0.7417
vn 0.9322 -0.2903 0.2163
vn 0.9565 -0.1880 0.2229
vn 0.7871 -0.5722 0.2303
vn 0.2748 -0.9350 0.2242
vn 0.0349 -0.8725 0.4875
vn 0.7897 -0.6130 0.0248
vn 0.9454 -0.3259 -0.0058
vn 0.3461 -0.9380 0.0173
vn -0.2076 -0.9763 -0.0611
vn -0.4041 -0.9082 0.1085
vn 0.3889 -0.8930 -0.2266
vn 0.7022 -0.6924 -0.1656
vn -0.0047 -0.9521 -0.3058
vn -0.3553 -0.8639 -0.3571
vn -0.5443 -0.8249 -0.1523
vn 0.1116 -0.8495 -0.5157
vn 0.4124 -0.7899 -0.4539
vn -0.2294 -0.8072 -0.5438
vn -0.4492 -0.7101 -0.5421
vn -0.5671 -0.7296 -0.3822
vn -0.1095 -0.6925 -0.7130
vn 0.1525 -0.7049 -0.6927
vn -0.3251 -0.6140 -0.7193
vn -0.2009 -0.4125 -0.8885
vn -0.0470 -0.4682 -0.8824
vn 0.0986 -0.8284 -0.5514
vn 0.0907 -0.4616 -0.8824
vn -0.1331 -0.8074 0.5748
vn -0.2245 -0.9669 -0.1215
vn 0.5106 -0.8592 -0.0319
vn 0.4304 -0.6131 -0.6625
vn 0.9506 0.3084 -0.0365
vn 0.4918 0.8569 0.1546
vn -0.4618 -0.3164 0.8286
vn -0.4615 0.0504 0.8857
vn 0.7747 -0.4240 0.4691
vn -0.8729 -0.4805 0.0852
vn -0.9827 0.0103 0.1850
vn 0.5375 -0.8171 0.2085
vn -0.5367 0.6459 0.5430
vn 0.2110 0.9763 0.0484
vn -0.2079 0.8614 -0.4635
vn -0.0500 0.9850 0.1649
vn -0.2738 0.7403 -0.6139
vn -0.2867 0.9230 0.2569
vn -0.5064 0.8128 0.2879
vn -0.4535 0.6521 -0.6075
vn -0.8115 -0.5072 0.2901
vn -0.8286 -0.5484 0.1129
vn 0.2244 -0.6927 -0.6855
vn 0.0709 -0.7219 -0.6883
vn 0.2013 -0.9783 0.0494
vn 0.3420 0.8285 -0.4434
vn -0.2944 0.8272 -0.4786
vn -0.4924 0.7372 -0.4627
vn -0.3059 0.6103 -0.7307
vn -0.2121 -0.9699 -0.1194
vn -0.3941 -0.5127 -0.7628
vn -0.1947 -0.5523 -0.8106
vn -0.5780 -0.4923 -0.6508
vn 0.5676 -0.5561 -0.6071
vn -0.5455 0.7971 0.2590
vn -0.4804 0.7433 0.4655
vn 0.6426 0.1351 -0.7542
vn 0.6112 0.3345 -0.7174
vn 0.4345 -0.6844 0.5855
vn 0.5213 -0.7485 0.4098
vn 0.8744 -0.0982 0.4752
vn 0.9600 -0.1584 0.2309
vn 0.5519 -0.8090 0.2022
vn 0.9610 -0.1540 0.2299
vn 0.9844 -0.1751 -0.0168
vn 0.9848 -0.1737 -0.0009
vn 0.9769 -0.2127 -0.0205
vn 0.9379 -0.2970 -0.1795
vn 0.9576 -0.2068 -0.2007
vn 0.8763 -0.4560 -0.1554
vn 0.7245 -0.5659 -0.3935
vn 0.8099 -0.4186 -0.4110
vn 0.5964 -0.6921 -0.4067
vn 0.4243 -0.6021 -0.6763
vn 0.4769 -0.5456 -0.6891
vn 0.3339 -0.6560 -0.6768
vn 0.1622 -0.4344 -0.8860
vn 0.2022 -0.4186 -0.8854
vn 0.2205 -0.4149 -0.8828
vn -0.7953 -0.5408 -0.2739
vn -0.7213 -0.5002 -0.4791
vn 0.3903 -0.0936 0.9159
vn 0.3499 -0.0190 0.9366
vn 0.7492 -0.1198 -0.6514
vn 0.7474 -0.2718 -0.6063
vn -0.0758 0.7871 -0.6121
vn -0.3017 0.8545 -0.4228
vn -0.4369 0.8760 -0.2044
vn -0.8121 -0.5777 -0.0821
vn 0.3667 -0.6255 -0.6887
vn -0.1911 -0.8624 0.4688
vn 0.0562 -0.8434 0.5344
vn 0.4821 -0.5568 -0.6764
vn -0.3906 0.7324 0.5577
vn -0.3577 0.7536 0.5514
vn -0.5260 0.8504 0.0110
vn -0.3440 0.7832 0.5179
vn -0.3001 0.8300 0.4701
vn -0.2182 0.8631 0.4554
vn 0.4810 0.6177 0.6222
vn 0.1502 -0.5740 0.8050
vn -0.7390 -0.4974 0.4545
vn 0.1441 -0.7885 0.5979
vn 0.2490 -0.3671 0.8962
vn -0.5748 -0.5139 0.6368
vn 0.2812 -0.1164 0.9526
vn 0.5687 -0.8226 -0.0052
vn 0.5846 -0.7872 -0.1963
vn 0.9644 -0.1659 -0.2060
vn 0.8829 -0.1655 -0.4395
vn 0.5098 -0.7703 -0.3830
vn 0.8623 -0.2689 -0.4291
vn 0.6525 -0.2574 -0.7127
vn 0.7121 -0.1228 -0.6913
vn 0.5539 -0.4321 -0.7117
vn 0.2875 -0.3418 -0.8947
vn 0.4087 -0.1585 -0.8988
vn 0.6424 -0.4532 -0.6180
vn 0.5527 -0.5211 -0.6503
vn 0.4720 -0.6396 -0.6067
vn 0.1426 -0.2900 0.9463
vn 0.0239 -0.7417 0.6703
vn 0.3843 -0.7278 -0.5680
vn 0.2211 -0.6670 -0.7115
vn 0.4911 -0.0288 -0.8706
vn -0.7080 -0.6743 -0.2099
vn -0.8182 -0.5708 -0.0694
vn -0.7113 -0.7029 -0.0064
vn -0.8136 -0.5631 0.1449
vn -0.5654 -0.7696 0.2967
vn -0.6608 -0.5976 0.4541
vn -0.2258 -0.7203 0.6559
vn -0.3621 -0.6008 0.7127
vn 0.0512 -0.5574 0.8287
vn -0.1239 -0.4913 0.8621
vn 0.1452 -0.1852 0.9719
vn 0.4958 -0.0684 -0.8657
vn -0.0757 0.6970 -0.7131
vn -0.0815 0.7588 -0.6462
vn -0.9201 0.3539 -0.1679
vn -0.9113 0.3877 -0.1384
vn -0.4646 -0.1514 0.8725
vn -0.4940 -0.1721 0.8523
vn 0.5576 -0.6970 -0.4508
vn -0.6180 -0.7187 0.3186
vn -0.6795 0.6586 0.3232
vn 0.0206 0.2859 -0.9580
vn -0.9127 -0.2767 0.3008
vn -0.9435 -0.1527 -0.2941
vn -0.8119 -0.2732 -0.5159
vn -0.5964 0.7999 0.0672
vn -0.5951 0.8023 -0.0461
vn -0.1525 -0.3949 0.9060
vn -0.1777 -0.2219 0.9587
vn -0.3016 -0.1523 0.9412
vn -0.2937 -0.4201 0.8587
vn 0.0758 0.6799 -0.7294
vn -0.9808 -0.0890 -0.1734
vn -0.7005 0.6695 -0.2471
vn -0.5821 -0.7831 -0.2189
vn -0.8716 -0.0124 -0.4901
vn -0.6208 -0.5626 -0.5459
vn -0.6534 -0.6021 -0.4589
vn 0.0335 0.9972 -0.0673
vn -0.0090 0.9983 -0.0576
vn 0.0769 -0.8508 -0.5198
vn -0.6527 0.7181 -0.2417
vn -0.8063 0.5069 -0.3050
vn -0.6378 0.7643 0.0954
vn -0.0324 0.9994 -0.0151
vn -0.9596 0.2283 -0.1643
vn 0.1586 -0.8512 -0.5003
vn 0.2296 -0.8548 -0.4654
vn 0.0002 0.9932 -0.1167
vn -0.5837 -0.1508 -0.7978
vn -0.0304 0.7556 -0.6544
vn -0.0653 0.7599 -0.6467
vn -0.0604 0.7011 -0.7105
vn -0.0161 -0.5618 -0.8271
vn 0.1030 -0.6189 -0.7787
vn -0.4511 -0.3508 -0.8206
vn -0.5313 -0.2414 -0.8120
vn -0.8510 -0.1458 -0.5045
vn -0.8237 -0.2291 -0.5187
vn 0.2704 -0.8684 -0.4157
vn -0.8611 -0.0988 -0.4988
vn 0.2981 -0.9092 -0.2906
vn 0.1795 -0.9727 -0.1469
vn -0.7612 -0.3506 -0.5456
vn -0.8651 -0.0587 -0.4981
vn -0.9436 0.2330 -0.2351
vn -0.6097 -0.0589 -0.7904
vn 0.2944 -0.8821 -0.3677
vn -0.6679 -0.4762 -0.5719
vn -0.4848 -0.0535 -0.8730
vn -0.3578 0.6610 -0.6596
vn 0.5342 0.2166 -0.8171
vn -0.4235 0.3625 0.8302
vn -0.3949 0.4882 0.7783
vn -0.4668 0.5849 0.6633
vn -0.5560 0.4324 0.7099
vn -0.3705 0.9019 0.2219
vn -0.4218 0.8830 0.2059
vn -0.3684 0.9057 -0.2100
vn -0.3318 0.9298 -0.1591
vn -0.3886 0.7818 0.4877
vn -0.3549 0.8063 0.4732
vn -0.3647 0.7313 0.5764
vn -0.3513 0.7324 0.5833
vn -0.4428 0.6162 0.6514
vn -0.4377 0.5873 0.6808
vn -0.0647 0.4862 -0.8715
vn -0.0397 0.4021 -0.9147
vn -0.0479 0.4077 -0.9118
vn -0.0777 0.4972 -0.8641
vn -0.1022 0.5072 -0.8557
vn -0.0710 0.4147 -0.9072
vn -0.1386 0.6585 -0.7397
vn -0.1621 0.6724 -0.7222
vn -0.1242 0.6425 -0.7561
vn -0.2344 0.8228 -0.5177
vn -0.2366 0.8377 -0.4922
vn -0.2352 0.7944 -0.5601
vn -0.2968 0.9461 -0.1297
vn -0.2849 0.9538 -0.0955
vn -0.2146 0.8625 -0.4583
vn -0.3255 0.9176 0.2282
vn -0.3156 0.9205 0.2306
vn -0.3246 0.8338 0.4466
vn -0.3170 0.8474 0.4259
vn -0.3395 0.7237 0.6009
vn -0.3296 0.7026 0.6306
vn -0.3904 0.5371 0.7477
vn -0.3308 0.5139 0.7915
vn -0.4207 0.4130 0.8077
vn -0.3147 0.4053 0.8583
vn -0.5289 0.4405 0.7254
vn -0.5435 0.4682 0.6967
vn -0.5590 0.4271 0.7108
vn -0.4243 0.3869 0.8187
vn -0.5705 0.4394 0.6938
vn -0.1092 0.5189 -0.8478
vn -0.0917 0.4193 -0.9032
vn -0.0878 0.4165 -0.9049
vn -0.0839 0.5248 -0.8471
vn -0.1503 0.6978 -0.7004
vn -0.1066 0.7285 -0.6767
vn -0.1799 0.8986 -0.4002
vn -0.2650 0.8977 -0.3521
vn -0.1765 0.7286 -0.6618
vn -0.2644 0.9634 -0.0441
vn -0.3378 0.9412 -0.0100
vn -0.3023 0.9236 0.2359
vn -0.3746 0.8924 0.2516
vn -0.3198 0.8363 0.4454
vn -0.3880 0.7859 0.4814
vn -0.3283 0.6706 0.6652
vn -0.3638 0.6438 0.6732
vn -0.3141 0.5192 0.7949
vn -0.3284 0.5190 0.7892
vn -0.2980 0.4091 0.8625
vn -0.3162 0.3797 0.8694
vn -0.2963 0.3433 0.8912
vn -0.3348 0.3132 0.8887
vn -0.3022 0.3558 0.8843
vn -0.1186 0.5100 -0.8520
vn -0.0997 0.4034 -0.9096
vn -0.1723 0.3760 -0.9104
vn -0.2318 0.4672 -0.8532
vn -0.3519 0.6725 -0.6511
vn -0.5555 0.5357 -0.6359
vn -0.3669 0.3929 -0.8432
vn -0.4618 0.8197 -0.3388
vn -0.6953 0.6273 -0.3507
vn -0.5204 0.8538 -0.0124
vn -0.7529 0.6562 -0.0503
vn -0.5333 0.8012 0.2714
vn -0.7330 0.6270 0.2638
vn -0.5145 0.6995 0.4960
vn -0.6603 0.5440 0.5177
vn -0.7208 0.4276 0.5455
vn -0.8286 0.4966 0.2584
vn -0.5687 0.3438 0.7472
vn -0.4292 0.2975 0.8528
vn -0.2655 0.3287 -0.9063
vn -0.3254 0.2959 -0.8981
vn -0.4495 0.3512 -0.8214
vn -0.6620 0.4468 -0.6018
vn -0.7992 0.4951 -0.3409
vn -0.8543 0.5158 -0.0642
vn -0.3436 -0.1036 0.9334
vn -0.2738 -0.0082 0.9617
vn -0.2093 -0.1861 0.9600
vn -0.2736 -0.1746 0.9459
vn -0.3847 0.1315 0.9136
vn -0.3242 0.2350 0.9163
vn -0.3060 0.1993 0.9310
vn -0.3258 0.0575 0.9437
vn -0.3367 0.2632 0.9041
vn -0.3991 0.2073 0.8931
vn -0.4662 -0.1052 0.8784
vn -0.3250 -0.1922 0.9260
vn -0.5089 0.0081 0.8608
vn -0.4989 -0.2474 0.8306
vn -0.3170 -0.2694 0.9094
vn -0.6181 -0.1632 0.7690
vn -0.0993 0.1630 -0.9816
vn -0.0862 0.1643 -0.9826
vn -0.0838 0.0286 -0.9961
vn -0.0813 0.0179 -0.9965
vn -0.0942 0.2334 -0.9678
vn -0.1237 0.2289 -0.9656
vn -0.5853 0.0232 0.8105
vn -0.5940 0.1091 0.7970
vn -0.8074 0.1423 0.5726
vn -0.7975 0.0489 0.6013
vn -0.4265 0.1235 0.8960
vn -0.4176 0.0132 0.9085
vn -0.3275 0.1583 0.9315
vn -0.3312 0.0185 0.9434
vn -0.5594 -0.0575 0.8269
vn -0.7846 -0.0523 0.6178
vn -0.5279 0.0585 0.8473
vn -0.7870 0.0347 0.6160
vn -0.5379 0.1853 0.8224
vn -0.7941 0.1689 0.5838
vn -0.3312 0.1702 0.9281
vn -0.5530 0.1952 0.8100
vn -0.7962 0.2087 0.5679
vn -0.3806 0.1813 0.9068
vn -0.4039 0.1596 0.9007
vn -0.5648 0.1842 0.8044
vn -0.0859 -0.0669 -0.9941
vn -0.0524 -0.0793 -0.9955
vn -0.0731 0.0054 -0.9973
vn -0.0947 -0.0547 -0.9940
vn -0.0808 -0.0094 -0.9967
vn -0.0297 -0.0954 -0.9950
vn -0.1403 0.1486 -0.9789
vn -0.1892 0.1240 -0.9741
vn -0.1792 0.2006 -0.9631
vn -0.3055 0.1801 -0.9350
vn -0.5836 0.2143 -0.7833
vn -0.5409 0.2358 -0.8074
vn -0.3878 0.1641 -0.9070
vn -0.7486 0.2939 -0.5943
vn -0.7890 0.2390 -0.5660
vn -0.8857 0.2990 -0.3550
vn -0.9198 0.2257 -0.3211
vn -0.9577 0.2715 -0.0955
vn -0.9839 0.1744 -0.0388
vn -0.9475 0.2118 0.2396
vn -0.9500 0.1032 0.2947
vn -0.9378 -0.0202 0.3466
vn -0.9979 0.0553 0.0333
vn -0.9230 0.0023 0.3849
vn -0.9934 0.0066 0.1141
vn -0.9245 0.1128 0.3641
vn -0.9883 0.0577 0.1409
vn -0.9230 0.1920 0.3336
vn -0.9811 0.1533 0.1183
vn -0.9219 0.2089 0.3263
vn -0.9779 0.1809 0.1045
vn -0.7968 0.2131 0.5655
vn -0.0959 -0.0377 -0.9947
vn -0.0223 -0.1291 -0.9914
vn -0.0189 -0.1936 -0.9809
vn -0.1079 -0.0950 -0.9896
vn -0.2374 0.0819 -0.9680
vn -0.2774 0.0214 -0.9605
vn -0.4431 0.0917 -0.8918
vn -0.4827 0.0227 -0.8755
vn -0.2942 -0.0419 -0.9548
vn -0.6467 0.1381 -0.7502
vn -0.6965 0.0639 -0.7147
vn -0.8367 0.1527 -0.5260
vn -0.8790 0.0728 -0.4712
vn -0.9555 0.1231 -0.2680
vn -0.9807 0.0444 -0.1905
vn -0.9919 0.0319 -0.1230
vn -0.9130 0.0381 -0.4061
vn -0.9883 0.1188 -0.0956
vn -0.9336 0.1203 -0.3374
vn -0.9831 0.1621 -0.0850
vn -0.9424 0.1807 -0.2815
vn -0.0952 -0.1393 -0.9857
vn 0.0154 -0.1980 -0.9801
vn 0.0870 -0.0232 -0.9959
vn -0.0455 -0.0060 -0.9989
vn -0.2902 0.0360 -0.9563
vn -0.3081 0.1638 -0.9371
vn -0.0338 0.1333 -0.9905
vn -0.5199 0.0513 -0.8527
vn -0.5678 0.1643 -0.8066
vn -0.7427 0.0492 -0.6679
vn -0.7888 0.1447 -0.5974
vn -0.8183 0.2119 -0.5343
vn -0.6039 0.2165 -0.7671
vn 0.1106 0.1140 -0.9873
vn 0.0893 0.1049 -0.9905
vn -0.0580 0.1357 -0.9891
vn -0.3386 0.1887 -0.9218
vn 0.3941 -0.8267 -0.4015
vn -0.6451 0.2631 0.7174
vn -0.7430 0.3938 0.5411
vn -0.5567 0.4959 0.6664
vn -0.4826 0.3849 0.7867
vn -0.8768 0.4284 0.2183
vn -0.4463 0.1865 -0.8753
vn -0.7165 0.2702 -0.6431
vn -0.2005 0.1642 -0.9658
vn -0.8931 0.3725 -0.2522
vn -0.1882 0.2737 0.9432
vn -0.3503 0.3001 0.8872
vn -0.4574 0.1665 0.8735
vn -0.2439 0.1023 0.9644
vn -0.3651 0.3515 0.8621
vn -0.4543 0.3350 0.8255
vn -0.4596 0.3116 0.8316
vn -0.3440 0.3313 0.8786
vn -0.3470 -0.0706 0.9352
vn -0.4507 -0.0769 0.8894
vn -0.3313 -0.6310 0.7015
vn -0.2497 -0.6317 0.7338
vn -0.4921 0.5964 0.6342
vn -0.5667 0.4766 0.6721
vn -0.3623 0.4708 0.8044
vn -0.3554 0.6201 0.6994
vn -0.6045 0.2221 0.7650
vn -0.5819 0.3988 0.7087
vn -0.6714 0.3583 0.6487
vn -0.7446 -0.1687 0.6459
vn -0.7438 -0.2284 0.6282
vn -0.8822 -0.2316 0.4101
vn -0.8860 -0.1541 0.4374
vn -0.2953 0.4450 0.8454
vn -0.3610 0.3980 0.8434
vn -0.2804 0.3959 0.8744
vn -0.2142 0.3807 0.8996
vn -0.2419 0.4183 0.8755
vn -0.2719 0.3505 0.8962
vn -0.1944 0.3438 0.9187
vn -0.0990 0.3346 0.9372
vn -0.1810 0.3231 0.9289
vn -0.0884 0.3180 0.9440
vn -0.1145 0.3622 0.9251
vn -0.2579 0.3294 0.9083
vn -0.2415 0.3011 0.9225
vn -0.1682 0.3009 0.9387
vn -0.3230 0.2925 0.9001
vn -0.3125 0.2262 0.9226
vn -0.2316 0.2540 0.9391
vn -0.4363 0.2531 0.8635
vn -0.4253 0.1653 0.8898
vn -0.4285 0.0728 0.9006
vn -0.3172 0.1415 0.9378
vn -0.5754 0.0531 0.8162
vn -0.5861 0.1485 0.7965
vn -0.5775 -0.0484 0.8150
vn -0.5950 -0.1538 0.7889
vn -0.4464 -0.0332 0.8942
vn -0.7527 -0.2121 0.6233
vn -0.7631 -0.1368 0.6316
vn -0.6195 -0.1659 0.7672
vn -0.8855 -0.3295 0.3275
vn -0.8873 -0.2948 0.3548
vn -0.1370 0.3955 0.9082
vn -0.1444 0.5902 0.7942
vn -0.2387 0.5947 0.7677
vn -0.2801 0.6066 0.7441
vn -0.7911 -0.4631 0.3995
vn -0.6424 -0.5481 0.5357
vn -0.7714 -0.0901 0.6299
vn -0.9054 -0.0927 0.4143
vn -0.7749 -0.0552 0.6297
vn -0.8950 -0.2982 0.3317
vn -0.6453 -0.0898 0.7586
vn -0.7589 -0.0989 0.6436
vn -0.6548 -0.0866 0.7508
vn -0.7487 -0.1164 0.6526
vn -0.6370 -0.1149 0.7623
vn -0.5136 -0.1103 0.8509
vn -0.5306 -0.0825 0.8436
vn -0.4791 -0.1162 0.8701
vn -0.3624 -0.0475 0.9308
vn -0.3977 -0.0877 0.9133
vn -0.3355 0.0493 0.9408
vn -0.2486 0.0987 0.9635
vn -0.2644 0.0015 0.9644
vn -0.2351 0.1852 0.9542
vn -0.1590 0.2121 0.9642
vn -0.1672 0.1289 0.9775
vn -0.1585 0.2647 0.9512
vn -0.0732 0.2686 0.9605
vn -0.0691 0.2245 0.9720
vn -0.0798 0.2990 0.9509
vn -0.8891 -0.1301 0.4388
vn -0.6024 0.4065 0.6869
vn -0.5426 -0.0841 0.8358
vn -0.5169 -0.5941 0.6164
vn -0.4111 -0.6199 0.6683
vn -0.1017 -0.0726 0.9922
vn -0.0653 -0.6413 0.7645
vn -0.2267 -0.0702 0.9714
vn -0.1553 -0.6364 0.7556
vn -0.4313 -0.0684 0.8996
vn -0.3286 -0.0495 0.9432
vn -0.2928 -0.0527 0.9547
vn -0.1934 -0.0233 0.9809
vn -0.2180 -0.0334 0.9754
vn -0.1756 0.0286 0.9840
vn -0.0806 0.0469 0.9956
vn -0.0936 -0.0077 0.9956
vn -0.0693 0.1460 0.9869
vn -0.9308 -0.1318 0.3410
vn -0.9107 -0.2235 0.3474
vn -0.7905 0.0225 0.6120
vn -0.8402 0.1353 0.5251
vn -0.1008 -0.0261 0.9946
vn -0.8951 -0.1114 0.4318
vn -0.5792 -0.1172 0.8067
vn -0.6221 -0.0961 0.7770
vn -0.4870 -0.0987 0.8678
vn -0.4969 -0.1013 0.8619
vn -0.6484 0.1772 0.7404
vn -0.3225 -0.1343 0.9370
vn -0.6507 0.0128 0.7592
vn -0.2841 0.0731 0.9560
vn -0.1791 0.0463 0.9827
vn -0.0736 -0.5219 0.8498
vn -0.1778 -0.5172 0.8372
vn -0.3231 0.2037 0.9242
vn -0.1303 0.3423 0.9305
vn -0.0040 0.0004 1.0000
vn -0.4402 -0.0002 0.8979
vn -0.0293 0.4374 0.8988
vn -0.2904 -0.5064 0.8119
vn -0.5373 -0.0885 0.8387
vn -0.4948 -0.0893 0.8644
vn -0.5062 -0.0794 0.8588
vn -0.5853 -0.0590 0.8087
vn -0.6734 -0.4890 -0.5545
vn -0.7410 -0.3753 -0.5568
vn -0.5273 -0.0571 0.8477
vn -0.4462 -0.4007 0.8002
vn -0.3829 0.0228 0.9235
vn -0.7593 -0.2439 0.6033
vn -0.4693 0.1578 0.8689
vn -0.3869 -0.4870 0.7830
vn -0.3495 -0.0844 0.9331
vn -0.4820 -0.4572 0.7474
vn -0.6141 -0.3939 0.6840
vn -0.8550 -0.1493 -0.4966
vn -0.8189 -0.2427 -0.5200
vn -0.4794 -0.1034 0.8715
vn -0.4651 -0.1109 0.8783
vn -0.4926 -0.0534 0.8686
vn -0.4830 -0.0689 0.8729
vn -0.3268 0.3741 0.8679
vn -0.0460 0.4145 0.9089
vn 0.0671 -0.9890 -0.1319
vn -0.5914 -0.5828 -0.5573
vn -0.7107 -0.3588 0.6051
vn -0.7225 -0.2908 0.6272
vn -0.9457 0.2654 -0.1879
vn -0.9520 0.2889 -0.1013
vn -0.1303 0.3260 0.9363
vn -0.8012 0.0387 -0.5972
vn -0.8298 0.5465 -0.1131
vn -0.8685 -0.0581 -0.4922
vn -0.8652 -0.0997 -0.4914
vn -0.4809 -0.0877 0.8724
vn -0.4868 -0.2941 0.8225
vn -0.7405 -0.1563 0.6537
vn -0.0309 0.9993 -0.0186
vn -0.0216 0.9998 0.0004
vn -0.3615 0.0503 0.9310
vn -0.4445 0.0028 0.8958
vn -0.6975 0.6992 -0.1568
vn -0.8420 0.5120 -0.1700
vn 0.2136 -0.9468 -0.2406
vn -0.1059 0.0942 0.9899
vn -0.3573 -0.0554 0.9323
vn -0.5840 -0.4030 0.7047
vn 0.0722 -0.8738 -0.4809
vn -0.0723 -0.4908 0.8682
vn -0.6736 -0.5465 -0.4977
vn -0.7311 -0.5569 -0.3941
vn -0.6458 0.1413 0.7503
vn -0.6372 -0.0032 0.7707
vn 0.1459 -0.8769 -0.4580
vn -0.1763 -0.4883 0.8547
vn -0.0031 0.9986 -0.0532
vn -0.0284 0.9994 -0.0177
vn -0.8767 -0.0181 -0.4807
vn -0.1713 0.0769 0.9822
vn -0.2932 0.0326 0.9555
vn -0.5583 0.7665 -0.3175
vn -0.2867 -0.4827 0.8275
vn 0.2055 -0.8834 -0.4212
vn -0.3822 -0.4739 0.7933
vn 0.2485 -0.8876 -0.3879
vn 0.2536 -0.9082 -0.3330
vn -0.4669 -0.4529 0.7595
vn -0.2950 -0.4837 -0.8240
vn -0.3158 -0.5020 -0.8051
vn -0.3223 -0.4463 -0.8348
vn -0.9670 -0.1724 0.1875
vn -0.9596 -0.1891 0.2082
vn -0.9720 -0.1650 0.1671
vn -0.9752 -0.1615 0.1512
vn -0.9791 -0.1894 -0.0737
vn -0.9735 -0.2258 -0.0350
vn -0.9836 -0.1557 -0.0915
vn -0.9883 -0.1160 -0.0993
vn -0.9839 -0.1259 0.1266
vn -0.9424 -0.1369 -0.3052
vn -0.9348 -0.2089 -0.2874
vn -0.9464 -0.0876 -0.3108
vn -0.9458 -0.0343 -0.3230
vn -0.9927 -0.0523 -0.1091
vn -0.8624 -0.0555 -0.5031
vn -0.8587 -0.1147 -0.4996
vn -0.8579 -0.0254 -0.5132
vn -0.8374 0.0133 -0.5465
vn -0.9354 0.0352 -0.3518
vn -0.7123 -0.0050 -0.7019
vn -0.7149 -0.0226 -0.6989
vn -0.7059 -0.0045 -0.7083
vn -0.6773 0.0284 -0.7352
vn -0.7991 0.0738 -0.5966
vn -0.5450 0.0086 -0.8384
vn -0.5417 0.0187 -0.8403
vn -0.5492 0.0111 -0.8356
vn -0.5415 0.0592 -0.8386
vn -0.6386 0.0747 -0.7659
vn -0.3963 0.0360 -0.9174
vn -0.3833 0.0351 -0.9229
vn -0.4128 0.0733 -0.9079
vn -0.4121 0.2074 -0.8872
vn -0.5200 0.2144 -0.8268
vn -0.6056 0.2258 -0.7630
vn -0.7282 0.2145 -0.6510
vn -0.7607 0.0979 -0.6416
vn -0.8968 0.1063 -0.4294
vn -0.8709 0.1777 -0.4582
vn -0.9164 0.0989 -0.3879
vn -0.9861 0.0857 -0.1426
vn -0.9809 0.0908 -0.1719
vn -0.9919 0.0285 -0.1241
vn -0.9966 0.0027 0.0824
vn -0.9959 0.0517 0.0743
vn -0.9929 -0.0665 0.0986
vn -0.9688 -0.0244 0.2465
vn -0.9578 -0.2107 0.1954
vn -0.9528 -0.2339 0.1937
vn -0.9595 -0.1927 0.2054
vn -0.9597 -0.1810 0.2148
vn -0.9726 -0.2325 0.0100
vn -0.9661 -0.2579 0.0117
vn -0.9754 -0.2205 0.0074
vn -0.9745 -0.2245 0.0063
vn -0.9586 -0.1838 0.2176
vn -0.9369 -0.2765 -0.2141
vn -0.9360 -0.2944 -0.1927
vn -0.9358 -0.2658 -0.2315
vn -0.9307 -0.2764 -0.2396
vn -0.9710 -0.2390 -0.0036
vn -0.8366 -0.3072 -0.4536
vn -0.8382 -0.3482 -0.4197
vn -0.8345 -0.2894 -0.4689
vn -0.8357 -0.2769 -0.4743
vn -0.9274 -0.2710 -0.2579
vn -0.6848 -0.2807 -0.6725
vn -0.6762 -0.3346 -0.6564
vn -0.6957 -0.2494 -0.6737
vn -0.7107 -0.1900 -0.6774
vn -0.8480 -0.2086 -0.4871
vn -0.5200 -0.2123 -0.8274
vn -0.5060 -0.2668 -0.8203
vn -0.5403 -0.1590 -0.8263
vn -0.5551 -0.0791 -0.8280
vn -0.7184 -0.0938 -0.6893
vn -0.3684 -0.1230 -0.9215
vn -0.3481 -0.1850 -0.9190
vn -0.3875 -0.0593 -0.9200
vn -0.3919 -0.0047 -0.9200
vn -0.5506 -0.0090 -0.8347
vn -0.3849 0.0282 -0.9225
vn -0.9703 0.1262 -0.2063
vn -0.9966 0.0772 0.0277
vn -0.9966 0.0609 0.0560
vn -0.9705 0.0235 0.2399
vn -0.9743 0.0315 0.2232
vn -0.9694 0.0098 0.2451
vn -0.9110 -0.0360 0.4109
vn -0.9154 -0.0162 0.4023
vn -0.9058 -0.0517 0.4205
vn -0.7945 -0.0786 0.6021
vn -0.8063 -0.0746 0.5868
vn -0.6624 -0.1011 0.7423
vn -0.9541 -0.2988 0.0188
vn -0.9157 -0.3745 -0.1457
vn -0.9316 -0.3213 -0.1698
vn -0.8533 -0.4109 -0.3210
vn -0.8426 -0.4586 -0.2824
vn -0.8458 -0.3847 -0.3696
vn -0.6775 -0.4752 -0.5614
vn -0.7001 -0.5093 -0.5004
vn -0.6722 -0.4063 -0.6189
vn -0.4899 -0.4403 -0.7524
vn -0.4856 -0.5234 -0.7002
vn -0.4967 -0.3480 -0.7951
vn -0.3327 -0.3691 -0.8678
vn -0.3366 -0.2664 -0.9032
vn -0.9210 -0.0148 0.3894
vn -0.8326 -0.0569 0.5509
vn -0.8194 -0.0533 0.5708
vn -0.6798 -0.0881 0.7281
vn -0.6971 -0.0891 0.7114
vn -0.6695 -0.1043 0.7355
vn -0.5098 -0.5619 -0.6514
vn -0.5425 -0.5842 -0.6037
vn -0.7137 -0.5389 -0.4474
vn -0.3652 -0.5105 -0.7784
vn 0.0657 0.2936 -0.9537
vn 0.0591 -0.0052 -0.9982
vn 0.0180 -0.0366 -0.9992
vn 0.0961 0.0454 -0.9943
vn 0.1074 0.1046 -0.9887
vn 0.1752 0.0241 -0.9842
vn 0.1390 -0.0433 -0.9893
vn 0.1947 0.1050 -0.9752
vn 0.1921 0.1940 -0.9620
vn 0.0947 0.1768 -0.9797
vn 0.1611 0.3230 -0.9326
vn 0.1988 -0.1373 -0.9704
vn -0.0162 -0.0637 -0.9978
vn -0.0158 -0.1129 -0.9935
vn -0.0059 -0.0459 -0.9989
vn 0.0567 -0.0625 -0.9964
vn 0.0296 -0.0776 -0.9965
vn 0.0942 -0.0702 -0.9931
vn 0.1444 -0.2286 -0.9628
vn 0.0982 -0.2911 -0.9516
vn 0.1826 -0.2594 -0.9484
vn 0.1464 -0.3383 -0.9296
vn 0.0821 -0.3004 -0.9503
vn 0.0455 -0.2453 -0.9684
vn 0.0112 -0.1643 -0.9863
vn 0.0139 -0.1902 -0.9817
vn 0.0105 -0.1174 -0.9930
vn -0.1165 -0.1087 -0.9872
vn 0.6674 -0.6436 -0.3747
vn 0.5418 -0.5946 -0.5940
vn -0.7194 -0.6701 0.1828
vn -0.6514 -0.7076 0.2739
vn 0.0067 -0.8154 -0.5789
vn -0.0079 -0.8461 -0.5330
vn 0.5122 -0.7633 0.3937
vn 0.5890 -0.7385 0.3281
vn 0.2279 -0.9730 -0.0376
vn 0.4742 -0.8708 0.1294
vn 0.7351 -0.6630 -0.1415
vn -0.5890 -0.7385 0.3282
vn 0.6514 -0.7076 0.2739
vn 0.7194 -0.6701 0.1827
vn -0.7351 -0.6630 -0.1415
vn -0.7653 -0.6429 0.0304
vn -0.6674 -0.6436 -0.3746
vn 0.1485 -0.9713 0.1857
vn -0.3573 -0.4853 -0.7980
vn -0.4378 -0.5321 -0.7247
vn 0.0079 -0.8461 -0.5330
vn -0.0245 -0.9841 0.1757
vn -0.0000 -0.9857 0.1686
vn -0.1061 -0.9082 -0.4048
vn 0.0093 -0.8521 -0.5232
vn -0.5122 -0.7633 0.3937
vn 0.7653 -0.6429 0.0304
vn -0.5418 -0.5946 -0.5940
vn 0.2509 -0.4785 -0.8415
vn 0.2723 -0.8020 -0.5316
vn -0.1485 -0.9713 0.1857
vn -0.0786 -0.9797 0.1845
vn 0.4378 -0.5320 -0.7247
vn 0.3573 -0.4853 -0.7981
vn -0.2722 -0.8020 -0.5316
vn -0.2509 -0.4785 -0.8415
vn 0.1061 -0.9083 -0.4047
vn -0.0094 -0.8521 -0.5232
vn -0.2279 -0.9730 -0.0376
vn -0.4742 -0.8708 0.1294
vn 0.0786 -0.9797 0.1845
vn 0.0245 -0.9841 0.1757
vn 0.9358 0.3503 -0.0394
vn 0.9102 0.3986 0.1122
vn 0.3031 0.3325 0.8931
vn 0.8152 0.5079 0.2785
vn 0.8906 0.4301 -0.1475
vn 0.8844 0.4377 -0.1618
vn 0.3890 0.6575 0.6453
vn 0.8357 0.5444 0.0721
vn 0.8136 0.5810 0.0247
vn 0.7652 0.6432 0.0266
vn 0.8734 0.4665 0.1396
vn 0.8596 0.5083 0.0527
vn 0.9324 0.0662 0.3552
vn 0.8466 0.4939 -0.1981
vn 0.8673 0.4685 -0.1684
vn 0.8738 0.3614 0.3254
vn 0.7451 0.5823 -0.3253
vn 0.7474 0.1933 0.6357
vn 0.6973 0.5205 -0.4928
vn 0.8479 0.4994 -0.1780
vn 0.8857 0.4332 0.1671
vn 0.8733 0.4523 -0.1813
vn 0.3070 -0.9515 0.0221
vn 0.2993 -0.9542 -0.0014
vn -0.6470 -0.6442 -0.4080
vn -0.7391 -0.6336 -0.2289
vn 0.2776 -0.9601 -0.0345
vn 0.2811 -0.9585 -0.0471
vn -0.2811 -0.9585 -0.0471
vn -0.2776 -0.9601 -0.0345
vn 0.7828 -0.6175 -0.0774
vn 0.7390 -0.6336 -0.2289
vn -0.5232 -0.6511 -0.5499
vn 0.2596 -0.9655 -0.0210
vn 0.6470 -0.6442 -0.4081
vn -0.6621 -0.6497 0.3735
vn -0.5210 -0.6858 0.5082
vn 0.2160 -0.7035 -0.6770
vn 0.3921 -0.8121 -0.4321
vn -0.2160 -0.7035 -0.6770
vn -0.3768 -0.6720 -0.6375
vn -0.3921 -0.8121 -0.4321
vn -0.2873 -0.9577 -0.0173
vn -0.2891 -0.9564 -0.0417
vn 0.6621 -0.6497 0.3735
vn 0.7254 -0.6418 0.2487
vn -0.2993 -0.9542 -0.0014
vn -0.3070 -0.9515 0.0221
vn 0.5210 -0.6858 0.5081
vn 0.5054 -0.8254 0.2517
vn -0.5054 -0.8254 0.2517
vn 0.2840 -0.9577 -0.0457
vn 0.2891 -0.9564 -0.0417
vn -0.2160 -0.9758 -0.0349
vn -0.2892 -0.9570 0.0224
vn 0.2160 -0.9758 -0.0349
vn 0.5232 -0.6511 -0.5499
vn 0.3767 -0.6720 -0.6375
vn 0.2892 -0.9570 0.0224
vn -0.7828 -0.6175 -0.0773
vn -0.7700 -0.6322 0.0861
vn -0.7254 -0.6418 0.2487
vn 0.2873 -0.9577 -0.0173
vn -0.2596 -0.9655 -0.0210
vn 0.7700 -0.6322 0.0860
vn -0.2840 -0.9577 -0.0457
vt 0.337460 0.450826
vt 0.342334 0.455575
vt 0.338783 0.459756
vt 0.331938 0.455411
vt 0.329958 0.450064
vt 0.335061 0.447471
vt 0.410510 0.793305
vt 0.409772 0.799932
vt 0.407069 0.799783
vt 0.407833 0.792989
vt 0.304006 0.451695
vt 0.299039 0.461805
vt 0.291021 0.458656
vt 0.295594 0.447119
vt 0.666069 0.617410
vt 0.660274 0.622721
vt 0.652355 0.615022
vt 0.657396 0.606960
vt 0.655685 0.596713
vt 0.664474 0.595416
vt 0.668087 0.604028
vt 0.673954 0.613998
vt 0.917728 0.774408
vt 0.923042 0.769598
vt 0.930311 0.777683
vt 0.924581 0.786129
vt 0.940204 0.782318
vt 0.937404 0.790588
vt 0.936830 0.799546
vt 0.925251 0.798074
vt 0.553922 0.585281
vt 0.554243 0.594170
vt 0.545335 0.594840
vt 0.545012 0.585743
vt 0.576942 0.671195
vt 0.572248 0.683378
vt 0.563997 0.680438
vt 0.569124 0.667035
vt 0.567061 0.704016
vt 0.565166 0.714909
vt 0.556440 0.714021
vt 0.558097 0.702306
vt 0.917020 0.761070
vt 0.912483 0.764388
vt 0.277931 0.506347
vt 0.283679 0.505433
vt 0.287240 0.513924
vt 0.282891 0.516938
vt 0.279598 0.494746
vt 0.285290 0.496730
vt 0.281649 0.485972
vt 0.288241 0.488179
vt 0.283764 0.477458
vt 0.290499 0.480179
vt 0.287241 0.468591
vt 0.294761 0.472023
vt 0.314605 0.390097
vt 0.316262 0.396637
vt 0.306724 0.398481
vt 0.305596 0.391626
vt 0.304861 0.384393
vt 0.313434 0.383316
vt 0.304538 0.376895
vt 0.312808 0.376458
vt 0.632866 0.517078
vt 0.636453 0.523958
vt 0.630482 0.527066
vt 0.627350 0.520826
vt 0.623613 0.514941
vt 0.628895 0.509961
vt 0.306354 0.361626
vt 0.309805 0.354526
vt 0.317795 0.357537
vt 0.314286 0.363377
vt 0.312893 0.369745
vt 0.304893 0.369285
vt 0.445010 0.762316
vt 0.445458 0.771290
vt 0.436669 0.771938
vt 0.435940 0.762316
vt 0.551861 0.622945
vt 0.548070 0.634480
vt 0.539268 0.631938
vt 0.543747 0.620301
vt 0.569217 0.693956
vt 0.560570 0.691761
vt 0.446338 0.784403
vt 0.446454 0.797847
vt 0.437759 0.798430
vt 0.437306 0.784677
vt 0.948146 0.800902
vt 0.947952 0.808476
vt 0.936661 0.808476
vt 0.925455 0.808476
vt 0.553869 0.602618
vt 0.553987 0.612394
vt 0.545169 0.610805
vt 0.544754 0.602501
vt 0.457065 0.551093
vt 0.457590 0.563305
vt 0.449000 0.563476
vt 0.448119 0.551224
vt 0.949081 0.793261
vt 0.950801 0.785415
vt 0.310572 0.454719
vt 0.315657 0.457009
vt 0.310834 0.465626
vt 0.305363 0.463585
vt 0.316419 0.446727
vt 0.320838 0.448842
vt 0.311575 0.443297
vt 0.306232 0.438765
vt 0.318235 0.436988
vt 0.321665 0.440326
vt 0.314564 0.432323
vt 0.322135 0.428134
vt 0.325079 0.432564
vt 0.327519 0.420170
vt 0.331853 0.425410
vt 0.318370 0.422929
vt 0.314737 0.417229
vt 0.324185 0.414928
vt 0.311290 0.411109
vt 0.321224 0.409237
vt 0.648417 0.551344
vt 0.651314 0.558177
vt 0.644598 0.560717
vt 0.641860 0.553951
vt 0.639045 0.547154
vt 0.645495 0.544516
vt 0.636182 0.540368
vt 0.642576 0.537672
vt 0.297908 0.360637
vt 0.289371 0.359747
vt 0.291901 0.351582
vt 0.300863 0.352869
vt 0.281089 0.359336
vt 0.282376 0.349819
vt 0.623531 0.170377
vt 0.634416 0.170097
vt 0.634225 0.177726
vt 0.623313 0.177726
vt 0.611999 0.177726
vt 0.612096 0.170159
vt 0.612403 0.162359
vt 0.623944 0.162612
vt 0.612679 0.154222
vt 0.624011 0.154314
vt 0.612727 0.146036
vt 0.623684 0.145930
vt 0.612463 0.138037
vt 0.622698 0.137789
vt 0.611650 0.130330
vt 0.621222 0.129744
vt 0.003108 0.933914
vt 0.003314 0.925636
vt 0.004851 0.926295
vt 0.004835 0.934683
vt 0.014842 0.954695
vt 0.009532 0.949400
vt 0.010405 0.948001
vt 0.015226 0.953080
vt 0.067904 0.969323
vt 0.060732 0.966682
vt 0.060763 0.964979
vt 0.067459 0.967699
vt 0.079764 0.936305
vt 0.079036 0.944871
vt 0.077687 0.943874
vt 0.078262 0.935613
vt 0.069550 0.871013
vt 0.073404 0.881599
vt 0.073083 0.883202
vt 0.069420 0.872671
vt 0.409545 0.806082
vt 0.406822 0.806112
vt 0.391159 0.738502
vt 0.399884 0.739978
vt 0.399083 0.742615
vt 0.390246 0.741022
vt 0.401823 0.829668
vt 0.396037 0.831983
vt 0.395044 0.829389
vt 0.400536 0.827313
vt 0.349977 0.807039
vt 0.348568 0.798183
vt 0.351261 0.797768
vt 0.352599 0.806729
vt 0.347819 0.789468
vt 0.350457 0.789014
vt 0.412683 0.778367
vt 0.411512 0.785995
vt 0.408864 0.785498
vt 0.410018 0.777430
vt 0.324524 0.442307
vt 0.329544 0.438781
vt 0.331366 0.441450
vt 0.326271 0.444375
vt 0.327481 0.435981
vt 0.334674 0.433258
vt 0.336011 0.436355
vt 0.333267 0.429674
vt 0.342176 0.430787
vt 0.342416 0.433377
vt 0.342471 0.428065
vt 0.349099 0.429222
vt 0.349055 0.431395
vt 0.923023 0.392695
vt 0.923927 0.399766
vt 0.921415 0.400102
vt 0.920515 0.393088
vt 0.765563 0.798234
vt 0.774057 0.799948
vt 0.771879 0.801536
vt 0.765318 0.800977
vt 0.772863 0.870985
vt 0.774061 0.877885
vt 0.771574 0.878383
vt 0.770315 0.871388
vt 0.772378 0.822901
vt 0.771749 0.830065
vt 0.769216 0.829868
vt 0.769863 0.822619
vt 0.919474 0.374173
vt 0.920845 0.379922
vt 0.918377 0.380469
vt 0.917024 0.374834
vt 0.917125 0.464010
vt 0.909629 0.463369
vt 0.909621 0.460849
vt 0.917445 0.461501
vt 0.777424 0.896294
vt 0.772042 0.904630
vt 0.769960 0.903090
vt 0.774960 0.895770
vt 0.913479 0.360329
vt 0.915914 0.364385
vt 0.913656 0.365532
vt 0.911635 0.362025
vt 0.743242 0.796623
vt 0.750586 0.797429
vt 0.750294 0.799942
vt 0.742939 0.799135
vt 0.736494 0.796011
vt 0.735886 0.798532
vt 0.942272 0.470181
vt 0.932647 0.468365
vt 0.933388 0.465763
vt 0.941124 0.467795
vt 0.771129 0.844191
vt 0.771081 0.851008
vt 0.768563 0.851053
vt 0.768572 0.844146
vt 0.656890 0.572120
vt 0.659503 0.579500
vt 0.652055 0.581215
vt 0.649768 0.574290
vt 0.647246 0.567488
vt 0.654153 0.565074
vt 0.299769 0.816957
vt 0.299502 0.824266
vt 0.293595 0.817410
vt 0.294070 0.810667
vt 0.559184 0.482919
vt 0.562803 0.473629
vt 0.564565 0.479435
vt 0.563360 0.487361
vt 0.337644 0.728875
vt 0.335142 0.738108
vt 0.330217 0.735801
vt 0.332081 0.729997
vt 0.576900 0.485085
vt 0.576813 0.493778
vt 0.572502 0.496727
vt 0.572456 0.489124
vt 0.299310 0.831649
vt 0.293184 0.824136
vt 0.774347 0.808508
vt 0.773299 0.815775
vt 0.770754 0.815430
vt 0.771809 0.808535
vt 0.745606 0.903413
vt 0.739228 0.899513
vt 0.740342 0.897231
vt 0.747126 0.901391
vt 0.733041 0.897365
vt 0.726541 0.896758
vt 0.726626 0.894171
vt 0.733601 0.894893
vt 0.953433 0.448601
vt 0.950492 0.455633
vt 0.948190 0.454549
vt 0.951188 0.447413
vt 0.952457 0.427297
vt 0.960720 0.433213
vt 0.958149 0.433689
vt 0.951134 0.429725
vt 0.771372 0.857719
vt 0.768840 0.857859
vt 0.758012 0.798086
vt 0.757788 0.800630
vt 0.771327 0.837194
vt 0.768792 0.837072
vt 0.775815 0.885753
vt 0.773262 0.886166
vt 0.272947 0.341328
vt 0.272111 0.332494
vt 0.279689 0.331408
vt 0.280460 0.339880
vt 0.273791 0.350294
vt 0.760041 0.914374
vt 0.751959 0.908986
vt 0.753638 0.906869
vt 0.759896 0.911751
vt 0.265906 0.350691
vt 0.265319 0.341823
vt 0.273307 0.359532
vt 0.265844 0.359760
vt 0.258578 0.360097
vt 0.258380 0.351055
vt 0.311583 0.721295
vt 0.316477 0.715165
vt 0.317137 0.721186
vt 0.312770 0.726424
vt 0.280762 0.855314
vt 0.275043 0.855759
vt 0.275043 0.843989
vt 0.279650 0.843751
vt 0.284284 0.726865
vt 0.293320 0.727106
vt 0.292797 0.731734
vt 0.286485 0.731198
vt 0.322639 0.740744
vt 0.314806 0.742491
vt 0.310889 0.739370
vt 0.319254 0.735118
vt 0.557161 0.526193
vt 0.557252 0.517960
vt 0.562003 0.519244
vt 0.562070 0.526918
vt 0.573228 0.476263
vt 0.571979 0.482106
vt 0.338897 0.721712
vt 0.334234 0.724797
vt 0.305355 0.745776
vt 0.303171 0.756771
vt 0.298857 0.754031
vt 0.301039 0.742643
vt 0.902348 0.463593
vt 0.895213 0.464149
vt 0.894728 0.461677
vt 0.902082 0.461085
vt 0.925679 0.421339
vt 0.933947 0.423062
vt 0.933334 0.425493
vt 0.923556 0.423178
vt 0.272009 0.315855
vt 0.272690 0.308077
vt 0.281016 0.308903
vt 0.279915 0.315997
vt 0.279512 0.323489
vt 0.271803 0.323993
vt 0.264306 0.324350
vt 0.264232 0.315912
vt 0.264683 0.333042
vt 0.257337 0.333422
vt 0.256949 0.324703
vt 0.257852 0.342191
vt 0.250504 0.342537
vt 0.249962 0.333729
vt 0.251051 0.351418
vt 0.243836 0.351762
vt 0.243205 0.342898
vt 0.251512 0.360511
vt 0.244413 0.360849
vt 0.249440 0.325126
vt 0.242550 0.334139
vt 0.241917 0.325970
vt 0.241240 0.317187
vt 0.248942 0.316673
vt 0.240644 0.308884
vt 0.248546 0.308243
vt 0.256606 0.316154
vt 0.256436 0.307770
vt 0.264458 0.307809
vt 0.306723 0.725504
vt 0.306999 0.730293
vt 0.299004 0.839265
vt 0.297742 0.847077
vt 0.292158 0.837259
vt 0.292769 0.830819
vt 0.293315 0.854067
vt 0.286771 0.854777
vt 0.285091 0.843591
vt 0.290652 0.843566
vt 0.301940 0.765759
vt 0.297746 0.762780
vt 0.654024 0.588522
vt 0.661933 0.587192
vt 0.943094 0.424818
vt 0.942405 0.427319
vt 0.947365 0.462914
vt 0.945192 0.461642
vt 0.917815 0.368934
vt 0.915423 0.369775
vt 0.921997 0.386065
vt 0.919500 0.386537
vt 0.300605 0.795281
vt 0.300219 0.802484
vt 0.294969 0.797144
vt 0.295448 0.790381
vt 0.577211 0.510551
vt 0.577318 0.519049
vt 0.572710 0.520052
vt 0.572728 0.512200
vt 0.615707 0.115375
vt 0.621926 0.111128
vt 0.626248 0.115580
vt 0.619193 0.121642
vt 0.609498 0.123212
vt 0.607507 0.115728
vt 0.380654 0.839467
vt 0.378240 0.842722
vt 0.376110 0.841002
vt 0.378635 0.837609
vt 0.378390 0.722796
vt 0.380542 0.726267
vt 0.378179 0.727702
vt 0.376318 0.724539
vt 0.599977 0.123447
vt 0.598279 0.114920
vt 0.004217 0.916763
vt 0.005486 0.917868
vt 0.005887 0.907917
vt 0.006968 0.899331
vt 0.007669 0.900863
vt 0.006780 0.909363
vt 0.048618 0.962377
vt 0.040815 0.961349
vt 0.040536 0.959725
vt 0.048337 0.960760
vt 0.079362 0.926529
vt 0.077758 0.926300
vt 0.076650 0.892460
vt 0.075911 0.893936
vt 0.046449 0.882941
vt 0.054025 0.878683
vt 0.054147 0.880335
vt 0.046589 0.884587
vt 0.072832 0.960814
vt 0.072019 0.959379
vt 0.079597 0.916050
vt 0.077880 0.915948
vt 0.077883 0.903759
vt 0.076738 0.904990
vt 0.061639 0.874614
vt 0.061702 0.876281
vt 0.022649 0.895262
vt 0.030668 0.891405
vt 0.030853 0.893044
vt 0.022983 0.896873
vt 0.014765 0.898081
vt 0.015282 0.899654
vt 0.079294 0.914813
vt 0.076489 0.952847
vt 0.075435 0.951597
vt 0.022429 0.958629
vt 0.022473 0.956973
vt 0.038687 0.887250
vt 0.038830 0.888896
vt 0.383453 0.836841
vt 0.381732 0.834724
vt 0.351055 0.755200
vt 0.349652 0.747400
vt 0.352323 0.746758
vt 0.353770 0.754941
vt 0.031659 0.960556
vt 0.031487 0.958919
vt 0.347616 0.776335
vt 0.349859 0.769610
vt 0.352444 0.770277
vt 0.350045 0.777829
vt 0.370095 0.851782
vt 0.359985 0.850621
vt 0.360798 0.847927
vt 0.369326 0.849186
vt 0.346775 0.738921
vt 0.343439 0.730024
vt 0.346159 0.729468
vt 0.349389 0.738093
vt 0.341816 0.720375
vt 0.346628 0.711800
vt 0.347632 0.714330
vt 0.344556 0.721087
vt 0.409768 0.743751
vt 0.407954 0.745672
vt 0.411408 0.759809
vt 0.411374 0.767135
vt 0.408695 0.767516
vt 0.408710 0.759871
vt 0.382336 0.730236
vt 0.384312 0.735156
vt 0.382707 0.737459
vt 0.379947 0.731624
vt 0.411942 0.752247
vt 0.409143 0.752535
vt 0.358226 0.713087
vt 0.357583 0.715770
vt 0.391180 0.833291
vt 0.386993 0.834717
vt 0.385709 0.832329
vt 0.390260 0.830706
vt 0.348735 0.461011
vt 0.355323 0.466597
vt 0.352259 0.472634
vt 0.345181 0.465276
vt 0.351699 0.456236
vt 0.358315 0.460907
vt 0.346283 0.451432
vt 0.342564 0.447734
vt 0.350852 0.447678
vt 0.355314 0.451465
vt 0.348146 0.444911
vt 0.340273 0.444731
vt 0.346156 0.442420
vt 0.353486 0.442003
vt 0.355848 0.444108
vt 0.351736 0.439933
vt 0.344745 0.440245
vt 0.350602 0.438198
vt 0.356827 0.437362
vt 0.358344 0.438661
vt 0.355908 0.436201
vt 0.349845 0.436640
vt 0.355371 0.435083
vt 0.646612 0.086223
vt 0.646647 0.084393
vt 0.652397 0.084611
vt 0.652239 0.085996
vt 0.652382 0.087215
vt 0.646788 0.087831
vt 0.652882 0.088373
vt 0.647136 0.089282
vt 0.640541 0.088333
vt 0.640369 0.086500
vt 0.640975 0.090044
vt 0.647620 0.090737
vt 0.641588 0.091712
vt 0.634792 0.092296
vt 0.634164 0.090355
vt 0.635614 0.094200
vt 0.642354 0.093366
vt 0.636681 0.096073
vt 0.629933 0.098156
vt 0.628811 0.096027
vt 0.631476 0.100285
vt 0.638298 0.098062
vt 0.634314 0.102957
vt 0.626936 0.105649
vt 0.624699 0.102383
vt 0.630836 0.109126
vt 0.618900 0.106554
vt 0.617071 0.102363
vt 0.623269 0.099421
vt 0.410260 0.818196
vt 0.408655 0.825665
vt 0.406643 0.823918
vt 0.407442 0.817979
vt 0.347033 0.781763
vt 0.349729 0.780712
vt 0.350679 0.846617
vt 0.341816 0.839337
vt 0.344219 0.838136
vt 0.352157 0.844290
vt 0.054826 0.964310
vt 0.054750 0.962622
vt 0.367556 0.716783
vt 0.366588 0.719400
vt 0.005999 0.942989
vt 0.003324 0.935799
vt 0.007295 0.942001
vt 0.375116 0.719927
vt 0.373800 0.722217
vt 0.350927 0.762454
vt 0.353659 0.762634
vt 0.350899 0.814881
vt 0.353725 0.815581
vt 0.342329 0.828362
vt 0.346807 0.820651
vt 0.349177 0.821942
vt 0.345078 0.829067
vt 0.410025 0.775459
vt 0.407215 0.776474
vt 0.406019 0.767828
vt 0.373558 0.845048
vt 0.371627 0.843032
vt 0.373967 0.839104
vt 0.347877 0.829778
vt 0.346517 0.837020
vt 0.356796 0.816367
vt 0.351576 0.823119
vt 0.407018 0.812084
vt 0.404497 0.817894
vt 0.404248 0.812169
vt 0.404089 0.806110
vt 0.368524 0.846777
vt 0.356367 0.762811
vt 0.354988 0.770889
vt 0.353605 0.841855
vt 0.361701 0.845182
vt 0.361311 0.455318
vt 0.359446 0.446701
vt 0.364694 0.449726
vt 0.363364 0.441649
vt 0.368024 0.444001
vt 0.360418 0.440024
vt 0.647423 0.079811
vt 0.648286 0.076783
vt 0.654482 0.078198
vt 0.653464 0.080822
vt 0.652812 0.082866
vt 0.646918 0.082235
vt 0.640638 0.082126
vt 0.641064 0.079481
vt 0.640416 0.084506
vt 0.633789 0.085768
vt 0.633936 0.082988
vt 0.633836 0.088197
vt 0.627674 0.090878
vt 0.627679 0.087657
vt 0.628022 0.093625
vt 0.622358 0.096201
vt 0.621994 0.092747
vt 0.616015 0.098307
vt 0.615795 0.094099
vt 0.616206 0.089549
vt 0.622138 0.088752
vt 0.404377 0.799596
vt 0.405176 0.792637
vt 0.398265 0.745305
vt 0.389337 0.743547
vt 0.393948 0.826719
vt 0.399236 0.824954
vt 0.353903 0.797392
vt 0.355172 0.806455
vt 0.353069 0.788586
vt 0.406237 0.785025
vt 0.376628 0.835610
vt 0.375854 0.729348
vt 0.374237 0.726505
vt 0.380040 0.832549
vt 0.355030 0.746118
vt 0.356499 0.754656
vt 0.352613 0.779526
vt 0.348937 0.728988
vt 0.352031 0.737305
vt 0.348624 0.716676
vt 0.347510 0.721767
vt 0.406137 0.747372
vt 0.405984 0.759995
vt 0.381069 0.739906
vt 0.377749 0.733206
vt 0.406264 0.752758
vt 0.356800 0.718513
vt 0.656249 0.074292
vt 0.649793 0.072361
vt 0.641852 0.075929
vt 0.643336 0.070930
vt 0.635189 0.075033
vt 0.636616 0.069198
vt 0.634343 0.079681
vt 0.628320 0.079581
vt 0.629015 0.073900
vt 0.627897 0.083982
vt 0.622629 0.084441
vt 0.623069 0.079284
vt 0.617058 0.084683
vt 0.618039 0.079129
vt 0.384420 0.829960
vt 0.389264 0.828119
vt 0.404717 0.822342
vt 0.365672 0.722072
vt 0.372513 0.724348
vt 0.630291 0.067330
vt 0.623547 0.072766
vt 0.624462 0.065313
vt 0.618492 0.072233
vt 0.618773 0.062969
vt 0.648249 0.092285
vt 0.648915 0.093972
vt 0.643298 0.095161
vt 0.654367 0.091054
vt 0.655233 0.092693
vt 0.653551 0.089662
vt 0.349194 0.433344
vt 0.355212 0.430958
vt 0.355148 0.432481
vt 0.355144 0.433878
vt 0.349430 0.435188
vt 0.342936 0.435850
vt 0.343703 0.438104
vt 0.337203 0.439164
vt 0.338544 0.441846
vt 0.333115 0.444298
vt 0.328020 0.446872
vt 0.355330 0.429195
vt 0.956965 0.441778
vt 0.954629 0.440470
vt 0.771944 0.864365
vt 0.769424 0.864624
vt 0.558561 0.492230
vt 0.563030 0.495394
vt 0.633361 0.533632
vt 0.639599 0.530843
vt 0.894013 0.364128
vt 0.900430 0.361044
vt 0.901563 0.363460
vt 0.894600 0.366588
vt 0.887522 0.365090
vt 0.887593 0.367703
vt 0.924606 0.407131
vt 0.924924 0.414559
vt 0.922410 0.414995
vt 0.922085 0.407438
vt 0.924748 0.465638
vt 0.925382 0.463197
vt 0.909033 0.356912
vt 0.908745 0.359490
vt 0.766694 0.910341
vt 0.765009 0.908454
vt 0.888391 0.465200
vt 0.887522 0.462698
vt 0.308614 0.404963
vt 0.318528 0.402987
vt 0.457846 0.573963
vt 0.448637 0.573963
vt 0.461084 0.526633
vt 0.457385 0.537439
vt 0.448551 0.535843
vt 0.453641 0.521613
vt 0.546627 0.645402
vt 0.537921 0.645775
vt 0.582257 0.660728
vt 0.575587 0.654380
vt 0.553465 0.559702
vt 0.553552 0.567541
vt 0.544446 0.567916
vt 0.544757 0.559702
vt 0.554189 0.576282
vt 0.545472 0.576798
vt 0.564509 0.725266
vt 0.555404 0.725266
vt 0.300524 0.727476
vt 0.299804 0.732080
vt 0.313568 0.431460
vt 0.320872 0.427292
vt 0.303983 0.369308
vt 0.305397 0.361839
vt 0.317219 0.422262
vt 0.313641 0.416704
vt 0.269773 0.473427
vt 0.262702 0.471960
vt 0.262833 0.470201
vt 0.269906 0.471763
vt 0.251511 0.361121
vt 0.244438 0.361469
vt 0.294854 0.445942
vt 0.305336 0.437761
vt 0.276676 0.475380
vt 0.276764 0.473772
vt 0.283468 0.475767
vt 0.286758 0.466970
vt 0.265623 0.360327
vt 0.258463 0.360691
vt 0.255563 0.471251
vt 0.249142 0.470529
vt 0.249237 0.468688
vt 0.255760 0.469448
vt 0.447957 0.809671
vt 0.439528 0.812831
vt 0.301026 0.788112
vt 0.296034 0.783709
vt 0.557672 0.509474
vt 0.558132 0.500896
vt 0.562640 0.503388
vt 0.562280 0.511353
vt 0.576961 0.502065
vt 0.572623 0.504401
vt 0.577437 0.526920
vt 0.572758 0.527409
vt 0.577775 0.533999
vt 0.572889 0.533999
vt 0.301479 0.773648
vt 0.301327 0.780899
vt 0.296613 0.777007
vt 0.297112 0.770273
vt 0.305704 0.398286
vt 0.304572 0.391503
vt 0.272981 0.360077
vt 0.303868 0.384328
vt 0.297213 0.360899
vt 0.288823 0.360130
vt 0.307595 0.404647
vt 0.303590 0.376873
vt 0.290356 0.457242
vt 0.300023 0.809697
vt 0.294547 0.803924
vt 0.280652 0.359853
vt 0.310257 0.410712
vt 0.557248 0.533999
vt 0.562157 0.533999
vt 0.331318 0.717768
vt 0.327325 0.721890
vt 0.324648 0.711801
vt 0.321572 0.716621
vt 0.279191 0.736033
vt 0.282401 0.740702
vt 0.275043 0.738704
vt 0.275043 0.742315
vt 0.025530 0.951900
vt 0.020240 0.948482
vt 0.027575 0.945158
vt 0.028943 0.948465
vt 0.071437 0.927170
vt 0.070965 0.917580
vt 0.075878 0.916037
vt 0.075922 0.926331
vt 0.076382 0.935585
vt 0.071582 0.935606
vt 0.075802 0.943546
vt 0.070818 0.942586
vt 0.073680 0.950956
vt 0.068684 0.948864
vt 0.071296 0.883747
vt 0.065190 0.886428
vt 0.062552 0.877977
vt 0.068296 0.875251
vt 0.057359 0.889878
vt 0.055057 0.881992
vt 0.067731 0.896731
vt 0.059830 0.899660
vt 0.074081 0.894264
vt 0.069412 0.907196
vt 0.061601 0.909679
vt 0.074883 0.905167
vt 0.070930 0.917441
vt 0.062946 0.919555
vt 0.054760 0.921893
vt 0.053586 0.912461
vt 0.063742 0.928376
vt 0.055250 0.929885
vt 0.054803 0.922052
vt 0.062982 0.919701
vt 0.063762 0.935555
vt 0.055098 0.936022
vt 0.063033 0.941626
vt 0.054569 0.941541
vt 0.061511 0.947276
vt 0.053554 0.946901
vt 0.058806 0.954186
vt 0.051652 0.953166
vt 0.065257 0.956100
vt 0.070295 0.958559
vt 0.061487 0.963191
vt 0.055416 0.960780
vt 0.066594 0.965337
vt 0.049481 0.893527
vt 0.041388 0.897546
vt 0.039773 0.890538
vt 0.047531 0.886226
vt 0.051884 0.902809
vt 0.043597 0.906313
vt 0.045046 0.915455
vt 0.035689 0.918655
vt 0.034647 0.910377
vt 0.045799 0.924079
vt 0.036147 0.926445
vt 0.046026 0.931442
vt 0.036434 0.933224
vt 0.036200 0.926621
vt 0.045840 0.924252
vt 0.045892 0.937138
vt 0.036461 0.938785
vt 0.045476 0.942315
vt 0.036383 0.943651
vt 0.044688 0.947326
vt 0.036051 0.947969
vt 0.043210 0.952825
vt 0.034272 0.952788
vt 0.040802 0.957856
vt 0.031799 0.957075
vt 0.048779 0.958919
vt 0.032983 0.902065
vt 0.024215 0.906014
vt 0.023734 0.898598
vt 0.031757 0.894699
vt 0.024960 0.914181
vt 0.015057 0.916915
vt 0.015296 0.908632
vt 0.025501 0.921790
vt 0.014900 0.924548
vt 0.025863 0.929022
vt 0.015111 0.931692
vt 0.026360 0.935448
vt 0.016105 0.938160
vt 0.015180 0.931872
vt 0.025905 0.929203
vt 0.026879 0.940684
vt 0.017665 0.943762
vt 0.011905 0.946933
vt 0.008943 0.941273
vt 0.016373 0.951606
vt 0.023135 0.955219
vt 0.008645 0.909516
vt 0.009405 0.902522
vt 0.015690 0.901511
vt 0.007321 0.918046
vt 0.006696 0.926379
vt 0.006819 0.934369
vt 0.038562 0.885599
vt 0.046311 0.881293
vt 0.080347 0.945927
vt 0.077518 0.954153
vt 0.008710 0.950875
vt 0.004697 0.944021
vt 0.060751 0.968368
vt 0.054887 0.965975
vt 0.002978 0.915555
vt 0.005043 0.906383
vt 0.001841 0.936680
vt 0.031856 0.962201
vt 0.022424 0.960301
vt 0.048888 0.964000
vt 0.041116 0.962974
vt 0.061592 0.872950
vt 0.069661 0.869349
vt 0.030513 0.889754
vt 0.014524 0.956355
vt 0.073580 0.962299
vt 0.014229 0.896514
vt 0.022336 0.893640
vt 0.079000 0.902468
vt 0.080641 0.913691
vt 0.006281 0.897783
vt 0.053905 0.877031
vt 0.077343 0.890928
vt 0.081260 0.916086
vt 0.080986 0.926793
vt 0.068349 0.970977
vt 0.073678 0.879963
vt 0.081260 0.937050
vt 0.001775 0.924937
vt 0.001459 0.933361
vt 0.371835 0.742536
vt 0.369990 0.735777
vt 0.376400 0.734044
vt 0.379679 0.741302
vt 0.357034 0.724276
vt 0.358484 0.730270
vt 0.350578 0.728646
vt 0.349259 0.721903
vt 0.349810 0.718530
vt 0.356263 0.720105
vt 0.366490 0.726498
vt 0.368186 0.730638
vt 0.365143 0.723623
vt 0.372668 0.727571
vt 0.374475 0.730346
vt 0.371582 0.725612
vt 0.356195 0.834853
vt 0.364059 0.839285
vt 0.362261 0.843627
vt 0.354393 0.840368
vt 0.348183 0.836313
vt 0.349460 0.830238
vt 0.364478 0.753808
vt 0.365131 0.762557
vt 0.357954 0.762940
vt 0.358139 0.754512
vt 0.356653 0.745735
vt 0.363016 0.744834
vt 0.353597 0.736824
vt 0.360749 0.737055
vt 0.372745 0.752545
vt 0.373909 0.761826
vt 0.380578 0.751002
vt 0.381526 0.760905
vt 0.388543 0.751606
vt 0.389132 0.760389
vt 0.388783 0.745068
vt 0.397360 0.752185
vt 0.397349 0.760068
vt 0.397855 0.746904
vt 0.404596 0.748448
vt 0.404642 0.752790
vt 0.366798 0.834251
vt 0.372619 0.837983
vt 0.370088 0.841876
vt 0.368082 0.845075
vt 0.370075 0.830243
vt 0.375430 0.834346
vt 0.358993 0.828958
vt 0.363113 0.823881
vt 0.352980 0.823882
vt 0.358940 0.816952
vt 0.363722 0.804964
vt 0.365107 0.813273
vt 0.356713 0.806297
vt 0.355442 0.797232
vt 0.363067 0.796275
vt 0.354642 0.788455
vt 0.362923 0.787691
vt 0.354392 0.779707
vt 0.363545 0.779348
vt 0.356522 0.771223
vt 0.364764 0.770962
vt 0.363556 0.779183
vt 0.374341 0.770727
vt 0.373578 0.778984
vt 0.382571 0.769770
vt 0.382650 0.778673
vt 0.390202 0.769016
vt 0.390856 0.777514
vt 0.397953 0.768396
vt 0.398714 0.776968
vt 0.404402 0.767949
vt 0.405437 0.776508
vt 0.404340 0.760038
vt 0.374539 0.826906
vt 0.379968 0.824355
vt 0.383711 0.828513
vt 0.379097 0.831186
vt 0.368988 0.820375
vt 0.376260 0.817745
vt 0.373964 0.811135
vt 0.382518 0.809476
vt 0.383929 0.815924
vt 0.372884 0.803649
vt 0.381915 0.802399
vt 0.372494 0.795621
vt 0.381953 0.794841
vt 0.372746 0.787567
vt 0.382446 0.787080
vt 0.373608 0.779322
vt 0.382936 0.778824
vt 0.391150 0.786014
vt 0.390679 0.793868
vt 0.391109 0.777680
vt 0.398833 0.785180
vt 0.398149 0.792926
vt 0.398967 0.777097
vt 0.404654 0.784802
vt 0.403598 0.792404
vt 0.386353 0.822357
vt 0.391980 0.820937
vt 0.393328 0.825080
vt 0.388666 0.826562
vt 0.390708 0.814497
vt 0.397057 0.813075
vt 0.397638 0.819333
vt 0.390195 0.808102
vt 0.397036 0.806787
vt 0.390238 0.801288
vt 0.397434 0.800120
vt 0.402777 0.799449
vt 0.402460 0.806079
vt 0.402850 0.818011
vt 0.403071 0.821563
vt 0.398619 0.823372
vt 0.402586 0.812227
vt 0.375463 0.846949
vt 0.409744 0.811978
vt 0.412679 0.774466
vt 0.554078 0.693055
vt 0.547414 0.697203
vt 0.547550 0.687581
vt 0.556317 0.680568
vt 0.545637 0.680425
vt 0.552682 0.673842
vt 0.558923 0.662475
vt 0.562988 0.665611
vt 0.427165 0.784151
vt 0.429005 0.798236
vt 0.421885 0.798416
vt 0.415602 0.784542
vt 0.416124 0.772345
vt 0.426523 0.772097
vt 0.568517 0.651441
vt 0.431813 0.812708
vt 0.425987 0.812734
vt 0.563389 0.648693
vt 0.539327 0.691827
vt 0.537921 0.684128
vt 0.541951 0.717550
vt 0.547970 0.716435
vt 0.547896 0.725266
vt 0.542035 0.725266
vt 0.547429 0.706716
vt 0.540814 0.709194
vt 0.540189 0.700639
vt 0.552666 0.704069
vt 0.552257 0.714975
vt 0.551930 0.725266
vt 0.425633 0.762316
vt 0.416106 0.762316
vt 0.633587 0.742415
vt 0.641122 0.741139
vt 0.643455 0.750483
vt 0.636248 0.751675
vt 0.698751 0.730029
vt 0.706322 0.730399
vt 0.706503 0.736978
vt 0.699189 0.736627
vt 0.609336 0.746026
vt 0.610168 0.739540
vt 0.617755 0.740273
vt 0.616997 0.747643
vt 0.648774 0.759599
vt 0.643249 0.762818
vt 0.635228 0.753127
vt 0.682202 0.758860
vt 0.683233 0.766987
vt 0.678327 0.768130
vt 0.676909 0.759709
vt 0.618272 0.732454
vt 0.625506 0.732819
vt 0.625657 0.741381
vt 0.618692 0.725076
vt 0.625421 0.725036
vt 0.632746 0.733073
vt 0.632306 0.725062
vt 0.632161 0.717946
vt 0.638880 0.717917
vt 0.639184 0.724947
vt 0.625506 0.717881
vt 0.639850 0.732670
vt 0.646059 0.724506
vt 0.646857 0.731831
vt 0.648230 0.739657
vt 0.653838 0.730872
vt 0.655272 0.738240
vt 0.650653 0.748138
vt 0.657556 0.746192
vt 0.662414 0.737060
vt 0.664520 0.744646
vt 0.660932 0.754571
vt 0.654683 0.756830
vt 0.667661 0.752591
vt 0.671867 0.743570
vt 0.674595 0.751318
vt 0.671346 0.761151
vt 0.665390 0.763210
vt 0.680927 0.750633
vt 0.673513 0.769721
vt 0.668500 0.771397
vt 0.619026 0.717973
vt 0.612896 0.718044
vt 0.613228 0.710895
vt 0.619183 0.710895
vt 0.611393 0.732397
vt 0.612293 0.725223
vt 0.707224 0.765096
vt 0.700896 0.765356
vt 0.700310 0.758242
vt 0.706799 0.758311
vt 0.663420 0.773391
vt 0.659737 0.765658
vt 0.693401 0.750482
vt 0.699977 0.750621
vt 0.693969 0.758289
vt 0.687890 0.758462
vt 0.687032 0.750485
vt 0.685982 0.742984
vt 0.692720 0.743129
vt 0.679133 0.743010
vt 0.677414 0.735907
vt 0.684797 0.735941
vt 0.669809 0.736278
vt 0.668387 0.729441
vt 0.676094 0.729165
vt 0.660973 0.730045
vt 0.660064 0.723407
vt 0.667484 0.722991
vt 0.652987 0.723938
vt 0.652564 0.717471
vt 0.659588 0.717165
vt 0.645668 0.717747
vt 0.645550 0.710895
vt 0.652441 0.710895
vt 0.638783 0.710895
vt 0.632162 0.710895
vt 0.625553 0.710895
vt 0.688783 0.766211
vt 0.625537 0.750046
vt 0.699635 0.743366
vt 0.706582 0.743723
vt 0.706613 0.750915
vt 0.698084 0.710895
vt 0.706096 0.710895
vt 0.706130 0.717448
vt 0.698196 0.717266
vt 0.698411 0.723553
vt 0.706190 0.723845
vt 0.691950 0.736255
vt 0.691160 0.729664
vt 0.683700 0.729268
vt 0.682832 0.722940
vt 0.690510 0.723268
vt 0.675196 0.722841
vt 0.674686 0.716918
vt 0.682305 0.716980
vt 0.667017 0.716880
vt 0.666829 0.710895
vt 0.674474 0.710895
vt 0.659453 0.710895
vt 0.654875 0.778232
vt 0.650150 0.771366
vt 0.654516 0.768301
vt 0.658787 0.775698
vt 0.690077 0.717112
vt 0.689902 0.710895
vt 0.682122 0.710895
vt 0.694739 0.765704
vt 0.669254 0.782208
vt 0.663089 0.783779
vt 0.704020 0.777505
vt 0.696578 0.778272
vt 0.651587 0.787849
vt 0.646929 0.789885
vt 0.656977 0.785751
vt 0.595086 0.727608
vt 0.595546 0.718906
vt 0.716477 0.718877
vt 0.716196 0.726945
vt 0.623275 0.763603
vt 0.611516 0.758661
vt 0.593608 0.752220
vt 0.593611 0.744799
vt 0.601818 0.755002
vt 0.715793 0.735176
vt 0.675594 0.780932
vt 0.689243 0.779076
vt 0.682201 0.779927
vt 0.663687 0.785699
vt 0.669663 0.784163
vt 0.668511 0.787338
vt 0.662106 0.788862
vt 0.595654 0.710895
vt 0.641502 0.783205
vt 0.594435 0.736365
vt 0.712238 0.768672
vt 0.711363 0.776244
vt 0.715286 0.743421
vt 0.633695 0.774454
vt 0.714445 0.751746
vt 0.713306 0.760279
vt 0.716694 0.710895
vt 0.682468 0.786931
vt 0.675499 0.787990
vt 0.675192 0.786017
vt 0.682213 0.784954
vt 0.704275 0.779575
vt 0.696779 0.780284
vt 0.682422 0.781920
vt 0.675879 0.782917
vt 0.601152 0.756966
vt 0.592110 0.753448
vt 0.717488 0.772726
vt 0.714937 0.781844
vt 0.713409 0.780416
vt 0.715536 0.772343
vt 0.714341 0.768844
vt 0.712953 0.777312
vt 0.607053 0.763864
vt 0.597032 0.759940
vt 0.597767 0.758090
vt 0.607805 0.762039
vt 0.610842 0.760568
vt 0.643647 0.796149
vt 0.636878 0.788555
vt 0.638524 0.787341
vt 0.644284 0.794188
vt 0.697597 0.785293
vt 0.689855 0.786060
vt 0.689639 0.784078
vt 0.697390 0.783294
vt 0.689440 0.781069
vt 0.646372 0.791878
vt 0.639979 0.784473
vt 0.586479 0.746261
vt 0.587417 0.736962
vt 0.589411 0.737159
vt 0.588457 0.746224
vt 0.591514 0.744748
vt 0.592424 0.736129
vt 0.628864 0.779649
vt 0.618440 0.769040
vt 0.619668 0.767396
vt 0.630331 0.778336
vt 0.718953 0.763914
vt 0.716975 0.763637
vt 0.632205 0.775764
vt 0.622086 0.765260
vt 0.715312 0.760391
vt 0.668883 0.789323
vt 0.662577 0.790801
vt 0.723623 0.710895
vt 0.723385 0.719512
vt 0.721389 0.719443
vt 0.721631 0.710895
vt 0.718676 0.710895
vt 0.718471 0.718923
vt 0.656259 0.792641
vt 0.650105 0.794580
vt 0.649583 0.792661
vt 0.655695 0.790731
vt 0.657719 0.787655
vt 0.652213 0.789789
vt 0.723009 0.728235
vt 0.721016 0.728134
vt 0.718189 0.726993
vt 0.588042 0.727899
vt 0.588588 0.719018
vt 0.590580 0.719100
vt 0.590042 0.728019
vt 0.705421 0.782566
vt 0.593543 0.718806
vt 0.593091 0.727467
vt 0.589131 0.754412
vt 0.717786 0.735225
vt 0.720445 0.736986
vt 0.593677 0.710895
vt 0.590641 0.710895
vt 0.717276 0.743509
vt 0.719707 0.745838
vt 0.716433 0.751872
vt 0.718530 0.754716
vt 0.587444 0.755714
vt 0.705849 0.784501
vt 0.722436 0.737118
vt 0.721692 0.746038
vt 0.720506 0.754986
vt 0.588649 0.710895
vt 0.760620 0.898047
vt 0.762992 0.892061
vt 0.763162 0.885344
vt 0.911763 0.395005
vt 0.910453 0.388533
vt 0.912910 0.402034
vt 0.913860 0.409343
vt 0.904485 0.403784
vt 0.903158 0.396872
vt 0.905402 0.410756
vt 0.914347 0.416660
vt 0.905647 0.417612
vt 0.897052 0.412048
vt 0.896330 0.405589
vt 0.897187 0.418387
vt 0.905200 0.424228
vt 0.896661 0.424571
vt 0.738073 0.843844
vt 0.737219 0.850657
vt 0.728847 0.850355
vt 0.729864 0.843676
vt 0.730864 0.836955
vt 0.738923 0.836802
vt 0.731709 0.830164
vt 0.739631 0.829625
vt 0.746806 0.836573
vt 0.746149 0.843862
vt 0.747198 0.829112
vt 0.740085 0.822302
vt 0.747508 0.821659
vt 0.754728 0.828924
vt 0.754335 0.836495
vt 0.755077 0.821527
vt 0.748053 0.814361
vt 0.755625 0.814413
vt 0.762663 0.821887
vt 0.762125 0.829265
vt 0.763370 0.814796
vt 0.756418 0.807552
vt 0.764269 0.807985
vt 0.748785 0.807253
vt 0.741319 0.807147
vt 0.740526 0.814732
vt 0.732975 0.815445
vt 0.734110 0.807380
vt 0.732320 0.823128
vt 0.902012 0.437639
vt 0.899694 0.445103
vt 0.891842 0.445077
vt 0.893924 0.437447
vt 0.895517 0.430798
vt 0.903899 0.430815
vt 0.912552 0.430870
vt 0.910324 0.437987
vt 0.914122 0.423783
vt 0.921322 0.431094
vt 0.904593 0.368860
vt 0.903215 0.366083
vt 0.906029 0.372350
vt 0.907545 0.377026
vt 0.897220 0.374183
vt 0.896215 0.371022
vt 0.898525 0.378834
vt 0.908996 0.382472
vt 0.899999 0.384197
vt 0.890078 0.379818
vt 0.888825 0.374909
vt 0.891618 0.385628
vt 0.901590 0.390366
vt 0.893395 0.392192
vt 0.735049 0.877120
vt 0.735055 0.883082
vt 0.726550 0.882367
vt 0.726541 0.876699
vt 0.726619 0.870253
vt 0.735209 0.870587
vt 0.727115 0.863578
vt 0.735690 0.863871
vt 0.744222 0.870955
vt 0.744138 0.877445
vt 0.744475 0.864261
vt 0.736403 0.857270
vt 0.744902 0.857553
vt 0.753169 0.864615
vt 0.753299 0.871359
vt 0.753175 0.857774
vt 0.745456 0.850813
vt 0.753407 0.850912
vt 0.761240 0.857900
vt 0.761585 0.864770
vt 0.761132 0.850989
vt 0.753827 0.843870
vt 0.761305 0.843954
vt 0.761664 0.836695
vt 0.889644 0.453469
vt 0.897092 0.453086
vt 0.904757 0.453020
vt 0.907677 0.445337
vt 0.915823 0.446004
vt 0.912680 0.453401
vt 0.918742 0.438627
vt 0.927118 0.439967
vt 0.924010 0.447302
vt 0.930139 0.432585
vt 0.938848 0.434778
vt 0.935407 0.442080
vt 0.947105 0.437284
vt 0.895424 0.368695
vt 0.887889 0.369705
vt 0.888260 0.371918
vt 0.734330 0.890643
vt 0.733950 0.892916
vt 0.726567 0.892214
vt 0.726569 0.890058
vt 0.726621 0.887157
vt 0.734720 0.887765
vt 0.743199 0.888625
vt 0.742300 0.892169
vt 0.743909 0.883624
vt 0.753220 0.884323
vt 0.752517 0.889989
vt 0.753393 0.877972
vt 0.762691 0.878378
vt 0.762114 0.871579
vt 0.920780 0.454468
vt 0.928905 0.456358
vt 0.932165 0.449272
vt 0.940358 0.451844
vt 0.937045 0.458804
vt 0.943577 0.444661
vt 0.750968 0.894852
vt 0.749047 0.898543
vt 0.741335 0.894920
vt 0.757297 0.903000
vt 0.727919 0.856935
vt 0.895090 0.398932
vt 0.285815 0.836824
vt 0.287459 0.810481
vt 0.287841 0.803649
vt 0.287059 0.817193
vt 0.286678 0.823852
vt 0.280567 0.817142
vt 0.280822 0.810489
vt 0.280306 0.823700
vt 0.286288 0.830426
vt 0.280033 0.830229
vt 0.275043 0.823674
vt 0.275043 0.817153
vt 0.275043 0.830199
vt 0.279828 0.836728
vt 0.275043 0.836769
vt 0.291230 0.742058
vt 0.288568 0.789717
vt 0.289073 0.782822
vt 0.288167 0.796687
vt 0.281366 0.796525
vt 0.281663 0.789407
vt 0.281095 0.803619
vt 0.275043 0.803643
vt 0.275043 0.796509
vt 0.275043 0.810525
vt 0.282409 0.751125
vt 0.282451 0.760125
vt 0.275043 0.759939
vt 0.275043 0.751324
vt 0.290518 0.752104
vt 0.289932 0.761173
vt 0.289794 0.768839
vt 0.282472 0.767906
vt 0.289541 0.775866
vt 0.282327 0.775111
vt 0.275043 0.767644
vt 0.275043 0.774896
vt 0.282005 0.782296
vt 0.275043 0.782167
vt 0.275043 0.789361
vt 0.323541 0.727853
vt 0.160417 0.456015
vt 0.166538 0.459767
vt 0.160403 0.465002
vt 0.156286 0.461371
vt 0.167714 0.454230
vt 0.162306 0.452384
vt 0.466298 0.782272
vt 0.468976 0.781957
vt 0.469742 0.788754
vt 0.467039 0.788904
vt 0.193061 0.453702
vt 0.201425 0.448691
vt 0.206394 0.459973
vt 0.198406 0.463401
vt 0.666069 0.362224
vt 0.657396 0.372673
vt 0.652355 0.364611
vt 0.660274 0.356912
vt 0.655685 0.382921
vt 0.668087 0.375606
vt 0.664474 0.384218
vt 0.673954 0.365635
vt 0.917728 0.842545
vt 0.924581 0.830824
vt 0.930311 0.839270
vt 0.923042 0.847355
vt 0.937404 0.826365
vt 0.940204 0.834634
vt 0.925251 0.818879
vt 0.936830 0.817407
vt 0.553922 0.534123
vt 0.545012 0.533661
vt 0.545335 0.524564
vt 0.554243 0.525234
vt 0.576942 0.779337
vt 0.569124 0.783496
vt 0.563997 0.770094
vt 0.572248 0.767154
vt 0.567061 0.746516
vt 0.558097 0.748226
vt 0.556440 0.736510
vt 0.565166 0.735622
vt 0.917020 0.855883
vt 0.912483 0.852565
vt 0.223273 0.506007
vt 0.219949 0.517216
vt 0.215199 0.514884
vt 0.217456 0.505955
vt 0.214576 0.497572
vt 0.219926 0.494817
vt 0.210491 0.489408
vt 0.216758 0.486453
vt 0.207371 0.481480
vt 0.213979 0.478334
vt 0.210371 0.469672
vt 0.202881 0.473303
vt 0.177819 0.396232
vt 0.186856 0.396575
vt 0.186494 0.403275
vt 0.177054 0.402406
vt 0.186728 0.389566
vt 0.178130 0.389748
vt 0.177886 0.383164
vt 0.186117 0.382339
vt 0.632866 0.462555
vt 0.627350 0.458808
vt 0.630482 0.452568
vt 0.636453 0.455676
vt 0.623613 0.464692
vt 0.628895 0.469672
vt 0.182251 0.367848
vt 0.174652 0.370764
vt 0.170326 0.365566
vt 0.177806 0.361377
vt 0.176916 0.376740
vt 0.184766 0.375068
vt 0.436669 0.752693
vt 0.445458 0.753341
vt 0.551861 0.496459
vt 0.543747 0.499103
vt 0.539268 0.487467
vt 0.548070 0.484925
vt 0.569217 0.756575
vt 0.560570 0.758771
vt 0.446338 0.740228
vt 0.437306 0.739954
vt 0.437759 0.726201
vt 0.446454 0.726784
vt 0.948146 0.816051
vt 0.553869 0.516786
vt 0.544754 0.516903
vt 0.545169 0.508599
vt 0.553987 0.507010
vt 0.457065 0.596833
vt 0.448119 0.596702
vt 0.449000 0.584450
vt 0.457590 0.584621
vt 0.949081 0.823692
vt 0.950801 0.831537
vt 0.186592 0.457101
vt 0.192172 0.465618
vt 0.186792 0.467953
vt 0.181609 0.459665
vt 0.180264 0.449660
vt 0.175973 0.452055
vt 0.184914 0.445970
vt 0.189989 0.441147
vt 0.177761 0.440287
vt 0.174598 0.443756
vt 0.181096 0.435559
vt 0.173094 0.431946
vt 0.170490 0.436494
vt 0.167214 0.424367
vt 0.176565 0.426781
vt 0.163073 0.430010
vt 0.179925 0.421312
vt 0.170407 0.419150
vt 0.173181 0.413868
vt 0.183064 0.415517
vt 0.648417 0.428289
vt 0.641860 0.425682
vt 0.644598 0.418917
vt 0.651314 0.421457
vt 0.639045 0.432479
vt 0.645495 0.435118
vt 0.642576 0.441962
vt 0.636182 0.439265
vt 0.190649 0.365830
vt 0.186653 0.358563
vt 0.195644 0.356304
vt 0.199176 0.364039
vt 0.207499 0.362850
vt 0.205171 0.353918
vt 0.623531 0.185076
vt 0.634416 0.185355
vt 0.612096 0.185294
vt 0.623944 0.192841
vt 0.612403 0.193094
vt 0.624011 0.201139
vt 0.612679 0.201230
vt 0.623684 0.209523
vt 0.612727 0.209417
vt 0.622698 0.217663
vt 0.612463 0.217416
vt 0.611650 0.225123
vt 0.621222 0.225709
vt 0.289315 0.923117
vt 0.287594 0.923883
vt 0.287529 0.915539
vt 0.289066 0.914877
vt 0.277695 0.943914
vt 0.277298 0.942302
vt 0.282079 0.937186
vt 0.282961 0.938579
vt 0.224555 0.958756
vt 0.224999 0.957132
vt 0.231697 0.954414
vt 0.231727 0.956116
vt 0.212684 0.925713
vt 0.214186 0.925020
vt 0.214760 0.933291
vt 0.213411 0.934288
vt 0.222714 0.860342
vt 0.222850 0.861999
vt 0.219230 0.872548
vt 0.218902 0.870945
vt 0.469991 0.795084
vt 0.467269 0.795055
vt 0.485680 0.727467
vt 0.486593 0.729987
vt 0.477761 0.731572
vt 0.476964 0.728934
vt 0.474991 0.818641
vt 0.476278 0.816286
vt 0.481770 0.818364
vt 0.480777 0.820958
vt 0.526842 0.796015
vt 0.524219 0.795705
vt 0.525558 0.786741
vt 0.528251 0.787156
vt 0.526358 0.777983
vt 0.528995 0.778435
vt 0.464140 0.767314
vt 0.466807 0.766381
vt 0.467947 0.774460
vt 0.465298 0.774952
vt 0.171911 0.445885
vt 0.166599 0.443078
vt 0.170505 0.448146
vt 0.165125 0.445949
vt 0.168378 0.440068
vt 0.160949 0.438208
vt 0.159950 0.441468
vt 0.162015 0.434454
vt 0.153140 0.436726
vt 0.153220 0.439337
vt 0.152527 0.434053
vt 0.146015 0.436119
vt 0.146348 0.438272
vt 0.902442 0.703127
vt 0.899934 0.702733
vt 0.900834 0.695720
vt 0.903346 0.696056
vt 0.901979 0.292602
vt 0.901735 0.289859
vt 0.908295 0.289300
vt 0.910474 0.290888
vt 0.909279 0.219851
vt 0.906731 0.219448
vt 0.907990 0.212453
vt 0.910478 0.212951
vt 0.908795 0.267935
vt 0.906280 0.268217
vt 0.905632 0.260968
vt 0.908166 0.260771
vt 0.898893 0.721649
vt 0.896443 0.720987
vt 0.897796 0.715352
vt 0.900264 0.715900
vt 0.896544 0.631811
vt 0.896864 0.634320
vt 0.889039 0.634973
vt 0.889047 0.632453
vt 0.913840 0.194542
vt 0.911376 0.195066
vt 0.906376 0.187746
vt 0.908458 0.186206
vt 0.892897 0.735493
vt 0.891053 0.733797
vt 0.893075 0.730289
vt 0.895332 0.731437
vt 0.879658 0.294213
vt 0.879356 0.291701
vt 0.886710 0.290894
vt 0.887002 0.293407
vt 0.872910 0.294825
vt 0.872302 0.292304
vt 0.921691 0.625640
vt 0.920542 0.628027
vt 0.912806 0.630058
vt 0.912065 0.627457
vt 0.907546 0.246645
vt 0.904989 0.246690
vt 0.904979 0.239783
vt 0.907497 0.239828
vt 0.656890 0.407514
vt 0.649768 0.405344
vt 0.652055 0.398419
vt 0.659503 0.400133
vt 0.647246 0.412145
vt 0.654153 0.414560
vt 0.250316 0.816957
vt 0.256015 0.810667
vt 0.256490 0.817410
vt 0.250583 0.824266
vt 0.559184 0.585080
vt 0.563360 0.580638
vt 0.564564 0.588564
vt 0.562803 0.594369
vt 0.212441 0.728875
vt 0.218005 0.729997
vt 0.219869 0.735801
vt 0.214943 0.738108
vt 0.576900 0.582914
vt 0.572456 0.578875
vt 0.572502 0.571272
vt 0.576813 0.574221
vt 0.256901 0.824136
vt 0.250775 0.831649
vt 0.910764 0.282328
vt 0.908225 0.282301
vt 0.907170 0.275406
vt 0.909716 0.275061
vt 0.882023 0.187423
vt 0.883542 0.189445
vt 0.876759 0.193605
vt 0.875644 0.191323
vt 0.869458 0.193471
vt 0.870018 0.195943
vt 0.863042 0.196664
vt 0.862958 0.194078
vt 0.932851 0.647221
vt 0.930607 0.648409
vt 0.927608 0.641273
vt 0.929910 0.640188
vt 0.931876 0.668524
vt 0.930553 0.666096
vt 0.937568 0.662133
vt 0.940139 0.662609
vt 0.905257 0.232977
vt 0.907789 0.233117
vt 0.894429 0.292750
vt 0.894204 0.290206
vt 0.905209 0.253764
vt 0.907743 0.253642
vt 0.909679 0.204670
vt 0.912231 0.205083
vt 0.213496 0.344857
vt 0.205848 0.344513
vt 0.205419 0.336445
vt 0.213051 0.336270
vt 0.213813 0.353491
vt 0.896457 0.176462
vt 0.896312 0.179085
vt 0.890055 0.183967
vt 0.888376 0.181850
vt 0.221714 0.352985
vt 0.221110 0.344346
vt 0.215364 0.362273
vt 0.222887 0.361732
vt 0.230223 0.361310
vt 0.229253 0.352505
vt 0.238502 0.721295
vt 0.237315 0.726424
vt 0.232948 0.721186
vt 0.233608 0.715165
vt 0.269323 0.855314
vt 0.270435 0.843751
vt 0.265801 0.726865
vt 0.263600 0.731198
vt 0.257288 0.731734
vt 0.256765 0.727106
vt 0.227447 0.740744
vt 0.230831 0.735118
vt 0.239196 0.739370
vt 0.235279 0.742491
vt 0.557161 0.541805
vt 0.562070 0.541081
vt 0.562003 0.548755
vt 0.557252 0.550038
vt 0.573228 0.591736
vt 0.571979 0.585892
vt 0.211188 0.721712
vt 0.215851 0.724797
vt 0.244730 0.745776
vt 0.249046 0.742643
vt 0.251228 0.754031
vt 0.246914 0.756771
vt 0.881767 0.632228
vt 0.881500 0.634736
vt 0.874147 0.634144
vt 0.874631 0.631672
vt 0.905098 0.674483
vt 0.902975 0.672644
vt 0.912752 0.670329
vt 0.913366 0.672759
vt 0.210348 0.320158
vt 0.202537 0.321805
vt 0.199897 0.315082
vt 0.208236 0.312710
vt 0.204322 0.328912
vt 0.211994 0.328015
vt 0.219458 0.327212
vt 0.218106 0.318947
vt 0.220459 0.335742
vt 0.227780 0.335169
vt 0.226808 0.326568
vt 0.228558 0.343805
vt 0.235902 0.343315
vt 0.235135 0.334587
vt 0.236602 0.352088
vt 0.237363 0.360993
vt 0.234327 0.326046
vt 0.233510 0.317648
vt 0.232667 0.309295
vt 0.225777 0.318128
vt 0.224641 0.309888
vt 0.216437 0.311076
vt 0.243362 0.725504
vt 0.243086 0.730293
vt 0.251081 0.839265
vt 0.257316 0.830819
vt 0.257927 0.837259
vt 0.252344 0.847077
vt 0.256770 0.854067
vt 0.259433 0.843566
vt 0.264994 0.843591
vt 0.263314 0.854777
vt 0.252339 0.762780
vt 0.248145 0.765759
vt 0.654024 0.391112
vt 0.661933 0.392441
vt 0.922513 0.671004
vt 0.921823 0.668503
vt 0.924610 0.634180
vt 0.926784 0.632907
vt 0.894842 0.726046
vt 0.897234 0.726888
vt 0.901416 0.709756
vt 0.898919 0.709285
vt 0.249480 0.795281
vt 0.254637 0.790381
vt 0.255116 0.797144
vt 0.249867 0.802484
vt 0.577211 0.557447
vt 0.572728 0.555799
vt 0.572710 0.547947
vt 0.577318 0.548950
vt 0.615707 0.240078
vt 0.619193 0.233811
vt 0.626248 0.239873
vt 0.621926 0.244325
vt 0.609498 0.232241
vt 0.607507 0.239725
vt 0.496163 0.828444
vt 0.498181 0.826585
vt 0.500707 0.829978
vt 0.498578 0.831699
vt 0.498429 0.711758
vt 0.500502 0.713499
vt 0.498644 0.716663
vt 0.496279 0.715231
vt 0.598279 0.240533
vt 0.599977 0.232005
vt 0.286916 0.907113
vt 0.288188 0.906009
vt 0.286546 0.897141
vt 0.285649 0.898588
vt 0.284779 0.890072
vt 0.285484 0.888541
vt 0.243863 0.951821
vt 0.244144 0.950204
vt 0.251971 0.949158
vt 0.251695 0.950782
vt 0.213088 0.915926
vt 0.214692 0.915696
vt 0.216446 0.883299
vt 0.215701 0.881825
vt 0.245867 0.872158
vt 0.245735 0.873805
vt 0.238154 0.869595
vt 0.238268 0.867942
vt 0.219623 0.950246
vt 0.220435 0.948810
vt 0.212850 0.905440
vt 0.214567 0.905337
vt 0.215666 0.894365
vt 0.214517 0.893138
vt 0.230582 0.865577
vt 0.230639 0.863911
vt 0.269780 0.884410
vt 0.269448 0.886021
vt 0.261543 0.882187
vt 0.261722 0.880548
vt 0.277164 0.888836
vt 0.277683 0.887264
vt 0.213150 0.904206
vt 0.215961 0.942273
vt 0.217014 0.941022
vt 0.270134 0.947927
vt 0.270078 0.946271
vt 0.253527 0.878070
vt 0.253661 0.876423
vt 0.493364 0.825818
vt 0.495084 0.823701
vt 0.525776 0.744151
vt 0.523061 0.743892
vt 0.524506 0.735708
vt 0.527177 0.736350
vt 0.261052 0.948303
vt 0.260889 0.949941
vt 0.529196 0.765308
vt 0.526764 0.766797
vt 0.524384 0.759235
vt 0.526970 0.758572
vt 0.506725 0.840758
vt 0.507494 0.838162
vt 0.516021 0.836901
vt 0.516835 0.839595
vt 0.530052 0.727868
vt 0.527437 0.727041
vt 0.530664 0.718414
vt 0.533383 0.718969
vt 0.535002 0.709320
vt 0.532262 0.710033
vt 0.529185 0.703277
vt 0.530187 0.700747
vt 0.468889 0.734615
vt 0.467080 0.732690
vt 0.465420 0.748751
vt 0.468118 0.748815
vt 0.468130 0.756462
vt 0.465452 0.756080
vt 0.494489 0.719201
vt 0.496880 0.720586
vt 0.494126 0.726423
vt 0.492519 0.724121
vt 0.467691 0.741476
vt 0.464891 0.741185
vt 0.519234 0.704720
vt 0.518589 0.702037
vt 0.485635 0.822266
vt 0.486555 0.819681
vt 0.491106 0.821305
vt 0.489822 0.823694
vt 0.150748 0.467627
vt 0.154883 0.471334
vt 0.148983 0.479588
vt 0.145058 0.474077
vt 0.147128 0.463321
vt 0.141265 0.468883
vt 0.151794 0.457812
vt 0.154945 0.453641
vt 0.146748 0.454720
vt 0.142870 0.459103
vt 0.149043 0.451598
vt 0.150673 0.448849
vt 0.156792 0.450356
vt 0.143357 0.449451
vt 0.141303 0.451875
vt 0.144814 0.447149
vt 0.145709 0.445264
vt 0.151782 0.446493
vt 0.139413 0.445304
vt 0.138077 0.446813
vt 0.140176 0.444019
vt 0.140565 0.442832
vt 0.146255 0.443607
vt 0.646612 0.269229
vt 0.652239 0.269457
vt 0.652397 0.270842
vt 0.646647 0.271060
vt 0.652382 0.268238
vt 0.646788 0.267622
vt 0.647136 0.266171
vt 0.652882 0.267080
vt 0.640541 0.267120
vt 0.640369 0.268953
vt 0.640975 0.265408
vt 0.641588 0.263741
vt 0.647620 0.264716
vt 0.634792 0.263156
vt 0.634164 0.265098
vt 0.635614 0.261253
vt 0.636681 0.259380
vt 0.642354 0.262086
vt 0.629933 0.257296
vt 0.628811 0.259425
vt 0.631476 0.255167
vt 0.634314 0.252496
vt 0.638298 0.257391
vt 0.626936 0.249804
vt 0.624699 0.253070
vt 0.630836 0.246327
vt 0.618900 0.248899
vt 0.617071 0.253090
vt 0.623269 0.256032
vt 0.466556 0.807168
vt 0.469373 0.806951
vt 0.470172 0.812890
vt 0.468159 0.814636
vt 0.527076 0.769677
vt 0.529773 0.770725
vt 0.526141 0.835590
vt 0.524662 0.833263
vt 0.532599 0.827108
vt 0.535002 0.828308
vt 0.237640 0.953750
vt 0.237717 0.952063
vt 0.510229 0.708354
vt 0.509260 0.705738
vt 0.286452 0.932160
vt 0.285152 0.931176
vt 0.289108 0.924990
vt 0.501701 0.708887
vt 0.503019 0.711176
vt 0.525905 0.751407
vt 0.523173 0.751587
vt 0.525918 0.803857
vt 0.523091 0.804556
vt 0.534487 0.817335
vt 0.531738 0.818040
vt 0.527639 0.810917
vt 0.530008 0.809625
vt 0.470806 0.756775
vt 0.469611 0.765426
vt 0.466799 0.764408
vt 0.502850 0.828080
vt 0.505191 0.832008
vt 0.503260 0.834025
vt 0.530300 0.825993
vt 0.528939 0.818751
vt 0.525240 0.812093
vt 0.520021 0.805343
vt 0.469797 0.801057
vt 0.472567 0.801141
vt 0.472318 0.806866
vt 0.472725 0.795082
vt 0.508295 0.835753
vt 0.521841 0.759844
vt 0.520465 0.751762
vt 0.515118 0.834157
vt 0.523213 0.830829
vt 0.137491 0.463783
vt 0.133337 0.458735
vt 0.138102 0.454967
vt 0.133499 0.450523
vt 0.129208 0.453554
vt 0.136199 0.448471
vt 0.647423 0.275641
vt 0.653464 0.274631
vt 0.654482 0.277255
vt 0.648286 0.278670
vt 0.652812 0.272587
vt 0.646918 0.273218
vt 0.640638 0.273327
vt 0.641064 0.275972
vt 0.640416 0.270947
vt 0.633789 0.269685
vt 0.633936 0.272465
vt 0.633836 0.267255
vt 0.627674 0.264574
vt 0.627679 0.267796
vt 0.628022 0.261827
vt 0.622358 0.259252
vt 0.621994 0.262706
vt 0.616015 0.257145
vt 0.615795 0.261354
vt 0.616206 0.265904
vt 0.622138 0.266700
vt 0.471634 0.781607
vt 0.472434 0.788567
vt 0.487501 0.732512
vt 0.478576 0.734263
vt 0.477578 0.813928
vt 0.482867 0.815693
vt 0.521647 0.795431
vt 0.522915 0.786367
vt 0.523746 0.777558
vt 0.470574 0.773990
vt 0.500189 0.824586
vt 0.502585 0.715464
vt 0.500970 0.718308
vt 0.496776 0.821525
vt 0.520332 0.743608
vt 0.521799 0.735069
vt 0.524191 0.768491
vt 0.524795 0.726254
vt 0.527885 0.717936
vt 0.529308 0.710713
vt 0.528193 0.705623
vt 0.470703 0.736318
vt 0.470844 0.748942
vt 0.499079 0.722167
vt 0.495765 0.728870
vt 0.470570 0.741704
vt 0.520018 0.707464
vt 0.656249 0.281161
vt 0.649793 0.283092
vt 0.643336 0.284523
vt 0.641852 0.279524
vt 0.635189 0.280420
vt 0.636616 0.286255
vt 0.634343 0.275772
vt 0.628320 0.275872
vt 0.629015 0.281552
vt 0.627897 0.271470
vt 0.622629 0.271012
vt 0.623069 0.276168
vt 0.617058 0.270769
vt 0.618039 0.276324
vt 0.487551 0.817094
vt 0.492395 0.818936
vt 0.472098 0.811314
vt 0.511146 0.711026
vt 0.504307 0.713306
vt 0.630291 0.288123
vt 0.624462 0.290140
vt 0.623547 0.282686
vt 0.618492 0.283220
vt 0.618773 0.292484
vt 0.648249 0.263168
vt 0.643298 0.260292
vt 0.648915 0.261481
vt 0.654367 0.264399
vt 0.655233 0.262760
vt 0.653551 0.265791
vt 0.146469 0.440232
vt 0.140445 0.440214
vt 0.140175 0.438711
vt 0.140633 0.441602
vt 0.146477 0.442102
vt 0.153011 0.441870
vt 0.152536 0.444219
vt 0.159101 0.444421
vt 0.158115 0.447263
vt 0.163782 0.448992
vt 0.169155 0.450831
vt 0.139812 0.436979
vt 0.934048 0.655351
vt 0.936384 0.654043
vt 0.905841 0.226212
vt 0.908361 0.226471
vt 0.558561 0.575769
vt 0.563030 0.572605
vt 0.633361 0.446002
vt 0.639599 0.448790
vt 0.873432 0.731694
vt 0.874019 0.729233
vt 0.880981 0.732362
vt 0.879848 0.734778
vt 0.866940 0.730732
vt 0.867012 0.728118
vt 0.904025 0.688690
vt 0.901504 0.688384
vt 0.901829 0.680827
vt 0.904343 0.681263
vt 0.904166 0.630183
vt 0.904801 0.632625
vt 0.888164 0.736332
vt 0.888451 0.738910
vt 0.901426 0.182382
vt 0.903110 0.180494
vt 0.866940 0.633124
vt 0.867810 0.630621
vt 0.185297 0.409664
vt 0.175454 0.408247
vt 0.461084 0.621293
vt 0.453641 0.626313
vt 0.448551 0.612083
vt 0.457385 0.610487
vt 0.537921 0.473629
vt 0.546627 0.474002
vt 0.582257 0.789804
vt 0.575587 0.796152
vt 0.544446 0.551488
vt 0.553552 0.551863
vt 0.554189 0.543122
vt 0.545472 0.542606
vt 0.249561 0.727476
vt 0.250281 0.732080
vt 0.174320 0.431076
vt 0.182035 0.434668
vt 0.183246 0.367933
vt 0.185676 0.374965
vt 0.180998 0.420799
vt 0.177696 0.426113
vt 0.228149 0.473962
vt 0.228029 0.472272
vt 0.235215 0.470428
vt 0.235346 0.472203
vt 0.237457 0.361584
vt 0.190813 0.440093
vt 0.202133 0.447482
vt 0.214262 0.476652
vt 0.221053 0.474512
vt 0.221104 0.476148
vt 0.210843 0.468057
vt 0.230417 0.361875
vt 0.223178 0.362255
vt 0.242544 0.471209
vt 0.242414 0.469391
vt 0.439528 0.711800
vt 0.447957 0.714960
vt 0.249059 0.788112
vt 0.254051 0.783709
vt 0.557672 0.558524
vt 0.562280 0.556646
vt 0.562640 0.564611
vt 0.558132 0.567103
vt 0.576961 0.565934
vt 0.572623 0.563598
vt 0.572758 0.540590
vt 0.577437 0.541078
vt 0.248607 0.773648
vt 0.252973 0.770273
vt 0.253472 0.777007
vt 0.248758 0.780899
vt 0.187838 0.396336
vt 0.187463 0.402985
vt 0.215752 0.362761
vt 0.187697 0.389371
vt 0.199777 0.364359
vt 0.191385 0.366007
vt 0.186248 0.409324
vt 0.187052 0.382186
vt 0.207023 0.458540
vt 0.250062 0.809697
vt 0.255538 0.803924
vt 0.208001 0.363298
vt 0.184050 0.415111
vt 0.218767 0.717768
vt 0.222760 0.721890
vt 0.225437 0.711801
vt 0.228513 0.716621
vt 0.270894 0.736033
vt 0.267684 0.740702
vt 0.266985 0.941229
vt 0.263548 0.937831
vt 0.264899 0.934516
vt 0.272259 0.937740
vt 0.221013 0.916567
vt 0.216528 0.915727
vt 0.216570 0.905422
vt 0.221524 0.906823
vt 0.216065 0.924993
vt 0.220865 0.925015
vt 0.216645 0.932963
vt 0.221627 0.932005
vt 0.218769 0.940381
vt 0.223764 0.938291
vt 0.221019 0.873085
vt 0.223985 0.864575
vt 0.229739 0.867277
vt 0.227136 0.875740
vt 0.234984 0.879152
vt 0.237252 0.871256
vt 0.224638 0.886058
vt 0.232551 0.888948
vt 0.218278 0.883619
vt 0.223002 0.896540
vt 0.230822 0.898983
vt 0.217522 0.894534
vt 0.221562 0.906686
vt 0.229548 0.908811
vt 0.237753 0.911093
vt 0.238845 0.901724
vt 0.228709 0.917779
vt 0.229511 0.908955
vt 0.237708 0.911253
vt 0.237185 0.919293
vt 0.228680 0.924970
vt 0.237330 0.925452
vt 0.229409 0.931052
vt 0.237864 0.930982
vt 0.230935 0.936709
vt 0.238891 0.936346
vt 0.233650 0.943625
vt 0.240809 0.942613
vt 0.227197 0.945533
vt 0.222159 0.947990
vt 0.230973 0.952626
vt 0.237050 0.950221
vt 0.225864 0.954770
vt 0.242881 0.882757
vt 0.244802 0.875448
vt 0.252590 0.879716
vt 0.251000 0.886725
vt 0.240510 0.892050
vt 0.248815 0.895490
vt 0.247394 0.904623
vt 0.256766 0.907713
vt 0.257788 0.899488
vt 0.246678 0.913399
vt 0.256296 0.915518
vt 0.246375 0.920928
vt 0.246634 0.913571
vt 0.256220 0.915874
vt 0.255949 0.922751
vt 0.246522 0.926616
vt 0.255962 0.928267
vt 0.246956 0.931781
vt 0.256069 0.933105
vt 0.247765 0.936783
vt 0.256422 0.937402
vt 0.249266 0.942271
vt 0.258228 0.942198
vt 0.251698 0.947291
vt 0.260730 0.946462
vt 0.243698 0.948364
vt 0.259435 0.891201
vt 0.260643 0.883843
vt 0.268697 0.887745
vt 0.268224 0.895159
vt 0.267486 0.903313
vt 0.277368 0.906143
vt 0.277143 0.897828
vt 0.266934 0.910904
vt 0.277487 0.913838
vt 0.266547 0.917939
vt 0.277228 0.920918
vt 0.266040 0.924811
vt 0.266598 0.918306
vt 0.277177 0.921108
vt 0.276335 0.927307
vt 0.265568 0.930041
vt 0.274805 0.932968
vt 0.280574 0.936125
vt 0.283500 0.930451
vt 0.276141 0.940835
vt 0.269403 0.944523
vt 0.276754 0.890693
vt 0.283039 0.891727
vt 0.283785 0.898735
vt 0.285082 0.907290
vt 0.285681 0.915632
vt 0.285611 0.923574
vt 0.253777 0.874771
vt 0.245995 0.870510
vt 0.212100 0.935345
vt 0.214932 0.943579
vt 0.283793 0.940049
vt 0.287757 0.933188
vt 0.231708 0.957802
vt 0.237577 0.955415
vt 0.289430 0.904803
vt 0.287393 0.895607
vt 0.290593 0.925866
vt 0.260701 0.951588
vt 0.270153 0.949599
vt 0.243592 0.953444
vt 0.251396 0.952408
vt 0.230679 0.862247
vt 0.222596 0.858677
vt 0.261870 0.878895
vt 0.278027 0.945571
vt 0.218875 0.951731
vt 0.278223 0.885698
vt 0.270092 0.882788
vt 0.213395 0.891850
vt 0.211798 0.903089
vt 0.286174 0.886994
vt 0.238381 0.866290
vt 0.215002 0.880295
vt 0.211188 0.905477
vt 0.211464 0.916190
vt 0.224110 0.960410
vt 0.218622 0.869310
vt 0.211188 0.926458
vt 0.290605 0.914176
vt 0.290961 0.922559
vt 0.504995 0.731495
vt 0.497153 0.730265
vt 0.500427 0.723004
vt 0.506837 0.724734
vt 0.519786 0.713226
vt 0.527560 0.710850
vt 0.526244 0.717594
vt 0.518339 0.719222
vt 0.527008 0.707478
vt 0.520555 0.709055
vt 0.510331 0.715453
vt 0.508638 0.719594
vt 0.511677 0.712577
vt 0.504155 0.716529
vt 0.502350 0.719305
vt 0.505239 0.714570
vt 0.520622 0.823827
vt 0.522425 0.829341
vt 0.514557 0.832602
vt 0.512758 0.828260
vt 0.528635 0.825286
vt 0.527356 0.819212
vt 0.512351 0.742761
vt 0.518692 0.743464
vt 0.518878 0.751890
vt 0.511699 0.751506
vt 0.520176 0.734686
vt 0.513812 0.733788
vt 0.523229 0.725773
vt 0.516077 0.726007
vt 0.504084 0.741505
vt 0.502918 0.750785
vt 0.496254 0.739968
vt 0.495305 0.749880
vt 0.488293 0.740571
vt 0.487699 0.749352
vt 0.488054 0.734033
vt 0.479474 0.741141
vt 0.479481 0.749021
vt 0.478984 0.735861
vt 0.472243 0.737397
vt 0.472191 0.741738
vt 0.506730 0.830852
vt 0.504198 0.826959
vt 0.510018 0.823227
vt 0.508737 0.834051
vt 0.506741 0.819219
vt 0.501386 0.823322
vt 0.517824 0.817933
vt 0.513703 0.812856
vt 0.523835 0.812857
vt 0.517877 0.805928
vt 0.513096 0.793942
vt 0.520105 0.795274
vt 0.511709 0.802249
vt 0.521376 0.786208
vt 0.513751 0.785258
vt 0.522173 0.777428
vt 0.513893 0.776679
vt 0.522411 0.768671
vt 0.513288 0.768378
vt 0.520307 0.760176
vt 0.513276 0.768214
vt 0.512068 0.759899
vt 0.502483 0.759682
vt 0.503241 0.768177
vt 0.494260 0.758769
vt 0.493921 0.767574
vt 0.486625 0.757977
vt 0.485698 0.766583
vt 0.478873 0.757340
vt 0.477882 0.765740
vt 0.472423 0.756897
vt 0.471389 0.765462
vt 0.472488 0.748986
vt 0.502276 0.815882
vt 0.497719 0.820162
vt 0.493104 0.817489
vt 0.496847 0.813331
vt 0.507828 0.809351
vt 0.500555 0.806720
vt 0.502851 0.800111
vt 0.494296 0.798449
vt 0.492886 0.804898
vt 0.503931 0.792628
vt 0.494900 0.791370
vt 0.504322 0.784603
vt 0.494863 0.783809
vt 0.504074 0.776557
vt 0.494375 0.776035
vt 0.503230 0.768346
vt 0.493921 0.767734
vt 0.485673 0.774985
vt 0.486139 0.782838
vt 0.485914 0.766774
vt 0.477981 0.774165
vt 0.478665 0.781900
vt 0.478062 0.765932
vt 0.472157 0.773770
vt 0.473212 0.781375
vt 0.490461 0.811332
vt 0.488148 0.815538
vt 0.483487 0.814054
vt 0.484834 0.809911
vt 0.486107 0.803471
vt 0.479758 0.802047
vt 0.479177 0.808306
vt 0.486619 0.797074
vt 0.479778 0.795759
vt 0.486578 0.790260
vt 0.479380 0.789092
vt 0.474035 0.788421
vt 0.474353 0.795051
vt 0.478195 0.812346
vt 0.473743 0.810535
vt 0.473965 0.806984
vt 0.474229 0.801199
vt 0.501357 0.835926
vt 0.467071 0.800951
vt 0.464146 0.763413
vt 0.554078 0.757476
vt 0.556317 0.769964
vt 0.547550 0.762950
vt 0.547414 0.753329
vt 0.552682 0.776689
vt 0.545637 0.770106
vt 0.562988 0.784920
vt 0.558923 0.788057
vt 0.427165 0.740480
vt 0.415602 0.740089
vt 0.421885 0.726215
vt 0.429005 0.726395
vt 0.416124 0.752286
vt 0.426523 0.752534
vt 0.568517 0.799091
vt 0.431813 0.711923
vt 0.425987 0.711897
vt 0.563389 0.801838
vt 0.537921 0.766404
vt 0.539327 0.758704
vt 0.541951 0.732981
vt 0.547970 0.734096
vt 0.547429 0.743816
vt 0.540814 0.741338
vt 0.540189 0.749892
vt 0.552666 0.746463
vt 0.552257 0.735556
vt 0.633587 0.679374
vt 0.636248 0.670114
vt 0.643455 0.671306
vt 0.641122 0.680650
vt 0.698751 0.691760
vt 0.699189 0.685162
vt 0.706503 0.684812
vt 0.706322 0.691390
vt 0.609336 0.675763
vt 0.616997 0.674147
vt 0.617755 0.681516
vt 0.610168 0.682249
vt 0.648774 0.662190
vt 0.635228 0.668662
vt 0.643249 0.658971
vt 0.682202 0.662929
vt 0.676909 0.662080
vt 0.678328 0.653659
vt 0.683233 0.654802
vt 0.618272 0.689335
vt 0.625657 0.680408
vt 0.625506 0.688970
vt 0.625421 0.696753
vt 0.618692 0.696713
vt 0.632746 0.688717
vt 0.632306 0.696727
vt 0.632161 0.703843
vt 0.639184 0.696842
vt 0.638880 0.703872
vt 0.625506 0.703908
vt 0.639850 0.689119
vt 0.646857 0.689958
vt 0.646059 0.697283
vt 0.648230 0.682132
vt 0.655272 0.683549
vt 0.653838 0.690917
vt 0.650653 0.673651
vt 0.657556 0.675597
vt 0.664520 0.677143
vt 0.662414 0.684729
vt 0.660932 0.667218
vt 0.654683 0.664959
vt 0.667661 0.669198
vt 0.674595 0.670471
vt 0.671867 0.678219
vt 0.671346 0.660638
vt 0.665390 0.658579
vt 0.680927 0.671156
vt 0.668501 0.650392
vt 0.673513 0.652068
vt 0.619026 0.703816
vt 0.612896 0.703745
vt 0.612293 0.696566
vt 0.611393 0.689392
vt 0.707224 0.656693
vt 0.706799 0.663478
vt 0.700310 0.663548
vt 0.700896 0.656433
vt 0.659737 0.656131
vt 0.663420 0.648398
vt 0.693401 0.671307
vt 0.693969 0.663500
vt 0.699977 0.671168
vt 0.687890 0.663328
vt 0.687032 0.671304
vt 0.685982 0.678805
vt 0.692720 0.678660
vt 0.679133 0.678780
vt 0.677414 0.685883
vt 0.684797 0.685848
vt 0.669809 0.685511
vt 0.668387 0.692348
vt 0.676094 0.692624
vt 0.660973 0.691744
vt 0.660064 0.698382
vt 0.667484 0.698799
vt 0.652987 0.697851
vt 0.652564 0.704318
vt 0.659588 0.704624
vt 0.645668 0.704042
vt 0.688783 0.655578
vt 0.625537 0.671743
vt 0.699635 0.678423
vt 0.706613 0.670874
vt 0.706582 0.678066
vt 0.698196 0.704523
vt 0.706130 0.704341
vt 0.698411 0.698236
vt 0.706190 0.697944
vt 0.691950 0.685534
vt 0.691160 0.692125
vt 0.683700 0.692521
vt 0.682832 0.698849
vt 0.690510 0.698521
vt 0.675196 0.698948
vt 0.674686 0.704871
vt 0.682305 0.704810
vt 0.667017 0.704910
vt 0.654875 0.643557
vt 0.658787 0.646091
vt 0.654516 0.653488
vt 0.650150 0.650423
vt 0.690077 0.704677
vt 0.694740 0.656085
vt 0.669254 0.639581
vt 0.663089 0.638010
vt 0.704020 0.644284
vt 0.696578 0.643517
vt 0.651587 0.633940
vt 0.646929 0.631904
vt 0.656977 0.636039
vt 0.595086 0.694181
vt 0.595546 0.702883
vt 0.716477 0.702912
vt 0.716196 0.694845
vt 0.623275 0.658186
vt 0.611516 0.663128
vt 0.593608 0.669569
vt 0.593611 0.676990
vt 0.601818 0.666787
vt 0.715793 0.686613
vt 0.675594 0.640858
vt 0.689243 0.642713
vt 0.682201 0.641862
vt 0.663687 0.636090
vt 0.662106 0.632927
vt 0.668511 0.634451
vt 0.669663 0.637626
vt 0.641502 0.638584
vt 0.594435 0.685424
vt 0.712238 0.653118
vt 0.711363 0.645545
vt 0.715286 0.678368
vt 0.633695 0.647335
vt 0.714445 0.670043
vt 0.713306 0.661510
vt 0.682468 0.634858
vt 0.682213 0.636836
vt 0.675193 0.635772
vt 0.675499 0.633799
vt 0.696779 0.641505
vt 0.704275 0.642214
vt 0.675879 0.638872
vt 0.682422 0.639869
vt 0.592110 0.668341
vt 0.601152 0.664823
vt 0.717488 0.649063
vt 0.715536 0.649446
vt 0.713409 0.641373
vt 0.714937 0.639945
vt 0.712953 0.644478
vt 0.714341 0.652945
vt 0.607053 0.657925
vt 0.607805 0.659750
vt 0.597767 0.663699
vt 0.597032 0.661849
vt 0.610842 0.661221
vt 0.643647 0.625640
vt 0.644284 0.627601
vt 0.638524 0.634448
vt 0.636878 0.633234
vt 0.697597 0.636496
vt 0.697390 0.638495
vt 0.689639 0.637711
vt 0.689855 0.635729
vt 0.689440 0.640721
vt 0.639979 0.637316
vt 0.646372 0.629911
vt 0.586479 0.675528
vt 0.588457 0.675565
vt 0.589411 0.684630
vt 0.587417 0.684827
vt 0.592424 0.685660
vt 0.591514 0.677041
vt 0.628864 0.642140
vt 0.630331 0.643453
vt 0.619668 0.654393
vt 0.618440 0.652749
vt 0.718953 0.657875
vt 0.716976 0.658152
vt 0.622086 0.656529
vt 0.632205 0.646025
vt 0.715312 0.661398
vt 0.668883 0.632466
vt 0.662577 0.630988
vt 0.721389 0.702346
vt 0.723385 0.702277
vt 0.718471 0.702866
vt 0.656259 0.629148
vt 0.655695 0.631058
vt 0.649583 0.629128
vt 0.650105 0.627210
vt 0.652213 0.632000
vt 0.657719 0.634134
vt 0.721016 0.693655
vt 0.723009 0.693554
vt 0.718189 0.694796
vt 0.588042 0.693890
vt 0.590042 0.693770
vt 0.590580 0.702689
vt 0.588588 0.702771
vt 0.705421 0.639223
vt 0.593543 0.702983
vt 0.593091 0.694322
vt 0.589131 0.667377
vt 0.717786 0.686564
vt 0.720445 0.684803
vt 0.717276 0.678280
vt 0.719707 0.675951
vt 0.718530 0.667073
vt 0.716433 0.669917
vt 0.587444 0.666075
vt 0.705849 0.637288
vt 0.722436 0.684671
vt 0.721692 0.675751
vt 0.720506 0.666803
vt 0.899408 0.198775
vt 0.897037 0.192789
vt 0.899579 0.205492
vt 0.891182 0.700817
vt 0.889872 0.707288
vt 0.892328 0.693787
vt 0.893279 0.686479
vt 0.883904 0.692038
vt 0.882577 0.698950
vt 0.884821 0.685066
vt 0.885066 0.678210
vt 0.893766 0.679162
vt 0.876471 0.683774
vt 0.875749 0.690233
vt 0.876606 0.677434
vt 0.876079 0.671251
vt 0.884618 0.671593
vt 0.874490 0.246992
vt 0.866280 0.247160
vt 0.865263 0.240481
vt 0.873635 0.240179
vt 0.867281 0.253881
vt 0.875339 0.254034
vt 0.876047 0.261211
vt 0.868126 0.260672
vt 0.883222 0.254263
vt 0.882566 0.246974
vt 0.883615 0.261724
vt 0.883924 0.269177
vt 0.876501 0.268534
vt 0.891144 0.261911
vt 0.890751 0.254341
vt 0.891494 0.269309
vt 0.892041 0.276423
vt 0.884469 0.276475
vt 0.899080 0.268949
vt 0.898541 0.261571
vt 0.899786 0.276040
vt 0.900685 0.282851
vt 0.892835 0.283284
vt 0.885201 0.283583
vt 0.877736 0.283689
vt 0.876942 0.276104
vt 0.869391 0.275391
vt 0.870526 0.283456
vt 0.868737 0.267708
vt 0.881430 0.658183
vt 0.873343 0.658374
vt 0.871260 0.650744
vt 0.879113 0.650719
vt 0.874935 0.665024
vt 0.883318 0.665007
vt 0.891971 0.664951
vt 0.889743 0.657834
vt 0.893541 0.672039
vt 0.900741 0.664727
vt 0.884012 0.726962
vt 0.882634 0.729739
vt 0.885448 0.723472
vt 0.886964 0.718796
vt 0.876639 0.721639
vt 0.875634 0.724800
vt 0.877943 0.716987
vt 0.879417 0.711625
vt 0.888415 0.713350
vt 0.869496 0.716003
vt 0.868243 0.720912
vt 0.871037 0.710193
vt 0.872814 0.703630
vt 0.881008 0.705456
vt 0.871466 0.213716
vt 0.862958 0.214137
vt 0.862966 0.208469
vt 0.871472 0.207754
vt 0.863036 0.220583
vt 0.871625 0.220249
vt 0.872106 0.226965
vt 0.863532 0.227258
vt 0.880639 0.219881
vt 0.880555 0.213391
vt 0.880891 0.226574
vt 0.881319 0.233283
vt 0.872819 0.233566
vt 0.889585 0.226220
vt 0.889716 0.219477
vt 0.889591 0.233062
vt 0.889823 0.239924
vt 0.881873 0.240023
vt 0.897656 0.232936
vt 0.898002 0.226066
vt 0.897549 0.239847
vt 0.897721 0.246882
vt 0.890243 0.246966
vt 0.898080 0.254141
vt 0.869063 0.642352
vt 0.876510 0.642735
vt 0.884175 0.642802
vt 0.887096 0.650485
vt 0.895242 0.649818
vt 0.892099 0.642420
vt 0.898161 0.657195
vt 0.906536 0.655855
vt 0.903428 0.648520
vt 0.909558 0.663237
vt 0.918266 0.661043
vt 0.914826 0.653742
vt 0.926524 0.658538
vt 0.874843 0.727127
vt 0.867307 0.726117
vt 0.867678 0.723903
vt 0.870747 0.200192
vt 0.862985 0.200777
vt 0.862984 0.198622
vt 0.870367 0.197920
vt 0.863038 0.203679
vt 0.871137 0.203071
vt 0.879615 0.202211
vt 0.878717 0.198666
vt 0.880326 0.207212
vt 0.889636 0.206513
vt 0.888933 0.200847
vt 0.889810 0.212864
vt 0.899108 0.212458
vt 0.898530 0.219257
vt 0.900199 0.641353
vt 0.908323 0.639464
vt 0.911584 0.646550
vt 0.919777 0.643978
vt 0.916464 0.637018
vt 0.922996 0.651161
vt 0.887384 0.195984
vt 0.885463 0.192293
vt 0.877751 0.195916
vt 0.893713 0.187836
vt 0.864335 0.233901
vt 0.874509 0.696890
vt 0.264270 0.836824
vt 0.262626 0.810481
vt 0.262245 0.803649
vt 0.263027 0.817193
vt 0.263407 0.823852
vt 0.269518 0.817142
vt 0.269263 0.810489
vt 0.269779 0.823700
vt 0.270052 0.830229
vt 0.263797 0.830426
vt 0.270257 0.836728
vt 0.258855 0.742058
vt 0.261517 0.789717
vt 0.261012 0.782822
vt 0.261919 0.796687
vt 0.268719 0.796525
vt 0.268422 0.789407
vt 0.268990 0.803619
vt 0.267676 0.751125
vt 0.267635 0.760125
vt 0.259567 0.752104
vt 0.260153 0.761173
vt 0.260291 0.768839
vt 0.267613 0.767906
vt 0.267758 0.775111
vt 0.260544 0.775866
vt 0.268080 0.782296
vt 0.226544 0.727853
s 1
usemtl Pelle
f 24/1/1 23/2/2 22/3/3 18/4/4
f 26/5/5 25/6/6 24/1/1 18/4/4
f 354/7/7 379/8/8 375/9/9 300/10/10
f 29/11/11 28/12/12 27/13/13 19/14/14
f 37/15/15 36/16/16 35/17/17 20/18/18
f 38/19/19 40/20/20 39/21/21 20/18/18
f 39/21/21 41/22/22 37/15/15 20/18/18
f 44/23/23 43/24/24 42/25/25 21/26/26
f 42/25/25 46/27/27 45/28/28 21/26/26
f 45/28/28 48/29/29 47/30/30 21/26/26
f 62/31/31 59/32/32 728/33/33 738/34/34
f 49/35/35 34/36/36 725/37/37 736/38/38
f 95/39/39 94/40/40 733/41/41 723/42/42
f 53/43/43 43/24/24 44/23/23 52/44/44
f 32/45/45 54/46/46 53/47/43 52/48/44
f 32/45/45 30/49/47 55/50/48 54/46/46
f 30/49/47 31/51/49 56/52/50 55/50/48
f 31/51/49 58/53/51 57/54/52 56/52/50
f 61/55/53 60/56/54 57/54/52 58/53/51
f 68/57/55 67/58/56 64/59/57 65/60/58
f 66/61/59 69/62/60 68/57/55 65/60/58
f 66/61/59 71/63/61 70/64/62 69/62/60
f 79/65/63 78/66/64 74/67/65 75/68/66
f 76/69/67 80/70/68 79/65/63 75/68/66
f 89/71/69 88/72/70 86/73/71 87/74/72
f 72/75/73 90/76/74 89/71/69 87/74/72
f 72/75/73 70/64/62 71/63/61 90/76/74
f 7/77/75 97/78/76 734/79/77 717/80/78
f 30/81/47 32/82/45 753/83/79 750/84/80
f 33/85/81 95/39/39 723/42/42 724/86/82
f 98/87/83 51/88/84 748/89/85 752/90/86
f 48/29/29 96/91/87 4/92/88 5/93/89
f 6/94/90 47/30/30 48/29/29 5/93/89
f 58/95/51 31/96/49 730/97/91 737/98/92
f 21/99/26 47/100/30 721/101/93 718/102/94
f 31/96/49 30/81/47 750/84/80 730/97/91
f 48/29/29 45/28/28 101/103/95 96/91/87
f 45/28/28 46/27/27 103/104/96 101/103/95
f 110/105/97 109/106/98 107/107/99 108/108/100
f 28/12/12 29/11/11 110/105/97 108/108/100
f 112/109/101 111/110/102 109/106/98 110/105/97
f 29/11/11 113/111/103 112/109/101 110/105/97
f 29/11/11 19/14/14 114/112/104 113/111/103
f 116/113/105 115/114/106 112/109/101 113/111/103
f 114/112/104 117/115/107 116/113/105 113/111/103
f 119/116/108 118/117/109 116/113/105 117/115/107
f 123/118/110 122/119/111 119/116/108 120/120/112
f 121/121/113 124/122/114 123/118/110 120/120/112
f 121/121/113 126/123/115 125/124/116 124/122/114
f 133/125/117 132/126/118 129/127/119 130/128/120
f 131/129/121 134/130/122 133/125/117 130/128/120
f 131/129/121 136/131/123 135/132/124 134/130/122
f 91/133/125 143/134/126 142/135/127 141/136/128
f 88/72/70 89/71/69 91/133/125 141/136/128
f 145/137/129 144/138/130 142/135/127 143/134/126
f 148/139/131 147/140/132 9/141/133 10/142/134
f 3/143/135 99/144/136 148/139/131 10/142/134
f 99/144/136 100/145/137 149/146/138 148/139/131
f 100/145/137 102/147/139 150/148/140 149/146/138
f 102/147/139 104/149/141 151/150/142 150/148/140
f 104/149/141 153/151/143 152/152/144 151/150/142
f 155/153/145 154/154/146 152/152/144 153/151/143
f 513/155/147 492/156/148 449/157/149 701/158/150
f 505/159/151 518/160/152 430/161/153 706/162/154
f 495/163/155 516/164/156 483/165/157 715/166/158
f 493/167/159 520/168/160 707/169/161 685/170/162
f 508/171/163 494/172/164 694/173/165 708/174/166
f 379/8/8 378/175/167 374/176/168 375/9/9
f 22/177/3 239/178/169 351/179/170 344/180/171
f 384/181/172 367/182/173 343/183/174 337/184/175
f 293/185/176 297/186/177 373/187/178 286/188/179
f 297/186/177 299/189/180 340/190/181 373/187/178
f 311/191/182 355/192/183 302/193/184 372/194/185
f 111/110/102 112/109/101 115/114/106 164/195/186
f 166/196/187 165/197/188 163/198/189 164/195/186
f 115/114/106 167/199/190 166/196/187 164/195/186
f 115/114/106 116/113/105 118/117/109 167/199/190
f 169/200/191 168/201/192 166/196/187 167/199/190
f 118/117/109 170/202/193 169/200/191 167/199/190
f 118/117/109 119/116/108 122/119/111 170/202/193
f 172/203/194 171/204/195 169/200/191 170/202/193
f 122/119/111 173/205/196 172/203/194 170/202/193
f 175/206/197 174/207/198 172/203/194 173/205/196
f 69/208/60 70/209/62 1147/210/199 1131/211/200
f 77/212/201 76/213/67 1153/214/202 1038/215/203
f 178/216/204 177/217/205 1052/218/206 1111/219/207
f 73/220/208 136/221/123 1122/222/209 1115/223/210
f 127/224/211 67/225/56 1094/226/212 1019/227/213
f 184/228/214 183/229/215 1055/230/216 1069/231/217
f 20/232/18 35/233/17 1158/234/218 1169/235/219
f 123/236/110 124/237/114 1077/238/220 1039/239/221
f 85/240/222 84/241/223 1056/242/224 1058/243/225
f 138/244/226 85/240/222 1058/243/225 1129/245/227
f 201/246/228 200/247/229 1139/248/230 1168/249/231
f 130/250/120 129/251/119 1017/252/232 1065/253/233
f 181/254/234 180/255/235 178/256/204 179/257/236
f 128/258/237 182/259/238 181/254/234 179/257/236
f 128/258/237 129/127/119 132/126/118 182/259/238
f 134/260/122 135/261/124 1195/262/239 1254/263/240
f 156/264/241 158/265/242 1198/266/243 1173/267/244
f 223/268/245 35/269/17 1255/270/246 1214/271/247
f 155/272/145 153/273/143 1227/274/248 1172/275/249
f 135/261/124 137/276/250 1197/277/251 1195/262/239
f 75/278/66 74/279/65 1116/280/252 1037/281/253
f 220/282/254 387/283/255 1152/284/256 1161/285/257
f 388/286/258 176/287/259 1137/288/260 1026/289/261
f 187/290/262 186/291/263 1053/292/264 1000/293/265
f 142/294/127 144/295/130 1027/296/266 1155/297/267
f 129/251/119 128/298/237 1001/299/268 1017/252/232
f 83/300/269 77/212/201 1038/215/203 1075/301/270
f 74/279/65 73/220/208 1115/223/210 1116/280/252
f 136/221/123 131/302/121 1105/303/271 1122/222/209
f 177/217/205 38/304/19 1051/305/272 1052/218/206
f 84/241/223 83/300/269 1075/301/270 1056/242/224
f 190/306/273 189/307/274 187/308/262 188/309/275
f 144/138/130 191/310/276 190/306/273 188/309/275
f 222/311/277 221/312/278 1014/313/279 1015/314/280
f 193/315/281 192/316/282 190/306/273 191/310/276
f 146/317/283 194/318/284 193/315/281 191/310/276
f 144/138/130 145/137/129 146/317/283 191/310/276
f 196/319/285 195/320/286 193/315/281 194/318/284
f 152/321/144 154/322/146 1253/323/287 1246/324/288
f 82/325/289 8/326/290 1249/327/291 1215/328/292
f 148/329/131 149/330/138 1189/331/293 1188/332/294
f 36/333/16 37/334/15 1177/335/295 1256/336/296
f 96/337/87 101/338/95 1233/339/297 1232/340/298
f 157/341/299 155/272/145 1172/275/249 1174/342/300
f 222/343/277 223/268/245 1214/271/247 1209/344/301
f 41/345/22 39/346/21 1237/347/302 1193/348/303
f 140/349/304 139/350/305 1165/351/306 1054/352/307
f 86/353/71 88/354/70 1009/355/308 1008/356/309
f 204/357/310 203/358/311 201/359/228 202/360/312
f 186/361/263 205/362/313 204/357/310 202/360/312
f 221/312/278 220/282/254 1161/285/257 1014/313/279
f 207/363/314 206/364/315 204/357/310 205/362/313
f 189/307/274 208/365/316 207/363/314 205/362/313
f 186/361/263 187/308/262 189/307/274 205/362/313
f 210/366/317 209/367/318 207/363/314 208/365/316
f 192/316/282 211/368/319 210/366/317 208/365/316
f 189/307/274 190/306/273 192/316/282 208/365/316
f 213/369/320 212/370/321 210/366/317 211/368/319
f 195/320/286 214/371/322 213/369/320 211/368/319
f 192/316/282 193/315/281 195/320/286 211/368/319
f 14/372/323 13/373/324 213/369/320 214/371/322
f 197/374/325 15/375/326 14/372/323 214/371/322
f 195/320/286 196/319/285 197/374/325 214/371/322
f 215/376/327 212/370/321 16/377/328 17/378/329
f 11/379/330 216/380/331 215/376/327 17/378/329
f 11/379/330 12/381/332 199/382/333 216/380/331
f 217/383/334 209/367/318 215/376/327 216/380/331
f 199/382/333 218/384/335 217/383/334 216/380/331
f 219/385/336 206/364/315 217/383/334 218/384/335
f 203/358/311 204/357/310 206/364/315 219/385/336
f 206/364/315 207/363/314 209/367/318 217/383/334
f 209/367/318 210/366/317 212/370/321 215/376/327
f 212/370/321 213/369/320 13/373/324 16/377/328
f 151/386/142 152/321/144 1246/324/288 1178/387/337
f 78/388/64 79/389/63 1181/390/338 1260/391/339
f 80/392/68 81/393/340 1202/394/341 1182/395/342
f 39/346/21 40/396/20 1238/397/343 1237/347/302
f 177/398/205 178/256/204 180/255/235 198/399/344
f 40/20/20 38/19/19 177/398/205 198/399/344
f 141/400/128 142/294/127 1155/297/267 1107/401/345
f 186/291/263 202/402/312 1059/403/346 1053/292/264
f 124/237/114 125/404/116 1118/405/347 1077/238/220
f 183/229/215 140/349/304 1054/352/307 1055/230/216
f 131/302/121 130/250/120 1065/253/233 1105/303/271
f 125/404/116 127/224/211 1019/227/213 1118/405/347
f 202/402/312 201/246/228 1168/249/231 1059/403/346
f 68/406/55 69/208/60 1131/211/200 1095/407/348
f 38/304/19 20/232/18 1169/235/219 1051/305/272
f 182/408/238 132/409/118 1247/410/349 1175/411/350
f 102/412/139 100/413/137 1230/414/351 1240/415/352
f 227/416/353 226/417/354 224/418/355 225/419/356
f 157/420/299 228/421/357 227/416/353 225/419/356
f 154/154/146 155/153/145 157/420/299 225/419/356
f 287/422/358 285/423/359 371/424/360 370/425/361
f 163/426/189 162/427/362 310/428/363 296/429/364
f 157/420/299 158/430/242 230/431/365 228/421/357
f 492/156/148 514/432/366 689/433/367 449/157/149
f 515/434/368 499/435/369 713/436/370 688/437/371
f 510/438/372 509/439/373 690/440/374 691/441/375
f 496/442/376 493/167/159 685/170/162 684/443/377
f 494/172/164 497/444/378 692/445/379 694/173/165
f 523/446/380 498/447/381 687/448/382 697/449/383
f 504/450/384 495/163/155 715/166/158 696/451/385
f 501/452/386 496/442/376 684/443/377 699/453/387
f 497/444/378 500/454/388 693/455/389 692/445/379
f 498/447/381 507/456/390 404/457/391 687/448/382
f 503/458/392 506/459/393 705/460/394 703/461/395
f 499/435/369 502/462/396 416/463/397 713/436/370
f 500/454/388 501/464/386 699/453/387 693/455/389
f 502/462/396 503/458/392 703/461/395 416/463/397
f 521/465/398 504/450/384 696/451/385 695/466/399
f 512/467/400 505/159/151 706/162/154 709/468/401
f 506/459/393 522/469/402 698/470/403 705/460/394
f 334/471/404 287/422/358 370/425/361 294/472/405
f 233/473/406 234/474/407 350/475/408 289/476/409
f 507/456/390 508/171/163 708/174/166 404/457/391
f 509/439/373 511/477/410 487/478/411 690/440/374
f 301/479/412 231/480/413 369/481/414 339/482/415
f 226/483/354 227/484/353 352/485/416 353/486/417
f 159/487/418 160/488/419 304/489/420 349/490/421
f 161/491/422 107/492/99 346/493/423 303/494/424
f 239/178/169 241/495/425 347/496/426 351/179/170
f 234/474/407 159/487/418 349/490/421 350/475/408
f 313/497/427 312/498/428 348/499/429 305/500/430
f 26/501/5 18/502/4 345/503/431 309/504/432
f 241/495/425 240/505/433 306/506/434 347/496/426
f 107/492/99 109/507/98 298/508/435 346/493/423
f 18/502/4 22/177/3 344/180/171 345/503/431
f 368/509/436 336/510/437 295/511/438 342/512/439
f 367/182/173 368/509/436 342/512/439 343/183/174
f 243/513/440 242/514/441 241/515/425 239/516/169
f 22/3/3 23/2/2 243/513/440 239/516/169
f 245/517/442 244/518/443 242/514/441 243/513/440
f 23/2/2 246/519/444 245/517/442 243/513/440
f 23/2/2 24/1/1 247/520/445 246/519/444
f 249/521/446 248/522/447 245/517/442 246/519/444
f 247/520/445 250/523/448 249/521/446 246/519/444
f 247/520/445 252/524/449 251/525/450 250/523/448
f 254/526/451 253/527/452 249/521/446 250/523/448
f 251/525/450 255/528/453 254/526/451 250/523/448
f 251/525/450 257/529/454 256/530/455 255/528/453
f 259/531/456 258/532/457 254/526/451 255/528/453
f 256/530/455 260/533/458 259/531/456 255/528/453
f 256/530/455 262/534/459 261/535/460 260/533/458
f 264/536/461 263/537/462 259/538/456 260/539/458
f 261/540/460 265/541/463 264/536/461 260/539/458
f 261/540/460 267/542/464 266/543/465 265/541/463
f 269/544/466 268/545/467 264/536/461 265/541/463
f 266/543/465 270/546/468 269/544/466 265/541/463
f 266/543/465 272/547/469 271/548/470 270/546/468
f 274/549/471 273/550/472 269/544/466 270/546/468
f 271/548/470 275/551/473 274/549/471 270/546/468
f 271/548/470 277/552/474 276/553/475 275/551/473
f 279/554/476 278/555/477 274/549/471 275/551/473
f 276/553/475 280/556/478 279/554/476 275/551/473
f 276/553/475 220/557/254 221/558/278 280/556/478
f 282/559/479 281/560/480 279/554/476 280/556/478
f 221/558/278 222/561/277 282/559/479 280/556/478
f 226/417/354 283/562/481 281/560/480 282/559/479
f 222/561/277 224/418/355 226/417/354 282/559/479
f 285/563/359 284/564/482 281/560/480 283/562/481
f 385/565/483 383/566/484 338/567/485 341/568/486
f 299/189/180 301/569/412 339/570/415 340/190/181
f 383/566/484 384/181/172 337/184/175 338/567/485
f 162/427/362 26/501/5 309/504/432 310/428/363
f 228/571/357 230/572/365 307/573/487 308/574/488
f 240/505/433 313/497/427 305/500/430 306/506/434
f 160/488/419 161/491/422 303/494/424 304/489/420
f 517/575/489 510/438/372 691/441/375 711/576/490
f 511/477/410 512/467/400 709/468/401 487/478/411
f 355/192/183 354/7/7 300/10/10 302/193/184
f 109/507/98 111/577/102 238/578/491 298/508/435
f 519/579/492 513/580/147 701/158/150 700/581/493
f 164/582/186 163/426/189 296/429/364 237/583/494
f 514/432/366 515/434/368 688/437/371 689/433/367
f 336/510/437 334/471/404 294/472/405 295/511/438
f 516/164/156 517/575/489 711/576/490 483/165/157
f 232/584/495 233/473/406 289/476/409 290/585/496
f 518/160/152 519/579/492 700/581/493 430/161/153
f 291/586/497 293/185/176 286/188/179 288/587/498
f 111/577/102 164/582/186 237/583/494 238/578/491
f 229/588/499 292/589/500 235/590/501 236/591/502
f 348/499/429 372/592/185 656/593/503 657/594/504
f 371/424/360 376/595/505 679/596/506 636/597/507
f 307/573/487 236/591/502 664/598/508 643/599/509
f 235/590/501 288/587/498 678/600/510 665/601/511
f 377/602/512 341/568/486 669/603/513 649/604/514
f 374/176/168 377/602/512 649/604/514 648/605/515
f 376/595/505 353/486/417 676/606/516 679/596/506
f 369/481/414 290/585/496 663/607/517 651/608/518
f 352/485/416 308/574/488 642/609/519 677/610/520
f 244/518/443 245/517/442 248/522/447 314/611/521
f 248/522/447 316/612/522 315/613/523 314/611/521
f 248/522/447 249/521/446 253/527/452 316/612/522
f 318/614/524 317/615/525 315/613/523 316/612/522
f 253/527/452 319/616/526 318/614/524 316/612/522
f 253/527/452 254/526/451 258/532/457 319/616/526
f 321/617/527 320/618/528 318/619/524 319/620/526
f 258/621/457 322/622/529 321/617/527 319/620/526
f 258/621/457 259/538/456 263/537/462 322/622/529
f 324/623/530 323/624/531 321/617/527 322/622/529
f 263/537/462 325/625/532 324/623/530 322/622/529
f 263/537/462 264/536/461 268/545/467 325/625/532
f 327/626/533 326/627/534 324/623/530 325/625/532
f 268/545/467 328/628/535 327/626/533 325/625/532
f 268/545/467 269/544/466 273/550/472 328/628/535
f 330/629/536 329/630/537 327/626/533 328/628/535
f 273/550/472 331/631/538 330/629/536 328/628/535
f 273/550/472 274/549/471 278/555/477 331/631/538
f 333/632/539 332/633/540 330/629/536 331/631/538
f 278/555/477 284/564/482 333/632/539 331/631/538
f 287/634/358 334/635/404 332/633/540 333/632/539
f 284/564/482 285/563/359 287/634/358 333/632/539
f 336/636/437 335/637/541 332/633/540 334/635/404
f 300/10/10 375/9/9 650/638/542 666/639/543
f 375/9/9 374/176/168 648/605/515 650/638/542
f 344/180/171 351/179/170 654/640/544 660/641/545
f 337/184/175 343/183/174 680/642/546 668/643/547
f 286/188/179 373/187/178 639/644/548 638/645/549
f 373/187/178 340/190/181 674/646/550 639/644/548
f 372/194/185 302/193/184 658/647/551 656/593/503
f 370/425/361 371/424/360 636/597/507 637/648/552
f 296/429/364 310/428/363 681/649/553 682/650/554
f 294/472/405 370/425/361 637/648/552 662/651/555
f 289/476/409 350/475/408 673/652/556 672/653/557
f 339/482/415 369/481/414 651/608/518 652/654/558
f 353/486/417 352/485/416 677/610/520 676/606/516
f 349/490/421 304/489/420 640/655/559 683/656/560
f 303/494/424 346/493/423 675/657/561 641/658/562
f 351/179/170 347/496/426 655/659/563 654/640/544
f 350/475/408 349/490/421 683/656/560 673/652/556
f 305/500/430 348/499/429 657/594/504 670/660/564
f 309/504/432 345/503/431 659/661/565 661/662/566
f 347/496/426 306/506/434 671/663/567 655/659/563
f 346/493/423 298/508/435 644/664/568 675/657/561
f 317/665/525 318/619/524 320/618/528 356/666/569
f 320/618/528 358/667/570 357/668/571 356/666/569
f 320/618/528 321/617/527 323/624/531 358/667/570
f 360/669/572 359/670/573 357/668/571 358/667/570
f 323/624/531 361/671/574 360/669/572 358/667/570
f 323/624/531 324/623/530 326/627/534 361/671/574
f 363/672/575 362/673/576 360/669/572 361/671/574
f 326/627/534 364/674/577 363/672/575 361/671/574
f 326/627/534 327/626/533 329/630/537 364/674/577
f 366/675/578 365/676/579 363/672/575 364/674/577
f 329/630/537 335/637/541 366/675/578 364/674/577
f 368/677/436 367/678/173 365/676/579 366/675/578
f 335/637/541 336/636/437 368/677/436 366/675/578
f 345/503/431 344/180/171 660/641/545 659/661/565
f 342/512/439 295/511/438 646/679/580 647/680/581
f 343/183/174 342/512/439 647/680/581 680/642/546
f 341/568/486 338/567/485 667/681/582 669/603/513
f 340/190/181 339/570/415 652/654/558 674/646/550
f 338/567/485 337/184/175 668/643/547 667/681/582
f 310/428/363 309/504/432 661/662/566 681/649/553
f 308/574/488 307/573/487 643/599/509 642/609/519
f 306/506/434 305/500/430 670/660/564 671/663/567
f 304/489/420 303/494/424 641/658/562 640/655/559
f 302/193/184 300/10/10 666/639/543 658/647/551
f 298/508/435 238/578/491 645/682/583 644/664/568
f 237/583/494 296/429/364 682/650/554 653/683/584
f 359/670/573 360/669/572 362/673/576 380/684/585
f 362/673/576 382/685/586 381/686/587 380/684/585
f 362/673/576 363/672/575 365/676/579 382/685/586
f 384/687/172 383/688/484 381/686/587 382/685/586
f 365/676/579 367/678/173 384/687/172 382/685/586
f 295/511/438 294/472/405 662/651/555 646/679/580
f 290/585/496 289/476/409 672/653/557 663/607/517
f 288/587/498 286/188/179 638/645/549 678/600/510
f 238/578/491 237/583/494 653/683/584 645/682/583
f 329/630/537 330/629/536 332/633/540 335/637/541
f 278/555/477 279/554/476 281/560/480 284/564/482
f 389/689/588 388/690/258 387/691/255 277/552/474
f 271/548/470 272/547/469 389/689/588 277/552/474
f 387/691/255 220/557/254 276/553/475 277/552/474
f 390/692/589 176/693/259 388/690/258 389/689/588
f 272/547/469 391/694/590 390/692/589 389/689/588
f 392/695/591 174/207/198 390/696/589 391/697/590
f 267/698/464 393/699/592 392/695/591 391/697/590
f 272/547/469 266/543/465 267/542/464 391/694/590
f 394/700/593 171/204/195 392/695/591 393/699/592
f 262/534/459 395/701/594 394/700/593 393/699/592
f 267/698/464 261/535/460 262/534/459 393/699/592
f 396/702/595 168/201/192 394/700/593 395/701/594
f 257/529/454 397/703/596 396/702/595 395/701/594
f 262/534/459 256/530/455 257/529/454 395/701/594
f 398/704/597 165/197/188 396/702/595 397/703/596
f 252/524/449 25/6/6 398/704/597 397/703/596
f 257/529/454 251/525/450 252/524/449 397/703/596
f 162/705/362 163/198/189 165/197/188 398/704/597
f 25/6/6 26/5/5 162/705/362 398/704/597
f 165/197/188 166/196/187 168/201/192 396/702/595
f 168/201/192 169/200/191 171/204/195 394/700/593
f 171/204/195 172/203/194 174/207/198 392/695/591
f 174/207/198 175/206/197 176/706/259 390/696/589
f 144/295/130 188/707/275 1028/708/598 1027/296/266
f 128/298/237 179/709/236 1002/710/599 1001/299/268
f 387/283/255 388/286/258 1026/289/261 1152/284/256
f 247/520/445 24/1/1 25/6/6 252/524/449
f 188/707/275 187/290/262 1000/293/265 1028/708/598
f 236/591/502 235/590/501 665/601/511 664/598/508
f 520/168/160 521/465/398 695/466/399 707/169/161
f 522/469/402 523/446/380 697/449/383 698/470/403
f 106/711/600 156/264/241 1173/267/244 1185/712/601
f 73/713/208 74/67/65 78/66/64 137/714/250
f 135/132/124 136/131/123 73/713/208 137/714/250
f 175/715/197 173/716/196 996/717/602 1072/718/603
f 176/719/259 175/715/197 1072/718/603 1137/720/260
f 72/721/73 87/722/72 1007/723/604 1113/724/605
f 185/725/606 184/228/214 1069/231/217 1074/726/607
f 200/247/229 185/725/606 1074/726/607 1139/248/230
f 173/716/196 122/727/111 995/728/608 996/717/602
f 179/709/236 178/216/204 1111/219/207 1002/710/599
f 35/233/17 223/729/245 1081/730/609 1158/234/218
f 122/727/111 123/236/110 1039/239/221 995/728/608
f 67/225/56 68/406/55 1095/407/348 1094/226/212
f 139/350/305 138/731/226 1129/732/227 1165/351/306
f 70/209/62 72/721/73 1113/724/605 1147/210/199
f 87/722/72 86/353/71 1008/356/309 1007/723/604
f 223/729/245 222/311/277 1015/314/280 1081/730/609
f 88/354/70 141/400/128 1107/401/345 1009/355/308
f 76/213/67 75/278/66 1037/281/253 1153/214/202
f 63/733/610 64/59/57 67/58/56 127/734/211
f 125/124/116 126/123/115 63/733/610 127/734/211
f 27/13/13 28/12/12 60/56/54 61/55/53
f 47/100/30 6/735/90 756/736/611 721/101/93
f 52/737/44 44/738/23 719/739/612 743/740/613
f 32/82/45 52/741/44 743/742/613 753/83/79
f 50/743/614 49/35/35 736/38/38 742/744/615
f 1/745/616 92/746/617 745/747/618 755/748/619
f 44/738/23 21/99/26 718/102/94 719/739/612
f 93/749/620 62/31/31 738/34/34 746/750/621
f 94/40/40 2/751/622 735/752/623 733/41/41
f 150/753/140 151/386/142 1178/387/337 1226/754/624
f 119/116/108 117/115/107 937/755/625 918/756/626
f 89/71/69 90/76/74 914/757/627 931/758/628
f 121/121/113 120/120/112 908/759/629 943/760/630
f 62/761/31 93/762/620 912/763/631 933/764/632
f 15/375/326 197/374/325 906/765/633 945/766/634
f 114/112/104 19/14/14 935/767/635 962/768/636
f 58/53/51 59/769/32 925/770/637 919/771/638
f 61/55/53 58/53/51 919/771/638 956/772/639
f 196/319/285 194/318/284 929/773/640 921/774/641
f 59/32/32 58/95/51 737/98/92 728/33/33
f 92/775/617 1/776/616 941/777/642 923/778/643
f 97/78/76 98/87/83 752/90/86 734/79/77
f 51/88/84 50/779/614 742/780/615 748/89/85
f 92/746/617 93/749/620 746/750/621 745/747/618
f 34/36/36 33/85/81 724/86/82 725/37/37
f 79/389/63 80/392/68 1182/395/342 1181/390/338
f 181/781/234 182/408/238 1175/411/350 1258/782/644
f 103/783/96 105/784/645 1184/785/646 1244/786/647
f 104/787/141 102/412/139 1240/415/352 1251/788/648
f 149/330/138 150/753/140 1226/754/624 1189/331/293
f 101/338/95 103/783/96 1244/786/647 1233/339/297
f 100/413/137 99/789/136 1229/790/649 1230/414/351
f 99/789/136 3/791/135 1236/792/650 1229/790/649
f 81/393/340 82/325/289 1215/328/292 1202/394/341
f 198/793/344 180/794/235 1257/795/651 1243/796/652
f 65/60/58 64/59/57 916/797/653 927/798/654
f 194/318/284 146/317/283 939/799/655 929/773/640
f 59/769/32 62/761/31 933/764/632 925/770/637
f 66/61/59 65/60/58 927/798/654 960/800/656
f 143/134/126 91/133/125 904/801/657 947/802/658
f 64/59/57 63/733/610 952/803/659 916/797/653
f 90/76/74 71/63/61 949/804/660 914/757/627
f 19/14/14 27/13/13 953/805/661 935/767/635
f 93/762/620 92/775/617 923/778/643 912/763/631
f 35/269/17 36/333/16 1256/336/296 1255/270/246
f 37/334/15 41/345/22 1193/348/303 1177/335/295
f 180/794/235 181/781/234 1258/782/644 1257/795/651
f 133/806/117 134/260/122 1254/263/240 1248/807/662
f 117/115/107 114/112/104 962/768/636 937/755/625
f 146/317/283 145/137/129 910/808/663 939/799/655
f 145/137/129 143/134/126 947/802/658 910/808/663
f 126/123/115 121/121/113 943/760/630 957/809/664
f 120/120/112 119/116/108 918/756/626 908/759/629
f 4/810/88 96/337/87 1232/340/298 1239/811/665
f 153/273/143 104/787/141 1251/788/648 1227/274/248
f 40/396/20 198/793/344 1243/796/652 1238/397/343
f 224/812/355 222/343/277 1209/344/301 1210/813/666
f 225/814/356 224/812/355 1210/813/666 1235/815/667
f 197/374/325 196/319/285 921/774/641 906/765/633
f 137/276/250 78/388/64 1260/391/339 1197/277/251
f 147/816/132 148/329/131 1188/332/294 1261/817/668
f 132/409/118 133/806/117 1248/807/662 1247/410/349
f 9/818/133 147/816/132 1261/817/668 1259/819/669
f 105/784/645 106/711/600 1185/712/601 1184/785/646
f 158/265/242 157/341/299 1174/342/300 1198/266/243
f 154/322/146 225/814/356 1235/815/667 1253/323/287
f 91/133/125 89/71/69 931/758/628 904/801/657
f 71/63/61 66/61/59 960/800/656 949/804/660
f 63/733/610 126/123/115 957/809/664 952/803/659
f 475/820/670 485/821/671 474/822/672 473/823/673
f 402/824/674 440/825/675 448/826/676 401/827/677
f 403/828/678 454/829/679 402/824/674 401/827/677
f 476/830/680 465/831/681 454/829/679 403/828/678
f 424/832/682 486/833/683 465/831/681 476/830/680
f 423/834/684 405/835/685 686/836/686 481/837/687
f 439/838/688 406/839/689 686/836/686 405/835/685
f 426/840/690 462/841/691 439/838/688 405/835/685
f 423/834/684 421/842/692 426/840/690 405/835/685
f 441/843/693 477/844/694 462/841/691 426/840/690
f 421/842/692 422/845/695 441/843/693 426/840/690
f 440/846/675 427/847/696 477/844/694 441/843/693
f 422/845/695 448/826/676 440/846/675 441/843/693
f 428/848/697 435/849/698 477/844/694 427/847/696
f 429/850/699 456/851/700 428/852/697 427/853/696
f 440/825/675 402/824/674 429/850/699 427/853/696
f 463/854/701 469/855/702 456/851/700 429/850/699
f 402/824/674 454/829/679 463/854/701 429/850/699
f 407/856/703 488/857/704 469/855/702 463/854/701
f 454/829/679 465/831/681 407/856/703 463/854/701
f 408/858/705 442/859/706 488/857/704 407/856/703
f 465/831/681 486/833/683 408/858/705 407/856/703
f 455/860/707 443/861/708 442/859/706 408/858/705
f 486/833/683 470/862/709 455/860/707 408/858/705
f 486/833/683 424/832/682 425/863/710 470/862/709
f 712/864/711 478/865/712 455/860/707 470/862/709
f 425/863/710 491/866/713 712/864/711 470/862/709
f 434/867/714 459/868/715 433/869/716 432/870/717
f 406/839/689 439/838/688 434/867/714 432/870/717
f 436/871/718 480/872/719 459/868/715 434/867/714
f 439/838/688 462/841/691 436/871/718 434/867/714
f 435/849/698 413/873/720 480/872/719 436/871/718
f 462/841/691 477/844/694 435/849/698 436/871/718
f 414/874/721 444/875/722 480/872/719 413/873/720
f 415/876/723 453/877/724 414/874/721 413/873/720
f 435/849/698 428/848/697 415/876/723 413/873/720
f 460/878/725 467/879/726 453/880/724 415/881/723
f 428/852/697 456/851/700 460/878/725 415/881/723
f 399/882/727 489/883/728 467/879/726 460/878/725
f 456/851/700 469/855/702 399/882/727 460/878/725
f 400/884/729 437/885/730 489/883/728 399/882/727
f 469/855/702 488/857/704 400/884/729 399/882/727
f 445/886/731 438/887/732 437/885/730 400/884/729
f 488/857/704 442/859/706 445/886/731 400/884/729
f 468/888/733 461/889/734 438/887/732 445/886/731
f 442/859/706 443/861/708 468/888/733 445/886/731
f 417/890/735 714/891/736 461/889/734 468/888/733
f 443/861/708 418/892/737 417/890/735 468/888/733
f 443/861/708 455/860/707 478/865/712 418/892/737
f 446/893/738 471/894/739 458/895/740 466/896/741
f 433/869/716 459/868/715 446/893/738 466/896/741
f 444/875/722 447/897/742 471/894/739 446/893/738
f 459/868/715 480/872/719 444/875/722 446/893/738
f 410/898/743 409/899/744 471/894/739 447/897/742
f 452/900/745 431/901/746 410/898/743 447/897/742
f 444/875/722 414/874/721 452/900/745 447/897/742
f 464/902/747 457/903/748 431/901/746 452/900/745
f 414/874/721 453/877/724 464/902/747 452/900/745
f 484/904/749 479/905/750 457/906/748 464/907/747
f 453/880/724 467/879/726 484/904/749 464/907/747
f 420/908/751 419/909/752 479/905/750 484/904/749
f 467/879/726 489/883/728 420/908/751 484/904/749
f 474/822/672 485/821/671 419/909/752 420/908/751
f 489/883/728 437/885/730 474/822/672 420/908/751
f 702/910/753 450/911/754 479/905/750 419/909/752
f 485/821/671 472/912/755 702/910/753 419/909/752
f 485/821/671 475/820/670 482/913/756 472/912/755
f 475/820/670 461/889/734 714/891/736 482/913/756
f 409/899/744 411/914/757 490/915/758 704/916/759
f 458/895/740 471/894/739 409/899/744 704/916/759
f 409/899/744 410/898/743 412/917/760 411/914/757
f 410/898/743 431/901/746 710/918/761 412/917/760
f 431/901/746 457/903/748 451/919/762 710/918/761
f 457/906/748 479/905/750 450/911/754 451/919/762
f 475/820/670 473/823/673 438/887/732 461/889/734
f 473/823/673 474/822/672 437/885/730 438/887/732
f 158/920/242 156/921/241 523/446/380 522/469/402
f 56/922/50 57/923/52 521/465/398 520/168/160
f 232/924/495 231/925/413 519/579/492 518/160/152
f 108/926/100 107/927/99 517/575/489 516/164/156
f 297/928/177 293/929/176 515/434/368 514/432/366
f 231/925/413 301/930/412 513/580/147 519/579/492
f 159/931/418 234/932/407 512/467/400 511/477/410
f 107/927/99 161/933/422 510/438/372 517/575/489
f 160/934/419 159/931/418 511/477/410 509/439/373
f 105/935/645 103/936/96 508/171/163 507/456/390
f 230/937/365 158/920/242 522/469/402 506/459/393
f 234/932/407 233/938/406 505/159/151 512/467/400
f 57/923/52 60/939/54 504/450/384 521/465/398
f 292/940/500 229/941/499 503/458/392 502/462/396
f 43/942/24 53/943/43 501/464/386 500/454/388
f 291/944/497 292/940/500 502/462/396 499/435/369
f 229/941/499 230/937/365 506/459/393 503/458/392
f 106/945/600 105/935/645 507/456/390 498/447/381
f 42/946/25 43/942/24 500/454/388 497/444/378
f 53/947/43 54/948/46 496/442/376 501/452/386
f 60/939/54 28/949/12 495/163/155 504/450/384
f 156/921/241 106/945/600 498/447/381 523/446/380
f 46/950/27 42/946/25 497/444/378 494/172/164
f 54/948/46 55/951/48 493/167/159 496/442/376
f 161/933/422 160/934/419 509/439/373 510/438/372
f 293/929/176 291/944/497 499/435/369 515/434/368
f 299/952/180 297/928/177 514/432/366 492/156/148
f 103/936/96 46/950/27 494/172/164 508/171/163
f 55/951/48 56/922/50 520/168/160 493/167/159
f 28/949/12 108/926/100 516/164/156 495/163/155
f 233/938/406 232/924/495 518/160/152 505/159/151
f 301/953/412 299/952/180 492/156/148 513/155/147
f 551/954/763 544/955/764 598/956/765 596/957/766
f 529/958/767 543/959/768 542/960/769 549/961/770
f 631/962/771 528/963/772 529/958/767 549/961/770
f 590/964/773 553/965/774 543/959/768 529/958/767
f 528/963/772 556/966/775 590/964/773 529/958/767
f 630/967/776 626/968/777 553/965/774 590/964/773
f 556/966/775 591/969/778 630/967/776 590/964/773
f 557/970/779 560/971/780 633/972/781 554/973/782
f 555/974/783 587/975/784 557/970/779 554/973/782
f 623/976/785 616/977/786 602/978/787 618/979/788
f 622/980/789 571/981/790 623/976/785 618/979/788
f 635/982/791 545/983/792 571/981/790 622/980/789
f 635/982/791 542/960/769 543/959/768 545/983/792
f 544/955/764 551/954/763 571/981/790 545/983/792
f 543/959/768 553/965/774 544/955/764 545/983/792
f 551/954/763 558/984/793 623/976/785 571/981/790
f 605/985/794 616/977/786 623/976/785 558/984/793
f 595/986/795 610/987/796 605/985/794 558/984/793
f 551/954/763 596/957/766 595/986/795 558/984/793
f 617/988/797 625/989/798 610/987/796 595/986/795
f 596/957/766 597/990/799 617/988/797 595/986/795
f 552/991/800 526/992/801 625/989/798 617/988/797
f 597/990/799 583/993/802 552/991/800 617/988/797
f 594/994/803 572/995/804 552/991/800 583/993/802
f 560/971/780 536/996/805 524/997/806 561/998/807
f 632/999/808 633/972/781 560/971/780 561/998/807
f 562/1000/809 525/1001/810 524/997/806 536/996/805
f 570/1002/811 606/1003/812 562/1000/809 536/996/805
f 560/971/780 557/970/779 570/1002/811 536/996/805
f 607/1004/813 619/1005/814 606/1003/812 570/1002/811
f 557/970/779 587/975/784 607/1004/813 570/1002/811
f 538/1006/815 575/1007/816 619/1005/814 537/1008/817
f 539/1009/818 586/1010/819 538/1006/815 537/1008/817
f 624/1011/820 611/1012/821 586/1010/819 539/1009/818
f 589/1013/822 629/1014/823 611/1012/821 624/1011/820
f 588/1015/824 563/1016/825 629/1017/823 589/1013/822
f 564/1018/826 584/1019/827 629/1017/823 563/1016/825
f 616/977/786 605/985/794 564/1018/826 563/1016/825
f 588/1015/824 602/978/787 616/977/786 563/1016/825
f 608/1020/828 600/1021/829 584/1019/827 564/1018/826
f 605/985/794 610/987/796 608/1020/828 564/1018/826
f 628/1022/830 620/1023/831 600/1021/829 608/1020/828
f 610/987/796 625/989/798 628/1022/830 608/1020/828
f 548/1024/832 540/1025/833 620/1023/831 628/1022/830
f 625/989/798 526/992/801 548/1024/832 628/1022/830
f 574/1026/834 541/1027/835 540/1025/833 548/1024/832
f 526/992/801 527/1028/836 574/1026/834 548/1024/832
f 526/992/801 552/991/800 572/995/804 527/1028/836
f 603/1029/837 573/1030/838 568/1031/839 601/1032/840
f 525/1001/810 562/1000/809 603/1029/837 601/1032/840
f 576/1033/841 604/1034/842 573/1030/838 603/1029/837
f 562/1000/809 606/1003/812 576/1033/841 603/1029/837
f 575/1007/816 577/1035/843 604/1034/842 576/1033/841
f 606/1003/812 619/1005/814 575/1007/816 576/1033/841
f 546/1036/844 621/1037/845 604/1034/842 577/1035/843
f 559/1038/846 550/1039/847 546/1036/844 577/1035/843
f 575/1007/816 538/1006/815 559/1038/846 577/1035/843
f 599/1040/848 578/1041/849 550/1039/847 559/1038/846
f 538/1006/815 586/1010/819 599/1040/848 559/1038/846
f 585/1042/850 614/1043/851 578/1041/849 599/1040/848
f 586/1010/819 611/1012/821 585/1042/850 599/1040/848
f 584/1044/827 600/1045/829 614/1043/851 585/1042/850
f 611/1012/821 629/1014/823 584/1044/827 585/1042/850
f 530/1046/852 613/1047/853 578/1041/849 614/1043/851
f 600/1045/829 620/1048/831 530/1046/852 614/1043/851
f 531/1049/854 565/1050/855 613/1047/853 530/1046/852
f 620/1048/831 540/1051/833 531/1049/854 530/1046/852
f 592/1052/856 566/1053/857 565/1050/855 531/1049/854
f 540/1051/833 541/1027/835 592/1052/856 531/1049/854
f 533/1054/858 532/1055/859 634/1056/860 569/1057/861
f 568/1031/839 573/1030/838 533/1054/858 569/1057/861
f 621/1037/845 534/1058/862 532/1055/859 533/1054/858
f 573/1030/838 604/1034/842 621/1037/845 533/1054/858
f 593/1059/863 535/1060/864 532/1055/859 534/1058/862
f 547/1061/865 627/1062/866 593/1059/863 534/1058/862
f 621/1037/845 546/1036/844 547/1061/865 534/1058/862
f 579/1063/867 567/1064/868 627/1062/866 547/1061/865
f 546/1036/844 550/1039/847 579/1063/867 547/1061/865
f 613/1047/853 565/1050/855 567/1064/868 579/1063/867
f 550/1039/847 578/1041/849 613/1047/853 579/1063/867
f 582/1065/869 580/1066/870 627/1062/866 567/1064/868
f 565/1050/855 566/1053/857 582/1065/869 567/1064/868
f 535/1060/864 609/1067/871 615/1068/872 612/1069/873
f 634/1056/860 532/1055/859 535/1060/864 612/1069/873
f 535/1060/864 593/1059/863 581/1070/874 609/1067/871
f 593/1059/863 627/1062/866 580/1066/870 581/1070/874
f 598/956/765 544/955/764 553/965/774 626/968/777
f 227/484/353 228/571/357 308/574/488 352/485/416
f 231/480/413 232/584/495 290/585/496 369/481/414
f 283/1071/481 226/483/354 353/486/417 376/595/505
f 378/175/167 386/1072/875 377/602/512 374/176/168
f 386/1072/875 385/565/483 341/568/486 377/602/512
f 292/589/500 291/586/497 288/587/498 235/590/501
f 230/572/365 229/588/499 236/591/502 307/573/487
f 285/423/359 283/1071/481 376/595/505 371/424/360
f 312/498/428 311/1073/182 372/592/185 348/499/429
f 524/997/806 525/1001/810 637/648/552 636/597/507
f 539/1009/818 537/1008/817 638/645/549 639/644/548
f 549/961/770 542/960/769 640/655/559 641/658/562
f 555/974/783 554/973/782 642/609/519 643/599/509
f 556/966/775 528/963/772 644/664/568 645/682/583
f 568/1031/839 569/1057/861 647/680/581 646/679/580
f 581/1070/874 580/1066/870 648/605/515 649/604/514
f 580/1066/870 582/1065/869 650/638/542 648/605/515
f 588/1015/824 589/1013/822 652/654/558 651/608/518
f 591/969/778 556/966/775 645/682/583 653/683/584
f 594/994/803 583/993/802 654/640/544 655/659/563
f 541/1027/835 574/1026/834 657/594/504 656/593/503
f 592/1052/856 541/1027/835 656/593/503 658/647/551
f 597/990/799 596/957/766 659/661/565 660/641/545
f 596/957/766 598/956/765 661/662/566 659/661/565
f 525/1001/810 601/1032/840 662/651/555 637/648/552
f 602/978/787 588/1015/824 651/608/518 663/607/517
f 607/1004/813 587/975/784 664/598/508 665/601/511
f 566/1053/857 592/1052/856 658/647/551 666/639/543
f 582/1065/869 566/1053/857 666/639/543 650/638/542
f 612/1069/873 615/1068/872 667/681/582 668/643/547
f 615/1068/872 609/1067/871 669/603/513 667/681/582
f 587/975/784 555/974/783 643/599/509 664/598/508
f 583/993/802 597/990/799 660/641/545 654/640/544
f 574/1026/834 527/1028/836 670/660/564 657/594/504
f 527/1028/836 572/995/804 671/663/567 670/660/564
f 572/995/804 594/994/803 655/659/563 671/663/567
f 618/979/788 602/978/787 663/607/517 672/653/557
f 622/980/789 618/979/788 672/653/557 673/652/556
f 624/1011/820 539/1009/818 639/644/548 674/646/550
f 609/1067/871 581/1070/874 649/604/514 669/603/513
f 528/963/772 631/962/771 675/657/561 644/664/568
f 633/972/781 632/999/808 676/606/516 677/610/520
f 537/1008/817 619/1005/814 678/600/510 638/645/549
f 632/999/808 561/998/807 679/596/506 676/606/516
f 561/998/807 524/997/806 636/597/507 679/596/506
f 589/1013/822 624/1011/820 674/646/550 652/654/558
f 569/1057/861 634/1056/860 680/642/546 647/680/581
f 631/962/771 549/961/770 641/658/562 675/657/561
f 626/968/777 630/967/776 682/650/554 681/649/553
f 634/1056/860 612/1069/873 668/643/547 680/642/546
f 619/1005/814 607/1004/813 665/601/511 678/600/510
f 635/982/791 622/980/789 673/652/556 683/656/560
f 554/973/782 633/972/781 677/610/520 642/609/519
f 542/960/769 635/982/791 683/656/560 640/655/559
f 630/967/776 591/969/778 653/683/584 682/650/554
f 598/956/765 626/968/777 681/649/553 661/662/566
f 601/1032/840 568/1031/839 646/679/580 662/651/555
f 403/828/678 401/827/677 684/443/377 685/170/162
f 686/836/686 406/839/689 687/448/382 404/457/391
f 411/914/757 412/917/760 689/433/367 688/437/371
f 417/890/735 418/892/737 691/441/375 690/440/374
f 422/845/695 421/842/692 692/445/379 693/455/389
f 421/842/692 423/834/684 694/173/165 692/445/379
f 425/863/710 424/832/682 695/466/399 696/451/385
f 432/870/717 433/869/716 698/470/403 697/449/383
f 448/826/676 422/845/695 693/455/389 699/453/387
f 451/919/762 450/911/754 700/581/493 701/158/150
f 406/839/689 432/870/717 697/449/383 687/448/382
f 450/911/754 702/910/753 430/161/153 700/581/493
f 458/895/740 704/916/759 416/463/397 703/461/395
f 433/869/716 466/896/741 705/460/394 698/470/403
f 466/896/741 458/895/740 703/461/395 705/460/394
f 702/910/753 472/912/755 706/162/154 430/161/153
f 476/830/680 403/828/678 685/170/162 707/169/161
f 423/834/684 481/837/687 708/174/166 694/173/165
f 472/912/755 482/913/756 709/468/401 706/162/154
f 412/917/760 710/918/761 449/157/149 689/433/367
f 424/832/682 476/830/680 707/169/161 695/466/399
f 478/865/712 712/864/711 483/165/157 711/576/490
f 490/915/758 411/914/757 688/437/371 713/436/370
f 481/837/687 686/836/686 404/457/391 708/174/166
f 710/918/761 451/919/762 701/158/150 449/157/149
f 418/892/737 478/865/712 711/576/490 691/441/375
f 704/916/759 490/915/758 713/436/370 416/463/397
f 482/913/756 714/891/736 487/478/411 709/468/401
f 714/891/736 417/890/735 690/440/374 487/478/411
f 712/864/711 491/866/713 715/166/158 483/165/157
f 491/866/713 425/863/710 696/451/385 715/166/158
f 401/827/677 448/826/676 699/453/387 684/443/377
f 740/1074/876 729/1075/877 727/1076/878 749/1077/879
f 727/1076/878 730/1078/91 750/1079/80 749/1077/879
f 750/1079/80 753/1080/79 751/1081/880 749/1077/879
f 725/37/37 724/86/82 740/1074/876 749/1077/879
f 720/1082/881 741/1083/882 719/1084/612 718/1085/94
f 721/1086/93 726/1087/883 720/1082/881 718/1085/94
f 751/1081/880 747/1088/884 742/744/615 736/38/38
f 725/37/37 749/1077/879 751/1081/880 736/38/38
f 741/1083/882 748/89/85 742/780/615 747/1089/884
f 743/1090/613 719/1084/612 741/1083/882 747/1089/884
f 751/1081/880 753/1080/79 743/1091/613 747/1088/884
f 730/1078/91 727/1076/878 728/1092/33 737/1093/92
f 745/1094/618 744/1095/885 754/1096/886 755/1097/619
f 739/1098/887 744/1095/885 745/1094/618 746/1099/621
f 738/1100/34 729/1075/877 739/1098/887 746/1099/621
f 722/1101/888 732/1102/889 744/1095/885 739/1098/887
f 729/1075/877 740/1074/876 722/1101/888 739/1098/887
f 723/42/42 733/41/41 732/1102/889 722/1101/888
f 740/1074/876 724/86/82 723/42/42 722/1101/888
f 735/752/623 731/1103/890 732/1102/889 733/41/41
f 754/1096/886 744/1095/885 732/1102/889 731/1103/890
f 716/1104/891 726/1087/883 721/1086/93 756/1105/611
f 717/80/78 734/79/77 726/1087/883 716/1104/891
f 752/90/86 720/1082/881 726/1087/883 734/79/77
f 748/89/85 741/1083/882 720/1082/881 752/90/86
f 728/1092/33 727/1076/878 729/1075/877 738/1100/34
f 827/1106/892 821/1107/893 816/1108/894 822/1109/895
f 839/1110/896 857/1111/897 856/1112/898 811/1113/899
f 859/1114/900 860/1115/901 810/1116/902 861/1117/903
f 790/1118/904 864/1119/905 863/1120/906 822/1109/895 816/1108/894
f 818/1121/907 834/1122/908 873/1123/909 801/1124/910
f 850/1125/911 759/1126/912 841/1127/913 810/1116/902
f 850/1125/911 791/1128/914 760/1129/915 759/1126/912
f 761/1130/916 827/1106/892 841/1127/913 759/1126/912
f 760/1129/915 792/1131/917 761/1130/916 759/1126/912
f 826/1132/918 808/1133/919 836/1134/920 792/1131/917
f 760/1129/915 779/1135/921 826/1132/918 792/1131/917
f 836/1134/920 799/1136/922 761/1130/916 792/1131/917
f 836/1134/920 813/1137/923 800/1138/924 799/1136/922
f 821/1107/893 827/1106/892 761/1130/916 799/1136/922
f 800/1138/924 814/1139/925 821/1107/893 799/1136/922
f 800/1138/924 815/1140/926 842/1141/927 814/1139/925
f 817/1142/928 816/1108/894 821/1107/893 814/1139/925
f 842/1141/927 762/1143/929 817/1142/928 814/1139/925
f 842/1141/927 793/1144/930 763/1145/931 762/1143/929
f 764/1146/932 825/1147/933 817/1142/928 762/1143/929
f 763/1145/931 794/1148/934 764/1146/932 762/1143/929
f 763/1145/931 795/1149/935 848/1150/936 794/1148/934
f 775/1151/937 774/1152/938 764/1146/932 794/1148/934
f 848/1150/936 801/1124/910 775/1151/937 794/1148/934
f 848/1150/936 833/1153/939 818/1121/907 801/1124/910
f 775/1151/937 802/1154/940 874/1155/941 774/1152/938
f 780/1156/942 830/1157/943 851/1158/944 845/1159/945
f 850/1125/911 862/1160/946 869/1161/947 791/1128/914
f 865/1162/948 866/1163/949 837/1164/950 867/1165/951
f 774/1152/938 874/1155/941 872/1166/952 781/1167/953
f 777/1168/954 776/1169/955 837/1164/950 787/1170/956
f 765/1171/957 788/1172/958 777/1168/954 787/1170/956
f 819/1173/959 798/1174/960 777/1168/954 788/1172/958
f 833/1153/939 835/1175/961 819/1173/959 788/1172/958
f 765/1171/957 818/1121/907 833/1153/939 788/1172/958
f 849/1176/962 843/1177/963 819/1173/959 835/1175/961
f 795/1149/935 772/1178/964 849/1176/962 835/1175/961
f 833/1153/939 848/1150/936 795/1149/935 835/1175/961
f 773/1179/965 789/1180/966 849/1176/962 772/1178/964
f 793/1144/930 807/1181/967 773/1179/965 772/1178/964
f 795/1149/935 763/1145/931 793/1144/930 772/1178/964
f 824/1182/968 809/1183/969 773/1179/965 807/1181/967
f 815/1140/926 829/1184/970 824/1182/968 807/1181/967
f 793/1144/930 842/1141/927 815/1140/926 807/1181/967
f 767/1185/971 846/1186/972 824/1182/968 829/1184/970
f 813/1137/923 778/1187/973 767/1185/971 829/1184/970
f 815/1140/926 800/1138/924 813/1137/923 829/1184/970
f 770/1188/974 766/1189/975 767/1185/971 778/1187/973
f 808/1133/919 797/1190/976 770/1188/974 778/1187/973
f 813/1137/923 836/1134/920 808/1133/919 778/1187/973
f 808/1133/919 826/1132/918 812/1191/977 797/1190/976
f 826/1132/918 779/1135/921 828/1192/978 812/1191/977
f 765/1171/957 852/1193/979 834/1122/908 818/1121/907
f 822/1109/895 863/1120/906 870/1194/980 841/1127/913 827/1106/892
f 779/1135/921 760/1129/915 791/1128/914 780/1156/942
f 845/1159/945 828/1192/978 779/1135/921 780/1156/942
f 783/1195/981 855/1196/982 782/1197/983 776/1169/955
f 801/1124/910 873/1123/909 802/1154/940 775/1151/937
f 811/1113/899 856/1112/898 855/1196/982 783/1195/981
f 776/1169/955 782/1197/983 867/1165/951 837/1164/950
f 803/1198/984 804/1199/985 868/1200/986 805/1201/987
f 785/1202/988 858/1203/989 857/1111/897 839/1110/896
f 798/1174/960 832/1204/990 811/1113/899 783/1195/981
f 776/1169/955 777/1168/954 798/1174/960 783/1195/981
f 847/1205/991 839/1110/896 811/1113/899 832/1204/990
f 843/1177/963 757/1206/992 847/1205/991 832/1204/990
f 798/1174/960 819/1173/959 843/1177/963 832/1204/990
f 758/1207/993 784/1208/994 847/1205/991 757/1206/992
f 789/1180/966 796/1209/995 758/1207/993 757/1206/992
f 843/1177/963 849/1176/962 789/1180/966 757/1206/992
f 823/1210/996 806/1211/997 758/1207/993 796/1209/995
f 809/1183/969 844/1212/998 823/1210/996 796/1209/995
f 789/1180/966 773/1179/965 809/1183/969 796/1209/995
f 840/1213/999 838/1214/1000 823/1210/996 844/1212/998
f 846/1186/972 771/1215/1001 840/1213/999 844/1212/998
f 809/1183/969 824/1182/968 846/1186/972 844/1212/998
f 846/1186/972 767/1185/971 766/1189/975 771/1215/1001
f 854/1216/1002 768/1217/1003 769/1218/1004 871/1219/1005
f 791/1128/914 869/1161/947 830/1157/943 780/1156/942
f 784/1208/994 786/1220/1006 805/1201/987 785/1202/988
f 839/1110/896 847/1205/991 784/1208/994 785/1202/988
f 820/1221/1007 803/1198/984 805/1201/987 786/1220/1006
f 806/1211/997 831/1222/1008 820/1221/1007 786/1220/1006
f 784/1208/994 758/1207/993 806/1211/997 786/1220/1006
f 806/1211/997 823/1210/996 838/1214/1000 831/1222/1008
f 769/1218/1004 768/1217/1003 864/1119/905 790/1118/904
f 837/1164/950 866/1163/949 853/1223/1009 787/1170/956
f 841/1127/913 870/1194/980 861/1117/903 810/1116/902
f 825/1147/933 764/1146/932 774/1152/938 781/1167/953
f 769/1218/1004 790/1118/904 825/1147/933 781/1167/953
f 816/1108/894 817/1142/928 825/1147/933 790/1118/904
f 787/1170/956 853/1223/1009 852/1193/979 765/1171/957
f 810/1116/902 860/1115/901 862/1160/946 850/1125/911
f 805/1201/987 868/1200/986 858/1203/989 785/1202/988
f 781/1167/953 872/1166/952 871/1219/1005 769/1218/1004
f 951/1224/1010 958/1225/1011 874/1155/941 802/1154/940
f 913/1226/1012 950/1227/1013 853/1223/1009 866/1163/949
f 907/1228/1014 917/1229/1015 854/1216/1002 871/1219/1005
f 958/1225/1011 944/1230/1016 872/1166/952 874/1155/941
f 911/1231/1017 924/1232/1018 830/1157/943 869/1161/947
f 905/1233/1019 922/1234/1020 858/1203/989 868/1200/986
f 936/1235/1021 954/1236/1022 870/1194/980 863/1120/906
f 920/1237/1023 926/1238/1024 860/1115/901 859/1114/900
f 955/1239/1025 920/1237/1023 859/1114/900 861/1117/903
f 922/1234/1020 930/1240/1026 857/1111/897 858/1203/989
f 915/1241/1027 951/1224/1010 802/1154/940 873/1123/909
f 959/1242/1028 928/1243/1029 834/1122/908 852/1193/979
f 901/1244/1030 900/1245/1031 899/1246/1032 902/1247/1033
f 924/1232/1018 942/1248/1034 851/1158/944 830/1157/943
f 917/1229/1015 938/1249/1035 768/1217/1003 854/1216/1002
f 926/1238/1024 934/1250/1036 862/1160/946 860/1115/901
f 903/1251/1037 932/1252/1038 865/1162/948 867/1165/951
f 930/1240/1026 940/1253/1039 856/1112/898 857/1111/897
f 928/1243/1029 915/1241/1027 873/1123/909 834/1122/908
f 932/1252/1038 913/1226/1012 866/1163/949 865/1162/948
f 961/1254/1040 936/1235/1021 863/1120/906 864/1119/905
f 934/1250/1036 911/1231/1017 869/1161/947 862/1160/946
f 938/1249/1035 961/1254/1040 864/1119/905 768/1217/1003
f 909/1255/1041 948/1256/1042 782/1197/983 855/1196/982
f 940/1253/1039 909/1255/1041 855/1196/982 856/1112/898
f 944/1230/1016 907/1228/1014 871/1219/1005 872/1166/952
f 946/1257/1043 905/1233/1019 868/1200/986 804/1199/985
f 948/1256/1042 903/1251/1037 867/1165/951 782/1197/983
f 950/1227/1013 959/1242/1028 852/1193/979 853/1223/1009
f 955/1239/1025 861/1117/903 870/1194/980 954/1236/1022
f 61/55/53 956/772/639 953/805/661 27/13/13
f 927/1258/654 916/1259/653 974/1260/1044 975/1261/1045
f 950/1227/1013 913/1226/1012 892/1262/1046 893/1263/1047
f 915/1241/1027 928/1243/1029 976/1264/1048 973/1265/1049
f 920/1237/1023 955/1239/1025 965/1266/1050 964/1267/1051
f 904/1268/657 931/1269/628 983/1270/1052 986/1271/1053
f 932/1252/1038 903/1251/1037 985/1272/1054 984/1273/1055
f 953/1274/661 956/1275/639 966/1276/1056 989/1277/1057
f 955/1239/1025 954/1236/1022 990/1278/1058 965/1266/1050
f 918/1279/626 937/1280/625 898/1281/1059 895/1282/1060
f 949/1283/660 960/1284/656 978/1285/1061 894/1286/1062
f 959/1242/1028 950/1227/1013 893/1263/1047 977/1287/1063
f 938/1249/1035 917/1229/1015 896/1288/1064 897/1289/1065
f 925/1290/637 933/1291/632 981/1292/1066 967/1293/1067
f 934/1250/1036 926/1238/1024 968/1294/1068 982/1295/1069
f 962/1296/636 935/1297/635 878/1298/1070 875/1299/1071
f 947/1300/658 904/1268/657 986/1271/1053 991/1301/1072
f 936/1235/1021 961/1254/1040 876/1302/1073 877/1303/1074
f 903/1251/1037 948/1256/1042 992/1304/1075 985/1272/1054
f 952/1305/659 957/1306/664 902/1247/1033 899/1246/1032
f 945/1307/634 906/1308/633 879/1309/1076 969/1310/1077
f 905/1233/1019 946/1257/1043 970/1311/1078 880/1312/1079
f 958/1225/1011 951/1224/1010 900/1245/1031 901/1244/1030
f 943/1313/630 908/1314/629 889/1315/1080 888/1316/1081
f 907/1228/1014 944/1230/1016 887/1317/1082 890/1318/1083
f 906/1308/633 921/1319/641 882/1320/1084 879/1309/1076
f 922/1234/1020 905/1233/1019 880/1312/1079 881/1321/1085
f 912/1322/631 923/1323/643 886/1324/1086 883/1325/1087
f 897/1289/1065 896/1288/1064 895/1282/1060 898/1281/1059
f 893/1263/1047 892/1262/1046 891/1326/1088 894/1286/1062
f 896/1288/1064 890/1318/1083 889/1315/1080 895/1282/1060
f 887/1317/1082 901/1244/1030 902/1247/1033 888/1316/1081
f 885/1327/1089 884/1328/1090 883/1325/1087 886/1324/1086
f 881/1321/1085 880/1312/1079 879/1309/1076 882/1320/1084
f 877/1303/1074 876/1302/1073 875/1299/1071 878/1298/1070
f 964/1267/1051 965/1266/1050 966/1276/1056 963/1329/1091
f 968/1294/1068 964/1267/1051 963/1329/1091 967/1293/1067
f 972/1330/1092 881/1321/1085 882/1320/1084 971/1331/1093
f 900/1245/1031 973/1265/1049 974/1260/1044 899/1246/1032
f 976/1264/1048 977/1287/1063 978/1285/1061 975/1261/1045
f 980/1332/1094 885/1327/1089 886/1324/1086 979/1333/1095
f 982/1295/1069 968/1294/1068 967/1293/1067 981/1292/1066
f 984/1273/1055 985/1272/1054 986/1271/1053 983/1270/1052
f 973/1265/1049 976/1264/1048 975/1261/1045 974/1260/1044
f 988/1334/1096 972/1330/1092 971/1331/1093 987/1335/1097
f 892/1262/1046 984/1273/1055 983/1270/1052 891/1326/1088
f 884/1328/1090 982/1295/1069 981/1292/1066 883/1325/1087
f 990/1278/1058 877/1303/1074 878/1298/1070 989/1277/1057
f 876/1302/1073 897/1289/1065 898/1281/1059 875/1299/1071
f 992/1304/1075 993/1336/1098 994/1337/1099 991/1301/1072
f 993/1336/1098 988/1334/1096 987/1335/1097 994/1337/1099
f 890/1318/1083 887/1317/1082 888/1316/1081 889/1315/1080
f 880/1312/1079 970/1311/1078 969/1310/1077 879/1309/1076
f 985/1272/1054 992/1304/1075 991/1301/1072 986/1271/1053
f 977/1287/1063 893/1263/1047 894/1286/1062 978/1285/1061
f 965/1266/1050 990/1278/1058 989/1277/1057 966/1276/1056
f 956/1275/639 919/1338/638 963/1329/1091 966/1276/1056
f 914/1339/627 949/1283/660 894/1286/1062 891/1326/1088
f 940/1253/1039 930/1240/1026 972/1330/1092 988/1334/1096
f 926/1238/1024 920/1237/1023 964/1267/1051 968/1294/1068
f 929/1340/640 939/1341/655 987/1335/1097 971/1331/1093
f 919/1338/638 925/1290/637 967/1293/1067 963/1329/1091
f 913/1226/1012 932/1252/1038 984/1273/1055 892/1262/1046
f 931/1269/628 914/1339/627 891/1326/1088 983/1270/1052
f 930/1240/1026 922/1234/1020 881/1321/1085 972/1330/1092
f 921/1319/641 929/1340/640 971/1331/1093 882/1320/1084
f 911/1231/1017 934/1250/1036 982/1295/1069 884/1328/1090
f 933/1291/632 912/1322/631 883/1325/1087 981/1292/1066
f 951/1224/1010 915/1241/1027 973/1265/1049 900/1245/1031
f 954/1236/1022 936/1235/1021 877/1303/1074 990/1278/1058
f 916/1259/653 952/1305/659 899/1246/1032 974/1260/1044
f 935/1297/635 953/1274/661 989/1277/1057 878/1298/1070
f 928/1243/1029 959/1242/1028 977/1287/1063 976/1264/1048
f 917/1229/1015 907/1228/1014 890/1318/1083 896/1288/1064
f 961/1254/1040 938/1249/1035 897/1289/1065 876/1302/1073
f 960/1284/656 927/1258/654 975/1261/1045 978/1285/1061
f 937/1280/625 962/1296/636 875/1299/1071 898/1281/1059
f 908/1314/629 918/1279/626 895/1282/1060 889/1315/1080
f 948/1256/1042 909/1255/1041 993/1336/1098 992/1304/1075
f 944/1230/1016 958/1225/1011 901/1244/1030 887/1317/1082
f 957/1306/664 943/1313/630 888/1316/1081 902/1247/1033
f 910/1342/663 947/1300/658 991/1301/1072 994/1337/1099
f 942/1248/1034 924/1232/1018 885/1327/1089 980/1332/1094
f 909/1255/1041 940/1253/1039 988/1334/1096 993/1336/1098
f 923/1323/643 941/1343/642 979/1333/1095 886/1324/1086
f 924/1232/1018 911/1231/1017 884/1328/1090 885/1327/1089
f 939/1341/655 910/1342/663 994/1337/1099 987/1335/1097
f 1158/234/218 1146/1344/1100 1145/1345/1101 1169/235/219
f 1145/1345/1101 1086/1346/1102 1051/305/272 1169/235/219
f 1029/1347/1103 1132/1348/1104 1095/407/348 1131/211/200
f 1147/210/199 1030/1349/1105 1029/1347/1103 1131/211/200
f 1147/210/199 1113/724/605 1087/1350/1106 1030/1349/1105
f 1088/1351/1107 1031/1352/1108 1029/1347/1103 1030/1349/1105
f 1087/1350/1106 1114/1353/1109 1088/1351/1107 1030/1349/1105
f 1087/1350/1106 1005/1354/1110 1170/1355/1111 1114/1353/1109
f 1066/1356/1112 1060/1357/1113 1088/1351/1107 1114/1353/1109
f 1170/1355/1111 1096/1358/1114 1066/1356/1112 1114/1353/1109
f 1170/1355/1111 1148/1359/1115 1133/1360/1116 1096/1358/1114
f 1134/1361/1117 1097/1362/1118 1066/1363/1112 1096/1364/1114
f 1133/1365/1116 1032/1366/1119 1134/1361/1117 1096/1364/1114
f 1133/1365/1116 1089/1367/1120 1033/1368/1121 1032/1366/1119
f 1034/1369/1122 1142/1370/1123 1134/1361/1117 1032/1366/1119
f 1033/1368/1121 1090/1371/1124 1034/1369/1122 1032/1366/1119
f 1033/1368/1121 1091/1372/1125 1166/1373/1126 1090/1371/1124
f 1004/1374/1127 1003/1375/1128 1034/1369/1122 1090/1371/1124
f 1166/1373/1126 1067/1376/1129 1004/1374/1127 1090/1371/1124
f 1166/1373/1126 1135/1377/1130 1098/1378/1131 1067/1376/1129
f 1099/1379/1132 1068/1380/1133 1004/1374/1127 1067/1376/1129
f 1098/1378/1131 1136/1381/1134 1099/1379/1132 1067/1376/1129
f 1098/1378/1131 1036/1382/1135 1035/1383/1136 1136/1381/1134
f 1116/280/252 1115/223/210 1099/1379/1132 1136/1381/1134
f 1035/1383/1136 1037/281/253 1116/280/252 1136/1381/1134
f 1035/1383/1136 1038/215/203 1153/214/202 1037/281/253
f 1036/1382/1135 1057/1384/1137 1056/242/224 1075/301/270
f 1038/215/203 1035/1383/1136 1036/1382/1135 1075/301/270
f 1100/1385/1138 1058/243/225 1056/242/224 1057/1384/1137
f 1135/1377/1130 1144/1386/1139 1100/1385/1138 1057/1384/1137
f 1036/1382/1135 1098/1378/1131 1135/1377/1130 1057/1384/1137
f 1159/1387/1140 1149/1388/1141 1100/1385/1138 1144/1386/1139
f 1091/1372/1125 1022/1389/1142 1159/1387/1140 1144/1386/1139
f 1135/1377/1130 1166/1373/1126 1091/1372/1125 1144/1386/1139
f 1023/1390/1143 1076/1391/1144 1159/1392/1140 1022/1393/1142
f 1089/1394/1120 1112/1395/1145 1023/1390/1143 1022/1393/1142
f 1091/1372/1125 1033/1368/1121 1089/1367/1120 1022/1389/1142
f 1138/1396/1146 1117/1397/1147 1023/1390/1143 1112/1395/1145
f 1148/1359/1115 1006/1398/1148 1138/1396/1146 1112/1395/1145
f 1089/1394/1120 1133/1360/1116 1148/1359/1115 1112/1395/1145
f 1008/356/309 1167/1399/1149 1138/1396/1146 1006/1398/1148
f 1005/1354/1110 1007/723/604 1008/356/309 1006/1398/1148
f 1148/1359/1115 1170/1355/1111 1005/1354/1110 1006/1398/1148
f 1005/1354/1110 1087/1350/1106 1113/724/605 1007/723/604
f 1119/1400/1150 1078/1401/1151 1039/239/221 1077/238/220
f 1118/405/347 1140/1402/1152 1119/1400/1150 1077/238/220
f 1118/405/347 1019/227/213 1010/1403/1153 1140/1402/1152
f 1102/1404/1154 1101/1405/1155 1119/1400/1150 1140/1402/1152
f 1010/1403/1153 1011/1406/1156 1102/1404/1154 1140/1402/1152
f 1010/1403/1153 1012/1407/1157 1150/1408/1158 1011/1406/1156
f 1040/1409/1159 1125/1410/1160 1102/1404/1154 1011/1406/1156
f 1150/1408/1158 1041/1411/1161 1040/1409/1159 1011/1406/1156
f 1150/1408/1158 1120/1412/1162 1079/1413/1163 1041/1411/1161
f 1080/1414/1164 1042/1415/1165 1040/1416/1159 1041/1417/1161
f 1079/1418/1163 1121/1419/1166 1080/1414/1164 1041/1417/1161
f 1079/1418/1163 1061/1420/1167 1171/1421/1168 1121/1419/1166
f 1063/1422/1169 1062/1423/1170 1080/1414/1164 1121/1419/1166
f 1171/1421/1168 1103/1424/1171 1063/1422/1169 1121/1419/1166
f 1171/1421/1168 1064/1425/1172 1127/1426/1173 1103/1424/1171
f 1128/1427/1174 1104/1428/1175 1063/1422/1169 1103/1424/1171
f 1127/1426/1173 1043/1429/1176 1128/1427/1174 1103/1424/1171
f 1127/1426/1173 1082/1430/1177 1044/1431/1178 1043/1429/1176
f 1045/1432/1179 1124/1433/1180 1128/1427/1174 1043/1429/1176
f 1044/1431/1178 1083/1434/1181 1045/1432/1179 1043/1429/1176
f 1044/1431/1178 1016/1435/1182 1164/1436/1183 1083/1434/1181
f 1017/252/232 1001/299/268 1045/1432/1179 1083/1434/1181
f 1164/1436/1183 1065/253/233 1017/252/232 1083/1434/1181
f 1164/1436/1183 1018/1437/1184 1105/303/271 1065/253/233
f 1149/1438/1141 1020/1439/1185 1165/351/306 1129/732/227
f 1058/243/225 1100/1385/1138 1149/1388/1141 1129/245/227
f 1021/1440/1186 1054/352/307 1165/351/306 1020/1439/1185
f 1076/1391/1144 1084/1441/1187 1021/1440/1186 1020/1439/1185
f 1149/1438/1141 1159/1392/1140 1076/1391/1144 1020/1439/1185
f 1130/1442/1188 1106/1443/1189 1021/1440/1186 1084/1441/1187
f 1117/1397/1147 1154/1444/1190 1130/1442/1188 1084/1441/1187
f 1076/1391/1144 1023/1390/1143 1117/1397/1147 1084/1441/1187
f 1046/1445/1191 1160/1446/1192 1130/1442/1188 1154/1444/1190
f 1167/1399/1149 1047/1447/1193 1046/1445/1191 1154/1444/1190
f 1117/1397/1147 1138/1396/1146 1167/1399/1149 1154/1444/1190
f 1085/1448/1194 1048/1449/1195 1046/1445/1191 1047/1447/1193
f 1009/355/308 1107/401/345 1085/1448/1194 1047/1447/1193
f 1167/1399/1149 1008/356/309 1009/355/308 1047/1447/1193
f 1155/297/267 1143/1450/1196 1085/1448/1194 1107/401/345
f 995/728/608 1039/239/221 1078/1401/1151 996/717/602
f 1078/1401/1151 1109/1451/1197 1072/718/603 996/717/602
f 1078/1401/1151 1119/1400/1150 1101/1405/1155 1109/1451/1197
f 1156/1452/1198 1137/720/260 1072/718/603 1109/1451/1197
f 1101/1405/1155 1110/1453/1199 1156/1452/1198 1109/1451/1197
f 1101/1405/1155 1102/1404/1154 1125/1410/1160 1110/1453/1199
f 998/1454/1200 997/1455/1201 1156/1456/1198 1110/1457/1199
f 1125/1458/1160 1071/1459/1202 998/1454/1200 1110/1457/1199
f 1125/1458/1160 1040/1416/1159 1042/1415/1165 1071/1459/1202
f 1092/1460/1203 1050/1461/1204 998/1454/1200 1071/1459/1202
f 1042/1415/1165 1073/1462/1205 1092/1460/1203 1071/1459/1202
f 1042/1415/1165 1080/1414/1164 1062/1423/1170 1073/1462/1205
f 1093/1463/1206 1151/1464/1207 1092/1460/1203 1073/1462/1205
f 1062/1423/1170 1024/1465/1208 1093/1463/1206 1073/1462/1205
f 1062/1423/1170 1063/1422/1169 1104/1428/1175 1024/1465/1208
f 1025/1466/1209 1086/1346/1102 1093/1463/1206 1024/1465/1208
f 1104/1428/1175 1049/1467/1210 1025/1466/1209 1024/1465/1208
f 1104/1428/1175 1128/1427/1174 1124/1433/1180 1049/1467/1210
f 1111/219/207 1052/218/206 1025/1466/1209 1049/1467/1210
f 1124/1433/1180 1002/710/599 1111/219/207 1049/1467/1210
f 1124/1433/1180 1045/1432/1179 1001/299/268 1002/710/599
f 1106/1443/1189 1070/1468/1211 1069/231/217 1055/230/216
f 1054/352/307 1021/1440/1186 1106/1443/1189 1055/230/216
f 1123/1469/1212 1074/726/607 1069/231/217 1070/1468/1211
f 1160/1446/1192 1108/1470/1213 1123/1469/1212 1070/1468/1211
f 1106/1443/1189 1130/1442/1188 1160/1446/1192 1070/1468/1211
f 1162/1471/1214 1157/1472/1215 1123/1469/1212 1108/1470/1213
f 1048/1449/1195 999/1473/1216 1162/1471/1214 1108/1470/1213
f 1160/1446/1192 1046/1445/1191 1048/1449/1195 1108/1470/1213
f 1000/293/265 1053/292/264 1162/1471/1214 999/1473/1216
f 1143/1450/1196 1028/708/598 1000/293/265 999/1473/1216
f 1048/1449/1195 1085/1448/1194 1143/1450/1196 999/1473/1216
f 1143/1450/1196 1155/297/267 1027/296/266 1028/708/598
f 1157/1472/1215 1059/403/346 1168/249/231 1139/248/230
f 1074/726/607 1123/1469/1212 1157/1472/1215 1139/248/230
f 1157/1472/1215 1162/1471/1214 1053/292/264 1059/403/346
f 1051/305/272 1086/1346/1102 1025/1466/1209 1052/218/206
f 1086/1346/1102 1145/1345/1101 1151/1464/1207 1093/1463/1206
f 1126/1474/1217 1050/1461/1204 1092/1460/1203 1151/1464/1207
f 1145/1345/1101 1146/1344/1100 1126/1474/1217 1151/1464/1207
f 1141/1475/1218 1013/1476/1219 1050/1461/1204 1126/1474/1217
f 1146/1344/1100 1163/1477/1220 1141/1475/1218 1126/1474/1217
f 1014/313/279 1161/285/257 1141/1475/1218 1163/1477/1220
f 1081/730/609 1015/314/280 1014/313/279 1163/1477/1220
f 1146/1344/1100 1158/234/218 1081/730/609 1163/1477/1220
f 1137/288/260 1156/1456/1198 997/1455/1201 1026/289/261
f 997/1455/1201 1013/1476/1219 1152/284/256 1026/289/261
f 1013/1476/1219 1141/1475/1218 1161/285/257 1152/284/256
f 997/1455/1201 998/1454/1200 1050/1461/1204 1013/1476/1219
f 1068/1380/1133 1099/1379/1132 1115/223/210 1122/222/209
f 1105/303/271 1018/1437/1184 1068/1380/1133 1122/222/209
f 1003/1375/1128 1004/1374/1127 1068/1380/1133 1018/1437/1184
f 1164/1436/1183 1016/1435/1182 1003/1375/1128 1018/1437/1184
f 1142/1370/1123 1034/1369/1122 1003/1375/1128 1016/1435/1182
f 1044/1431/1178 1082/1430/1177 1142/1370/1123 1016/1435/1182
f 1097/1362/1118 1134/1361/1117 1142/1370/1123 1082/1430/1177
f 1127/1426/1173 1064/1425/1172 1097/1362/1118 1082/1430/1177
f 1060/1478/1113 1066/1363/1112 1097/1362/1118 1064/1425/1172
f 1171/1421/1168 1061/1420/1167 1060/1478/1113 1064/1425/1172
f 1031/1352/1108 1088/1351/1107 1060/1357/1113 1061/1479/1167
f 1079/1413/1163 1120/1412/1162 1031/1352/1108 1061/1479/1167
f 1132/1348/1104 1029/1347/1103 1031/1352/1108 1120/1412/1162
f 1150/1408/1158 1012/1407/1157 1132/1348/1104 1120/1412/1162
f 1094/226/212 1095/407/348 1132/1348/1104 1012/1407/1157
f 1010/1403/1153 1019/227/213 1094/226/212 1012/1407/1157
f 1202/394/341 1183/1480/1221 1181/390/338 1182/395/342
f 1229/790/649 1236/792/650 1239/811/665 1232/340/298
f 1233/339/297 1230/414/351 1229/790/649 1232/340/298
f 1244/786/647 1240/415/352 1230/414/351 1233/339/297
f 1184/785/646 1251/788/648 1240/415/352 1244/786/647
f 1231/1481/1222 1221/1482/1223 1248/807/662 1254/263/240
f 1195/262/239 1196/1483/1224 1231/1481/1222 1254/263/240
f 1195/262/239 1197/277/251 1245/1484/1225 1196/1483/1224
f 1186/1485/1226 1241/1486/1227 1231/1481/1222 1196/1483/1224
f 1245/1484/1225 1187/1487/1228 1186/1485/1226 1196/1483/1224
f 1245/1484/1225 1223/1488/1229 1203/1489/1230 1187/1487/1228
f 1218/1490/1231 1217/1491/1232 1186/1485/1226 1187/1487/1228
f 1203/1489/1230 1234/1492/1233 1218/1490/1231 1187/1487/1228
f 1203/1489/1230 1216/1493/1234 1242/1494/1235 1234/1492/1233
f 1242/1494/1235 1216/1493/1234 1215/328/292 1249/327/291
f 1189/331/293 1206/1495/1236 1261/817/668 1188/332/294
f 1226/754/624 1193/348/303 1206/1495/1236 1189/331/293
f 1178/387/337 1177/335/295 1193/348/303 1226/754/624
f 1246/324/288 1256/336/296 1177/335/295 1178/387/337
f 1185/712/601 1173/267/244 1172/275/249 1227/274/248
f 1251/788/648 1184/785/646 1185/712/601 1227/274/248
f 1198/266/243 1174/342/300 1172/275/249 1173/267/244
f 1176/1496/1237 1199/1497/1238 1258/782/644 1175/411/350
f 1247/410/349 1228/1498/1239 1176/1496/1237 1175/411/350
f 1247/410/349 1248/807/662 1221/1482/1223 1228/1498/1239
f 1205/1499/1240 1220/1500/1241 1176/1496/1237 1228/1498/1239
f 1221/1482/1223 1222/1501/1242 1205/1499/1240 1228/1498/1239
f 1221/1482/1223 1231/1481/1222 1241/1486/1227 1222/1501/1242
f 1207/1502/1243 1204/1503/1244 1205/1499/1240 1222/1501/1242
f 1241/1486/1227 1219/1504/1245 1207/1502/1243 1222/1501/1242
f 1241/1486/1227 1186/1485/1226 1217/1491/1232 1219/1504/1245
f 1190/1505/1246 1179/1506/1247 1250/1507/1248 1252/1508/1249
f 1259/819/669 1261/817/668 1190/1505/1246 1252/1508/1249
f 1208/1509/1250 1191/1510/1251 1179/1506/1247 1190/1505/1246
f 1261/817/668 1206/1495/1236 1208/1509/1250 1190/1505/1246
f 1237/347/302 1238/397/343 1191/1510/1251 1208/1509/1250
f 1206/1495/1236 1193/348/303 1237/347/302 1208/1509/1250
f 1238/397/343 1243/796/652 1224/1511/1252 1191/1510/1251
f 1224/1511/1252 1180/1512/1253 1179/1506/1247 1191/1510/1251
f 1224/1511/1252 1200/1513/1254 1211/1514/1255 1180/1512/1253
f 1192/1515/1256 1250/1507/1248 1179/1506/1247 1180/1512/1253
f 1211/1514/1255 1194/1516/1257 1192/1515/1256 1180/1512/1253
f 1211/1514/1255 1201/1517/1258 1212/1518/1259 1194/1516/1257
f 1220/1500/1241 1205/1499/1240 1204/1503/1244 1213/1519/1260
f 1212/1518/1259 1201/1517/1258 1220/1500/1241 1213/1519/1260
f 1199/1497/1238 1176/1496/1237 1220/1500/1241 1201/1517/1258
f 1211/1514/1255 1200/1513/1254 1199/1497/1238 1201/1517/1258
f 1257/795/651 1258/782/644 1199/1497/1238 1200/1513/1254
f 1224/1511/1252 1243/796/652 1257/795/651 1200/1513/1254
f 1225/1520/1261 1210/813/666 1209/344/301 1214/271/247
f 1255/270/246 1256/336/296 1225/1520/1261 1214/271/247
f 1253/323/287 1235/815/667 1210/813/666 1225/1520/1261
f 1256/336/296 1246/324/288 1253/323/287 1225/1520/1261
f 1183/1480/1221 1202/394/341 1215/328/292 1216/1493/1234
f 1203/1489/1230 1223/1488/1229 1183/1480/1221 1216/1493/1234
f 1260/391/339 1181/390/338 1183/1480/1221 1223/1488/1229
f 1245/1484/1225 1197/277/251 1260/391/339 1223/1488/1229
f 1268/1521/1262 1262/1522/1263 1266/1523/1264 1267/1524/1265
f 1270/1525/1266 1262/1522/1263 1268/1521/1262 1269/1526/1267
f 1598/1527/1268 1544/1528/1269 1619/1529/1270 1623/1530/1271
f 1273/1531/1272 1263/1532/1273 1271/1533/1274 1272/1534/1275
f 1281/1535/1276 1264/1536/1277 1279/1537/1278 1280/1538/1279
f 1282/1539/1280 1264/1536/1277 1283/1540/1281 1284/1541/1282
f 1283/1540/1281 1264/1536/1277 1281/1535/1276 1285/1542/1283
f 1288/1543/1284 1265/1544/1285 1286/1545/1286 1287/1546/1287
f 1286/1545/1286 1265/1544/1285 1289/1547/1288 1290/1548/1289
f 1289/1547/1288 1265/1544/1285 1291/1549/1290 1292/1550/1291
f 1306/1551/1292 1978/1552/1293 1970/1553/1294 1303/1554/1295
f 1293/1555/1296 1976/1556/1297 1967/1557/1298 1278/1558/1299
f 1339/1559/1300 1965/1560/1301 1974/1561/1302 1338/1562/1303
f 1297/1563/1304 1296/1564/1305 1288/1543/1284 1287/1546/1287
f 1276/1565/1306 1296/1566/1305 1297/1567/1304 1298/1568/1307
f 1276/1565/1306 1298/1568/1307 1299/1569/1308 1274/1570/1309
f 1274/1570/1309 1299/1569/1308 1300/1571/1310 1275/1572/1311
f 1275/1572/1311 1300/1571/1310 1301/1573/1312 1302/1574/1313
f 1305/1575/1314 1302/1574/1313 1301/1573/1312 1304/1576/1315
f 1312/1577/1316 1309/1578/1317 1308/1579/1318 1311/1580/1319
f 1310/1581/1320 1309/1578/1317 1312/1577/1316 1313/1582/1321
f 1310/1581/1320 1313/1582/1321 1314/1583/1322 1315/1584/1323
f 1323/1585/1324 1319/1586/1325 1318/1587/1326 1322/1588/1327
f 1320/1589/1328 1319/1586/1325 1323/1585/1324 1324/1590/1329
f 1333/1591/1330 1331/1592/1331 1330/1593/1332 1332/1594/1333
f 1316/1595/1334 1331/1592/1331 1333/1591/1330 1334/1596/1335
f 1316/1595/1334 1334/1596/1335 1315/1584/1323 1314/1583/1322
f 7/77/75 717/80/78 1975/1597/1336 1341/1598/1337
f 1274/1599/1309 1990/1600/1338 1993/1601/1339 1276/1602/1306
f 1277/1603/1340 1966/1604/1341 1965/1560/1301 1339/1559/1300
f 1342/1605/1342 1992/1606/1343 1988/1607/1344 1295/1608/1345
f 1292/1550/1291 5/93/89 4/92/88 1340/1609/1346
f 6/94/90 5/93/89 1292/1550/1291 1291/1549/1290
f 1302/1610/1313 1977/1611/1347 1972/1612/1348 1275/1613/1311
f 1265/1614/1285 1960/1615/1349 1963/1616/1350 1291/1617/1290
f 1275/1613/1311 1972/1612/1348 1990/1600/1338 1274/1599/1309
f 1292/1550/1291 1340/1609/1346 1345/1618/1351 1289/1547/1288
f 1289/1547/1288 1345/1618/1351 1347/1619/1352 1290/1548/1289
f 1354/1620/1353 1352/1621/1354 1351/1622/1355 1353/1623/1356
f 1272/1534/1275 1352/1621/1354 1354/1620/1353 1273/1531/1272
f 1356/1624/1357 1354/1620/1353 1353/1623/1356 1355/1625/1358
f 1273/1531/1272 1354/1620/1353 1356/1624/1357 1357/1626/1359
f 1273/1531/1272 1357/1626/1359 1358/1627/1360 1263/1532/1273
f 1360/1628/1361 1357/1626/1359 1356/1624/1357 1359/1629/1362
f 1358/1627/1360 1357/1626/1359 1360/1628/1361 1361/1630/1363
f 1363/1631/1364 1361/1630/1363 1360/1628/1361 1362/1632/1365
f 1367/1633/1366 1364/1634/1367 1363/1631/1364 1366/1635/1368
f 1365/1636/1369 1364/1634/1367 1367/1633/1366 1368/1637/1370
f 1365/1636/1369 1368/1637/1370 1369/1638/1371 1370/1639/1372
f 1377/1640/1373 1374/1641/1374 1373/1642/1375 1376/1643/1376
f 1375/1644/1377 1374/1641/1374 1377/1640/1373 1378/1645/1378
f 1375/1644/1377 1378/1645/1378 1379/1646/1379 1380/1647/1380
f 1335/1648/1381 1385/1649/1382 1386/1650/1383 1387/1651/1384
f 1332/1594/1333 1385/1649/1382 1335/1648/1381 1333/1591/1330
f 1389/1652/1385 1387/1651/1384 1386/1650/1383 1388/1653/1386
f 1392/1654/1387 10/142/134 9/141/133 1391/1655/1388
f 3/143/135 10/142/134 1392/1654/1387 1343/1656/1389
f 1343/1656/1389 1392/1654/1387 1393/1657/1390 1344/1658/1391
f 1344/1658/1391 1393/1657/1390 1394/1659/1392 1346/1660/1393
f 1346/1660/1393 1394/1659/1392 1395/1661/1394 1348/1662/1395
f 1348/1662/1395 1395/1661/1394 1396/1663/1396 1397/1664/1397
f 1399/1665/1398 1397/1664/1397 1396/1663/1396 1398/1666/1399
f 1757/1667/1400 1945/1668/1401 1693/1669/1402 1736/1670/1403
f 1749/1671/1404 1950/1672/1405 1674/1673/1406 1762/1674/1407
f 1739/1675/1408 1959/1676/1409 1727/1677/1410 1760/1678/1411
f 1737/1679/1412 1929/1680/1413 1951/1681/1414 1764/1682/1415
f 1752/1683/1416 1952/1684/1417 1938/1685/1418 1738/1686/1419
f 1623/1530/1271 1619/1529/1270 1618/1687/1420 1622/1688/1421
f 1266/1689/1264 1588/1690/1422 1595/1691/1423 1483/1692/1424
f 1628/1693/1425 1581/1694/1426 1587/1695/1427 1611/1696/1428
f 1537/1697/1429 1530/1698/1430 1617/1699/1431 1541/1700/1432
f 1541/1700/1432 1617/1699/1431 1584/1701/1433 1543/1702/1434
f 1555/1703/1435 1616/1704/1436 1546/1705/1437 1599/1706/1438
f 1355/1625/1358 1408/1707/1439 1359/1629/1362 1356/1624/1357
f 1410/1708/1440 1408/1707/1439 1407/1709/1441 1409/1710/1442
f 1359/1629/1362 1408/1707/1439 1410/1708/1440 1411/1711/1443
f 1359/1629/1362 1411/1711/1443 1362/1632/1365 1360/1628/1361
f 1413/1712/1444 1411/1711/1443 1410/1708/1440 1412/1713/1445
f 1362/1632/1365 1411/1711/1443 1413/1712/1444 1414/1714/1446
f 1362/1632/1365 1414/1714/1446 1366/1635/1368 1363/1631/1364
f 1416/1715/1447 1414/1714/1446 1413/1712/1444 1415/1716/1448
f 1366/1635/1368 1414/1714/1446 1416/1715/1447 1417/1717/1449
f 1419/1718/1450 1417/1717/1449 1416/1715/1447 1418/1719/1451
f 1313/1720/1321 2346/1721/1452 2362/1722/1453 1314/1723/1322
f 1321/1724/1454 2253/1725/1455 2368/1726/1456 1320/1727/1328
f 1422/1728/1457 2326/1729/1458 2267/1730/1459 1421/1731/1460
f 1317/1732/1461 2330/1733/1462 2337/1734/1463 1380/1735/1380
f 1371/1736/1464 2234/1737/1465 2309/1738/1466 1311/1739/1319
f 1428/1740/1467 2284/1741/1468 2270/1742/1469 1427/1743/1470
f 1264/1744/1277 2384/1745/1471 2373/1746/1472 1279/1747/1278
f 1367/1748/1366 2254/1749/1473 2292/1750/1474 1368/1751/1370
f 1329/1752/1475 2273/1753/1476 2271/1754/1477 1328/1755/1478
f 1382/1756/1479 2344/1757/1480 2273/1753/1476 1329/1752/1475
f 1445/1758/1481 2383/1759/1482 2354/1760/1483 1444/1761/1484
f 1374/1762/1374 2280/1763/1485 2232/1764/1486 1373/1765/1375
f 1425/1766/1487 1423/1767/1488 1422/1768/1457 1424/1769/1489
f 1372/1770/1490 1423/1767/1488 1425/1766/1487 1426/1771/1491
f 1372/1770/1490 1426/1771/1491 1376/1643/1376 1373/1642/1375
f 1378/1772/1378 2453/1773/1492 2408/1774/1493 1379/1775/1379
f 1400/1776/1494 2388/1777/1495 2411/1778/1496 1402/1779/1497
f 1467/1780/1498 2423/1781/1499 2454/1782/1500 1279/1783/1278
f 1399/1784/1398 2387/1785/1501 2433/1786/1502 1397/1787/1397
f 1379/1775/1379 2408/1774/1493 2410/1788/1503 1381/1789/1504
f 1319/1790/1325 2252/1791/1505 2331/1792/1506 1318/1793/1326
f 1464/1794/1507 2376/1795/1508 2367/1796/1509 1631/1797/1510
f 1632/1798/1511 2241/1799/1512 2352/1800/1513 1420/1801/1514
f 1431/1802/1515 2215/1803/1516 2268/1804/1517 1430/1805/1518
f 1386/1806/1383 2370/1807/1519 2242/1808/1520 1388/1809/1386
f 1373/1765/1375 2232/1764/1486 2216/1810/1521 1372/1811/1490
f 1327/1812/1522 2290/1813/1523 2253/1725/1455 1321/1724/1454
f 1318/1793/1326 2331/1792/1506 2330/1733/1462 1317/1732/1461
f 1380/1735/1380 2337/1734/1463 2320/1814/1524 1375/1815/1377
f 1421/1731/1460 2267/1730/1459 2266/1816/1525 1282/1817/1280
f 1328/1755/1478 2271/1754/1477 2290/1813/1523 1327/1812/1522
f 1434/1818/1526 1432/1819/1527 1431/1820/1515 1433/1821/1528
f 1388/1653/1386 1432/1819/1527 1434/1818/1526 1435/1822/1529
f 1466/1823/1530 2230/1824/1531 2229/1825/1532 1465/1826/1533
f 1437/1827/1534 1435/1822/1529 1434/1818/1526 1436/1828/1535
f 1390/1829/1536 1435/1822/1529 1437/1827/1534 1438/1830/1537
f 1388/1653/1386 1435/1822/1529 1390/1829/1536 1389/1652/1385
f 1440/1831/1538 1438/1830/1537 1437/1827/1534 1439/1832/1539
f 1396/1833/1396 2448/1834/1540 2452/1835/1541 1398/1836/1399
f 1326/1837/1542 2424/1838/1543 1249/327/291 8/326/290
f 1392/1839/1387 2403/1840/1544 2404/1841/1545 1393/1842/1390
f 1280/1843/1279 2455/1844/1546 2392/1845/1547 1281/1846/1276
f 1340/1847/1346 2438/1848/1548 2439/1849/1549 1345/1850/1351
f 1401/1851/1550 2389/1852/1551 2387/1785/1501 1399/1784/1398
f 1466/1853/1530 2420/1854/1552 2423/1781/1499 1467/1780/1498
f 1285/1855/1283 2407/1856/1553 2441/1857/1554 1283/1858/1281
f 1384/1859/1555 2269/1860/1556 2380/1861/1557 1383/1862/1558
f 1330/1863/1332 2223/1864/1559 2224/1865/1560 1332/1866/1333
f 1448/1867/1561 1446/1868/1562 1445/1869/1481 1447/1870/1563
f 1430/1871/1518 1446/1868/1562 1448/1867/1561 1449/1872/1564
f 1465/1826/1533 2229/1825/1532 2376/1795/1508 1464/1794/1507
f 1451/1873/1565 1449/1872/1564 1448/1867/1561 1450/1874/1566
f 1433/1821/1528 1449/1872/1564 1451/1873/1565 1452/1875/1567
f 1430/1871/1518 1449/1872/1564 1433/1821/1528 1431/1820/1515
f 1454/1876/1568 1452/1875/1567 1451/1873/1565 1453/1877/1569
f 1436/1828/1535 1452/1875/1567 1454/1876/1568 1455/1878/1570
f 1433/1821/1528 1452/1875/1567 1436/1828/1535 1434/1818/1526
f 1457/1879/1571 1455/1878/1570 1454/1876/1568 1456/1880/1572
f 1439/1832/1539 1455/1878/1570 1457/1879/1571 1458/1881/1573
f 1436/1828/1535 1455/1878/1570 1439/1832/1539 1437/1827/1534
f 14/372/323 1458/1881/1573 1457/1879/1571 13/373/324
f 1441/1882/1574 1458/1881/1573 14/372/323 15/375/326
f 1439/1832/1539 1458/1881/1573 1441/1882/1574 1440/1831/1538
f 1459/1883/1575 17/378/329 16/377/328 1456/1880/1572
f 11/379/330 17/378/329 1459/1883/1575 1460/1884/1576
f 11/379/330 1460/1884/1576 1443/1885/1577 12/381/332
f 1461/1886/1578 1460/1884/1576 1459/1883/1575 1453/1877/1569
f 1443/1885/1577 1460/1884/1576 1461/1886/1578 1462/1887/1579
f 1463/1888/1580 1462/1887/1579 1461/1886/1578 1450/1874/1566
f 1447/1870/1563 1463/1888/1580 1450/1874/1566 1448/1867/1561
f 1450/1874/1566 1461/1886/1578 1453/1877/1569 1451/1873/1565
f 1453/1877/1569 1459/1883/1575 1456/1880/1572 1454/1876/1568
f 1456/1880/1572 16/377/328 13/373/324 1457/1879/1571
f 1395/1889/1394 2393/1890/1581 2448/1834/1540 1396/1833/1396
f 1322/1891/1327 2458/1892/1582 2396/1893/1583 1323/1894/1324
f 1324/1895/1329 2397/1896/1584 2415/1897/1585 1325/1898/1586
f 1283/1858/1281 2441/1857/1554 2442/1899/1587 1284/1900/1282
f 1421/1901/1460 1442/1902/1588 1424/1769/1489 1422/1768/1457
f 1284/1541/1282 1442/1902/1588 1421/1901/1460 1282/1539/1280
f 1385/1903/1382 2322/1904/1589 2370/1807/1519 1386/1806/1383
f 1430/1805/1518 2268/1804/1517 2274/1905/1590 1446/1906/1562
f 1368/1751/1370 2292/1750/1474 2333/1907/1591 1369/1908/1371
f 1427/1743/1470 2270/1742/1469 2269/1860/1556 1384/1859/1555
f 1375/1815/1377 2320/1814/1524 2280/1763/1485 1374/1762/1374
f 1369/1908/1371 2333/1907/1591 2234/1737/1465 1371/1736/1464
f 1446/1906/1562 2274/1905/1590 2383/1759/1482 1445/1758/1481
f 1312/1909/1316 2310/1910/1592 2346/1721/1452 1313/1720/1321
f 1282/1817/1280 2266/1816/1525 2384/1745/1471 1264/1744/1277
f 1426/1911/1491 2390/1912/1593 2449/1913/1594 1376/1914/1376
f 1346/1915/1393 2443/1916/1595 2436/1917/1596 1344/1918/1391
f 1471/1919/1597 1469/1920/1598 1468/1921/1599 1470/1922/1600
f 1401/1923/1550 1469/1920/1598 1471/1919/1597 1472/1924/1601
f 1398/1666/1399 1469/1920/1598 1401/1923/1550 1399/1665/1398
f 1531/1925/1602 1614/1926/1603 1615/1927/1604 1529/1928/1605
f 1407/1929/1441 1540/1930/1606 1554/1931/1607 1406/1932/1608
f 1401/1923/1550 1472/1924/1601 1474/1933/1609 1402/1934/1497
f 1736/1670/1403 1693/1669/1402 1933/1935/1610 1758/1936/1611
f 1759/1937/1612 1932/1938/1613 1957/1939/1614 1743/1940/1615
f 1754/1941/1616 1935/1942/1617 1934/1943/1618 1753/1944/1619
f 1740/1945/1620 1928/1946/1621 1929/1680/1413 1737/1679/1412
f 1738/1686/1419 1938/1685/1418 1936/1947/1622 1741/1948/1623
f 1767/1949/1624 1941/1950/1625 1931/1951/1626 1742/1952/1627
f 1748/1953/1628 1940/1954/1629 1959/1676/1409 1739/1675/1408
f 1745/1955/1630 1943/1956/1631 1928/1946/1621 1740/1945/1620
f 1741/1948/1623 1936/1947/1622 1937/1957/1632 1744/1958/1633
f 1742/1952/1627 1931/1951/1626 1648/1959/1634 1751/1960/1635
f 1747/1961/1636 1947/1962/1637 1949/1963/1638 1750/1964/1639
f 1743/1940/1615 1957/1939/1614 1660/1965/1640 1746/1966/1641
f 1744/1958/1633 1937/1957/1632 1943/1956/1631 1745/1967/1630
f 1746/1966/1641 1660/1965/1640 1947/1962/1637 1747/1961/1636
f 1765/1968/1642 1939/1969/1643 1940/1954/1629 1748/1953/1628
f 1756/1970/1644 1953/1971/1645 1950/1672/1405 1749/1671/1404
f 1750/1964/1639 1949/1963/1638 1942/1972/1646 1766/1973/1647
f 1578/1974/1648 1538/1975/1649 1614/1926/1603 1531/1925/1602
f 1477/1976/1650 1533/1977/1651 1594/1978/1652 1478/1979/1653
f 1751/1960/1635 1648/1959/1634 1952/1684/1417 1752/1683/1416
f 1753/1944/1619 1934/1943/1618 1731/1980/1654 1755/1981/1655
f 1545/1982/1656 1583/1983/1657 1613/1984/1658 1475/1985/1659
f 1470/1986/1600 1597/1987/1660 1596/1988/1661 1471/1989/1597
f 1403/1990/1662 1593/1991/1663 1548/1992/1664 1404/1993/1665
f 1405/1994/1666 1547/1995/1667 1590/1996/1668 1351/1997/1355
f 1483/1692/1424 1595/1691/1423 1591/1998/1669 1485/1999/1670
f 1478/1979/1653 1594/1978/1652 1593/1991/1663 1403/1990/1662
f 1557/2000/1671 1549/2001/1672 1592/2002/1673 1556/2003/1674
f 1270/2004/1266 1553/2005/1675 1589/2006/1676 1262/2007/1263
f 1485/1999/1670 1591/1998/1669 1550/2008/1677 1484/2009/1678
f 1351/1997/1355 1590/1996/1668 1542/2010/1679 1353/2011/1356
f 1262/2007/1263 1589/2006/1676 1588/1690/1422 1266/1689/1264
f 1612/2012/1680 1586/2013/1681 1539/2014/1682 1580/2015/1683
f 1611/1696/1428 1587/1695/1427 1586/2013/1681 1612/2012/1680
f 1487/2016/1684 1483/2017/1424 1485/2018/1670 1486/2019/1685
f 1266/1523/1264 1483/2017/1424 1487/2016/1684 1267/1524/1265
f 1489/2020/1686 1487/2016/1684 1486/2019/1685 1488/2021/1687
f 1267/1524/1265 1487/2016/1684 1489/2020/1686 1490/2022/1688
f 1267/1524/1265 1490/2022/1688 1491/2023/1689 1268/1521/1262
f 1493/2024/1690 1490/2022/1688 1489/2020/1686 1492/2025/1691
f 1491/2023/1689 1490/2022/1688 1493/2024/1690 1494/2026/1692
f 1491/2023/1689 1494/2026/1692 1495/2027/1693 1496/2028/1694
f 1498/2029/1695 1494/2026/1692 1493/2024/1690 1497/2030/1696
f 1495/2027/1693 1494/2026/1692 1498/2029/1695 1499/2031/1697
f 1495/2027/1693 1499/2031/1697 1500/2032/1698 1501/2033/1699
f 1503/2034/1700 1499/2031/1697 1498/2029/1695 1502/2035/1701
f 1500/2032/1698 1499/2031/1697 1503/2034/1700 1504/2036/1702
f 1500/2032/1698 1504/2036/1702 1505/2037/1703 1506/2038/1704
f 1508/2039/1705 1504/2040/1702 1503/2041/1700 1507/2042/1706
f 1505/2043/1703 1504/2040/1702 1508/2039/1705 1509/2044/1707
f 1505/2043/1703 1509/2044/1707 1510/2045/1708 1511/2046/1709
f 1513/2047/1710 1509/2044/1707 1508/2039/1705 1512/2048/1711
f 1510/2045/1708 1509/2044/1707 1513/2047/1710 1514/2049/1712
f 1510/2045/1708 1514/2049/1712 1515/2050/1713 1516/2051/1714
f 1518/2052/1715 1514/2049/1712 1513/2047/1710 1517/2053/1716
f 1515/2050/1713 1514/2049/1712 1518/2052/1715 1519/2054/1717
f 1515/2050/1713 1519/2054/1717 1520/2055/1718 1521/2056/1719
f 1523/2057/1720 1519/2054/1717 1518/2052/1715 1522/2058/1721
f 1520/2055/1718 1519/2054/1717 1523/2057/1720 1524/2059/1722
f 1520/2055/1718 1524/2059/1722 1465/2060/1533 1464/2061/1507
f 1526/2062/1723 1524/2059/1722 1523/2057/1720 1525/2063/1724
f 1465/2060/1533 1524/2059/1722 1526/2062/1723 1466/2064/1530
f 1470/1922/1600 1526/2062/1723 1525/2063/1724 1527/2065/1725
f 1466/2064/1530 1526/2062/1723 1470/1922/1600 1468/1921/1599
f 1529/2066/1605 1527/2065/1725 1525/2063/1724 1528/2067/1726
f 1629/2068/1727 1585/2069/1728 1582/2070/1729 1627/2071/1730
f 1543/1702/1434 1584/1701/1433 1583/2072/1657 1545/2073/1656
f 1627/2071/1730 1582/2070/1729 1581/1694/1426 1628/1693/1425
f 1406/1932/1608 1554/1931/1607 1553/2005/1675 1270/2004/1266
f 1472/2074/1601 1552/2075/1731 1551/2076/1732 1474/2077/1609
f 1484/2009/1678 1550/2008/1677 1549/2001/1672 1557/2000/1671
f 1404/1993/1665 1548/1992/1664 1547/1995/1667 1405/1994/1666
f 1761/2078/1733 1955/2079/1734 1935/1942/1617 1754/1941/1616
f 1755/1981/1655 1731/1980/1654 1953/1971/1645 1756/1970/1644
f 1599/1706/1438 1546/1705/1437 1544/1528/1269 1598/1527/1268
f 1353/2011/1356 1542/2010/1679 1482/2080/1735 1355/2081/1358
f 1763/2082/1736 1944/2083/1737 1945/1668/1401 1757/2084/1400
f 1408/2085/1439 1481/2086/1738 1540/1930/1606 1407/1929/1441
f 1758/1936/1611 1933/1935/1610 1932/1938/1613 1759/1937/1612
f 1580/2015/1683 1539/2014/1682 1538/1975/1649 1578/1974/1648
f 1760/1678/1411 1727/1677/1410 1955/2079/1734 1761/2078/1733
f 1476/2087/1739 1534/2088/1740 1533/1977/1651 1477/1976/1650
f 1762/1674/1407 1674/1673/1406 1944/2083/1737 1763/2082/1736
f 1535/2089/1741 1532/2090/1742 1530/1698/1430 1537/1697/1429
f 1355/2081/1358 1482/2080/1735 1481/2086/1738 1408/2085/1439
f 1473/2091/1743 1480/2092/1744 1479/2093/1745 1536/2094/1746
f 1592/2002/1673 1901/2095/1747 1900/2096/1748 1616/2097/1436
f 1615/1927/1604 1880/2098/1749 1923/2099/1750 1620/2100/1751
f 1551/2076/1732 1887/2101/1752 1908/2102/1753 1480/2092/1744
f 1479/2093/1745 1909/2103/1754 1922/2104/1755 1532/2090/1742
f 1621/2105/1756 1893/2106/1757 1913/2107/1758 1585/2069/1728
f 1618/1687/1420 1892/2108/1759 1893/2106/1757 1621/2105/1756
f 1620/2100/1751 1923/2099/1750 1920/2109/1760 1597/1987/1660
f 1613/1984/1658 1895/2110/1761 1907/2111/1762 1534/2088/1740
f 1596/1988/1661 1921/2112/1763 1886/2113/1764 1552/2075/1731
f 1488/2021/1687 1558/2114/1765 1492/2025/1691 1489/2020/1686
f 1492/2025/1691 1558/2114/1765 1559/2115/1766 1560/2116/1767
f 1492/2025/1691 1560/2116/1767 1497/2030/1696 1493/2024/1690
f 1562/2117/1768 1560/2116/1767 1559/2115/1766 1561/2118/1769
f 1497/2030/1696 1560/2116/1767 1562/2117/1768 1563/2119/1770
f 1497/2030/1696 1563/2119/1770 1502/2035/1701 1498/2029/1695
f 1565/2120/1771 1563/2121/1770 1562/2122/1768 1564/2123/1772
f 1502/2124/1701 1563/2121/1770 1565/2120/1771 1566/2125/1773
f 1502/2124/1701 1566/2125/1773 1507/2042/1706 1503/2041/1700
f 1568/2126/1774 1566/2125/1773 1565/2120/1771 1567/2127/1775
f 1507/2042/1706 1566/2125/1773 1568/2126/1774 1569/2128/1776
f 1507/2042/1706 1569/2128/1776 1512/2048/1711 1508/2039/1705
f 1571/2129/1777 1569/2128/1776 1568/2126/1774 1570/2130/1778
f 1512/2048/1711 1569/2128/1776 1571/2129/1777 1572/2131/1779
f 1512/2048/1711 1572/2131/1779 1517/2053/1716 1513/2047/1710
f 1574/2132/1780 1572/2131/1779 1571/2129/1777 1573/2133/1781
f 1517/2053/1716 1572/2131/1779 1574/2132/1780 1575/2134/1782
f 1517/2053/1716 1575/2134/1782 1522/2058/1721 1518/2052/1715
f 1577/2135/1783 1575/2134/1782 1574/2132/1780 1576/2136/1784
f 1522/2058/1721 1575/2134/1782 1577/2135/1783 1528/2067/1726
f 1531/2137/1602 1577/2135/1783 1576/2136/1784 1578/2138/1648
f 1528/2067/1726 1577/2135/1783 1531/2137/1602 1529/2066/1605
f 1580/2139/1683 1578/2138/1648 1576/2136/1784 1579/2140/1785
f 1544/1528/1269 1910/2141/1786 1894/2142/1787 1619/1529/1270
f 1619/1529/1270 1894/2142/1787 1892/2108/1759 1618/1687/1420
f 1588/1690/1422 1904/2143/1788 1898/2144/1789 1595/1691/1423
f 1581/1694/1426 1912/2145/1790 1924/2146/1791 1587/1695/1427
f 1530/1698/1430 1882/2147/1792 1883/2148/1793 1617/1699/1431
f 1617/1699/1431 1883/2148/1793 1918/2149/1794 1584/1701/1433
f 1616/1704/1436 1900/2096/1748 1902/2150/1795 1546/1705/1437
f 1614/1926/1603 1881/2151/1796 1880/2098/1749 1615/1927/1604
f 1540/1930/1606 1926/2152/1797 1925/2153/1798 1554/1931/1607
f 1538/1975/1649 1906/2154/1799 1881/2151/1796 1614/1926/1603
f 1533/1977/1651 1916/2155/1800 1917/2156/1801 1594/1978/1652
f 1583/1983/1657 1896/2157/1802 1895/2110/1761 1613/1984/1658
f 1597/1987/1660 1920/2109/1760 1921/2112/1763 1596/1988/1661
f 1593/1991/1663 1927/2158/1803 1884/2159/1804 1548/1992/1664
f 1547/1995/1667 1885/2160/1805 1919/2161/1806 1590/1996/1668
f 1595/1691/1423 1898/2144/1789 1899/2162/1807 1591/1998/1669
f 1594/1978/1652 1917/2156/1801 1927/2158/1803 1593/1991/1663
f 1549/2001/1672 1914/2163/1808 1901/2095/1747 1592/2002/1673
f 1553/2005/1675 1905/2164/1809 1903/2165/1810 1589/2006/1676
f 1591/1998/1669 1899/2162/1807 1915/2166/1811 1550/2008/1677
f 1590/1996/1668 1919/2161/1806 1888/2167/1812 1542/2010/1679
f 1561/2168/1769 1600/2169/1813 1564/2123/1772 1562/2122/1768
f 1564/2123/1772 1600/2169/1813 1601/2170/1814 1602/2171/1815
f 1564/2123/1772 1602/2171/1815 1567/2127/1775 1565/2120/1771
f 1604/2172/1816 1602/2171/1815 1601/2170/1814 1603/2173/1817
f 1567/2127/1775 1602/2171/1815 1604/2172/1816 1605/2174/1818
f 1567/2127/1775 1605/2174/1818 1570/2130/1778 1568/2126/1774
f 1607/2175/1819 1605/2174/1818 1604/2172/1816 1606/2176/1820
f 1570/2130/1778 1605/2174/1818 1607/2175/1819 1608/2177/1821
f 1570/2130/1778 1608/2177/1821 1573/2133/1781 1571/2129/1777
f 1610/2178/1822 1608/2177/1821 1607/2175/1819 1609/2179/1823
f 1573/2133/1781 1608/2177/1821 1610/2178/1822 1579/2140/1785
f 1612/2180/1680 1610/2178/1822 1609/2179/1823 1611/2181/1428
f 1579/2140/1785 1610/2178/1822 1612/2180/1680 1580/2139/1683
f 1589/2006/1676 1903/2165/1810 1904/2143/1788 1588/1690/1422
f 1586/2013/1681 1891/2182/1824 1890/2183/1825 1539/2014/1682
f 1587/1695/1427 1924/2146/1791 1891/2182/1824 1586/2013/1681
f 1585/2069/1728 1913/2107/1758 1911/2184/1826 1582/2070/1729
f 1584/1701/1433 1918/2149/1794 1896/2157/1802 1583/2072/1657
f 1582/2070/1729 1911/2184/1826 1912/2145/1790 1581/1694/1426
f 1554/1931/1607 1925/2153/1798 1905/2164/1809 1553/2005/1675
f 1552/2075/1731 1886/2113/1764 1887/2101/1752 1551/2076/1732
f 1550/2008/1677 1915/2166/1811 1914/2163/1808 1549/2001/1672
f 1548/1992/1664 1884/2159/1804 1885/2160/1805 1547/1995/1667
f 1546/1705/1437 1902/2150/1795 1910/2141/1786 1544/1528/1269
f 1542/2010/1679 1888/2167/1812 1889/2185/1827 1482/2080/1735
f 1481/2086/1738 1897/2186/1828 1926/2152/1797 1540/1930/1606
f 1603/2173/1817 1624/2187/1829 1606/2176/1820 1604/2172/1816
f 1606/2176/1820 1624/2187/1829 1625/2188/1830 1626/2189/1831
f 1606/2176/1820 1626/2189/1831 1609/2179/1823 1607/2175/1819
f 1628/2190/1425 1626/2189/1831 1625/2188/1830 1627/2191/1730
f 1609/2179/1823 1626/2189/1831 1628/2190/1425 1611/2181/1428
f 1539/2014/1682 1890/2183/1825 1906/2154/1799 1538/1975/1649
f 1534/2088/1740 1907/2111/1762 1916/2155/1800 1533/1977/1651
f 1532/2090/1742 1922/2104/1755 1882/2147/1792 1530/1698/1430
f 1482/2080/1735 1889/2185/1827 1897/2186/1828 1481/2086/1738
f 1573/2133/1781 1579/2140/1785 1576/2136/1784 1574/2132/1780
f 1522/2058/1721 1528/2067/1726 1525/2063/1724 1523/2057/1720
f 1633/2192/1832 1521/2056/1719 1631/2193/1510 1632/2194/1511
f 1515/2050/1713 1521/2056/1719 1633/2192/1832 1516/2051/1714
f 1631/2193/1510 1521/2056/1719 1520/2055/1718 1464/2061/1507
f 1634/2195/1833 1633/2192/1832 1632/2194/1511 1420/2196/1514
f 1516/2051/1714 1633/2192/1832 1634/2195/1833 1635/2197/1834
f 1636/2198/1835 1635/2199/1834 1634/2200/1833 1418/1719/1451
f 1511/2201/1709 1635/2199/1834 1636/2198/1835 1637/2202/1836
f 1516/2051/1714 1635/2197/1834 1511/2046/1709 1510/2045/1708
f 1638/2203/1837 1637/2202/1836 1636/2198/1835 1415/1716/1448
f 1506/2038/1704 1637/2202/1836 1638/2203/1837 1639/2204/1838
f 1511/2201/1709 1637/2202/1836 1506/2038/1704 1505/2037/1703
f 1640/2205/1839 1639/2204/1838 1638/2203/1837 1412/1713/1445
f 1501/2033/1699 1639/2204/1838 1640/2205/1839 1641/2206/1840
f 1506/2038/1704 1639/2204/1838 1501/2033/1699 1500/2032/1698
f 1642/2207/1841 1641/2206/1840 1640/2205/1839 1409/1710/1442
f 1496/2028/1694 1641/2206/1840 1642/2207/1841 1269/1526/1267
f 1501/2033/1699 1641/2206/1840 1496/2028/1694 1495/2027/1693
f 1406/2208/1608 1642/2207/1841 1409/1710/1442 1407/1709/1441
f 1269/1526/1267 1642/2207/1841 1406/2208/1608 1270/1525/1266
f 1409/1710/1442 1640/2205/1839 1412/1713/1445 1410/1708/1440
f 1412/1713/1445 1638/2203/1837 1415/1716/1448 1413/1712/1444
f 1415/1716/1448 1636/2198/1835 1418/1719/1451 1416/1715/1447
f 1418/1719/1451 1634/2200/1833 1420/2209/1514 1419/1718/1450
f 1388/1809/1386 2242/1808/1520 2243/2210/1842 1432/2211/1527
f 1372/1811/1490 2216/1810/1521 2217/2212/1843 1423/2213/1488
f 1631/1797/1510 2367/1796/1509 2241/1799/1512 1632/1798/1511
f 1491/2023/1689 1496/2028/1694 1269/1526/1267 1268/1521/1262
f 1432/2211/1527 2243/2210/1842 2215/1803/1516 1431/1802/1515
f 1480/2092/1744 1908/2102/1753 1909/2103/1754 1479/2093/1745
f 1764/1682/1415 1951/1681/1414 1939/1969/1643 1765/1968/1642
f 1766/1973/1647 1942/1972/1646 1941/1950/1625 1767/1949/1624
f 1350/2214/1844 2400/2215/1845 2388/1777/1495 1400/1776/1494
f 1317/2216/1461 1381/2217/1504 1322/1588/1327 1318/1587/1326
f 1379/1646/1379 1381/2217/1504 1317/2216/1461 1380/1647/1380
f 1419/2218/1450 2287/2219/1846 2211/2220/1847 1417/2221/1449
f 1420/2222/1514 2352/2223/1513 2287/2219/1846 1419/2218/1450
f 1316/2224/1334 2328/2225/1848 2222/2226/1849 1331/2227/1331
f 1429/2228/1850 2289/2229/1851 2284/1741/1468 1428/1740/1467
f 1444/1761/1484 2354/1760/1483 2289/2229/1851 1429/2228/1850
f 1417/2221/1449 2211/2220/1847 2210/2230/1852 1366/2231/1368
f 1423/2213/1488 2217/2212/1843 2326/1729/1458 1422/1728/1457
f 1279/1747/1278 2373/1746/1472 2296/2232/1853 1467/2233/1498
f 1366/2231/1368 2210/2230/1852 2254/1749/1473 1367/1748/1366
f 1311/1739/1319 2309/1738/1466 2310/1910/1592 1312/1909/1316
f 1383/1862/1558 2380/1861/1557 2344/2234/1480 1382/2235/1479
f 1314/1723/1322 2362/1722/1453 2328/2225/1848 1316/2224/1334
f 1331/2227/1331 2222/2226/1849 2223/1864/1559 1330/1863/1332
f 1467/2233/1498 2296/2232/1853 2230/1824/1531 1466/1823/1530
f 1332/1866/1333 2224/1865/1560 2322/1904/1589 1385/1903/1382
f 1320/1727/1328 2368/1726/1456 2252/1791/1505 1319/1790/1325
f 1307/2236/1854 1371/2237/1464 1311/1580/1319 1308/1579/1318
f 1369/1638/1371 1371/2237/1464 1307/2236/1854 1370/1639/1372
f 1271/1533/1274 1305/1575/1314 1304/1576/1315 1272/1534/1275
f 1291/1617/1290 1963/1616/1350 756/736/611 6/735/90
f 1296/2238/1305 1983/2239/1855 1961/2240/1856 1288/2241/1284
f 1276/1602/1306 1993/1601/1339 1983/2242/1855 1296/2243/1305
f 1294/2244/1857 1982/2245/1858 1976/1556/1297 1293/1555/1296
f 1/745/616 755/748/619 1985/2246/1859 1336/2247/1860
f 1288/2241/1284 1961/2240/1856 1960/1615/1349 1265/1614/1285
f 1337/2248/1861 1986/2249/1862 1978/1552/1293 1306/1551/1292
f 1338/1562/1303 1974/1561/1302 735/752/623 2/751/622
f 1394/2250/1392 2432/2251/1863 2393/1890/1581 1395/1889/1394
f 1363/1631/1364 2141/2252/1864 2160/2253/1865 1361/1630/1363
f 1333/1591/1330 2154/2254/1866 2137/2255/1867 1334/1596/1335
f 1365/1636/1369 2164/2256/1868 2131/2257/1869 1364/1634/1367
f 1306/2258/1292 2156/2259/1870 2135/2260/1871 1337/2261/1861
f 15/375/326 945/766/634 2129/2262/1872 1441/1882/1574
f 1358/1627/1360 2181/2263/1873 2158/2264/1874 1263/1532/1273
f 1302/1574/1313 2142/2265/1875 2148/2266/1876 1303/2267/1295
f 1305/1575/1314 2175/2268/1877 2142/2265/1875 1302/1574/1313
f 1440/1831/1538 2144/2269/1878 2152/2270/1879 1438/1830/1537
f 1303/1554/1295 1970/1553/1294 1977/1611/1347 1302/1610/1313
f 1336/2271/1860 2146/2272/1880 941/777/642 1/776/616
f 1341/1598/1337 1975/1597/1336 1992/1606/1343 1342/1605/1342
f 1295/1608/1345 1988/1607/1344 1982/2273/1858 1294/2274/1857
f 1336/2247/1860 1985/2246/1859 1986/2249/1862 1337/2248/1861
f 1278/1558/1299 1967/1557/1298 1966/1604/1341 1277/1603/1340
f 1323/1894/1324 2396/1893/1583 2397/1896/1584 1324/1895/1329
f 1425/2275/1487 2457/2276/1881 2390/1912/1593 1426/1911/1491
f 1347/2277/1352 2446/2278/1882 2399/2279/1883 1349/2280/1884
f 1348/2281/1395 2451/2282/1885 2443/1916/1595 1346/1915/1393
f 1393/1842/1390 2404/1841/1545 2432/2251/1863 1394/2250/1392
f 1345/1850/1351 2439/1849/1549 2446/2278/1882 1347/2277/1352
f 1344/1918/1391 2436/1917/1596 2435/2283/1886 1343/2284/1389
f 1343/2284/1389 2435/2283/1886 1236/792/650 3/791/135
f 1325/1898/1586 2415/1897/1585 2424/1838/1543 1326/1837/1542
f 1442/2285/1588 2445/2286/1887 2456/2287/1888 1424/2288/1489
f 1309/1578/1317 2150/2289/1889 2139/2290/1890 1308/1579/1318
f 1438/1830/1537 2152/2270/1879 2162/2291/1891 1390/1829/1536
f 1303/2267/1295 2148/2266/1876 2156/2259/1870 1306/2258/1292
f 1310/1581/1320 2179/2292/1892 2150/2289/1889 1309/1578/1317
f 1387/1651/1384 2166/2293/1893 2127/2294/1894 1335/1648/1381
f 1308/1579/1318 2139/2290/1890 2171/2295/1895 1307/2236/1854
f 1334/1596/1335 2137/2255/1867 2168/2296/1896 1315/1584/1323
f 1263/1532/1273 2158/2264/1874 2172/2297/1897 1271/1533/1274
f 1337/2261/1861 2135/2260/1871 2146/2272/1880 1336/2271/1860
f 1279/1783/1278 2454/1782/1500 2455/1844/1546 1280/1843/1279
f 1281/1846/1276 2392/1845/1547 2407/1856/1553 1285/1855/1283
f 1424/2288/1489 2456/2287/1888 2457/2276/1881 1425/2275/1487
f 1377/2298/1373 2450/2299/1898 2453/1773/1492 1378/1772/1378
f 1361/1630/1363 2160/2253/1865 2181/2263/1873 1358/1627/1360
f 1390/1829/1536 2162/2291/1891 2133/2300/1899 1389/1652/1385
f 1389/1652/1385 2133/2300/1899 2166/2293/1893 1387/1651/1384
f 1370/1639/1372 2176/2301/1900 2164/2256/1868 1365/1636/1369
f 1364/1634/1367 2131/2257/1869 2141/2252/1864 1363/1631/1364
f 4/810/88 1239/811/665 2438/1848/1548 1340/1847/1346
f 1397/1787/1397 2433/1786/1502 2451/2282/1885 1348/2281/1395
f 1284/1900/1282 2442/1899/1587 2445/2286/1887 1442/2285/1588
f 1468/2302/1599 2421/2303/1901 2420/1854/1552 1466/1853/1530
f 1469/2304/1598 2440/2305/1902 2421/2303/1901 1468/2302/1599
f 1441/1882/1574 2129/2262/1872 2144/2269/1878 1440/1831/1538
f 1381/1789/1504 2410/1788/1503 2458/1892/1582 1322/1891/1327
f 1391/2306/1388 2459/2307/1903 2403/1840/1544 1392/1839/1387
f 1376/1914/1376 2449/1913/1594 2450/2299/1898 1377/2298/1373
f 9/818/133 1259/819/669 2459/2307/1903 1391/2306/1388
f 1349/2280/1884 2399/2279/1883 2400/2215/1845 1350/2214/1844
f 1402/1779/1497 2411/1778/1496 2389/1852/1551 1401/1851/1550
f 1398/1836/1399 2452/1835/1541 2440/2305/1902 1469/2304/1598
f 1335/1648/1381 2127/2294/1894 2154/2254/1866 1333/1591/1330
f 1315/1584/1323 2168/2296/1896 2179/2292/1892 1310/1581/1320
f 1307/2236/1854 2171/2295/1895 2176/2301/1900 1370/1639/1372
f 1719/2308/1904 1717/2309/1905 1718/2310/1906 1729/2311/1907
f 1646/2312/1908 1645/2313/1909 1692/2314/1910 1684/2315/1911
f 1647/2316/1912 1645/2313/1909 1646/2312/1908 1698/2317/1913
f 1720/2318/1914 1647/2316/1912 1698/2317/1913 1709/2319/1915
f 1668/2320/1916 1720/2318/1914 1709/2319/1915 1730/2321/1917
f 1667/2322/1918 1725/2323/1919 1930/2324/1920 1649/2325/1921
f 1683/2326/1922 1649/2325/1921 1930/2324/1920 1650/2327/1923
f 1670/2328/1924 1649/2325/1921 1683/2326/1922 1706/2329/1925
f 1667/2322/1918 1649/2325/1921 1670/2328/1924 1665/2330/1926
f 1685/2331/1927 1670/2328/1924 1706/2329/1925 1721/2332/1928
f 1665/2330/1926 1670/2328/1924 1685/2331/1927 1666/2333/1929
f 1684/2334/1911 1685/2331/1927 1721/2332/1928 1671/2335/1930
f 1666/2333/1929 1685/2331/1927 1684/2334/1911 1692/2314/1910
f 1672/2336/1931 1671/2335/1930 1721/2332/1928 1679/2337/1932
f 1673/2338/1933 1671/2339/1930 1672/2340/1931 1700/2341/1934
f 1684/2315/1911 1671/2339/1930 1673/2338/1933 1646/2312/1908
f 1707/2342/1935 1673/2338/1933 1700/2341/1934 1713/2343/1936
f 1646/2312/1908 1673/2338/1933 1707/2342/1935 1698/2317/1913
f 1651/2344/1937 1707/2342/1935 1713/2343/1936 1732/2345/1938
f 1698/2317/1913 1707/2342/1935 1651/2344/1937 1709/2319/1915
f 1652/2346/1939 1651/2344/1937 1732/2345/1938 1686/2347/1940
f 1709/2319/1915 1651/2344/1937 1652/2346/1939 1730/2321/1917
f 1699/2348/1941 1652/2346/1939 1686/2347/1940 1687/2349/1942
f 1730/2321/1917 1652/2346/1939 1699/2348/1941 1714/2350/1943
f 1730/2321/1917 1714/2350/1943 1669/2351/1944 1668/2320/1916
f 1956/2352/1945 1714/2350/1943 1699/2348/1941 1722/2353/1946
f 1669/2351/1944 1714/2350/1943 1956/2352/1945 1735/2354/1947
f 1678/2355/1948 1676/2356/1949 1677/2357/1950 1703/2358/1951
f 1650/2327/1923 1676/2356/1949 1678/2355/1948 1683/2326/1922
f 1680/2359/1952 1678/2355/1948 1703/2358/1951 1724/2360/1953
f 1683/2326/1922 1678/2355/1948 1680/2359/1952 1706/2329/1925
f 1679/2337/1932 1680/2359/1952 1724/2360/1953 1657/2361/1954
f 1706/2329/1925 1680/2359/1952 1679/2337/1932 1721/2332/1928
f 1658/2362/1955 1657/2361/1954 1724/2360/1953 1688/2363/1956
f 1659/2364/1957 1657/2361/1954 1658/2362/1955 1697/2365/1958
f 1679/2337/1932 1657/2361/1954 1659/2364/1957 1672/2336/1931
f 1704/2366/1959 1659/2367/1957 1697/2368/1958 1711/2369/1960
f 1672/2340/1931 1659/2367/1957 1704/2366/1959 1700/2341/1934
f 1643/2370/1961 1704/2366/1959 1711/2369/1960 1733/2371/1962
f 1700/2341/1934 1704/2366/1959 1643/2370/1961 1713/2343/1936
f 1644/2372/1963 1643/2370/1961 1733/2371/1962 1681/2373/1964
f 1713/2343/1936 1643/2370/1961 1644/2372/1963 1732/2345/1938
f 1689/2374/1965 1644/2372/1963 1681/2373/1964 1682/2375/1966
f 1732/2345/1938 1644/2372/1963 1689/2374/1965 1686/2347/1940
f 1712/2376/1967 1689/2374/1965 1682/2375/1966 1705/2377/1968
f 1686/2347/1940 1689/2374/1965 1712/2376/1967 1687/2349/1942
f 1661/2378/1969 1712/2376/1967 1705/2377/1968 1958/2379/1970
f 1687/2349/1942 1712/2376/1967 1661/2378/1969 1662/2380/1971
f 1687/2349/1942 1662/2380/1971 1722/2353/1946 1699/2348/1941
f 1690/2381/1972 1710/2382/1973 1702/2383/1974 1715/2384/1975
f 1677/2357/1950 1710/2382/1973 1690/2381/1972 1703/2358/1951
f 1688/2363/1956 1690/2381/1972 1715/2384/1975 1691/2385/1976
f 1703/2358/1951 1690/2381/1972 1688/2363/1956 1724/2360/1953
f 1654/2386/1977 1691/2385/1976 1715/2384/1975 1653/2387/1978
f 1696/2388/1979 1691/2385/1976 1654/2386/1977 1675/2389/1980
f 1688/2363/1956 1691/2385/1976 1696/2388/1979 1658/2362/1955
f 1708/2390/1981 1696/2388/1979 1675/2389/1980 1701/2391/1982
f 1658/2362/1955 1696/2388/1979 1708/2390/1981 1697/2365/1958
f 1728/2392/1983 1708/2393/1981 1701/2394/1982 1723/2395/1984
f 1697/2368/1958 1708/2393/1981 1728/2392/1983 1711/2369/1960
f 1664/2396/1985 1728/2392/1983 1723/2395/1984 1663/2397/1986
f 1711/2369/1960 1728/2392/1983 1664/2396/1985 1733/2371/1962
f 1718/2310/1906 1664/2396/1985 1663/2397/1986 1729/2311/1907
f 1733/2371/1962 1664/2396/1985 1718/2310/1906 1681/2373/1964
f 1946/2398/1987 1663/2397/1986 1723/2395/1984 1694/2399/1988
f 1729/2311/1907 1663/2397/1986 1946/2398/1987 1716/2400/1989
f 1729/2311/1907 1716/2400/1989 1726/2401/1990 1719/2308/1904
f 1719/2308/1904 1726/2401/1990 1958/2379/1970 1705/2377/1968
f 1653/2387/1978 1948/2402/1991 1734/2403/1992 1655/2404/1993
f 1702/2383/1974 1948/2402/1991 1653/2387/1978 1715/2384/1975
f 1653/2387/1978 1655/2404/1993 1656/2405/1994 1654/2386/1977
f 1654/2386/1977 1656/2405/1994 1954/2406/1995 1675/2389/1980
f 1675/2389/1980 1954/2406/1995 1695/2407/1996 1701/2391/1982
f 1701/2394/1982 1695/2407/1996 1694/2399/1988 1723/2395/1984
f 1719/2308/1904 1705/2377/1968 1682/2375/1966 1717/2309/1905
f 1717/2309/1905 1682/2375/1966 1681/2373/1964 1718/2310/1906
f 1402/2408/1497 1766/1973/1647 1767/1949/1624 1400/2409/1494
f 1300/2410/1310 1764/1682/1415 1765/1968/1642 1301/2411/1312
f 1476/2412/1739 1762/1674/1407 1763/2082/1736 1475/2413/1659
f 1352/2414/1354 1760/1678/1411 1761/2078/1733 1351/2415/1355
f 1541/2416/1432 1758/1936/1611 1759/1937/1612 1537/2417/1429
f 1475/2413/1659 1763/2082/1736 1757/2084/1400 1545/2418/1656
f 1403/2419/1662 1755/1981/1655 1756/1970/1644 1478/2420/1653
f 1351/2415/1355 1761/2078/1733 1754/1941/1616 1405/2421/1666
f 1404/2422/1665 1753/1944/1619 1755/1981/1655 1403/2419/1662
f 1349/2423/1884 1751/1960/1635 1752/1683/1416 1347/2424/1352
f 1474/2425/1609 1750/1964/1639 1766/1973/1647 1402/2408/1497
f 1478/2420/1653 1756/1970/1644 1749/1671/1404 1477/2426/1650
f 1301/2411/1312 1765/1968/1642 1748/1953/1628 1304/2427/1315
f 1536/2428/1746 1746/1966/1641 1747/1961/1636 1473/2429/1743
f 1287/2430/1287 1744/1958/1633 1745/1967/1630 1297/2431/1304
f 1535/2432/1741 1743/1940/1615 1746/1966/1641 1536/2428/1746
f 1473/2429/1743 1747/1961/1636 1750/1964/1639 1474/2425/1609
f 1350/2433/1844 1742/1952/1627 1751/1960/1635 1349/2423/1884
f 1286/2434/1286 1741/1948/1623 1744/1958/1633 1287/2430/1287
f 1297/2435/1304 1745/1955/1630 1740/1945/1620 1298/2436/1307
f 1304/2427/1315 1748/1953/1628 1739/1675/1408 1272/2437/1275
f 1400/2409/1494 1767/1949/1624 1742/1952/1627 1350/2433/1844
f 1290/2438/1289 1738/1686/1419 1741/1948/1623 1286/2434/1286
f 1298/2436/1307 1740/1945/1620 1737/1679/1412 1299/2439/1308
f 1405/2421/1666 1754/1941/1616 1753/1944/1619 1404/2422/1665
f 1537/2417/1429 1759/1937/1612 1743/1940/1615 1535/2432/1741
f 1543/2440/1434 1736/1670/1403 1758/1936/1611 1541/2416/1432
f 1347/2424/1352 1752/1683/1416 1738/1686/1419 1290/2438/1289
f 1299/2439/1308 1737/1679/1412 1764/1682/1415 1300/2410/1310
f 1272/2437/1275 1739/1675/1408 1760/1678/1411 1352/2414/1354
f 1477/2426/1650 1749/1671/1404 1762/1674/1407 1476/2412/1739
f 1545/2441/1656 1757/1667/1400 1736/1670/1403 1543/2440/1434
f 1795/2442/1997 1840/2443/1998 1842/2444/1999 1788/2445/2000
f 1773/2446/2001 1793/2447/2002 1786/2448/2003 1787/2449/2004
f 1875/2450/2005 1793/2447/2002 1773/2446/2001 1772/2451/2006
f 1834/2452/2007 1773/2446/2001 1787/2449/2004 1797/2453/2008
f 1772/2451/2006 1773/2446/2001 1834/2452/2007 1800/2454/2009
f 1874/2455/2010 1834/2452/2007 1797/2453/2008 1870/2456/2011
f 1800/2454/2009 1834/2452/2007 1874/2455/2010 1835/2457/2012
f 1801/2458/2013 1798/2459/2014 1877/2460/2015 1804/2461/2016
f 1799/2462/2017 1798/2459/2014 1801/2458/2013 1831/2463/2018
f 1867/2464/2019 1862/2465/2020 1846/2466/2021 1860/2467/2022
f 1866/2468/2023 1862/2465/2020 1867/2464/2019 1815/2469/2024
f 1879/2470/2025 1866/2468/2023 1815/2469/2024 1789/2471/2026
f 1879/2470/2025 1789/2471/2026 1787/2449/2004 1786/2448/2003
f 1788/2445/2000 1789/2471/2026 1815/2469/2024 1795/2442/1997
f 1787/2449/2004 1789/2471/2026 1788/2445/2000 1797/2453/2008
f 1795/2442/1997 1815/2469/2024 1867/2464/2019 1802/2472/2027
f 1849/2473/2028 1802/2472/2027 1867/2464/2019 1860/2467/2022
f 1839/2474/2029 1802/2472/2027 1849/2473/2028 1854/2475/2030
f 1795/2442/1997 1802/2472/2027 1839/2474/2029 1840/2443/1998
f 1861/2476/2031 1839/2474/2029 1854/2475/2030 1869/2477/2032
f 1840/2443/1998 1839/2474/2029 1861/2476/2031 1841/2478/2033
f 1796/2479/2034 1861/2476/2031 1869/2477/2032 1770/2480/2035
f 1841/2478/2033 1861/2476/2031 1796/2479/2034 1827/2481/2036
f 1838/2482/2037 1827/2481/2036 1796/2479/2034 1816/2483/2038
f 1804/2461/2016 1805/2484/2039 1768/2485/2040 1780/2486/2041
f 1876/2487/2042 1805/2484/2039 1804/2461/2016 1877/2460/2015
f 1806/2488/2043 1780/2486/2041 1768/2485/2040 1769/2489/2044
f 1814/2490/2045 1780/2486/2041 1806/2488/2043 1850/2491/2046
f 1804/2461/2016 1780/2486/2041 1814/2490/2045 1801/2458/2013
f 1851/2492/2047 1814/2490/2045 1850/2491/2046 1863/2493/2048
f 1801/2458/2013 1814/2490/2045 1851/2492/2047 1831/2463/2018
f 1782/2494/2049 1781/2495/2050 1863/2493/2048 1819/2496/2051
f 1783/2497/2052 1781/2495/2050 1782/2494/2049 1830/2498/2053
f 1868/2499/2054 1783/2497/2052 1830/2498/2053 1855/2500/2055
f 1833/2501/2056 1868/2499/2054 1855/2500/2055 1873/2502/2057
f 1832/2503/2058 1833/2501/2056 1873/2504/2057 1807/2505/2059
f 1808/2506/2060 1807/2505/2059 1873/2504/2057 1828/2507/2061
f 1860/2467/2022 1807/2505/2059 1808/2506/2060 1849/2473/2028
f 1832/2503/2058 1807/2505/2059 1860/2467/2022 1846/2466/2021
f 1852/2508/2062 1808/2506/2060 1828/2507/2061 1844/2509/2063
f 1849/2473/2028 1808/2506/2060 1852/2508/2062 1854/2475/2030
f 1872/2510/2064 1852/2508/2062 1844/2509/2063 1864/2511/2065
f 1854/2475/2030 1852/2508/2062 1872/2510/2064 1869/2477/2032
f 1792/2512/2066 1872/2510/2064 1864/2511/2065 1784/2513/2067
f 1869/2477/2032 1872/2510/2064 1792/2512/2066 1770/2480/2035
f 1818/2514/2068 1792/2512/2066 1784/2513/2067 1785/2515/2069
f 1770/2480/2035 1792/2512/2066 1818/2514/2068 1771/2516/2070
f 1770/2480/2035 1771/2516/2070 1816/2483/2038 1796/2479/2034
f 1847/2517/2071 1845/2518/2072 1812/2519/2073 1817/2520/2074
f 1769/2489/2044 1845/2518/2072 1847/2517/2071 1806/2488/2043
f 1820/2521/2075 1847/2517/2071 1817/2520/2074 1848/2522/2076
f 1806/2488/2043 1847/2517/2071 1820/2521/2075 1850/2491/2046
f 1819/2496/2051 1820/2521/2075 1848/2522/2076 1821/2523/2077
f 1850/2491/2046 1820/2521/2075 1819/2496/2051 1863/2493/2048
f 1790/2524/2078 1821/2523/2077 1848/2522/2076 1865/2525/2079
f 1803/2526/2080 1821/2523/2077 1790/2524/2078 1794/2527/2081
f 1819/2496/2051 1821/2523/2077 1803/2526/2080 1782/2494/2049
f 1843/2528/2082 1803/2526/2080 1794/2527/2081 1822/2529/2083
f 1782/2494/2049 1803/2526/2080 1843/2528/2082 1830/2498/2053
f 1829/2530/2084 1843/2528/2082 1822/2529/2083 1858/2531/2085
f 1830/2498/2053 1843/2528/2082 1829/2530/2084 1855/2500/2055
f 1828/2532/2061 1829/2530/2084 1858/2531/2085 1844/2533/2063
f 1855/2500/2055 1829/2530/2084 1828/2532/2061 1873/2502/2057
f 1774/2534/2086 1858/2531/2085 1822/2529/2083 1857/2535/2087
f 1844/2533/2063 1858/2531/2085 1774/2534/2086 1864/2536/2065
f 1775/2537/2088 1774/2534/2086 1857/2535/2087 1809/2538/2089
f 1864/2536/2065 1774/2534/2086 1775/2537/2088 1784/2539/2067
f 1836/2540/2090 1775/2537/2088 1809/2538/2089 1810/2541/2091
f 1784/2539/2067 1775/2537/2088 1836/2540/2090 1785/2515/2069
f 1777/2542/2092 1813/2543/2093 1878/2544/2094 1776/2545/2095
f 1812/2519/2073 1813/2543/2093 1777/2542/2092 1817/2520/2074
f 1865/2525/2079 1777/2542/2092 1776/2545/2095 1778/2546/2096
f 1817/2520/2074 1777/2542/2092 1865/2525/2079 1848/2522/2076
f 1837/2547/2097 1778/2546/2096 1776/2545/2095 1779/2548/2098
f 1791/2549/2099 1778/2546/2096 1837/2547/2097 1871/2550/2100
f 1865/2525/2079 1778/2546/2096 1791/2549/2099 1790/2524/2078
f 1823/2551/2101 1791/2549/2099 1871/2550/2100 1811/2552/2102
f 1790/2524/2078 1791/2549/2099 1823/2551/2101 1794/2527/2081
f 1857/2535/2087 1823/2551/2101 1811/2552/2102 1809/2538/2089
f 1794/2527/2081 1823/2551/2101 1857/2535/2087 1822/2529/2083
f 1826/2553/2103 1811/2552/2102 1871/2550/2100 1824/2554/2104
f 1809/2538/2089 1811/2552/2102 1826/2553/2103 1810/2541/2091
f 1779/2548/2098 1856/2555/2105 1859/2556/2106 1853/2557/2107
f 1878/2544/2094 1856/2555/2105 1779/2548/2098 1776/2545/2095
f 1779/2548/2098 1853/2557/2107 1825/2558/2108 1837/2547/2097
f 1837/2547/2097 1825/2558/2108 1824/2554/2104 1871/2550/2100
f 1842/2444/1999 1870/2456/2011 1797/2453/2008 1788/2445/2000
f 1471/1989/1597 1596/1988/1661 1552/2075/1731 1472/2074/1601
f 1475/1985/1659 1613/1984/1658 1534/2088/1740 1476/2087/1739
f 1527/2559/1725 1620/2100/1751 1597/1987/1660 1470/1986/1600
f 1622/1688/1421 1618/1687/1420 1621/2105/1756 1630/2560/2109
f 1630/2560/2109 1621/2105/1756 1585/2069/1728 1629/2068/1727
f 1536/2094/1746 1479/2093/1745 1532/2090/1742 1535/2089/1741
f 1474/2077/1609 1551/2076/1732 1480/2092/1744 1473/2091/1743
f 1529/1928/1605 1615/1927/1604 1620/2100/1751 1527/2559/1725
f 1556/2003/1674 1592/2002/1673 1616/2097/1436 1555/2561/1435
f 1768/2485/2040 1880/2098/1749 1881/2151/1796 1769/2489/2044
f 1783/2497/2052 1883/2148/1793 1882/2147/1792 1781/2495/2050
f 1793/2447/2002 1885/2160/1805 1884/2159/1804 1786/2448/2003
f 1799/2462/2017 1887/2101/1752 1886/2113/1764 1798/2459/2014
f 1800/2454/2009 1889/2185/1827 1888/2167/1812 1772/2451/2006
f 1812/2519/2073 1890/2183/1825 1891/2182/1824 1813/2543/2093
f 1825/2558/2108 1893/2106/1757 1892/2108/1759 1824/2554/2104
f 1824/2554/2104 1892/2108/1759 1894/2142/1787 1826/2553/2103
f 1832/2503/2058 1895/2110/1761 1896/2157/1802 1833/2501/2056
f 1835/2457/2012 1897/2186/1828 1889/2185/1827 1800/2454/2009
f 1838/2482/2037 1899/2162/1807 1898/2144/1789 1827/2481/2036
f 1785/2515/2069 1900/2096/1748 1901/2095/1747 1818/2514/2068
f 1836/2540/2090 1902/2150/1795 1900/2096/1748 1785/2515/2069
f 1841/2478/2033 1904/2143/1788 1903/2165/1810 1840/2443/1998
f 1840/2443/1998 1903/2165/1810 1905/2164/1809 1842/2444/1999
f 1769/2489/2044 1881/2151/1796 1906/2154/1799 1845/2518/2072
f 1846/2466/2021 1907/2111/1762 1895/2110/1761 1832/2503/2058
f 1851/2492/2047 1909/2103/1754 1908/2102/1753 1831/2463/2018
f 1810/2541/2091 1910/2141/1786 1902/2150/1795 1836/2540/2090
f 1826/2553/2103 1894/2142/1787 1910/2141/1786 1810/2541/2091
f 1856/2555/2105 1912/2145/1790 1911/2184/1826 1859/2556/2106
f 1859/2556/2106 1911/2184/1826 1913/2107/1758 1853/2557/2107
f 1831/2463/2018 1908/2102/1753 1887/2101/1752 1799/2462/2017
f 1827/2481/2036 1898/2144/1789 1904/2143/1788 1841/2478/2033
f 1818/2514/2068 1901/2095/1747 1914/2163/1808 1771/2516/2070
f 1771/2516/2070 1914/2163/1808 1915/2166/1811 1816/2483/2038
f 1816/2483/2038 1915/2166/1811 1899/2162/1807 1838/2482/2037
f 1862/2465/2020 1916/2155/1800 1907/2111/1762 1846/2466/2021
f 1866/2468/2023 1917/2156/1801 1916/2155/1800 1862/2465/2020
f 1868/2499/2054 1918/2149/1794 1883/2148/1793 1783/2497/2052
f 1853/2557/2107 1913/2107/1758 1893/2106/1757 1825/2558/2108
f 1772/2451/2006 1888/2167/1812 1919/2161/1806 1875/2450/2005
f 1877/2460/2015 1921/2112/1763 1920/2109/1760 1876/2487/2042
f 1781/2495/2050 1882/2147/1792 1922/2104/1755 1863/2493/2048
f 1876/2487/2042 1920/2109/1760 1923/2099/1750 1805/2484/2039
f 1805/2484/2039 1923/2099/1750 1880/2098/1749 1768/2485/2040
f 1833/2501/2056 1896/2157/1802 1918/2149/1794 1868/2499/2054
f 1813/2543/2093 1891/2182/1824 1924/2146/1791 1878/2544/2094
f 1875/2450/2005 1919/2161/1806 1885/2160/1805 1793/2447/2002
f 1870/2456/2011 1925/2153/1798 1926/2152/1797 1874/2455/2010
f 1878/2544/2094 1924/2146/1791 1912/2145/1790 1856/2555/2105
f 1863/2493/2048 1922/2104/1755 1909/2103/1754 1851/2492/2047
f 1879/2470/2025 1927/2158/1803 1917/2156/1801 1866/2468/2023
f 1798/2459/2014 1886/2113/1764 1921/2112/1763 1877/2460/2015
f 1786/2448/2003 1884/2159/1804 1927/2158/1803 1879/2470/2025
f 1874/2455/2010 1926/2152/1797 1897/2186/1828 1835/2457/2012
f 1842/2444/1999 1905/2164/1809 1925/2153/1798 1870/2456/2011
f 1845/2518/2072 1906/2154/1799 1890/2183/1825 1812/2519/2073
f 1647/2316/1912 1929/1680/1413 1928/1946/1621 1645/2313/1909
f 1930/2324/1920 1648/1959/1634 1931/1951/1626 1650/2327/1923
f 1655/2404/1993 1932/1938/1613 1933/1935/1610 1656/2405/1994
f 1661/2378/1969 1934/1943/1618 1935/1942/1617 1662/2380/1971
f 1666/2333/1929 1937/1957/1632 1936/1947/1622 1665/2330/1926
f 1665/2330/1926 1936/1947/1622 1938/1685/1418 1667/2322/1918
f 1669/2351/1944 1940/1954/1629 1939/1969/1643 1668/2320/1916
f 1676/2356/1949 1941/1950/1625 1942/1972/1646 1677/2357/1950
f 1692/2314/1910 1943/1956/1631 1937/1957/1632 1666/2333/1929
f 1695/2407/1996 1945/1668/1401 1944/2083/1737 1694/2399/1988
f 1650/2327/1923 1931/1951/1626 1941/1950/1625 1676/2356/1949
f 1694/2399/1988 1944/2083/1737 1674/1673/1406 1946/2398/1987
f 1702/2383/1974 1947/1962/1637 1660/1965/1640 1948/2402/1991
f 1677/2357/1950 1942/1972/1646 1949/1963/1638 1710/2382/1973
f 1710/2382/1973 1949/1963/1638 1947/1962/1637 1702/2383/1974
f 1946/2398/1987 1674/1673/1406 1950/1672/1405 1716/2400/1989
f 1720/2318/1914 1951/1681/1414 1929/1680/1413 1647/2316/1912
f 1667/2322/1918 1938/1685/1418 1952/1684/1417 1725/2323/1919
f 1716/2400/1989 1950/1672/1405 1953/1971/1645 1726/2401/1990
f 1656/2405/1994 1933/1935/1610 1693/1669/1402 1954/2406/1995
f 1668/2320/1916 1939/1969/1643 1951/1681/1414 1720/2318/1914
f 1722/2353/1946 1955/2079/1734 1727/1677/1410 1956/2352/1945
f 1734/2403/1992 1957/1939/1614 1932/1938/1613 1655/2404/1993
f 1725/2323/1919 1952/1684/1417 1648/1959/1634 1930/2324/1920
f 1954/2406/1995 1693/1669/1402 1945/1668/1401 1695/2407/1996
f 1662/2380/1971 1935/1942/1617 1955/2079/1734 1722/2353/1946
f 1948/2402/1991 1660/1965/1640 1957/1939/1614 1734/2403/1992
f 1726/2401/1990 1953/1971/1645 1731/1980/1654 1958/2379/1970
f 1958/2379/1970 1731/1980/1654 1934/1943/1618 1661/2378/1969
f 1956/2352/1945 1727/1677/1410 1959/1676/1409 1735/2354/1947
f 1735/2354/1947 1959/1676/1409 1940/1954/1629 1669/2351/1944
f 1645/2313/1909 1928/1946/1621 1943/1956/1631 1692/2314/1910
f 1980/2562/2110 1989/2563/2111 1969/2564/2112 1971/2565/2113
f 1969/2564/2112 1989/2563/2111 1990/2566/1338 1972/2567/1348
f 1990/2566/1338 1989/2563/2111 1991/2568/2114 1993/2569/1339
f 1967/1557/1298 1989/2563/2111 1980/2562/2110 1966/1604/1341
f 1962/2570/2115 1960/2571/1349 1961/2572/1856 1981/2573/2116
f 1963/2574/1350 1960/2571/1349 1962/2570/2115 1968/2575/2117
f 1991/2568/2114 1976/1556/1297 1982/2245/1858 1987/2576/2118
f 1967/1557/1298 1976/1556/1297 1991/2568/2114 1989/2563/2111
f 1981/2573/2116 1987/2577/2118 1982/2273/1858 1988/1607/1344
f 1983/2578/1855 1987/2577/2118 1981/2573/2116 1961/2572/1856
f 1991/2568/2114 1987/2576/2118 1983/2579/1855 1993/2569/1339
f 1972/2567/1348 1977/2580/1347 1970/2581/1294 1969/2564/2112
f 1985/2582/1859 755/1097/619 754/1096/886 1984/2583/2119
f 1979/2584/2120 1986/2585/1862 1985/2582/1859 1984/2583/2119
f 1978/2586/1293 1986/2585/1862 1979/2584/2120 1971/2565/2113
f 1964/2587/2121 1979/2584/2120 1984/2583/2119 1973/2588/2122
f 1971/2565/2113 1979/2584/2120 1964/2587/2121 1980/2562/2110
f 1965/1560/1301 1964/2587/2121 1973/2588/2122 1974/1561/1302
f 1980/2562/2110 1964/2587/2121 1965/1560/1301 1966/1604/1341
f 735/752/623 1974/1561/1302 1973/2588/2122 731/1103/890
f 754/1096/886 731/1103/890 1973/2588/2122 1984/2583/2119
f 716/1104/891 756/1105/611 1963/2574/1350 1968/2575/2117
f 717/80/78 716/1104/891 1968/2575/2117 1975/1597/1336
f 1992/1606/1343 1975/1597/1336 1968/2575/2117 1962/2570/2115
f 1988/1607/1344 1992/1606/1343 1962/2570/2115 1981/2573/2116
f 1970/2581/1294 1978/2586/1293 1971/2565/2113 1969/2564/2112
f 2056/2589/2123 2051/2590/2124 2046/2591/2125 2050/2592/2126
f 2065/2593/2127 2042/2594/2128 2079/2595/2129 2080/2596/2130
f 2082/2597/2131 2084/2598/2132 2041/2599/2133 2083/2600/2134
f 2024/2601/2135 2046/2591/2125 2051/2590/2124 2086/2602/2136 2087/2603/2137
f 2048/2604/2138 2034/2605/2139 2096/2606/2140 2061/2607/2141
f 2074/2608/2142 2041/2599/2133 2066/2609/2143 1996/2610/2144
f 2074/2608/2142 1996/2610/2144 1997/2611/2145 2025/2612/2146
f 1998/2613/2147 1996/2610/2144 2066/2609/2143 2056/2589/2123
f 1997/2611/2145 1996/2610/2144 1998/2613/2147 2026/2614/2148
f 2055/2615/2149 2026/2614/2148 2063/2616/2150 2039/2617/2151
f 1997/2611/2145 2026/2614/2148 2055/2615/2149 2013/2618/2152
f 2063/2616/2150 2026/2614/2148 1998/2613/2147 2032/2619/2153
f 2063/2616/2150 2032/2619/2153 2033/2620/2154 2043/2621/2155
f 2050/2592/2126 2032/2619/2153 1998/2613/2147 2056/2589/2123
f 2033/2620/2154 2032/2619/2153 2050/2592/2126 2044/2622/2156
f 2033/2620/2154 2044/2622/2156 2067/2623/2157 2045/2624/2158
f 2047/2625/2159 2044/2622/2156 2050/2592/2126 2046/2591/2125
f 2067/2623/2157 2044/2622/2156 2047/2625/2159 1999/2626/2160
f 2067/2623/2157 1999/2626/2160 2000/2627/2161 2027/2628/2162
f 2001/2629/2163 1999/2626/2160 2047/2625/2159 2054/2630/2164
f 2000/2627/2161 1999/2626/2160 2001/2629/2163 2028/2631/2165
f 2000/2627/2161 2028/2631/2165 2072/2632/2166 2029/2633/2167
f 2009/2634/2168 2028/2631/2165 2001/2629/2163 2008/2635/2169
f 2072/2632/2166 2028/2631/2165 2009/2634/2168 2034/2605/2139
f 2072/2632/2166 2034/2605/2139 2048/2604/2138 2060/2636/2170
f 2009/2634/2168 2008/2635/2169 2097/2637/2171 2035/2638/2172
f 2014/2639/2173 845/1159/945 851/1158/944 2058/2640/2174
f 2074/2608/2142 2025/2612/2146 2092/2641/2175 2085/2642/2176
f 2088/2643/2177 2090/2644/2178 2064/2645/2179 2089/2646/2180
f 2008/2635/2169 2015/2647/2181 2095/2648/2182 2097/2637/2171
f 2011/2649/2183 2021/2650/2184 2064/2645/2179 2010/2651/2185
f 2002/2652/2186 2021/2650/2184 2011/2649/2183 2022/2653/2187
f 2049/2654/2188 2022/2653/2187 2011/2649/2183 2031/2655/2189
f 2060/2636/2170 2022/2653/2187 2049/2654/2188 2062/2656/2190
f 2002/2652/2186 2022/2653/2187 2060/2636/2170 2048/2604/2138
f 2073/2657/2191 2062/2656/2190 2049/2654/2188 2068/2658/2192
f 2029/2633/2167 2062/2656/2190 2073/2657/2191 2006/2659/2193
f 2060/2636/2170 2062/2656/2190 2029/2633/2167 2072/2632/2166
f 2007/2660/2194 2006/2659/2193 2073/2657/2191 2023/2661/2195
f 2027/2628/2162 2006/2659/2193 2007/2660/2194 2038/2662/2196
f 2029/2633/2167 2006/2659/2193 2027/2628/2162 2000/2627/2161
f 2053/2663/2197 2038/2662/2196 2007/2660/2194 2040/2664/2198
f 2045/2624/2158 2038/2662/2196 2053/2663/2197 2057/2665/2199
f 2027/2628/2162 2038/2662/2196 2045/2624/2158 2067/2623/2157
f 2003/2666/2200 2057/2665/2199 2053/2663/2197 2070/2667/2201
f 2043/2621/2155 2057/2665/2199 2003/2666/2200 2012/2668/2202
f 2045/2624/2158 2057/2665/2199 2043/2621/2155 2033/2620/2154
f 770/1188/974 2012/2668/2202 2003/2666/2200 766/1189/975
f 2039/2617/2151 2012/2668/2202 770/1188/974 797/1190/976
f 2043/2621/2155 2012/2668/2202 2039/2617/2151 2063/2616/2150
f 2039/2617/2151 797/1190/976 812/1191/977 2055/2615/2149
f 2055/2615/2149 812/1191/977 828/1192/978 2013/2618/2152
f 2002/2652/2186 2048/2604/2138 2061/2607/2141 2075/2669/2203
f 2051/2590/2124 2056/2589/2123 2066/2609/2143 2093/2670/2204 2086/2602/2136
f 2013/2618/2152 2014/2639/2173 2025/2612/2146 1997/2611/2145
f 845/1159/945 2014/2639/2173 2013/2618/2152 828/1192/978
f 2017/2671/2205 2010/2651/2185 2016/2672/2206 2078/2673/2207
f 2034/2605/2139 2009/2634/2168 2035/2638/2172 2096/2606/2140
f 2042/2594/2128 2017/2671/2205 2078/2673/2207 2079/2595/2129
f 2010/2651/2185 2064/2645/2179 2090/2644/2178 2016/2672/2206
f 803/1198/984 2036/2674/2208 2091/2675/2209 804/1199/985
f 2019/2676/2210 2065/2593/2127 2080/2596/2130 2081/2677/2211
f 2031/2655/2189 2017/2671/2205 2042/2594/2128 2059/2678/2212
f 2010/2651/2185 2017/2671/2205 2031/2655/2189 2011/2649/2183
f 2071/2679/2213 2059/2678/2212 2042/2594/2128 2065/2593/2127
f 2068/2658/2192 2059/2678/2212 2071/2679/2213 1994/2680/2214
f 2031/2655/2189 2059/2678/2212 2068/2658/2192 2049/2654/2188
f 1995/2681/2215 1994/2680/2214 2071/2679/2213 2018/2682/2216
f 2023/2661/2195 1994/2680/2214 1995/2681/2215 2030/2683/2217
f 2068/2658/2192 1994/2680/2214 2023/2661/2195 2073/2657/2191
f 2052/2684/2218 2030/2683/2217 1995/2681/2215 2037/2685/2219
f 2040/2664/2198 2030/2683/2217 2052/2684/2218 2069/2686/2220
f 2023/2661/2195 2030/2683/2217 2040/2664/2198 2007/2660/2194
f 840/1213/999 2069/2686/2220 2052/2684/2218 838/1214/1000
f 2070/2667/2201 2069/2686/2220 840/1213/999 771/1215/1001
f 2040/2664/2198 2069/2686/2220 2070/2667/2201 2053/2663/2197
f 2070/2667/2201 771/1215/1001 766/1189/975 2003/2666/2200
f 2077/2687/2221 2094/2688/2222 2005/2689/2223 2004/2690/2224
f 2025/2612/2146 2014/2639/2173 2058/2640/2174 2092/2641/2175
f 2018/2682/2216 2019/2676/2210 2036/2674/2208 2020/2691/2225
f 2065/2593/2127 2019/2676/2210 2018/2682/2216 2071/2679/2213
f 820/1221/1007 2020/2691/2225 2036/2674/2208 803/1198/984
f 2037/2685/2219 2020/2691/2225 820/1221/1007 831/1222/1008
f 2018/2682/2216 2020/2691/2225 2037/2685/2219 1995/2681/2215
f 2037/2685/2219 831/1222/1008 838/1214/1000 2052/2684/2218
f 2005/2689/2223 2024/2601/2135 2087/2603/2137 2004/2690/2224
f 2064/2645/2179 2021/2650/2184 2076/2692/2226 2089/2646/2180
f 2066/2609/2143 2041/2599/2133 2084/2598/2132 2093/2670/2204
f 2054/2630/2164 2015/2647/2181 2008/2635/2169 2001/2629/2163
f 2005/2689/2223 2015/2647/2181 2054/2630/2164 2024/2601/2135
f 2046/2591/2125 2024/2601/2135 2054/2630/2164 2047/2625/2159
f 2021/2650/2184 2002/2652/2186 2075/2669/2203 2076/2692/2226
f 2041/2599/2133 2074/2608/2142 2085/2642/2176 2083/2600/2134
f 2036/2674/2208 2019/2676/2210 2081/2677/2211 2091/2675/2209
f 2015/2647/2181 2005/2689/2223 2094/2688/2222 2095/2648/2182
f 2170/2693/2227 2035/2638/2172 2097/2637/2171 2177/2694/2228
f 2136/2695/2229 2089/2646/2180 2076/2692/2226 2169/2696/2230
f 2130/2697/2231 2094/2688/2222 2077/2687/2221 2140/2698/2232
f 2177/2694/2228 2097/2637/2171 2095/2648/2182 2165/2699/2233
f 2134/2700/2234 2092/2641/2175 2058/2640/2174 2147/2701/2235
f 2128/2702/2236 2091/2675/2209 2081/2677/2211 2145/2703/2237
f 2159/2704/2238 2086/2602/2136 2093/2670/2204 2173/2705/2239
f 2143/2706/2240 2082/2597/2131 2083/2600/2134 2149/2707/2241
f 2174/2708/2242 2084/2598/2132 2082/2597/2131 2143/2706/2240
f 2145/2703/2237 2081/2677/2211 2080/2596/2130 2153/2709/2243
f 2138/2710/2244 2096/2606/2140 2035/2638/2172 2170/2693/2227
f 2178/2711/2245 2075/2669/2203 2061/2607/2141 2151/2712/2246
f 2124/2713/2247 2125/2714/2248 2122/2715/2249 2123/2716/2250
f 2147/2701/2235 2058/2640/2174 851/1158/944 942/1248/1034
f 2140/2698/2232 2077/2687/2221 2004/2690/2224 2161/2717/2251
f 2149/2707/2241 2083/2600/2134 2085/2642/2176 2157/2718/2252
f 2126/2719/2253 2090/2644/2178 2088/2643/2177 2155/2720/2254
f 2153/2709/2243 2080/2596/2130 2079/2595/2129 2163/2721/2255
f 2151/2712/2246 2061/2607/2141 2096/2606/2140 2138/2710/2244
f 2155/2720/2254 2088/2643/2177 2089/2646/2180 2136/2695/2229
f 2180/2722/2256 2087/2603/2137 2086/2602/2136 2159/2704/2238
f 2157/2718/2252 2085/2642/2176 2092/2641/2175 2134/2700/2234
f 2161/2717/2251 2004/2690/2224 2087/2603/2137 2180/2722/2256
f 2132/2723/2257 2078/2673/2207 2016/2672/2206 2167/2724/2258
f 2163/2721/2255 2079/2595/2129 2078/2673/2207 2132/2723/2257
f 2165/2699/2233 2095/2648/2182 2094/2688/2222 2130/2697/2231
f 946/1257/1043 804/1199/985 2091/2675/2209 2128/2702/2236
f 2167/2724/2258 2016/2672/2206 2090/2644/2178 2126/2719/2253
f 2169/2696/2230 2076/2692/2226 2075/2669/2203 2178/2711/2245
f 2174/2708/2242 2173/2705/2239 2093/2670/2204 2084/2598/2132
f 1305/1575/1314 1271/1533/1274 2172/2297/1897 2175/2268/1877
f 2150/2725/1889 2192/2726/2259 2191/2727/2260 2139/2728/1890
f 2169/2696/2230 2116/2729/2261 2115/2730/2262 2136/2695/2229
f 2138/2710/2244 2190/2731/2263 2193/2732/2264 2151/2712/2246
f 2143/2706/2240 2183/2733/2265 2184/2734/2266 2174/2708/2242
f 2127/2735/1894 2201/2736/2267 2198/2737/2268 2154/2738/1866
f 2155/2720/2254 2199/2739/2269 2200/2740/2270 2126/2719/2253
f 2172/2741/1897 2204/2742/2271 2185/2743/2272 2175/2744/1877
f 2174/2708/2242 2184/2734/2266 2205/2745/2273 2173/2705/2239
f 2141/2746/1864 2118/2747/2274 2121/2748/2275 2160/2749/1865
f 2168/2750/1896 2117/2751/2276 2195/2752/2277 2179/2753/1892
f 2178/2711/2245 2194/2754/2278 2116/2729/2261 2169/2696/2230
f 2161/2717/2251 2120/2755/2279 2119/2756/2280 2140/2698/2232
f 2148/2757/1876 2186/2758/2281 2196/2759/2282 2156/2760/1870
f 2157/2718/2252 2197/2761/2283 2187/2762/2284 2149/2707/2241
f 2181/2763/1873 2098/2764/2285 2101/2765/2286 2158/2766/1874
f 2166/2767/1893 2206/2768/2287 2201/2736/2267 2127/2735/1894
f 2159/2704/2238 2100/2769/2288 2099/2770/2289 2180/2722/2256
f 2126/2719/2253 2200/2740/2270 2207/2771/2290 2167/2724/2258
f 2171/2772/1895 2122/2715/2249 2125/2714/2248 2176/2773/1900
f 945/1307/634 969/1310/1077 2102/2774/2291 2129/2775/1872
f 2128/2702/2236 2103/2776/2292 970/1311/1078 946/1257/1043
f 2177/2694/2228 2124/2713/2247 2123/2716/2250 2170/2693/2227
f 2164/2777/1868 2111/2778/2293 2112/2779/2294 2131/2780/1869
f 2130/2697/2231 2113/2781/2295 2110/2782/2296 2165/2699/2233
f 2129/2775/1872 2102/2774/2291 2105/2783/2297 2144/2784/1878
f 2145/2703/2237 2104/2785/2298 2103/2776/2292 2128/2702/2236
f 2135/2786/1871 2106/2787/2299 2109/2788/2300 2146/2789/1880
f 2120/2755/2279 2121/2748/2275 2118/2747/2274 2119/2756/2280
f 2116/2729/2261 2117/2751/2276 2114/2790/2301 2115/2730/2262
f 2119/2756/2280 2118/2747/2274 2112/2779/2294 2113/2781/2295
f 2110/2782/2296 2111/2778/2293 2125/2714/2248 2124/2713/2247
f 2108/2791/2302 2109/2788/2300 2106/2787/2299 2107/2792/2303
f 2104/2785/2298 2105/2783/2297 2102/2774/2291 2103/2776/2292
f 2100/2769/2288 2101/2765/2286 2098/2764/2285 2099/2770/2289
f 2183/2733/2265 2182/2793/2304 2185/2743/2272 2184/2734/2266
f 2187/2762/2284 2186/2758/2281 2182/2793/2304 2183/2733/2265
f 2189/2794/2305 2188/2795/2306 2105/2783/2297 2104/2785/2298
f 2123/2716/2250 2122/2715/2249 2191/2727/2260 2190/2731/2263
f 2193/2732/2264 2192/2726/2259 2195/2752/2277 2194/2754/2278
f 980/1332/1094 979/1333/1095 2109/2788/2300 2108/2791/2302
f 2197/2761/2283 2196/2759/2282 2186/2758/2281 2187/2762/2284
f 2199/2739/2269 2198/2737/2268 2201/2736/2267 2200/2740/2270
f 2190/2731/2263 2191/2727/2260 2192/2726/2259 2193/2732/2264
f 2203/2796/2307 2202/2797/2308 2188/2795/2306 2189/2794/2305
f 2115/2730/2262 2114/2790/2301 2198/2737/2268 2199/2739/2269
f 2107/2792/2303 2106/2787/2299 2196/2759/2282 2197/2761/2283
f 2205/2745/2273 2204/2742/2271 2101/2765/2286 2100/2769/2288
f 2099/2770/2289 2098/2764/2285 2121/2748/2275 2120/2755/2279
f 2207/2771/2290 2206/2768/2287 2209/2798/2309 2208/2799/2310
f 2208/2799/2310 2209/2798/2309 2202/2797/2308 2203/2796/2307
f 2113/2781/2295 2112/2779/2294 2111/2778/2293 2110/2782/2296
f 2103/2776/2292 2102/2774/2291 969/1310/1077 970/1311/1078
f 2200/2740/2270 2201/2736/2267 2206/2768/2287 2207/2771/2290
f 2194/2754/2278 2195/2752/2277 2117/2751/2276 2116/2729/2261
f 2184/2734/2266 2185/2743/2272 2204/2742/2271 2205/2745/2273
f 2175/2744/1877 2185/2743/2272 2182/2793/2304 2142/2800/1875
f 2137/2801/1867 2114/2790/2301 2117/2751/2276 2168/2750/1896
f 2163/2721/2255 2203/2796/2307 2189/2794/2305 2153/2709/2243
f 2149/2707/2241 2187/2762/2284 2183/2733/2265 2143/2706/2240
f 2152/2802/1879 2188/2795/2306 2202/2797/2308 2162/2803/1891
f 2142/2800/1875 2182/2793/2304 2186/2758/2281 2148/2757/1876
f 2136/2695/2229 2115/2730/2262 2199/2739/2269 2155/2720/2254
f 2154/2738/1866 2198/2737/2268 2114/2790/2301 2137/2801/1867
f 2153/2709/2243 2189/2794/2305 2104/2785/2298 2145/2703/2237
f 2144/2784/1878 2105/2783/2297 2188/2795/2306 2152/2802/1879
f 2134/2700/2234 2107/2792/2303 2197/2761/2283 2157/2718/2252
f 2156/2760/1870 2196/2759/2282 2106/2787/2299 2135/2786/1871
f 2170/2693/2227 2123/2716/2250 2190/2731/2263 2138/2710/2244
f 2173/2705/2239 2205/2745/2273 2100/2769/2288 2159/2704/2238
f 2139/2728/1890 2191/2727/2260 2122/2715/2249 2171/2772/1895
f 2158/2766/1874 2101/2765/2286 2204/2742/2271 2172/2741/1897
f 2151/2712/2246 2193/2732/2264 2194/2754/2278 2178/2711/2245
f 2140/2698/2232 2119/2756/2280 2113/2781/2295 2130/2697/2231
f 2180/2722/2256 2099/2770/2289 2120/2755/2279 2161/2717/2251
f 2179/2753/1892 2195/2752/2277 2192/2726/2259 2150/2725/1889
f 2160/2749/1865 2121/2748/2275 2098/2764/2285 2181/2763/1873
f 2131/2780/1869 2112/2779/2294 2118/2747/2274 2141/2746/1864
f 2167/2724/2258 2207/2771/2290 2208/2799/2310 2132/2723/2257
f 2165/2699/2233 2110/2782/2296 2124/2713/2247 2177/2694/2228
f 2176/2773/1900 2125/2714/2248 2111/2778/2293 2164/2777/1868
f 2133/2804/1899 2209/2798/2309 2206/2768/2287 2166/2767/1893
f 942/1248/1034 980/1332/1094 2108/2791/2302 2147/2701/2235
f 2132/2723/2257 2208/2799/2310 2203/2796/2307 2163/2721/2255
f 2146/2789/1880 2109/2788/2300 979/1333/1095 941/1343/642
f 2147/2701/2235 2108/2791/2302 2107/2792/2303 2134/2700/2234
f 2162/2803/1891 2202/2797/2308 2209/2798/2309 2133/2804/1899
f 2373/1746/1472 2384/1745/1471 2360/2805/2311 2361/2806/2312
f 2360/2805/2311 2384/1745/1471 2266/1816/1525 2301/2807/2313
f 2244/2808/2314 2346/1721/1452 2310/1910/1592 2347/2809/2315
f 2362/1722/1453 2346/1721/1452 2244/2808/2314 2245/2810/2316
f 2362/1722/1453 2245/2810/2316 2302/2811/2317 2328/2225/1848
f 2303/2812/2318 2245/2810/2316 2244/2808/2314 2246/2813/2319
f 2302/2811/2317 2245/2810/2316 2303/2812/2318 2329/2814/2320
f 2302/2811/2317 2329/2814/2320 2385/2815/2321 2220/2816/2322
f 2281/2817/2323 2329/2814/2320 2303/2812/2318 2275/2818/2324
f 2385/2815/2321 2329/2814/2320 2281/2817/2323 2311/2819/2325
f 2385/2815/2321 2311/2819/2325 2348/2820/2326 2363/2821/2327
f 2349/2822/2328 2311/2823/2325 2281/2824/2323 2312/2825/2329
f 2348/2826/2326 2311/2823/2325 2349/2822/2328 2247/2827/2330
f 2348/2826/2326 2247/2827/2330 2248/2828/2331 2304/2829/2332
f 2249/2830/2333 2247/2827/2330 2349/2822/2328 2357/2831/2334
f 2248/2828/2331 2247/2827/2330 2249/2830/2333 2305/2832/2335
f 2248/2828/2331 2305/2832/2335 2381/2833/2336 2306/2834/2337
f 2219/2835/2338 2305/2832/2335 2249/2830/2333 2218/2836/2339
f 2381/2833/2336 2305/2832/2335 2219/2835/2338 2282/2837/2340
f 2381/2833/2336 2282/2837/2340 2313/2838/2341 2350/2839/2342
f 2314/2840/2343 2282/2837/2340 2219/2835/2338 2283/2841/2344
f 2313/2838/2341 2282/2837/2340 2314/2840/2343 2351/2842/2345
f 2313/2838/2341 2351/2842/2345 2250/2843/2346 2251/2844/2347
f 2331/1792/1506 2351/2842/2345 2314/2840/2343 2330/1733/1462
f 2250/2843/2346 2351/2842/2345 2331/1792/1506 2252/1791/1505
f 2250/2843/2346 2252/1791/1505 2368/1726/1456 2253/1725/1455
f 2251/2844/2347 2290/1813/1523 2271/1754/1477 2272/2845/2348
f 2253/1725/1455 2290/1813/1523 2251/2844/2347 2250/2843/2346
f 2315/2846/2349 2272/2845/2348 2271/1754/1477 2273/1753/1476
f 2350/2839/2342 2272/2845/2348 2315/2846/2349 2359/2847/2350
f 2251/2844/2347 2272/2845/2348 2350/2839/2342 2313/2838/2341
f 2374/2848/2351 2359/2847/2350 2315/2846/2349 2364/2849/2352
f 2306/2834/2337 2359/2847/2350 2374/2848/2351 2237/2850/2353
f 2350/2839/2342 2359/2847/2350 2306/2834/2337 2381/2833/2336
f 2238/2851/2354 2237/2852/2353 2374/2853/2351 2291/2854/2355
f 2304/2855/2332 2237/2852/2353 2238/2851/2354 2327/2856/2356
f 2306/2834/2337 2237/2850/2353 2304/2829/2332 2248/2828/2331
f 2353/2857/2357 2327/2856/2356 2238/2851/2354 2332/2858/2358
f 2363/2821/2327 2327/2856/2356 2353/2857/2357 2221/2859/2359
f 2304/2855/2332 2327/2856/2356 2363/2821/2327 2348/2820/2326
f 2223/1864/1559 2221/2859/2359 2353/2857/2357 2382/2860/2360
f 2220/2816/2322 2221/2859/2359 2223/1864/1559 2222/2226/1849
f 2363/2821/2327 2221/2859/2359 2220/2816/2322 2385/2815/2321
f 2220/2816/2322 2222/2226/1849 2328/2225/1848 2302/2811/2317
f 2334/2861/2361 2292/1750/1474 2254/1749/1473 2293/2862/2362
f 2333/1907/1591 2292/1750/1474 2334/2861/2361 2355/2863/2363
f 2333/1907/1591 2355/2863/2363 2225/2864/2364 2234/1737/1465
f 2317/2865/2365 2355/2863/2363 2334/2861/2361 2316/2866/2366
f 2225/2864/2364 2355/2863/2363 2317/2865/2365 2226/2867/2367
f 2225/2864/2364 2226/2867/2367 2365/2868/2368 2227/2869/2369
f 2255/2870/2370 2226/2867/2367 2317/2865/2365 2340/2871/2371
f 2365/2868/2368 2226/2867/2367 2255/2870/2370 2256/2872/2372
f 2365/2868/2368 2256/2872/2372 2294/2873/2373 2335/2874/2374
f 2295/2875/2375 2256/2876/2372 2255/2877/2370 2257/2878/2376
f 2294/2879/2373 2256/2876/2372 2295/2875/2375 2336/2880/2377
f 2294/2879/2373 2336/2880/2377 2386/2881/2378 2276/2882/2379
f 2278/2883/2380 2336/2880/2377 2295/2875/2375 2277/2884/2381
f 2386/2881/2378 2336/2880/2377 2278/2883/2380 2318/2885/2382
f 2386/2881/2378 2318/2885/2382 2342/2886/2383 2279/2887/2384
f 2343/2888/2385 2318/2885/2382 2278/2883/2380 2319/2889/2386
f 2342/2886/2383 2318/2885/2382 2343/2888/2385 2258/2890/2387
f 2342/2886/2383 2258/2890/2387 2259/2891/2388 2297/2892/2389
f 2260/2893/2390 2258/2890/2387 2343/2888/2385 2339/2894/2391
f 2259/2891/2388 2258/2890/2387 2260/2893/2390 2298/2895/2392
f 2259/2891/2388 2298/2895/2392 2379/2896/2393 2231/2897/2394
f 2232/1764/1486 2298/2895/2392 2260/2893/2390 2216/1810/1521
f 2379/2896/2393 2298/2895/2392 2232/1764/1486 2280/1763/1485
f 2379/2896/2393 2280/1763/1485 2320/1814/1524 2233/2898/2395
f 2364/2899/2352 2344/2234/1480 2380/1861/1557 2235/2900/2396
f 2273/1753/1476 2344/1757/1480 2364/2849/2352 2315/2846/2349
f 2236/2901/2397 2235/2900/2396 2380/1861/1557 2269/1860/1556
f 2291/2854/2355 2235/2900/2396 2236/2901/2397 2299/2902/2398
f 2364/2899/2352 2235/2900/2396 2291/2854/2355 2374/2853/2351
f 2345/2903/2399 2299/2902/2398 2236/2901/2397 2321/2904/2400
f 2332/2858/2358 2299/2902/2398 2345/2903/2399 2369/2905/2401
f 2291/2854/2355 2299/2902/2398 2332/2858/2358 2238/2851/2354
f 2261/2906/2402 2369/2905/2401 2345/2903/2399 2375/2907/2403
f 2382/2860/2360 2369/2905/2401 2261/2906/2402 2262/2908/2404
f 2332/2858/2358 2369/2905/2401 2382/2860/2360 2353/2857/2357
f 2300/2909/2405 2262/2908/2404 2261/2906/2402 2263/2910/2406
f 2224/1865/1560 2262/2908/2404 2300/2909/2405 2322/1904/1589
f 2382/2860/2360 2262/2908/2404 2224/1865/1560 2223/1864/1559
f 2370/1807/1519 2322/1904/1589 2300/2909/2405 2358/2911/2407
f 2210/2230/1852 2211/2220/1847 2293/2862/2362 2254/1749/1473
f 2293/2862/2362 2211/2220/1847 2287/2219/1846 2324/2912/2408
f 2293/2862/2362 2324/2912/2408 2316/2866/2366 2334/2861/2361
f 2371/2913/2409 2324/2912/2408 2287/2219/1846 2352/2223/1513
f 2316/2866/2366 2324/2912/2408 2371/2913/2409 2325/2914/2410
f 2316/2866/2366 2325/2914/2410 2340/2871/2371 2317/2865/2365
f 2213/2915/2411 2325/2916/2410 2371/2917/2409 2212/2918/2412
f 2340/2919/2371 2325/2916/2410 2213/2915/2411 2286/2920/2413
f 2340/2919/2371 2286/2920/2413 2257/2878/2376 2255/2877/2370
f 2307/2921/2414 2286/2920/2413 2213/2915/2411 2265/2922/2415
f 2257/2878/2376 2286/2920/2413 2307/2921/2414 2288/2923/2416
f 2257/2878/2376 2288/2923/2416 2277/2884/2381 2295/2875/2375
f 2308/2924/2417 2288/2923/2416 2307/2921/2414 2366/2925/2418
f 2277/2884/2381 2288/2923/2416 2308/2924/2417 2239/2926/2419
f 2277/2884/2381 2239/2926/2419 2319/2889/2386 2278/2883/2380
f 2240/2927/2420 2239/2926/2419 2308/2924/2417 2301/2807/2313
f 2319/2889/2386 2239/2926/2419 2240/2927/2420 2264/2928/2421
f 2319/2889/2386 2264/2928/2421 2339/2894/2391 2343/2888/2385
f 2326/1729/1458 2264/2928/2421 2240/2927/2420 2267/1730/1459
f 2339/2894/2391 2264/2928/2421 2326/1729/1458 2217/2212/1843
f 2339/2894/2391 2217/2212/1843 2216/1810/1521 2260/2893/2390
f 2321/2904/2400 2270/1742/1469 2284/1741/1468 2285/2929/2422
f 2269/1860/1556 2270/1742/1469 2321/2904/2400 2236/2901/2397
f 2338/2930/2423 2285/2929/2422 2284/1741/1468 2289/2229/1851
f 2375/2907/2403 2285/2929/2422 2338/2930/2423 2323/2931/2424
f 2321/2904/2400 2285/2929/2422 2375/2907/2403 2345/2903/2399
f 2377/2932/2425 2323/2931/2424 2338/2930/2423 2372/2933/2426
f 2263/2910/2406 2323/2931/2424 2377/2932/2425 2214/2934/2427
f 2375/2907/2403 2323/2931/2424 2263/2910/2406 2261/2906/2402
f 2215/1803/1516 2214/2934/2427 2377/2932/2425 2268/1804/1517
f 2358/2911/2407 2214/2934/2427 2215/1803/1516 2243/2210/1842
f 2263/2910/2406 2214/2934/2427 2358/2911/2407 2300/2909/2405
f 2358/2911/2407 2243/2210/1842 2242/1808/1520 2370/1807/1519
f 2372/2933/2426 2354/1760/1483 2383/1759/1482 2274/1905/1590
f 2289/2229/1851 2354/1760/1483 2372/2933/2426 2338/2930/2423
f 2372/2933/2426 2274/1905/1590 2268/1804/1517 2377/2932/2425
f 2266/1816/1525 2267/1730/1459 2240/2927/2420 2301/2807/2313
f 2301/2807/2313 2308/2924/2417 2366/2925/2418 2360/2805/2311
f 2341/2935/2428 2366/2925/2418 2307/2921/2414 2265/2922/2415
f 2360/2805/2311 2366/2925/2418 2341/2935/2428 2361/2806/2312
f 2356/2936/2429 2341/2935/2428 2265/2922/2415 2228/2937/2430
f 2361/2806/2312 2341/2935/2428 2356/2936/2429 2378/2938/2431
f 2229/1825/1532 2378/2938/2431 2356/2936/2429 2376/1795/1508
f 2296/2232/1853 2378/2938/2431 2229/1825/1532 2230/1824/1531
f 2361/2806/2312 2378/2938/2431 2296/2232/1853 2373/1746/1472
f 2352/1800/1513 2241/1799/1512 2212/2918/2412 2371/2917/2409
f 2212/2918/2412 2241/1799/1512 2367/1796/1509 2228/2937/2430
f 2228/2937/2430 2367/1796/1509 2376/1795/1508 2356/2936/2429
f 2212/2918/2412 2228/2937/2430 2265/2922/2415 2213/2915/2411
f 2283/2841/2344 2337/1734/1463 2330/1733/1462 2314/2840/2343
f 2320/1814/1524 2337/1734/1463 2283/2841/2344 2233/2898/2395
f 2218/2836/2339 2233/2898/2395 2283/2841/2344 2219/2835/2338
f 2379/2896/2393 2233/2898/2395 2218/2836/2339 2231/2897/2394
f 2357/2831/2334 2231/2897/2394 2218/2836/2339 2249/2830/2333
f 2259/2891/2388 2231/2897/2394 2357/2831/2334 2297/2892/2389
f 2312/2825/2329 2297/2892/2389 2357/2831/2334 2349/2822/2328
f 2342/2886/2383 2297/2892/2389 2312/2825/2329 2279/2887/2384
f 2275/2939/2324 2279/2887/2384 2312/2825/2329 2281/2824/2323
f 2386/2881/2378 2279/2887/2384 2275/2939/2324 2276/2882/2379
f 2246/2813/2319 2276/2940/2379 2275/2818/2324 2303/2812/2318
f 2294/2873/2373 2276/2940/2379 2246/2813/2319 2335/2874/2374
f 2347/2809/2315 2335/2874/2374 2246/2813/2319 2244/2808/2314
f 2365/2868/2368 2335/2874/2374 2347/2809/2315 2227/2869/2369
f 2309/1738/1466 2227/2869/2369 2347/2809/2315 2310/1910/1592
f 2225/2864/2364 2227/2869/2369 2309/1738/1466 2234/1737/1465
f 2415/1897/1585 2397/1896/1584 2396/1893/1583 2398/2941/2432
f 2435/2283/1886 2438/1848/1548 1239/811/665 1236/792/650
f 2439/1849/1549 2438/1848/1548 2435/2283/1886 2436/1917/1596
f 2446/2278/1882 2439/1849/1549 2436/1917/1596 2443/1916/1595
f 2399/2279/1883 2446/2278/1882 2443/1916/1595 2451/2282/1885
f 2437/2942/2433 2453/1773/1492 2450/2299/1898 2427/2943/2434
f 2408/1774/1493 2453/1773/1492 2437/2942/2433 2409/2944/2435
f 2408/1774/1493 2409/2944/2435 2447/2945/2436 2410/1788/1503
f 2401/2946/2437 2409/2944/2435 2437/2942/2433 2444/2947/2438
f 2447/2945/2436 2409/2944/2435 2401/2946/2437 2402/2948/2439
f 2447/2945/2436 2402/2948/2439 2416/2949/2440 2429/2950/2441
f 1218/1490/1231 2402/2948/2439 2401/2946/2437 1217/1491/1232
f 2416/2949/2440 2402/2948/2439 1218/1490/1231 1234/1492/1233
f 2416/2949/2440 1234/1492/1233 1242/1494/1235 2425/2951/2442
f 1242/1494/1235 1249/327/291 2424/1838/1543 2425/2951/2442
f 2404/1841/1545 2403/1840/1544 2459/2307/1903 2418/2952/2443
f 2432/2251/1863 2404/1841/1545 2418/2952/2443 2407/1856/1553
f 2393/1890/1581 2432/2251/1863 2407/1856/1553 2392/1845/1547
f 2448/1834/1540 2393/1890/1581 2392/1845/1547 2455/1844/1546
f 2400/2215/1845 2433/1786/1502 2387/1785/1501 2388/1777/1495
f 2451/2282/1885 2433/1786/1502 2400/2215/1845 2399/2279/1883
f 2411/1778/1496 2388/1777/1495 2387/1785/1501 2389/1852/1551
f 2391/2953/2444 2390/1912/1593 2457/2276/1881 2412/2954/2445
f 2449/1913/1594 2390/1912/1593 2391/2953/2444 2434/2955/2446
f 2449/1913/1594 2434/2955/2446 2427/2943/2434 2450/2299/1898
f 2417/2956/2447 2434/2955/2446 2391/2953/2444 2426/2957/2448
f 2427/2943/2434 2434/2955/2446 2417/2956/2447 2428/2958/2449
f 2427/2943/2434 2428/2958/2449 2444/2947/2438 2437/2942/2433
f 1207/1502/1243 2428/2958/2449 2417/2956/2447 1204/1503/1244
f 2444/2947/2438 2428/2958/2449 1207/1502/1243 1219/1504/1245
f 2444/2947/2438 1219/1504/1245 1217/1491/1232 2401/2946/2437
f 2405/2959/2450 1252/1508/1249 1250/1507/1248 2394/2960/2451
f 1259/819/669 1252/1508/1249 2405/2959/2450 2459/2307/1903
f 2419/2961/2452 2405/2959/2450 2394/2960/2451 2406/2962/2453
f 2459/2307/1903 2405/2959/2450 2419/2961/2452 2418/2952/2443
f 2441/1857/1554 2419/2961/2452 2406/2962/2453 2442/1899/1587
f 2418/2952/2443 2419/2961/2452 2441/1857/1554 2407/1856/1553
f 2442/1899/1587 2406/2962/2453 2430/2963/2454 2445/2286/1887
f 2430/2963/2454 2406/2962/2453 2394/2960/2451 2395/2964/2455
f 2430/2963/2454 2395/2964/2455 2422/2965/2456 2413/2966/2457
f 1192/1515/1256 2395/2964/2455 2394/2960/2451 1250/1507/1248
f 2422/2965/2456 2395/2964/2455 1192/1515/1256 1194/1516/1257
f 2422/2965/2456 1194/1516/1257 1212/1518/1259 2414/2967/2458
f 2426/2957/2448 1213/1519/1260 1204/1503/1244 2417/2956/2447
f 1212/1518/1259 1213/1519/1260 2426/2957/2448 2414/2967/2458
f 2412/2954/2445 2414/2967/2458 2426/2957/2448 2391/2953/2444
f 2422/2965/2456 2414/2967/2458 2412/2954/2445 2413/2966/2457
f 2456/2287/1888 2413/2966/2457 2412/2954/2445 2457/2276/1881
f 2430/2963/2454 2413/2966/2457 2456/2287/1888 2445/2286/1887
f 2431/2968/2459 2423/1781/1499 2420/1854/1552 2421/2303/1901
f 2454/1782/1500 2423/1781/1499 2431/2968/2459 2455/1844/1546
f 2452/1835/1541 2431/2968/2459 2421/2303/1901 2440/2305/1902
f 2455/1844/1546 2431/2968/2459 2452/1835/1541 2448/1834/1540
f 2398/2941/2432 2425/2951/2442 2424/1838/1543 2415/1897/1585
f 2416/2949/2440 2425/2951/2442 2398/2941/2432 2429/2950/2441
f 2458/1892/1582 2429/2950/2441 2398/2941/2432 2396/1893/1583
f 2447/2945/2436 2429/2950/2441 2458/1892/1582 2410/1788/1503
f 85/240/222 138/244/226 2470/244/2460 2469/240/2461
f 1428/1740/1467 1427/1743/1470 2493/1743/2462 2494/1740/2463
f 1326/1837/1542 8/326/290 2460/326/2464 2486/1837/2465
f 185/725/606 200/247/229 2477/247/2466 2475/725/2467
f 201/359/228 203/358/311 2479/358/2468 2478/359/2469
f 138/731/226 139/350/305 2471/350/2470 2470/731/2460
f 1429/2228/1850 1428/1740/1467 2494/1740/2463 2495/2228/2471
f 183/229/215 184/228/214 2474/228/2472 2473/229/2473
f 1384/1859/1555 1383/1862/1558 2491/1862/2474 2492/1859/2475
f 1383/1862/1558 1382/2235/1479 2490/2235/2476 2491/1862/2474
f 203/358/311 219/385/336 2481/385/2477 2479/358/2468
f 1328/1755/1478 1327/1812/1522 2487/1812/2478 2488/1755/2479
f 8/326/290 82/325/289 2466/325/2480 2460/326/2464
f 12/381/332 1443/1885/1577 2496/1885/2481 2461/381/2482
f 81/393/340 80/392/68 2464/392/2483 2465/393/2484
f 1444/1761/1484 1429/2228/1850 2495/2228/2471 2497/1761/2485
f 139/350/305 140/349/304 2472/349/2486 2471/350/2470
f 1382/1756/1479 1329/1752/1475 2489/1752/2487 2490/1756/2476
f 76/213/67 77/212/201 2463/212/2488 2462/213/2489
f 1462/1887/1579 1463/1888/1580 2501/1888/2490 2500/1887/2491
f 83/300/269 84/241/223 2468/241/2492 2467/300/2493
f 84/241/223 85/240/222 2469/240/2461 2468/241/2492
f 1321/1724/1454 1320/1727/1328 2482/1727/2494 2483/1724/2495
f 80/70/68 76/69/67 2462/69/2489 2464/70/2483
f 82/325/289 81/393/340 2465/393/2484 2466/325/2480
f 1427/1743/1470 1384/1859/1555 2492/1859/2475 2493/1743/2462
f 1320/1589/1328 1324/1590/1329 2484/1590/2496 2482/1589/2494
f 1325/1898/1586 1326/1837/1542 2486/1837/2465 2485/1898/2497
f 1463/1888/1580 1447/1870/1563 2499/1870/2498 2501/1888/2490
f 184/228/214 185/725/606 2475/725/2467 2474/228/2472
f 1327/1812/1522 1321/1724/1454 2483/1724/2495 2487/1812/2478
f 77/212/201 83/300/269 2467/300/2493 2463/212/2488
f 200/247/229 201/246/228 2478/246/2469 2477/247/2466
f 1324/1895/1329 1325/1898/1586 2485/1898/2497 2484/1895/2496
f 1445/1758/1481 1444/1761/1484 2497/1761/2485 2498/1758/2499
f 1329/1752/1475 1328/1755/1478 2488/1755/2479 2489/1752/2487
f 219/385/336 218/384/335 2480/384/2500 2481/385/2477
f 199/382/333 12/381/332 2461/381/2482 2476/382/2501
f 218/384/335 199/382/333 2476/382/2501 2480/384/2500
f 1447/1870/1563 1445/1869/1481 2498/1869/2499 2499/1870/2498
f 1443/1885/1577 1462/1887/1579 2500/1887/2491 2496/1885/2481
f 140/349/304 183/229/215 2473/229/2473 2472/349/2486
f 317/665/525 356/666/569 2514/666/2502 2511/665/2503
f 311/1073/182 312/498/428 2507/498/2504 2506/1073/2505
f 356/666/569 357/668/571 2515/668/2506 2514/666/2502
f 357/668/571 359/670/573 2516/670/2507 2515/668/2506
f 313/497/427 240/505/433 2502/505/2508 2508/497/2509
f 241/515/425 242/514/441 2504/514/2510 2503/515/2511
f 244/518/443 314/611/521 2509/611/2512 2505/518/2513
f 385/565/483 386/1072/875 2523/1072/2514 2522/565/2515
f 359/670/573 380/684/585 2519/684/2516 2516/670/2507
f 378/175/167 379/8/8 2518/8/2517 2517/175/2518
f 242/514/441 244/518/443 2505/518/2513 2504/514/2510
f 354/7/7 355/192/183 2513/192/2519 2512/7/2520
f 383/566/484 385/565/483 2522/565/2515 2521/566/2521
f 314/611/521 315/613/523 2510/613/2522 2509/611/2512
f 240/505/433 241/495/425 2503/495/2511 2502/505/2508
f 379/8/8 354/7/7 2512/7/2520 2518/8/2517
f 312/498/428 313/497/427 2508/497/2509 2507/498/2504
f 381/686/587 383/688/484 2521/688/2521 2520/686/2523
f 355/192/183 311/191/182 2506/191/2505 2513/192/2519
f 386/1072/875 378/175/167 2517/175/2518 2523/1072/2514
f 380/684/585 381/686/587 2520/686/2523 2519/684/2516
f 315/613/523 317/615/525 2511/615/2503 2510/613/2522
f 2509/611/2512 2510/613/2522 2554/613/2524 2553/611/2525
f 1598/1527/1268 1623/1530/1271 2540/1530/2526 2534/1527/2527
f 2519/684/2516 2520/686/2523 2564/686/2528 2563/684/2529
f 1625/2188/1830 1624/2187/1829 2541/2187/2530 2542/2188/2531
f 2512/7/2520 2513/192/2519 2557/192/2532 2556/7/2533
f 1623/1530/1271 1622/1688/1421 2539/1688/2534 2540/1530/2526
f 2505/518/2513 2509/611/2512 2553/611/2525 2549/518/2535
f 2518/8/2517 2512/7/2520 2556/7/2533 2562/8/2536
f 1484/2009/1678 1557/2000/1671 2530/2000/2537 2524/2009/2538
f 2521/566/2521 2522/565/2515 2566/565/2539 2565/566/2540
f 1630/2560/2109 1629/2068/1727 2544/2068/2541 2545/2560/2542
f 1629/2068/1727 1627/2071/1730 2543/2071/2543 2544/2068/2541
f 1601/2170/1814 1600/2169/1813 2536/2169/2544 2537/2170/2545
f 2507/498/2504 2508/497/2509 2552/497/2546 2551/498/2547
f 1559/2115/1766 1558/2114/1765 2531/2114/2548 2532/2115/2549
f 2508/497/2509 2502/505/2508 2546/505/2550 2552/497/2546
f 2502/505/2508 2503/495/2511 2547/495/2551 2546/505/2550
f 1485/1999/1670 1484/2009/1678 2524/2009/2538 2525/1999/2552
f 2515/668/2506 2516/670/2507 2560/670/2553 2559/668/2554
f 1486/2019/1685 1485/2018/1670 2525/2018/2552 2526/2019/2555
f 1561/2118/1769 1559/2115/1766 2532/2115/2549 2533/2118/2556
f 2520/686/2523 2521/688/2521 2565/688/2540 2564/686/2528
f 2503/515/2511 2504/514/2510 2548/514/2557 2547/515/2551
f 1600/2169/1813 1561/2168/1769 2533/2168/2556 2536/2169/2544
f 2523/1072/2514 2517/175/2518 2561/175/2558 2567/1072/2559
f 2510/613/2522 2511/615/2503 2555/615/2560 2554/613/2524
f 2517/175/2518 2518/8/2517 2562/8/2536 2561/175/2558
f 1555/1703/1435 1599/1706/1438 2535/1706/2561 2528/1703/2562
f 1627/2191/1730 1625/2188/1830 2542/2188/2531 2543/2191/2543
f 2504/514/2510 2505/518/2513 2549/518/2535 2548/514/2557
f 1556/2003/1674 1555/2561/1435 2528/2561/2562 2529/2003/2563
f 2514/666/2502 2515/668/2506 2559/668/2554 2558/666/2564
f 1622/1688/1421 1630/2560/2109 2545/2560/2542 2539/1688/2534
f 2522/565/2515 2523/1072/2514 2567/1072/2559 2566/565/2539
f 1558/2114/1765 1488/2021/1687 2527/2021/2565 2531/2114/2548
f 2506/1073/2505 2507/498/2504 2551/498/2547 2550/1073/2566
f 2516/670/2507 2519/684/2516 2563/684/2529 2560/670/2553
f 2513/192/2519 2506/191/2505 2550/191/2566 2557/192/2532
f 1488/2021/1687 1486/2019/1685 2526/2019/2555 2527/2021/2565
f 1603/2173/1817 1601/2170/1814 2537/2170/2545 2538/2173/2567
f 1557/2000/1671 1556/2003/1674 2529/2003/2563 2530/2000/2537
f 1599/1706/1438 1598/1527/1268 2534/1527/2527 2535/1706/2561
f 1624/2187/1829 1603/2173/1817 2538/2173/2567 2541/2187/2530
f 2511/665/2503 2514/666/2502 2558/666/2564 2555/665/2560
