# This file uses meters as units for non-parametric coordinates.

mtllib curva sinistra bassa.mtl
g default
v -666.256827 578.022613 -66.621072
v -666.256827 532.126128 -66.621072
v -1355.426016 141.360503 -943.017007
v -1355.426016 95.464019 -943.017007
v -666.256827 563.638641 -253.916726
v -689.737296 522.390533 -432.268990
v -758.578848 452.826049 -598.466897
v -868.089590 363.518584 -741.184182
v -1010.807120 273.039642 -850.695046
v -1177.004874 205.110076 -919.536477
v -1177.004874 159.213470 -919.536477
v -1010.807120 227.143218 -850.695046
v -868.089590 317.621978 -741.184182
v -758.578848 406.929534 -598.466897
v -689.737296 476.494079 -432.268990
v -666.256827 517.742156 -253.916726
v -174.156729 578.022613 -66.621072
v -174.156729 532.126128 -66.621072
v -174.156729 532.126067 -286.170693
v -174.156729 578.022552 -286.170693
v -1355.426016 95.464080 -1435.117104
v -1355.426016 141.360503 -1435.117104
v -1048.540762 250.479339 -1398.970498
v -1048.540762 204.582854 -1398.970498
v -762.633780 405.475982 -1280.543740
v -762.633780 359.579498 -1280.543740
v -517.119742 524.633208 -1092.154214
v -517.119742 478.736724 -1092.154214
v -328.730215 573.130767 -846.640115
v -328.730215 527.234283 -846.640115
v -210.303580 578.022552 -560.732888
v -210.303580 532.126067 -560.732888
v -223.366812 578.022613 -66.621072
v -223.366690 578.022552 -282.945290
v -258.246939 578.022552 -547.886452
v -371.715079 566.918792 -821.822793
v -552.216788 508.964019 -1057.057168
v -787.450919 397.044646 -1237.558877
v -1061.387198 245.778991 -1351.027016
v -1355.426016 141.360503 -1385.907143
v -1355.426016 95.464202 -1385.907143
v -1061.387198 199.882507 -1351.027016
v -787.450919 351.148162 -1237.558877
v -552.216788 463.067535 -1057.057168
v -371.715079 521.022308 -821.822793
v -258.246939 532.126067 -547.886452
v -223.366690 532.126067 -282.945290
v -223.366812 532.126128 -66.621072
v -621.967764 578.022613 -66.621072
v -621.967764 569.246185 -256.819558
v -646.588370 532.843536 -443.830727
v -719.892325 464.896880 -620.802468
v -836.502432 374.020690 -772.771462
v -988.471426 279.844176 -889.381387
v -1165.443106 208.229186 -962.685464
v -1355.426016 141.360503 -987.306008
v -1355.426016 95.464202 -987.306008
v -1165.443106 162.332580 -962.685464
v -988.471426 233.947631 -889.381387
v -836.502432 328.124206 -772.771462
v -719.892325 419.000396 -620.802468
v -646.588370 486.947051 -443.830727
v -621.967764 523.349700 -256.819558
v -621.967764 532.126128 -66.621072
v -666.256827 16.611846 -66.621072
v -666.256827 2.227813 -253.916726
v -621.967764 7.836211 -256.819558
v -621.967764 16.611541 -66.621072
v -1355.426016 -420.050263 -987.306008
v -1165.443106 -353.181611 -962.685464
v -1177.004874 -356.301850 -919.536477
v -1355.426016 -420.050446 -943.017007
v -1010.807120 -288.371674 -850.695046
v -988.471426 -281.566193 -889.381387
v -868.089590 -197.892731 -741.184182
v -836.502432 -187.390290 -772.771462
v -758.578848 -108.584809 -598.466897
v -719.892325 -96.513703 -620.802468
v -689.737296 -39.020356 -432.268990
v -646.588370 -28.567536 -443.830727
v -1048.540762 -310.932710 -1398.970498
v -1355.426016 -420.050080 -1435.117104
v -1061.387198 -315.632600 -1351.027016
v -1355.426016 -420.050263 -1385.907143
v -787.450919 -164.366059 -1237.558877
v -762.633780 -155.934785 -1280.543740
v -552.216788 -52.447053 -1057.057168
v -517.119742 -36.777375 -1092.154214
v -371.715079 5.507659 -821.822793
v -328.730215 11.719146 -846.640115
v -258.246939 16.611724 -547.886452
v -210.303580 16.611724 -560.732888
v -223.366690 16.611297 -282.945290
v -174.156729 16.611358 -286.170693
v -223.366812 16.611114 -66.621072
v -174.156729 16.611480 -66.621072
v -666.256827 68.163284 -66.621072
v -666.256827 53.779258 -253.916726
v -689.737296 12.531100 -432.269021
v -758.578848 -57.033360 -598.466897
v -868.089590 -146.341248 -741.184182
v -1010.807120 -236.820161 -850.695046
v -1177.004874 -304.750306 -919.536538
v -1355.426016 -368.498994 -943.017007
v -1355.426016 -368.498811 -987.306008
v -1165.443106 -301.630189 -962.685464
v -988.471426 -230.014802 -889.381387
v -836.502432 -135.838837 -772.771462
v -719.892325 -44.962281 -620.802468
v -646.588370 22.983936 -443.830727
v -621.967764 59.387572 -256.819558
v -621.967764 68.163009 -66.621072
v -1048.540762 -259.381135 -1398.970498
v -762.633780 -104.383340 -1280.543740
v -517.119742 14.774047 -1092.154214
v -328.730215 63.270671 -846.640115
v -210.303580 68.163169 -560.732827
v -174.156729 68.162841 -286.170693
v -174.156729 68.162955 -66.621072
v -223.366812 68.162627 -66.621072
v -223.366690 68.162788 -282.945290
v -258.246939 68.163169 -547.886452
v -371.715079 57.059138 -821.822793
v -552.216788 -0.895581 -1057.057168
v -787.450919 -112.814622 -1237.558877
v -1061.387198 -264.081086 -1351.027016
v -1355.426016 -368.498811 -1385.907143
v -1355.426016 -368.498627 -1435.117104
v -1048.540762 -53.930608 -1398.970498
v -1048.540762 -0.868005 -1398.970498
v -762.633780 100.932220 -1280.543862
v -762.633780 154.263946 -1280.543862
v -517.119864 221.382796 -1092.154214
v -517.119864 272.127959 -1092.154214
v -328.730215 270.749877 -846.640176
v -328.730215 319.755187 -846.640176
v -210.303458 275.789031 -560.732644
v -210.303458 324.500213 -560.732644
v -174.156729 275.791930 -286.170418
v -174.156729 324.497009 -286.170418
v -174.156729 275.792022 -66.621178
v -174.156729 324.497100 -66.621140
v -223.367056 275.791869 -66.621178
v -223.367056 324.496947 -66.621140
v -223.366934 275.791930 -282.945351
v -223.366934 324.497009 -282.945351
v -258.247061 275.792083 -547.886391
v -258.247061 324.497161 -547.886391
v -371.715323 264.449218 -821.822793
v -371.715323 313.632201 -821.822793
v -552.216788 205.664489 -1057.057046
v -552.216788 256.507446 -1057.057046
v -787.450919 92.482696 -1237.559121
v -787.450919 145.850829 -1237.559121
v -1061.387198 -58.679704 -1351.027016
v -1061.387198 -5.518795 -1351.027016
v -1355.426016 -161.604813 -1385.907632
v -1355.426016 -111.429887 -1385.907632
v -1355.426016 -161.606721 -1435.116982
v -1355.426016 -111.427895 -1435.116982
v -666.256827 275.756377 -66.621178
v -666.256827 324.533172 -66.621140
v -666.256827 261.056304 -253.916848
v -666.256827 310.465057 -253.916848
v -689.737296 218.965377 -432.269082
v -689.737296 270.059844 -432.269082
v -758.578848 148.298873 -598.466897
v -758.578848 201.597274 -598.466897
v -868.089590 58.416511 -741.184182
v -868.089590 112.864280 -741.184182
v -1010.807120 -31.483641 -850.695046
v -1010.807120 21.806640 -850.695046
v -1177.004874 -98.701638 -919.536538
v -1177.004874 -46.835324 -919.536538
v -1355.426016 -161.611466 -943.017007
v -1355.426016 -111.423577 -943.017007
v -1355.426016 -161.590333 -987.306069
v -1355.426016 -111.444367 -987.306069
v -1165.443106 -95.544831 -962.685464
v -1165.443106 -43.752549 -962.685464
v -988.471182 -24.601273 -889.381325
v -988.471182 28.534158 -889.381325
v -836.502432 69.097350 -772.771462
v -836.502432 123.188079 -772.771462
v -719.892325 160.622375 -620.802529
v -719.892325 213.415710 -620.802529
v -646.588370 229.644927 -443.830788
v -646.588370 280.286040 -443.830819
v -621.967764 266.778442 -256.819619
v -621.967764 315.958801 -256.819619
v -621.967764 275.779113 -66.621178
v -621.967764 324.510070 -66.621140
v -1048.541006 62.060592 -1398.970498
v -1048.540762 115.123191 -1398.970498
v -762.633780 270.254638 -1280.543862
v -762.633780 216.922927 -1280.543862
v -517.119864 388.118591 -1092.154214
v -517.119864 337.373412 -1092.154214
v -328.730215 435.745971 -846.640176
v -328.730215 386.740661 -846.640176
v -210.303458 440.487701 -560.732705
v -210.303458 391.782623 -560.732644
v -174.156729 440.487640 -286.170510
v -174.156729 391.782561 -286.170449
v -174.156729 440.487701 -66.621018
v -174.156729 391.782623 -66.621041
v -223.366934 440.487640 -66.621018
v -223.367056 391.782561 -66.621041
v -223.366934 440.487640 -282.945321
v -223.366934 391.782561 -282.945321
v -258.246939 440.504760 -547.886330
v -258.246939 391.765563 -547.886330
v -371.715323 429.623016 -821.822793
v -371.715323 380.440032 -821.822793
v -552.216788 372.498168 -1057.057046
v -552.216788 321.655212 -1057.057046
v -787.450919 261.841552 -1237.559121
v -787.450919 208.473418 -1237.559121
v -1061.387198 110.472129 -1351.027016
v -1061.387198 57.311221 -1351.027016
v -1355.426016 4.561008 -1385.907510
v -1355.426016 -45.613923 -1385.907632
v -1355.426016 4.562965 -1435.116982
v -1355.426016 -45.615868 -1435.116982
v -1048.540762 -169.921372 -1398.970498
v -1048.540762 -116.858781 -1398.970498
v -762.633780 38.273185 -1280.543862
v -762.633780 -15.058536 -1280.543862
v -517.119864 156.137298 -1092.154214
v -517.119864 105.392127 -1092.154214
v -328.730215 203.764220 -846.640176
v -328.730215 154.758880 -846.640176
v -210.303458 208.506438 -560.732644
v -210.303458 159.801360 -560.732705
v -174.156729 208.506194 -286.170418
v -174.156729 159.801116 -286.170480
v -174.156729 208.506271 -66.621178
v -174.156729 159.801192 -66.621155
v -223.367056 208.506057 -66.621178
v -223.366934 159.800979 -66.621155
v -223.366934 208.506164 -282.945351
v -223.366934 159.801086 -282.945351
v -258.247061 208.523498 -547.886391
v -258.247061 159.784301 -547.886391
v -371.715323 197.641402 -821.822793
v -371.715201 148.458450 -821.822793
v -552.216788 140.516662 -1057.057046
v -552.216788 89.673698 -1057.057046
v -787.450919 29.860126 -1237.559121
v -787.450919 -23.507987 -1237.559121
v -1061.387198 -121.509515 -1351.027016
v -1061.387198 -174.670426 -1351.027016
v -1355.426016 -227.420502 -1385.907632
v -1355.426016 -277.595429 -1385.907510
v -1355.426016 -227.418473 -1435.116982
v -1355.426016 -277.597291 -1435.116982
v -666.256827 159.765609 -66.621155
v -666.256827 208.542373 -66.621178
v -666.256827 194.474380 -253.916848
v -666.256827 145.065627 -253.916817
v -689.737296 154.069091 -432.269082
v -689.737296 102.974616 -432.269082
v -758.578848 85.606536 -598.466897
v -758.578848 32.308128 -598.466897
v -868.089590 -3.126550 -741.184182
v -868.089590 -57.574326 -741.184182
v -1010.807120 -94.184243 -850.695046
v -1010.807120 -147.474519 -850.695046
v -1177.004874 -162.826096 -919.536538
v -1177.004874 -214.692399 -919.536538
v -1355.426016 -227.414170 -943.017007
v -1355.426016 -277.602052 -943.017007
v -1355.426016 -227.434983 -987.306069
v -1355.426016 -277.580933 -987.306069
v -1165.443106 -159.743378 -962.685464
v -1165.443106 -211.535661 -962.685464
v -988.471182 -87.456467 -889.381325
v -988.471182 -140.591920 -889.381325
v -836.502432 7.197206 -772.771462
v -836.502432 -46.893517 -772.771462
v -719.892325 97.424995 -620.802529
v -719.892325 44.631664 -620.802529
v -646.588370 164.295303 -443.830788
v -646.588370 113.654197 -443.830788
v -621.967764 199.968261 -256.819619
v -621.967764 150.787902 -256.819619
v -621.967764 208.519256 -66.621178
v -621.967764 159.788268 -66.621155
v -666.256827 391.746886 -66.621041
v -666.256827 440.523681 -66.621018
v -666.256827 426.455749 -253.916787
v -666.256827 377.046996 -253.916787
v -689.737296 386.050597 -432.269112
v -689.737296 334.956115 -432.269143
v -758.578848 317.588012 -598.466897
v -758.578848 264.289611 -598.466897
v -868.089590 228.855071 -741.184182
v -868.089590 174.407317 -741.184182
v -1010.807120 137.797515 -850.695046
v -1010.807120 84.507240 -850.695046
v -1177.004874 69.155662 -919.536538
v -1177.005118 17.289344 -919.536538
v -1355.426016 4.567410 -943.017007
v -1355.426016 -45.620477 -943.017007
v -1355.426016 4.546521 -987.306069
v -1355.426016 -45.599435 -987.306069
v -1165.443106 72.237952 -962.685464
v -1165.442862 20.445697 -962.685464
v -988.471426 144.524718 -889.381325
v -988.471182 91.389281 -889.381325
v -836.502432 239.178832 -772.771462
v -836.502432 185.088103 -772.771462
v -719.892325 329.406371 -620.802529
v -719.892325 276.613036 -620.802529
v -646.588370 396.276855 -443.830849
v -646.588370 345.635741 -443.830849
v -621.967764 431.949248 -256.819558
v -621.967764 382.768890 -256.819558
v -621.967764 440.500640 -66.621018
v -621.967764 391.769683 -66.621041
v -1045.976797 -53.930608 -1408.808022
v -1045.976797 -0.868005 -1408.808022
v -1365.495840 -111.427895 -1446.442666
v -1365.495840 -161.606721 -1446.442666
v -757.555411 100.932220 -1289.340005
v -757.555411 154.263946 -1289.340005
v -509.937735 221.382796 -1099.336220
v -509.937735 272.127959 -1099.336220
v -319.933951 270.749877 -851.718667
v -319.933951 319.755187 -851.718667
v -200.492667 275.789031 -563.361428
v -200.492667 324.500213 -563.361428
v -164.086661 275.791930 -286.830453
v -164.086661 324.497009 -286.830453
v -164.086661 275.792022 -56.551179
v -164.086661 324.497100 -56.551141
v -233.437003 275.791839 -56.551179
v -233.437003 324.496917 -56.551141
v -233.437003 275.791930 -282.285317
v -233.437003 324.497009 -282.285317
v -268.057852 275.792083 -545.257607
v -268.057852 324.497161 -545.257607
v -380.511465 264.449218 -816.744302
v -380.511465 313.632201 -816.744302
v -559.398672 205.664489 -1049.875039
v -559.398672 256.507446 -1049.875039
v -792.529532 92.482696 -1228.763100
v -792.529532 145.850829 -1228.763100
v -1063.955313 -58.679704 -1341.190957
v -1063.955313 -5.518796 -1341.190957
v -1365.495840 -161.604813 -1376.961587
v -1365.495840 -111.429887 -1376.961587
v -676.326895 275.756377 -56.551179
v -676.326895 324.533172 -56.551141
v -611.897940 324.510070 -56.551141
v -611.897940 275.779113 -56.551179
v -676.326895 261.056304 -253.256814
v -676.326895 310.465057 -253.256814
v -699.548087 218.965377 -429.640298
v -699.548087 270.059844 -429.640298
v -767.374991 148.298873 -593.388467
v -767.374991 201.597274 -593.388467
v -875.271475 58.416511 -734.002175
v -875.271475 112.864280 -734.002175
v -1015.885733 -31.483641 -841.898843
v -1015.885733 21.806640 -841.898843
v -1179.633536 -98.701638 -909.725625
v -1179.633536 -46.835324 -909.725625
v -1365.495840 -161.611466 -934.185464
v -1365.495840 -111.423577 -934.185464
v -1365.495840 -161.590333 -998.765298
v -1365.495840 -111.444367 -998.765298
v -1162.823721 -95.544831 -972.500222
v -1162.823721 -43.752549 -972.500222
v -983.392813 -24.601273 -898.177468
v -983.392813 28.534158 -898.177468
v -829.320303 69.097350 -779.953469
v -829.320303 123.188079 -779.953408
v -711.096182 160.622375 -625.880959
v -711.096182 213.415710 -625.880959
v -636.777579 229.644927 -446.459573
v -636.777579 280.286040 -446.459603
v -611.897940 266.778442 -257.479653
v -611.897940 315.958801 -257.479653
v -1045.976797 62.060592 -1408.808144
v -1045.976797 115.123191 -1408.808144
v -1365.495840 4.562965 -1446.442666
v -1365.495840 -45.615868 -1446.442666
v -757.555411 216.922927 -1289.340005
v -757.555411 270.254638 -1289.340005
v -509.937735 337.373412 -1099.336220
v -509.937735 388.118591 -1099.336220
v -319.933951 386.740661 -851.718667
v -319.933951 435.745971 -851.718667
v -200.492667 391.782623 -563.361428
v -200.492667 440.487701 -563.361489
v -164.086661 391.782561 -286.830483
v -164.086661 440.487640 -286.830544
v -164.086661 391.782623 -56.551041
v -164.086661 440.487701 -56.551018
v -233.437003 391.782592 -56.551041
v -233.437003 440.487670 -56.551018
v -233.437003 391.782592 -282.285317
v -233.437003 440.487670 -282.285317
v -268.057730 391.765563 -545.257546
v -268.057730 440.504760 -545.257546
v -380.511465 380.440032 -816.744363
v -380.511465 429.623016 -816.744302
v -559.398672 321.655212 -1049.875039
v -559.398672 372.498168 -1049.875039
v -792.529532 208.473418 -1228.763100
v -792.529532 261.841552 -1228.763100
v -1063.955313 57.311214 -1341.191079
v -1063.955313 110.472121 -1341.191079
v -1365.495840 -45.613934 -1376.961587
v -1365.495840 4.560998 -1376.961465
v -1045.976797 -169.921372 -1408.807900
v -1045.976797 -116.858781 -1408.807900
v -1365.495840 -227.418473 -1446.442666
v -1365.495840 -277.597291 -1446.442666
v -757.555411 -15.058536 -1289.340005
v -757.555411 38.273185 -1289.340005
v -509.937735 105.392127 -1099.336220
v -509.937735 156.137298 -1099.336220
v -319.934073 154.758880 -851.718606
v -319.934073 203.764220 -851.718606
v -200.492667 159.801360 -563.361489
v -200.492667 208.506438 -563.361428
v -164.086661 159.801116 -286.830514
v -164.086661 208.506194 -286.830453
v -164.086661 159.801177 -56.551156
v -164.086661 208.506255 -56.551179
v -233.437003 159.800964 -56.551156
v -233.437003 208.506042 -56.551179
v -233.436881 159.801086 -282.285348
v -233.437003 208.506164 -282.285348
v -268.057730 159.784301 -545.257607
v -268.057730 208.523498 -545.257607
v -380.511343 148.458450 -816.744363
v -380.511465 197.641402 -816.744363
v -559.398672 89.673698 -1049.875039
v -559.398672 140.516662 -1049.875039
v -792.529532 -23.507987 -1228.762978
v -792.529532 29.860126 -1228.762978
v -1063.955313 -174.670426 -1341.191079
v -1063.955313 -121.509507 -1341.191079
v -1365.495840 -277.595429 -1376.961465
v -1365.495840 -227.420487 -1376.961587
v -676.326895 159.765624 -56.551156
v -676.326895 208.542388 -56.551179
v -611.897940 208.519256 -56.551179
v -611.897940 159.788268 -56.551156
v -676.326895 145.065627 -253.256783
v -676.326895 194.474380 -253.256814
v -699.548087 102.974616 -429.640298
v -699.548087 154.069091 -429.640298
v -767.374991 32.308128 -593.388467
v -767.374991 85.606536 -593.388467
v -875.271475 -57.574326 -734.002175
v -875.271475 -3.126550 -734.002175
v -1015.885489 -147.474519 -841.898904
v -1015.885733 -94.184243 -841.898904
v -1179.633536 -214.692399 -909.725625
v -1179.633536 -162.826096 -909.725625
v -1365.495840 -277.602052 -934.185464
v -1365.495840 -227.414170 -934.185464
v -1365.495840 -277.580933 -998.765298
v -1365.495840 -227.434983 -998.765298
v -1162.823721 -211.535661 -972.500222
v -1162.823721 -159.743378 -972.500222
v -983.392813 -140.591920 -898.177529
v -983.392813 -87.456467 -898.177529
v -829.320303 -46.893517 -779.953530
v -829.320303 7.197205 -779.953530
v -711.096182 44.631664 -625.881020
v -711.096182 97.424995 -625.881020
v -636.777579 113.654197 -446.459573
v -636.777579 164.295303 -446.459573
v -611.897940 150.787902 -257.479653
v -611.897940 199.968261 -257.479653
v -676.326895 391.746886 -56.551041
v -676.326895 440.523681 -56.551018
v -611.897940 440.500640 -56.551018
v -611.897940 391.769683 -56.551041
v -676.326895 377.046996 -253.256753
v -676.326895 426.455749 -253.256753
v -699.548087 334.956115 -429.640328
v -699.548087 386.050597 -429.640298
v -767.374991 264.289611 -593.388467
v -767.374991 317.588012 -593.388467
v -875.271719 174.407317 -734.002114
v -875.271719 228.855071 -734.002114
v -1015.885733 84.507240 -841.898843
v -1015.885733 137.797515 -841.898843
v -1179.633536 17.289346 -909.725625
v -1179.633536 69.155662 -909.725625
v -1365.495840 -45.620477 -934.185464
v -1365.495840 4.567411 -934.185464
v -1365.495840 -45.599435 -998.765298
v -1365.495840 4.546522 -998.765298
v -1162.823721 20.445699 -972.500161
v -1162.823721 72.237952 -972.500161
v -983.392813 91.389281 -898.177468
v -983.392813 144.524718 -898.177468
v -829.320303 185.088103 -779.953469
v -829.320303 239.178832 -779.953469
v -711.096182 276.613036 -625.881020
v -711.096182 329.406371 -625.881020
v -636.777579 345.635741 -446.459634
v -636.777579 396.276855 -446.459634
v -611.897940 382.768890 -257.479592
v -611.897940 431.949248 -257.479592
v -1045.976797 100.985801 -1408.808144
v -1045.976797 92.723190 -1408.808144
v -1045.976797 84.460586 -1408.808144
v -1045.976797 76.197974 -1408.808144
v -1365.495840 -32.255891 -1446.442666
v -1365.495840 -24.436265 -1446.442666
v -1365.495840 -16.616639 -1446.442666
v -1365.495840 -8.797013 -1446.442666
v -1365.495840 -32.264588 -1376.961587
v -1365.495840 -24.439175 -1376.961587
v -1365.495840 -16.613763 -1376.961587
v -1365.495840 -8.788349 -1376.961587
v -1063.955313 71.441741 -1341.191079
v -1063.955313 79.741691 -1341.191079
v -1063.955313 88.041648 -1341.191079
v -1063.955313 96.341598 -1341.191079
v -792.529532 222.635665 -1228.763100
v -792.529532 230.983550 -1228.763100
v -792.529532 239.331420 -1228.763100
v -792.529532 247.679305 -1228.763100
v -559.398672 335.156768 -1049.875039
v -559.398672 343.103393 -1049.875039
v -559.398672 351.049987 -1049.875039
v -559.398672 358.996612 -1049.875039
v -380.511465 393.507323 -816.744302
v -380.511465 401.190124 -816.744302
v -380.511465 408.872924 -816.744302
v -380.511465 416.555724 -816.744302
v -268.057730 404.724914 -545.257546
v -268.057730 412.331756 -545.257546
v -268.057730 419.938567 -545.257546
v -268.057730 427.545409 -545.257546
v -233.437003 404.724883 -282.285317
v -233.437003 412.331725 -282.285317
v -233.437003 419.938537 -282.285317
v -233.437003 427.545379 -282.285317
v -233.437003 404.724883 -56.551034
v -233.437003 412.331725 -56.551034
v -233.437003 419.938537 -56.551026
v -233.437003 427.545379 -56.551026
v -164.086661 404.724914 -56.551034
v -164.086661 412.331756 -56.551034
v -164.086661 419.938567 -56.551026
v -164.086661 427.545409 -56.551026
v -164.086661 404.724853 -286.830514
v -164.086661 412.331695 -286.830514
v -164.086661 419.938506 -286.830514
v -164.086661 427.545348 -286.830514
v -200.492667 404.723540 -563.361489
v -200.492667 412.331298 -563.361489
v -200.492667 419.939025 -563.361489
v -200.492667 427.546783 -563.361489
v -319.933951 399.763915 -851.718667
v -319.933951 407.416839 -851.718667
v -319.933951 415.069793 -851.718667
v -319.933951 422.722717 -851.718667
v -509.937735 350.865691 -1099.336220
v -509.937735 358.785888 -1099.336220
v -509.937735 366.706115 -1099.336220
v -509.937735 374.626311 -1099.336220
v -757.555411 231.112441 -1289.340005
v -757.555411 239.429992 -1289.340005
v -757.555411 247.747543 -1289.340005
v -757.555411 256.065093 -1289.340005
v -1045.976797 -15.005397 -1408.808022
v -1045.976797 -23.268002 -1408.808022
v -1045.976797 -31.530608 -1408.808022
v -1045.976797 -39.793214 -1408.808022
v -1365.495840 -148.246735 -1446.442666
v -1365.495840 -140.427110 -1446.442666
v -1365.495840 -132.607484 -1446.442666
v -1365.495840 -124.787865 -1446.442666
v -1365.495840 -148.255463 -1376.961587
v -1365.495840 -140.430054 -1376.961587
v -1365.495840 -132.604646 -1376.961587
v -1365.495840 -124.779229 -1376.961587
v -1063.955313 -44.549180 -1341.190957
v -1063.955313 -36.249230 -1341.190957
v -1063.955313 -27.949277 -1341.190957
v -1063.955313 -19.649325 -1341.190957
v -792.529532 106.644935 -1228.763100
v -792.529532 114.992820 -1228.763100
v -792.529532 123.340697 -1228.763100
v -792.529532 131.688583 -1228.763100
v -559.398672 219.166061 -1049.875039
v -559.398672 227.112670 -1049.875039
v -559.398672 235.059264 -1049.875039
v -559.398672 243.005874 -1049.875039
v -380.511465 277.516509 -816.744302
v -380.511465 285.199310 -816.744302
v -380.511465 292.882110 -816.744302
v -380.511465 300.564910 -816.744302
v -268.057852 288.734374 -545.257607
v -268.057852 296.341216 -545.257607
v -268.057852 303.948028 -545.257607
v -268.057852 311.554870 -545.257607
v -233.437003 288.734222 -282.285317
v -233.437003 296.341064 -282.285317
v -233.437003 303.947875 -282.285317
v -233.437003 311.554717 -282.285317
v -233.437003 288.734130 -56.551163
v -233.437003 296.340972 -56.551156
v -233.437003 303.947784 -56.551156
v -233.437003 311.554626 -56.551148
v -164.086661 288.734313 -56.551163
v -164.086661 296.341155 -56.551156
v -164.086661 303.947967 -56.551156
v -164.086661 311.554809 -56.551148
v -164.086661 288.734222 -286.830453
v -164.086661 296.341064 -286.830453
v -164.086661 303.947875 -286.830453
v -164.086661 311.554717 -286.830453
v -200.492667 288.733001 -563.361428
v -200.492667 296.340759 -563.361428
v -200.492667 303.948486 -563.361428
v -200.492667 311.556243 -563.361428
v -319.933951 283.773132 -851.718667
v -319.933951 291.426055 -851.718667
v -319.933951 299.079009 -851.718667
v -319.933951 306.731933 -851.718667
v -509.937735 234.875045 -1099.336220
v -509.937735 242.795257 -1099.336220
v -509.937735 250.715469 -1099.336220
v -509.937735 258.635680 -1099.336220
v -757.555411 115.121749 -1289.340005
v -757.555411 123.439307 -1289.340005
v -757.555411 131.756866 -1289.340005
v -757.555411 140.074416 -1289.340005
v -1045.976797 -130.996171 -1408.807900
v -1045.976797 -139.258775 -1408.807900
v -1045.976797 -147.521378 -1408.807900
v -1045.976797 -155.783982 -1408.807900
v -1365.495840 -264.237305 -1446.442666
v -1365.495840 -256.417695 -1446.442666
v -1365.495840 -248.598069 -1446.442666
v -1365.495840 -240.778443 -1446.442666
v -1365.495840 -264.246095 -1376.961587
v -1365.495840 -256.420686 -1376.961587
v -1365.495840 -248.595261 -1376.961587
v -1365.495840 -240.769852 -1376.961587
v -1063.955313 -160.539903 -1341.191079
v -1063.955313 -152.239945 -1341.191079
v -1063.955313 -143.939988 -1341.191079
v -1063.955313 -135.640031 -1341.191079
v -792.529532 -9.345754 -1228.762978
v -792.529532 -0.997872 -1228.762978
v -792.529532 7.350011 -1228.762978
v -792.529532 15.697893 -1228.762978
v -559.398672 103.175277 -1049.875039
v -559.398672 111.121879 -1049.875039
v -559.398672 119.068488 -1049.875039
v -559.398672 127.015090 -1049.875039
v -380.511343 161.525726 -816.744363
v -380.511343 169.208526 -816.744363
v -380.511343 176.891326 -816.744363
v -380.511343 184.574126 -816.744363
v -268.057730 172.743667 -545.257607
v -268.057730 180.350494 -545.257607
v -268.057730 187.957305 -545.257607
v -268.057730 195.564132 -545.257607
v -233.436881 172.743392 -282.285348
v -233.436881 180.350219 -282.285348
v -233.436881 187.957030 -282.285348
v -233.436881 195.563857 -282.285348
v -233.437003 172.743270 -56.551163
v -233.437003 180.350097 -56.551163
v -233.437003 187.956908 -56.551171
v -233.437003 195.563735 -56.551171
v -164.086661 172.743484 -56.551163
v -164.086661 180.350311 -56.551163
v -164.086661 187.957122 -56.551171
v -164.086661 195.563949 -56.551171
v -164.086661 172.743423 -286.830483
v -164.086661 180.350249 -286.830483
v -164.086661 187.957061 -286.830483
v -164.086661 195.563888 -286.830483
v -200.492667 172.742263 -563.361489
v -200.492667 180.350021 -563.361489
v -200.492667 187.957778 -563.361489
v -200.492667 195.565536 -563.361489
v -319.934073 167.782150 -851.718606
v -319.934073 175.435088 -851.718606
v -319.934073 183.088012 -851.718606
v -319.934073 190.740951 -851.718606
v -509.937735 118.884391 -1099.336220
v -509.937735 126.804603 -1099.336220
v -509.937735 134.724822 -1099.336220
v -509.937735 142.645034 -1099.336220
v -757.555411 -0.869009 -1289.340005
v -757.555411 7.448546 -1289.340005
v -757.555411 15.766102 -1289.340005
v -757.555411 24.083657 -1289.340005
v -676.326895 195.579467 -56.551171
v -676.326895 187.962493 -56.551171
v -676.326895 180.345519 -56.551163
v -676.326895 172.728545 -56.551163
v -611.897940 172.732650 -56.551163
v -611.897940 180.346725 -56.551163
v -611.897940 187.960799 -56.551171
v -611.897940 195.574874 -56.551171
v -611.897940 163.859298 -257.479653
v -611.897940 171.538482 -257.479653
v -611.897940 179.217681 -257.479653
v -611.897940 186.896865 -257.479653
v -636.777579 127.122298 -446.459573
v -636.777579 135.023925 -446.459573
v -636.777579 142.925567 -446.459573
v -636.777579 150.827193 -446.459573
v -711.096182 58.685260 -625.881020
v -711.096182 66.913970 -625.881020
v -711.096182 75.142684 -625.881020
v -711.096182 83.371398 -625.881020
v -829.320303 -32.487546 -779.953530
v -829.320303 -24.061288 -779.953530
v -829.320303 -15.635028 -779.953530
v -829.320303 -7.208769 -779.953530
v -983.392813 -126.445359 -898.177529
v -983.392813 -118.164582 -898.177529
v -983.392813 -109.883805 -898.177529
v -983.392813 -101.603028 -898.177529
v -1162.823721 -197.722901 -972.500222
v -1162.823721 -189.667313 -972.500222
v -1162.823721 -181.611741 -972.500222
v -1162.823721 -173.556153 -972.500222
v -1365.495840 -264.215821 -998.765298
v -1365.495840 -256.410584 -998.765298
v -1365.495840 -248.605347 -998.765298
v -1365.495840 -240.800111 -998.765298
v -1365.495840 -264.239198 -934.185464
v -1365.495840 -256.418488 -934.185464
v -1365.495840 -248.597764 -934.185464
v -1365.495840 -240.777039 -934.185464
v -1179.633536 -200.894990 -909.725625
v -1179.633536 -192.804490 -909.725625
v -1179.633536 -184.714005 -909.725625
v -1179.633536 -176.623505 -909.725625
v -1015.885489 -133.344666 -841.898904
v -1015.885489 -125.001145 -841.898904
v -1015.885489 -116.657616 -841.898904
v -1015.885489 -108.314095 -841.898904
v -875.271475 -43.144383 -734.002175
v -875.271475 -34.615086 -734.002175
v -875.271475 -26.085789 -734.002175
v -875.271475 -17.556493 -734.002175
v -767.374991 46.440070 -593.388467
v -767.374991 54.784911 -593.388467
v -767.374991 63.129752 -593.388467
v -767.374991 71.474593 -593.388467
v -699.548087 116.536582 -429.640298
v -699.548087 124.526756 -429.640298
v -699.548087 132.516936 -429.640298
v -699.548087 140.507110 -429.640298
v -676.326895 158.193206 -253.256814
v -676.326895 165.911071 -253.256814
v -676.326895 173.628936 -253.256814
v -676.326895 181.346801 -253.256814
v -676.326895 311.570251 -56.551148
v -676.326895 303.953277 -56.551156
v -676.326895 296.336272 -56.551156
v -676.326895 288.719299 -56.551163
v -611.897940 288.723479 -56.551163
v -611.897940 296.337554 -56.551156
v -611.897940 303.951629 -56.551156
v -611.897940 311.565704 -56.551148
v -611.897940 279.849822 -257.479653
v -611.897940 287.529021 -257.479653
v -611.897940 295.208221 -257.479653
v -611.897940 302.887420 -257.479653
v -636.777579 243.113036 -446.459573
v -636.777579 251.014663 -446.459573
v -636.777579 258.916290 -446.459573
v -636.777579 266.817931 -446.459573
v -711.096182 174.675979 -625.880959
v -711.096182 182.904693 -625.880959
v -711.096182 191.133392 -625.880959
v -711.096182 199.362106 -625.880959
v -829.320303 83.503318 -779.953408
v -829.320303 91.929580 -779.953408
v -829.320303 100.355842 -779.953408
v -829.320303 108.782104 -779.953408
v -983.392813 -10.454721 -898.177468
v -983.392813 -2.173945 -898.177468
v -983.392813 6.106831 -898.177468
v -983.392813 14.387608 -898.177468
v -1162.823721 -81.732056 -972.500222
v -1162.823721 -73.676476 -972.500222
v -1162.823721 -65.620896 -972.500222
v -1162.823721 -57.565320 -972.500222
v -1365.495840 -148.225205 -998.765298
v -1365.495840 -140.419968 -998.765298
v -1365.495840 -132.614732 -998.765298
v -1365.495840 -124.809487 -998.765298
v -1365.495840 -148.248597 -934.185464
v -1365.495840 -140.427872 -934.185464
v -1365.495840 -132.607163 -934.185464
v -1365.495840 -124.786439 -934.185464
v -1179.633536 -84.904229 -909.725625
v -1179.633536 -76.813729 -909.725625
v -1179.633536 -68.723229 -909.725625
v -1179.633536 -60.632729 -909.725625
v -1015.885733 -17.353785 -841.898843
v -1015.885733 -9.010262 -841.898843
v -1015.885733 -0.666739 -841.898843
v -1015.885733 7.676784 -841.898843
v -875.271475 72.846450 -734.002175
v -875.271475 81.375747 -734.002175
v -875.271475 89.905044 -734.002175
v -875.271475 98.434341 -734.002175
v -767.374991 162.430816 -593.388467
v -767.374991 170.775649 -593.388467
v -767.374991 179.120498 -593.388467
v -767.374991 187.465331 -593.388467
v -699.548087 232.527343 -429.640298
v -699.548087 240.517516 -429.640298
v -699.548087 248.507690 -429.640298
v -699.548087 256.497863 -429.640298
v -676.326895 274.183868 -253.256814
v -676.326895 281.901733 -253.256814
v -676.326895 289.619628 -253.256814
v -676.326895 297.337493 -253.256814
v -676.326895 427.560760 -56.551026
v -676.326895 419.943786 -56.551026
v -676.326895 412.326781 -56.551034
v -676.326895 404.709808 -56.551034
v -611.897940 404.714050 -56.551034
v -611.897940 412.328124 -56.551034
v -611.897940 419.942199 -56.551026
v -611.897940 427.556274 -56.551026
v -611.897940 395.840301 -257.479592
v -611.897940 403.519469 -257.479592
v -611.897940 411.198669 -257.479592
v -611.897940 418.877837 -257.479592
v -636.777579 359.103851 -446.459634
v -636.777579 367.005492 -446.459634
v -636.777579 374.907104 -446.459634
v -636.777579 382.808746 -446.459634
v -711.096182 290.666625 -625.881020
v -711.096182 298.895354 -625.881020
v -711.096182 307.124053 -625.881020
v -711.096182 315.352782 -625.881020
v -829.320303 199.494079 -779.953469
v -829.320303 207.920333 -779.953469
v -829.320303 216.346603 -779.953469
v -829.320303 224.772857 -779.953469
v -983.392813 105.535834 -898.177468
v -983.392813 113.816611 -898.177468
v -983.392813 122.097396 -898.177468
v -983.392813 130.378173 -898.177468
v -1162.823721 34.258464 -972.500161
v -1162.823721 42.314040 -972.500161
v -1162.823721 50.369613 -972.500161
v -1162.823721 58.425189 -972.500161
v -1365.495840 -32.234315 -998.765298
v -1365.495840 -24.429076 -998.765298
v -1365.495840 -16.623835 -998.765298
v -1365.495840 -8.818597 -998.765298
v -1365.495840 -32.257611 -934.185464
v -1365.495840 -24.436890 -934.185464
v -1365.495840 -16.616172 -934.185464
v -1365.495840 -8.795451 -934.185464
v -1179.633536 31.086749 -909.725625
v -1179.633536 39.177249 -909.725625
v -1179.633536 47.267753 -909.725625
v -1179.633536 55.358253 -909.725625
v -1015.885733 98.637092 -841.898843
v -1015.885733 106.980613 -841.898843
v -1015.885733 115.324134 -841.898843
v -1015.885733 123.667655 -841.898843
v -875.271719 188.837249 -734.002114
v -875.271719 197.366546 -734.002114
v -875.271719 205.895843 -734.002114
v -875.271719 214.425140 -734.002114
v -767.374991 278.421539 -593.388467
v -767.374991 286.766387 -593.388467
v -767.374991 295.111236 -593.388467
v -767.374991 303.456084 -593.388467
v -699.548087 348.518096 -429.640298
v -699.548087 356.508269 -429.640298
v -699.548087 364.498443 -429.640298
v -699.548087 372.488616 -429.640298
v -676.326895 390.174560 -253.256753
v -676.326895 397.892425 -253.256753
v -676.326895 405.610320 -253.256753
v -676.326895 413.328185 -253.256753
v -1046.470694 76.197974 -1406.913003
v -1046.470694 84.460586 -1406.913003
v -1363.555899 -24.436265 -1444.260781
v -1363.555899 -32.255891 -1444.260781
v -1363.555899 -24.439175 -1378.685097
v -1363.555899 -32.264588 -1378.685097
v -1063.460684 79.741691 -1343.086098
v -1063.460684 71.441741 -1343.086098
v -791.551016 230.983550 -1230.457680
v -791.551016 222.635665 -1230.457680
v -558.015128 343.103393 -1051.258706
v -558.015128 335.156768 -1051.258706
v -378.816885 401.190124 -817.722634
v -378.816885 393.507323 -817.722634
v -266.167715 412.331756 -545.763955
v -266.167715 404.724914 -545.763955
v -231.497061 412.331725 -282.412484
v -231.497061 404.724883 -282.412484
v -231.497061 412.331725 -58.491036
v -231.497061 404.724883 -58.491036
v -166.026724 412.331756 -58.491036
v -166.026724 404.724914 -58.491036
v -166.026724 412.331695 -286.703347
v -166.026724 404.724853 -286.703347
v -202.382681 412.331298 -562.855080
v -202.382681 404.723540 -562.855080
v -321.628531 407.416839 -850.740273
v -321.628531 399.763915 -850.740273
v -511.321402 358.785888 -1097.952553
v -511.321402 350.865691 -1097.952553
v -758.533682 239.429992 -1287.645425
v -758.533682 231.112441 -1287.645425
v -1046.470694 92.723190 -1406.912881
v -1046.470694 100.985801 -1406.912881
v -1363.555899 -8.797013 -1444.260781
v -1363.555899 -16.616639 -1444.260781
v -1363.555899 -8.788349 -1378.685097
v -1363.555899 -16.613763 -1378.685097
v -1063.460684 96.341598 -1343.086098
v -1063.460684 88.041648 -1343.086098
v -791.551016 247.679305 -1230.457680
v -791.551016 239.331420 -1230.457680
v -558.015128 358.996612 -1051.258706
v -558.015128 351.049987 -1051.258706
v -378.816885 416.555724 -817.722695
v -378.816885 408.872924 -817.722695
v -266.167593 427.545409 -545.764016
v -266.167593 419.938567 -545.764016
v -231.497061 427.545379 -282.412453
v -231.497061 419.938537 -282.412453
v -231.497061 427.545379 -58.491029
v -231.497061 419.938537 -58.491029
v -166.026724 427.545409 -58.491029
v -166.026724 419.938567 -58.491029
v -166.026724 427.545348 -286.703347
v -166.026724 419.938506 -286.703347
v -202.382681 427.546783 -562.855019
v -202.382681 419.939025 -562.855019
v -321.628531 422.722717 -850.740273
v -321.628531 415.069793 -850.740273
v -511.321402 374.626311 -1097.952553
v -511.321402 366.706115 -1097.952553
v -758.533682 256.065093 -1287.645303
v -758.533682 247.747543 -1287.645303
v -1046.470694 -39.793214 -1406.912759
v -1046.470694 -31.530608 -1406.912759
v -1363.555899 -140.427110 -1444.260781
v -1363.555899 -148.246735 -1444.260781
v -1363.555899 -140.430054 -1378.685097
v -1363.555899 -148.255463 -1378.685097
v -1063.460684 -36.249230 -1343.085976
v -1063.460684 -44.549180 -1343.085976
v -791.551016 114.992820 -1230.457680
v -791.551016 106.644935 -1230.457680
v -558.015128 227.112670 -1051.258706
v -558.015128 219.166061 -1051.258706
v -378.816885 285.199310 -817.722695
v -378.816885 277.516509 -817.722695
v -266.167715 296.341216 -545.764077
v -266.167715 288.734374 -545.764077
v -231.497061 296.341064 -282.412484
v -231.497061 288.734222 -282.412484
v -231.497061 296.340972 -58.491158
v -231.497061 288.734130 -58.491166
v -166.026724 296.341155 -58.491158
v -166.026724 288.734313 -58.491166
v -166.026724 296.341064 -286.703286
v -166.026724 288.734222 -286.703286
v -202.382803 296.340759 -562.854958
v -202.382803 288.733001 -562.854958
v -321.628531 291.426055 -850.740273
v -321.628531 283.773132 -850.740273
v -511.321402 242.795257 -1097.952553
v -511.321402 234.875045 -1097.952553
v -758.533682 123.439307 -1287.645425
v -758.533682 115.121749 -1287.645425
v -1046.470694 -23.268002 -1406.912759
v -1046.470694 -15.005397 -1406.912759
v -1363.555899 -124.787865 -1444.260781
v -1363.555899 -132.607484 -1444.260781
v -1363.555899 -124.779229 -1378.685097
v -1363.555899 -132.604646 -1378.685097
v -1063.460684 -19.649325 -1343.085854
v -1063.460684 -27.949277 -1343.085854
v -791.551016 131.688583 -1230.457680
v -791.551016 123.340697 -1230.457680
v -558.015128 243.005874 -1051.258706
v -558.015128 235.059264 -1051.258706
v -378.816885 300.564910 -817.722695
v -378.816885 292.882110 -817.722695
v -266.167838 311.554870 -545.764077
v -266.167838 303.948028 -545.764077
v -231.497061 311.554717 -282.412453
v -231.497061 303.947875 -282.412453
v -231.497061 311.554626 -58.491151
v -231.497061 303.947784 -58.491158
v -166.026724 311.554809 -58.491151
v -166.026724 303.947967 -58.491158
v -166.026724 311.554717 -286.703286
v -166.026724 303.947875 -286.703286
v -202.382803 311.556243 -562.855019
v -202.382803 303.948486 -562.855019
v -321.628531 306.731933 -850.740273
v -321.628531 299.079009 -850.740273
v -511.321280 258.635680 -1097.952553
v -511.321280 250.715469 -1097.952553
v -758.533682 140.074416 -1287.645425
v -758.533682 131.756866 -1287.645425
v -1046.470694 -155.783982 -1406.912759
v -1046.470694 -147.521378 -1406.912759
v -1363.555899 -256.417695 -1444.260781
v -1363.555899 -264.237305 -1444.260781
v -1363.555899 -256.420686 -1378.685097
v -1363.555899 -264.246095 -1378.685097
v -1063.460684 -152.239945 -1343.086098
v -1063.460684 -160.539903 -1343.086098
v -791.551016 -0.997872 -1230.457558
v -791.551016 -9.345754 -1230.457558
v -558.015128 111.121879 -1051.258706
v -558.015128 103.175277 -1051.258706
v -378.816763 169.208526 -817.722756
v -378.816763 161.525726 -817.722756
v -266.167593 180.350494 -545.764077
v -266.167593 172.743667 -545.764077
v -231.496817 180.350219 -282.412514
v -231.496817 172.743392 -282.412514
v -231.497061 180.350097 -58.491166
v -231.497061 172.743270 -58.491166
v -166.026724 180.350311 -58.491166
v -166.026724 172.743484 -58.491166
v -166.026724 180.350249 -286.703316
v -166.026724 172.743423 -286.703316
v -202.382803 180.350021 -562.855019
v -202.382803 172.742263 -562.855019
v -321.628653 175.435088 -850.740273
v -321.628653 167.782150 -850.740273
v -511.321402 126.804603 -1097.952553
v -511.321402 118.884391 -1097.952553
v -758.533682 7.448546 -1287.645425
v -758.533682 -0.869009 -1287.645425
v -1046.470694 -139.258775 -1406.912759
v -1046.470694 -130.996171 -1406.912759
v -1363.555899 -240.778443 -1444.260781
v -1363.555899 -248.598069 -1444.260781
v -1363.555899 -240.769852 -1378.685097
v -1363.555899 -248.595261 -1378.685097
v -1063.460684 -135.640031 -1343.086098
v -1063.460684 -143.939988 -1343.086098
v -791.551016 15.697893 -1230.457558
v -791.551016 7.350011 -1230.457558
v -558.015128 127.015090 -1051.258706
v -558.015128 119.068488 -1051.258706
v -378.816763 184.574126 -817.722756
v -378.816763 176.891326 -817.722756
v -266.167593 195.564132 -545.764077
v -266.167593 187.957305 -545.764077
v -231.496817 195.563857 -282.412514
v -231.496817 187.957030 -282.412514
v -231.497061 195.563735 -58.491173
v -231.497061 187.956908 -58.491173
v -166.026724 195.563949 -58.491173
v -166.026724 187.957122 -58.491173
v -166.026724 195.563888 -286.703316
v -166.026724 187.957061 -286.703316
v -202.382681 195.565536 -562.855019
v -202.382681 187.957778 -562.855019
v -321.628653 190.740951 -850.740273
v -321.628653 183.088012 -850.740273
v -511.321402 142.645034 -1097.952676
v -511.321402 134.724822 -1097.952676
v -758.533682 24.083657 -1287.645425
v -758.533682 15.766102 -1287.645425
v -674.386954 172.728545 -58.491166
v -674.386954 180.345519 -58.491166
v -613.837881 180.346725 -58.491166
v -613.837881 172.732650 -58.491166
v -613.837881 171.538482 -257.352486
v -613.837881 163.859298 -257.352486
v -638.667715 135.023925 -445.953133
v -638.667715 127.122298 -445.953133
v -712.790762 66.913970 -624.902627
v -712.790762 58.685260 -624.902627
v -830.703848 -24.061288 -778.569924
v -830.703848 -32.487546 -778.569924
v -984.371085 -118.164582 -896.482949
v -984.371085 -126.445359 -896.482949
v -1163.328360 -189.667313 -970.609414
v -1163.328360 -197.722901 -970.609414
v -1363.555899 -256.410584 -996.557656
v -1363.555899 -264.215821 -996.557656
v -1363.555899 -256.418488 -935.886880
v -1363.555899 -264.239198 -935.886880
v -1179.127188 -192.804490 -911.615700
v -1179.127188 -200.894990 -911.615700
v -1014.907217 -125.001145 -843.593484
v -1014.907217 -133.344666 -843.593484
v -873.887930 -34.615086 -735.385781
v -873.887930 -43.144383 -735.385781
v -765.680411 54.784911 -594.366860
v -765.680411 46.440070 -594.366860
v -697.658194 124.526756 -430.146737
v -697.658194 116.536582 -430.146737
v -674.386954 165.911071 -253.383980
v -674.386954 158.193206 -253.383980
v -674.386954 187.962493 -58.491173
v -674.386954 195.579467 -58.491173
v -613.837881 195.574874 -58.491173
v -613.837881 187.960799 -58.491173
v -613.837881 186.896865 -257.352486
v -613.837881 179.217681 -257.352486
v -638.667715 150.827193 -445.953133
v -638.667715 142.925567 -445.953133
v -712.790762 83.371398 -624.902627
v -712.790762 75.142684 -624.902627
v -830.703848 -7.208769 -778.569924
v -830.703848 -15.635028 -778.569924
v -984.371085 -101.603028 -896.482949
v -984.371085 -109.883805 -896.482949
v -1163.328360 -173.556153 -970.609414
v -1163.328360 -181.611741 -970.609414
v -1363.555899 -240.800111 -996.557656
v -1363.555899 -248.605347 -996.557656
v -1363.555899 -240.777039 -935.886880
v -1363.555899 -248.597764 -935.886880
v -1179.127188 -176.623505 -911.615639
v -1179.127188 -184.714005 -911.615639
v -1014.907217 -108.314095 -843.593484
v -1014.907217 -116.657616 -843.593484
v -873.887930 -17.556493 -735.385781
v -873.887930 -26.085789 -735.385781
v -765.680411 71.474593 -594.366860
v -765.680411 63.129752 -594.366860
v -697.658194 140.507110 -430.146737
v -697.658194 132.516936 -430.146737
v -674.386954 181.346801 -253.383980
v -674.386954 173.628936 -253.383980
v -674.386954 288.719299 -58.491166
v -674.386954 296.336272 -58.491158
v -613.837881 296.337554 -58.491158
v -613.837881 288.723479 -58.491166
v -613.837881 287.529021 -257.352486
v -613.837881 279.849822 -257.352486
v -638.667715 251.014663 -445.953133
v -638.667715 243.113036 -445.953133
v -712.790762 182.904693 -624.902566
v -712.790762 174.675979 -624.902566
v -830.703848 91.929580 -778.569802
v -830.703848 83.503318 -778.569802
v -984.371085 -2.173945 -896.482949
v -984.371085 -10.454721 -896.482949
v -1163.328360 -73.676476 -970.609414
v -1163.328360 -81.732056 -970.609414
v -1363.555899 -140.419968 -996.557656
v -1363.555899 -148.225205 -996.557656
v -1363.555899 -140.427872 -935.886880
v -1363.555899 -148.248597 -935.886880
v -1179.127188 -76.813729 -911.615700
v -1179.127188 -84.904229 -911.615700
v -1014.907217 -9.010262 -843.593423
v -1014.907217 -17.353785 -843.593423
v -873.887930 81.375747 -735.385781
v -873.887930 72.846450 -735.385781
v -765.680411 170.775649 -594.366860
v -765.680411 162.430816 -594.366860
v -697.658194 240.517516 -430.146737
v -697.658194 232.527343 -430.146737
v -674.386954 281.901733 -253.383980
v -674.386954 274.183868 -253.383980
v -674.386954 303.953277 -58.491158
v -674.386954 311.570251 -58.491151
v -613.837881 311.565704 -58.491151
v -613.837881 303.951629 -58.491158
v -613.837881 302.887420 -257.352486
v -613.837881 295.208221 -257.352486
v -638.667715 266.817931 -445.953133
v -638.667715 258.916290 -445.953133
v -712.790762 199.362106 -624.902566
v -712.790762 191.133392 -624.902566
v -830.703848 108.782104 -778.569802
v -830.703848 100.355842 -778.569802
v -984.371085 14.387608 -896.482888
v -984.371085 6.106831 -896.482888
v -1163.328360 -57.565320 -970.609414
v -1163.328360 -65.620896 -970.609414
v -1363.555899 -124.809487 -996.557656
v -1363.555899 -132.614732 -996.557656
v -1363.555899 -124.786439 -935.886880
v -1363.555899 -132.607163 -935.886880
v -1179.127188 -60.632729 -911.615639
v -1179.127188 -68.723229 -911.615639
v -1014.907217 7.676784 -843.593423
v -1014.907217 -0.666739 -843.593423
v -873.887930 98.434341 -735.385781
v -873.887930 89.905044 -735.385781
v -765.680411 187.465331 -594.366860
v -765.680411 179.120498 -594.366860
v -697.658194 256.497863 -430.146737
v -697.658194 248.507690 -430.146737
v -674.386954 297.337493 -253.383980
v -674.386954 289.619628 -253.383980
v -674.386954 404.709808 -58.491036
v -674.386954 412.326781 -58.491036
v -613.837881 412.328124 -58.491036
v -613.837881 404.714050 -58.491036
v -613.837881 403.519469 -257.352425
v -613.837881 395.840301 -257.352425
v -638.667715 367.005492 -445.953194
v -638.667715 359.103851 -445.953194
v -712.790762 298.895354 -624.902627
v -712.790762 290.666625 -624.902627
v -830.703848 207.920333 -778.569863
v -830.703848 199.494079 -778.569863
v -984.371329 113.816611 -896.482888
v -984.371329 105.535834 -896.482888
v -1163.328360 42.314040 -970.609414
v -1163.328360 34.258464 -970.609414
v -1363.555899 -24.429076 -996.557717
v -1363.555899 -32.234315 -996.557717
v -1363.555899 -24.436890 -935.886880
v -1363.555899 -32.257611 -935.886880
v -1179.127188 39.177249 -911.615762
v -1179.127188 31.086749 -911.615762
v -1014.907217 106.980613 -843.593423
v -1014.907217 98.637092 -843.593423
v -873.887930 197.366546 -735.385720
v -873.887930 188.837249 -735.385720
v -765.680411 286.766387 -594.366860
v -765.680411 278.421539 -594.366860
v -697.658194 356.508269 -430.146737
v -697.658194 348.518096 -430.146737
v -674.386954 397.892425 -253.383919
v -674.386954 390.174560 -253.383919
v -674.386954 419.943786 -58.491029
v -674.386954 427.560760 -58.491029
v -613.837881 427.556274 -58.491029
v -613.837881 419.942199 -58.491029
v -613.837881 418.877837 -257.352425
v -613.837881 411.198669 -257.352425
v -638.667715 382.808746 -445.953194
v -638.667715 374.907104 -445.953194
v -712.790762 315.352782 -624.902627
v -712.790762 307.124053 -624.902627
v -830.703848 224.772857 -778.569863
v -830.703848 216.346603 -778.569863
v -984.371329 130.378173 -896.482949
v -984.371329 122.097396 -896.482949
v -1163.328360 58.425189 -970.609353
v -1163.328360 50.369613 -970.609353
v -1363.555899 -8.818597 -996.557656
v -1363.555899 -16.623835 -996.557656
v -1363.555899 -8.795451 -935.886880
v -1363.555899 -16.616172 -935.886880
v -1179.127188 55.358253 -911.615700
v -1179.127188 47.267753 -911.615700
v -1014.907217 123.667655 -843.593423
v -1014.907217 115.324134 -843.593423
v -873.887930 214.425140 -735.385720
v -873.887930 205.895843 -735.385720
v -765.680411 303.456084 -594.366860
v -765.680411 295.111236 -594.366860
v -697.658194 372.488616 -430.146737
v -697.658194 364.498443 -430.146737
v -674.386954 413.328185 -253.383919
v -674.386954 405.610320 -253.383919
v -406.778067 578.022613 -66.621072
v -438.556631 578.022613 -66.621072
v -438.556631 532.126128 -66.621072
v -406.778067 532.126128 -66.621072
v -438.551505 527.388152 -268.841317
v -406.777457 528.087737 -270.923897
v -467.789053 507.748260 -491.739815
v -437.008536 511.329223 -499.987405
v -559.273184 466.064605 -713.536111
v -532.293570 473.970061 -729.112771
v -705.162833 390.467742 -904.110940
v -683.386465 400.804504 -925.887429
v -895.718741 288.025054 -1050.033730
v -881.581290 296.315246 -1077.839394
v -1117.563712 179.610488 -1141.373696
v -1109.286368 182.597488 -1172.265298
v -1355.426016 95.464202 -1170.664101
v -1355.426016 95.464202 -1202.549111
v -1355.426016 141.360503 -1170.664101
v -1355.426016 141.360503 -1202.549111
v -1117.542960 225.514495 -1141.450845
v -1109.286368 228.494033 -1172.265298
v -895.666495 333.952026 -1050.124184
v -881.666983 342.161102 -1077.646157
v -705.007559 436.438018 -904.266335
v -683.541983 446.627135 -925.731789
v -559.273184 511.961059 -713.536111
v -532.293570 519.866546 -729.112771
v -467.789053 553.644805 -491.739815
v -437.008536 557.225738 -499.987405
v -438.549429 573.284698 -268.841439
v -406.779532 573.984161 -270.923775
v -1355.426016 -368.498811 -1202.549111
v -1355.426016 -368.498811 -1170.664101
v -1117.542960 -284.345185 -1141.450845
v -1109.286368 -281.365693 -1172.265298
v -895.666495 -175.907105 -1050.124184
v -881.666983 -167.698045 -1077.646157
v -705.007559 -73.421540 -904.266335
v -683.541983 -63.232430 -925.731789
v -559.273184 2.101693 -713.536111
v -532.293570 10.007131 -729.112771
v -467.789053 43.785258 -491.739815
v -437.008536 47.366229 -499.987405
v -438.549429 63.425533 -268.841439
v -406.779532 64.124946 -270.923775
v -438.556631 68.162833 -66.621072
v -406.778067 68.162803 -66.621072
v -438.556631 16.611345 -66.621072
v -406.778067 16.611310 -66.621072
v -438.551505 11.874067 -268.841317
v -406.777457 12.573564 -270.923897
v -467.789053 -7.766201 -491.739815
v -437.008536 -4.185231 -499.987405
v -559.273184 -49.449757 -713.536111
v -532.293570 -41.544324 -729.112771
v -705.162833 -125.046777 -904.110940
v -683.386465 -114.710023 -925.887429
v -895.718741 -227.488938 -1050.033730
v -881.581290 -219.198792 -1077.839394
v -1117.563712 -335.904115 -1141.373696
v -1109.286368 -332.917207 -1172.265298
v -1355.426016 -420.050263 -1170.664101
v -1355.426016 -420.050263 -1202.549111
v -406.725455 527.637481 -66.524171
v -438.504019 527.637481 -66.524171
v -406.572256 523.603118 -270.718789
v -438.346304 522.903655 -268.636208
v -436.321280 506.892089 -499.656228
v -467.101675 503.311126 -491.408669
v -530.908560 469.692168 -728.811013
v -557.888052 461.786712 -713.234353
v -681.464346 396.742767 -925.747964
v -703.240958 386.406036 -903.971474
v -879.537100 292.317107 -1077.832680
v -893.674551 284.026916 -1050.027016
v -1107.534415 178.454635 -1172.273232
v -1115.811758 175.467651 -1141.381631
v -1353.927481 91.231574 -1202.552895
v -1353.927481 91.231574 -1170.667886
v -1356.924063 -364.266175 -1202.545327
v -1356.924063 -364.266175 -1170.660317
v -1111.038077 -277.222810 -1172.257607
v -1119.294913 -280.202302 -1141.443154
v -883.711172 -163.699921 -1077.652993
v -897.710684 -171.908967 -1050.131020
v -685.463370 -59.170319 -925.871865
v -706.928702 -69.359422 -904.406411
v -533.677725 14.285146 -729.415261
v -560.657217 6.379720 -713.838601
v -437.695914 51.803359 -500.318581
v -468.476309 48.222392 -492.070962
v -406.984854 68.609466 -271.128884
v -438.754630 67.910056 -269.046548
v -406.830557 72.651450 -66.717965
v -438.609122 72.651481 -66.717965
vt 0.795409 0.551201
vt 0.789660 0.551077
vt 0.789068 0.578577
vt 0.794816 0.578701
vt 0.690121 0.007844
vt 0.684371 0.007818
vt 0.670524 0.046470
vt 0.676274 0.046496
vt 0.650930 0.085153
vt 0.656680 0.085179
vt 0.769949 0.729209
vt 0.785710 0.690769
vt 0.779961 0.690645
vt 0.764200 0.729085
vt 0.792620 0.652137
vt 0.786871 0.652013
vt 0.794069 0.613388
vt 0.788320 0.613264
vt 0.337917 0.119837
vt 0.335192 0.096461
vt 0.329446 0.096687
vt 0.332172 0.120063
vt 0.165064 0.829147
vt 0.170814 0.829130
vt 0.162761 0.806607
vt 0.157011 0.806624
vt 0.173640 0.851660
vt 0.179391 0.851643
vt 0.295261 0.007816
vt 0.289515 0.008042
vt 0.301730 0.030116
vt 0.307475 0.029889
vt 0.313798 0.052195
vt 0.319543 0.051968
vt 0.323395 0.074371
vt 0.329140 0.074144
vt 0.627327 0.868532
vt 0.621577 0.868532
vt 0.621577 0.874081
vt 0.627327 0.874081
vt 0.528680 0.419995
vt 0.529080 0.396499
vt 0.523501 0.396090
vt 0.523138 0.419895
vt 0.314585 0.487702
vt 0.314312 0.464205
vt 0.308769 0.464274
vt 0.309004 0.488081
vt 0.871589 0.951636
vt 0.877340 0.951636
vt 0.877340 0.946087
vt 0.871590 0.946087
vt 0.386515 0.579741
vt 0.411619 0.583534
vt 0.411777 0.577992
vt 0.388161 0.574383
vt 0.626628 0.301191
vt 0.601503 0.304848
vt 0.603121 0.310215
vt 0.626756 0.306733
vt 0.365966 0.565125
vt 0.362932 0.569893
vt 0.580877 0.319353
vt 0.577868 0.314569
vt 0.345310 0.550748
vt 0.341062 0.554620
vt 0.560144 0.333620
vt 0.555917 0.329725
vt 0.328657 0.532056
vt 0.323525 0.534760
vt 0.543390 0.352221
vt 0.538273 0.349490
vt 0.318169 0.510465
vt 0.312589 0.511840
vt 0.532786 0.373755
vt 0.527214 0.372351
vt 0.259179 0.491835
vt 0.258965 0.464778
vt 0.252810 0.464816
vt 0.253021 0.492260
vt 0.263612 0.524916
vt 0.257605 0.526506
vt 0.277624 0.559200
vt 0.272153 0.562242
vt 0.300665 0.589063
vt 0.295763 0.593350
vt 0.332572 0.612539
vt 0.329170 0.617842
vt 0.371278 0.627927
vt 0.369401 0.633879
vt 0.410022 0.639554
vt 0.410195 0.633397
vt 0.871591 0.896144
vt 0.877341 0.896145
vt 0.877342 0.889979
vt 0.871591 0.889979
vt 0.625333 0.245163
vt 0.584682 0.250619
vt 0.586526 0.256581
vt 0.625472 0.251321
vt 0.547737 0.271761
vt 0.544364 0.266440
vt 0.515705 0.295064
vt 0.510826 0.290752
vt 0.492504 0.324803
vt 0.487049 0.321732
vt 0.478308 0.359012
vt 0.472310 0.357389
vt 0.473697 0.392068
vt 0.467541 0.391610
vt 0.473338 0.419124
vt 0.467182 0.419053
vt 0.627327 0.924015
vt 0.621577 0.924015
vt 0.621577 0.930180
vt 0.627327 0.930180
vt 0.079172 0.097081
vt 0.072717 0.097296
vt 0.075298 0.120689
vt 0.081753 0.120474
vt 0.073258 0.074727
vt 0.066803 0.074942
vt 0.063799 0.052491
vt 0.057343 0.052706
vt 0.051867 0.030338
vt 0.045412 0.030552
vt 0.039788 0.008188
vt 0.033333 0.008403
vt 0.680681 0.474844
vt 0.674223 0.474842
vt 0.682727 0.497382
vt 0.689186 0.497384
vt 0.672701 0.452296
vt 0.666242 0.452294
vt 0.585932 0.920456
vt 0.579473 0.920456
vt 0.579473 0.926005
vt 0.585932 0.926005
vt 0.213331 0.864205
vt 0.206873 0.864205
vt 0.206873 0.869754
vt 0.213331 0.869754
vt 0.621287 0.085031
vt 0.627745 0.085110
vt 0.647640 0.046581
vt 0.641182 0.046501
vt 0.770144 0.317677
vt 0.763687 0.317535
vt 0.747908 0.355968
vt 0.754365 0.356110
vt 0.777072 0.279050
vt 0.770615 0.278907
vt 0.778539 0.240302
vt 0.772082 0.240159
vt 0.779303 0.205615
vt 0.772846 0.205472
vt 0.779909 0.178115
vt 0.773452 0.177973
vt 0.213331 0.919694
vt 0.206873 0.919694
vt 0.206873 0.925859
vt 0.213331 0.925859
vt 0.585932 0.864346
vt 0.579472 0.864346
vt 0.579472 0.870512
vt 0.585932 0.870512
vt 0.661786 0.008038
vt 0.655328 0.007958
vt 0.318019 0.097138
vt 0.320704 0.120515
vt 0.565789 0.690086
vt 0.566914 0.666259
vt 0.555435 0.666246
vt 0.554338 0.690074
vt 0.610102 0.868532
vt 0.610099 0.874081
vt 0.382909 0.258921
vt 0.374302 0.282842
vt 0.385589 0.282950
vt 0.394299 0.259030
vt 0.145623 0.806657
vt 0.153781 0.829180
vt 0.860198 0.946086
vt 0.860201 0.951635
vt 0.162447 0.851692
vt 0.365100 0.306755
vt 0.376303 0.306862
vt 0.278330 0.008484
vt 0.290617 0.030554
vt 0.529426 0.785673
vt 0.541251 0.761688
vt 0.530108 0.761676
vt 0.518223 0.785661
vt 0.302614 0.052636
vt 0.552663 0.737702
vt 0.541438 0.737690
vt 0.312072 0.074818
vt 0.561202 0.713713
vt 0.549843 0.713701
vt 0.687482 0.046547
vt 0.701509 0.007896
vt 0.196093 0.044741
vt 0.182531 0.007818
vt 0.171144 0.007966
vt 0.184892 0.044887
vt 0.860202 0.889978
vt 0.860201 0.896144
vt 0.215524 0.081640
vt 0.204336 0.081785
vt 0.667871 0.085230
vt 0.033120 0.640718
vt 0.019001 0.603607
vt 0.007812 0.603636
vt 0.021773 0.640748
vt 0.768611 0.690400
vt 0.753012 0.728844
vt 0.040478 0.677847
vt 0.029027 0.677877
vt 0.775412 0.651766
vt 0.041966 0.714991
vt 0.030487 0.715021
vt 0.776841 0.613017
vt 0.042053 0.748470
vt 0.030572 0.748500
vt 0.777589 0.578330
vt 0.042123 0.775572
vt 0.030643 0.775602
vt 0.778182 0.550830
vt 0.610097 0.924015
vt 0.610097 0.930180
vt 0.691763 0.084836
vt 0.699612 0.084946
vt 0.719587 0.046450
vt 0.711704 0.046340
vt 0.807033 0.768181
vt 0.798859 0.768085
vt 0.783637 0.806679
vt 0.791486 0.806772
vt 0.813674 0.729485
vt 0.805282 0.729386
vt 0.814762 0.690723
vt 0.806333 0.690624
vt 0.815171 0.656030
vt 0.806742 0.655931
vt 0.815495 0.628525
vt 0.807065 0.628426
vt 0.080331 0.016248
vt 0.080331 0.007818
vt 0.074166 0.007818
vt 0.074166 0.016248
vt 0.820966 0.152510
vt 0.812536 0.152593
vt 0.812801 0.179694
vt 0.821230 0.179611
vt 0.820639 0.119032
vt 0.812212 0.119114
vt 0.818855 0.081900
vt 0.810486 0.081981
vt 0.811128 0.044825
vt 0.802966 0.044905
vt 0.796586 0.007818
vt 0.788741 0.007894
vt 0.070003 0.195036
vt 0.062131 0.195082
vt 0.081313 0.232119
vt 0.089158 0.232073
vt 0.056891 0.158014
vt 0.048645 0.158062
vt 0.325328 0.016064
vt 0.325328 0.007819
vt 0.319163 0.007818
vt 0.319163 0.016064
vt 0.733978 0.007933
vt 0.725733 0.007818
vt 0.747706 0.409342
vt 0.739365 0.409456
vt 0.741448 0.432895
vt 0.749869 0.432780
vt 0.742125 0.386878
vt 0.733995 0.386989
vt 0.732964 0.364463
vt 0.725110 0.364571
vt 0.721396 0.342082
vt 0.713686 0.342187
vt 0.709826 0.319700
vt 0.701971 0.319807
vt 0.432347 0.474637
vt 0.424313 0.474665
vt 0.432993 0.497172
vt 0.440848 0.497144
vt 0.424385 0.452119
vt 0.416141 0.452148
vt 0.544188 0.034433
vt 0.544188 0.026183
vt 0.538639 0.026186
vt 0.538639 0.034430
vt 0.639446 0.479056
vt 0.647489 0.479070
vt 0.656014 0.455085
vt 0.647764 0.455070
vt 0.630513 0.503038
vt 0.638388 0.503052
vt 0.630071 0.359510
vt 0.622316 0.359393
vt 0.610097 0.383211
vt 0.617971 0.383329
vt 0.641898 0.335686
vt 0.633981 0.335567
vt 0.650906 0.311819
vt 0.642719 0.311696
vt 0.655914 0.288260
vt 0.647544 0.288134
vt 0.657400 0.264450
vt 0.648975 0.264323
vt 0.585021 0.016242
vt 0.585021 0.007821
vt 0.579472 0.007818
vt 0.579472 0.016245
vt 0.727491 0.207503
vt 0.735341 0.207603
vt 0.755272 0.169084
vt 0.747388 0.168983
vt 0.822184 0.329567
vt 0.814010 0.329505
vt 0.798949 0.368163
vt 0.806799 0.368223
vt 0.828663 0.290843
vt 0.820271 0.290779
vt 0.829589 0.252077
vt 0.821160 0.252013
vt 0.829852 0.217382
vt 0.821423 0.217318
vt 0.830061 0.189876
vt 0.821631 0.189812
vt 0.238559 0.016248
vt 0.238558 0.007818
vt 0.232393 0.007819
vt 0.232393 0.016248
vt 0.807022 0.510878
vt 0.798594 0.511040
vt 0.799115 0.538137
vt 0.807544 0.537975
vt 0.806376 0.477404
vt 0.797950 0.477567
vt 0.804243 0.440291
vt 0.795874 0.440452
vt 0.796165 0.403291
vt 0.788004 0.403448
vt 0.781273 0.366423
vt 0.773428 0.366574
vt 0.228491 0.044746
vt 0.220620 0.044847
vt 0.240063 0.081748
vt 0.247909 0.081647
vt 0.215118 0.007817
vt 0.206873 0.007924
vt 0.539701 0.016064
vt 0.539701 0.007819
vt 0.533535 0.007818
vt 0.533535 0.016064
vt 0.769618 0.130550
vt 0.761373 0.130445
vt 0.610097 0.084893
vt 0.629975 0.046363
vt 0.781494 0.317928
vt 0.765553 0.356357
vt 0.788532 0.279302
vt 0.790017 0.240554
vt 0.790781 0.205868
vt 0.791387 0.178368
vt 0.224812 0.919694
vt 0.224812 0.925859
vt 0.043946 0.480859
vt 0.032466 0.481016
vt 0.032837 0.508116
vt 0.044317 0.507959
vt 0.043486 0.447383
vt 0.032008 0.447540
vt 0.041559 0.410258
vt 0.030109 0.410414
vt 0.033687 0.373214
vt 0.022341 0.373369
vt 0.019000 0.336264
vt 0.007812 0.336417
vt 0.527397 0.044845
vt 0.516195 0.044906
vt 0.535349 0.081950
vt 0.546538 0.081889
vt 0.514300 0.007818
vt 0.502911 0.007880
vt 0.597321 0.864346
vt 0.597322 0.870512
vt 0.643940 0.007818
vt 0.090603 0.096701
vt 0.093224 0.120093
vt 0.084584 0.074351
vt 0.074986 0.052119
vt 0.062982 0.029968
vt 0.050976 0.007816
vt 0.691964 0.474847
vt 0.700379 0.497387
vt 0.684089 0.452299
vt 0.597324 0.920456
vt 0.597321 0.926005
vt 0.552609 0.380776
vt 0.563897 0.380765
vt 0.572253 0.356755
vt 0.560862 0.356766
vt 0.543744 0.404784
vt 0.554947 0.404773
vt 0.730568 0.726662
vt 0.719428 0.726403
vt 0.707075 0.750122
vt 0.718275 0.750382
vt 0.742589 0.702936
vt 0.731367 0.702675
vt 0.751791 0.679144
vt 0.740434 0.678880
vt 0.756990 0.655626
vt 0.745542 0.655361
vt 0.758670 0.631830
vt 0.747194 0.631563
vt 0.224808 0.864205
vt 0.224811 0.869754
vt 0.416566 0.097189
vt 0.408226 0.097361
vt 0.410474 0.120785
vt 0.418893 0.120611
vt 0.410827 0.074765
vt 0.402698 0.074934
vt 0.401509 0.052416
vt 0.393657 0.052578
vt 0.389785 0.030116
vt 0.382076 0.030276
vt 0.378058 0.007817
vt 0.370204 0.007979
vt 0.422139 0.030337
vt 0.414105 0.030366
vt 0.422786 0.052873
vt 0.430642 0.052845
vt 0.414177 0.007818
vt 0.405933 0.007847
vt 0.947413 0.016068
vt 0.947413 0.007818
vt 0.941864 0.007821
vt 0.941864 0.016065
vt 0.741529 0.237075
vt 0.749572 0.237089
vt 0.758098 0.213102
vt 0.749848 0.213087
vt 0.732596 0.261058
vt 0.740471 0.261073
vt 0.186012 0.762773
vt 0.178258 0.762656
vt 0.166040 0.786473
vt 0.173913 0.786591
vt 0.197839 0.738951
vt 0.189922 0.738831
vt 0.206846 0.715086
vt 0.198660 0.714962
vt 0.211854 0.691527
vt 0.203485 0.691401
vt 0.213340 0.667719
vt 0.204915 0.667592
vt 0.926996 0.016242
vt 0.926996 0.007821
vt 0.921447 0.007818
vt 0.921447 0.016245
vt 0.215174 0.179848
vt 0.214796 0.181064
vt 0.256848 0.187805
vt 0.255730 0.186267
vt 0.387051 0.216015
vt 0.388196 0.214471
vt 0.346260 0.221551
vt 0.346620 0.222771
vt 0.306118 0.238620
vt 0.306760 0.239718
vt 0.175907 0.161496
vt 0.175260 0.162588
vt 0.273003 0.264232
vt 0.273888 0.265144
vt 0.142554 0.136916
vt 0.141683 0.137842
vt 0.248125 0.294971
vt 0.249220 0.295619
vt 0.117599 0.106735
vt 0.116512 0.107395
vt 0.233480 0.331208
vt 0.234704 0.331547
vt 0.102639 0.070992
vt 0.101419 0.071345
vt 0.228034 0.365693
vt 0.229292 0.365806
vt 0.096878 0.036797
vt 0.095622 0.036923
vt 0.227289 0.394504
vt 0.228581 0.393275
vt 0.095887 0.009338
vt 0.094582 0.008123
vt 0.235968 0.394718
vt 0.234740 0.393427
vt 0.102042 0.009121
vt 0.103256 0.007818
vt 0.236693 0.366484
vt 0.235435 0.366370
vt 0.103015 0.036165
vt 0.104272 0.036039
vt 0.241873 0.333721
vt 0.240656 0.333352
vt 0.108571 0.069133
vt 0.109784 0.068753
vt 0.257273 0.300301
vt 0.256185 0.299649
vt 0.124427 0.102669
vt 0.125508 0.102006
vt 0.279758 0.270263
vt 0.278860 0.269360
vt 0.147468 0.132646
vt 0.148356 0.131735
vt 0.311274 0.246603
vt 0.310633 0.245505
vt 0.179312 0.156184
vt 0.179925 0.155069
vt 0.349067 0.229881
vt 0.348696 0.228663
vt 0.218122 0.171259
vt 0.218501 0.170050
vt 0.388683 0.223267
vt 0.387382 0.222161
vt 0.256376 0.180124
vt 0.257727 0.179093
vt 0.392413 0.650431
vt 0.393590 0.649104
vt 0.385598 0.649513
vt 0.386863 0.650744
vt 0.677746 0.653943
vt 0.676450 0.655167
vt 0.684512 0.655391
vt 0.683286 0.654096
vt 0.685241 0.630717
vt 0.683984 0.630588
vt 0.394010 0.673836
vt 0.395264 0.673713
vt 0.689178 0.608181
vt 0.687965 0.607799
vt 0.396822 0.696755
vt 0.398047 0.696402
vt 0.699156 0.586490
vt 0.698077 0.585816
vt 0.406944 0.718677
vt 0.408021 0.718002
vt 0.714848 0.567194
vt 0.713958 0.566287
vt 0.422820 0.738083
vt 0.423700 0.737165
vt 0.734451 0.551913
vt 0.733788 0.550828
vt 0.443012 0.753159
vt 0.443676 0.752079
vt 0.756049 0.542069
vt 0.755662 0.540858
vt 0.464640 0.763747
vt 0.465050 0.762542
vt 0.780402 0.537485
vt 0.779089 0.536408
vt 0.488087 0.768497
vt 0.489410 0.767433
vt 0.779864 0.529318
vt 0.778731 0.530881
vt 0.487676 0.774018
vt 0.488788 0.775600
vt 0.753429 0.534258
vt 0.753813 0.535471
vt 0.462703 0.769022
vt 0.462318 0.770234
vt 0.729885 0.545101
vt 0.730548 0.546185
vt 0.439285 0.758590
vt 0.438618 0.759673
vt 0.708567 0.561648
vt 0.709459 0.562552
vt 0.418442 0.741807
vt 0.417546 0.742708
vt 0.691776 0.582619
vt 0.692853 0.583295
vt 0.401664 0.721300
vt 0.400582 0.721969
vt 0.680739 0.605956
vt 0.681955 0.606330
vt 0.391266 0.698152
vt 0.390055 0.698537
vt 0.677145 0.630014
vt 0.678403 0.630126
vt 0.386774 0.674596
vt 0.385516 0.674717
vt 0.128847 0.179556
vt 0.128473 0.180773
vt 0.170541 0.187405
vt 0.169419 0.185870
vt 0.336211 0.181442
vt 0.337357 0.179899
vt 0.295412 0.186933
vt 0.295770 0.188153
vt 0.255250 0.203959
vt 0.255891 0.205057
vt 0.089534 0.161306
vt 0.088889 0.162399
vt 0.222106 0.229535
vt 0.222990 0.230448
vt 0.056117 0.136813
vt 0.055249 0.137741
vt 0.197193 0.260247
vt 0.198288 0.260896
vt 0.031085 0.106696
vt 0.029999 0.107359
vt 0.182509 0.296470
vt 0.183732 0.296810
vt 0.016033 0.070993
vt 0.014814 0.071348
vt 0.177025 0.330950
vt 0.178282 0.331064
vt 0.010183 0.036813
vt 0.008927 0.036943
vt 0.176248 0.359761
vt 0.177542 0.358533
vt 0.009120 0.009357
vt 0.007812 0.008146
vt 0.184927 0.359984
vt 0.183700 0.358692
vt 0.015275 0.009124
vt 0.016486 0.007818
vt 0.185683 0.331750
vt 0.184425 0.331635
vt 0.016318 0.036166
vt 0.017574 0.036035
vt 0.190899 0.298992
vt 0.189682 0.298621
vt 0.021960 0.069119
vt 0.023172 0.068735
vt 0.206336 0.265587
vt 0.205248 0.264935
vt 0.037902 0.102613
vt 0.038981 0.101947
vt 0.228854 0.235573
vt 0.227958 0.234670
vt 0.061020 0.132530
vt 0.061906 0.131616
vt 0.260397 0.211947
vt 0.259757 0.210849
vt 0.092925 0.155985
vt 0.093534 0.154869
vt 0.298210 0.195266
vt 0.297841 0.194048
vt 0.131773 0.170960
vt 0.132149 0.169749
vt 0.337834 0.188696
vt 0.336535 0.187588
vt 0.170049 0.179726
vt 0.171398 0.178691
vt 0.128383 0.285420
vt 0.128005 0.286636
vt 0.170055 0.293381
vt 0.168938 0.291844
vt 0.361640 0.198729
vt 0.362786 0.197186
vt 0.320844 0.204241
vt 0.321203 0.205462
vt 0.280691 0.221288
vt 0.281332 0.222386
vt 0.089118 0.267062
vt 0.088470 0.268154
vt 0.247560 0.246882
vt 0.248444 0.247794
vt 0.055768 0.242479
vt 0.054897 0.243404
vt 0.222663 0.277606
vt 0.223758 0.278255
vt 0.030817 0.212294
vt 0.029730 0.212954
vt 0.207997 0.313836
vt 0.209220 0.314176
vt 0.015862 0.176550
vt 0.014642 0.176902
vt 0.202530 0.348319
vt 0.203788 0.348433
vt 0.010105 0.142354
vt 0.008849 0.142480
vt 0.201769 0.377131
vt 0.203061 0.375903
vt 0.009117 0.114895
vt 0.007812 0.113680
vt 0.210447 0.377349
vt 0.209220 0.376058
vt 0.015272 0.114679
vt 0.016487 0.113375
vt 0.211189 0.349115
vt 0.209931 0.349000
vt 0.016242 0.141723
vt 0.017499 0.141596
vt 0.216388 0.316354
vt 0.215171 0.315984
vt 0.021794 0.174692
vt 0.023007 0.174311
vt 0.231808 0.282942
vt 0.230720 0.282290
vt 0.037645 0.208229
vt 0.038727 0.207566
vt 0.254311 0.252916
vt 0.253414 0.252013
vt 0.060683 0.238209
vt 0.061571 0.237298
vt 0.285842 0.229274
vt 0.285202 0.228176
vt 0.092524 0.261751
vt 0.093137 0.260636
vt 0.323647 0.212573
vt 0.323276 0.211356
vt 0.131331 0.276831
vt 0.131711 0.275622
vt 0.363267 0.205983
vt 0.361967 0.204876
vt 0.169584 0.285701
vt 0.170936 0.284670
vt 0.591412 0.604454
vt 0.592586 0.603125
vt 0.584595 0.603554
vt 0.585863 0.604781
vt 0.100981 0.771759
vt 0.099686 0.772984
vt 0.107749 0.773202
vt 0.106522 0.771908
vt 0.108459 0.748525
vt 0.107202 0.748397
vt 0.593068 0.627854
vt 0.594321 0.627728
vt 0.112379 0.725984
vt 0.111166 0.725604
vt 0.595936 0.650764
vt 0.597161 0.650408
vt 0.122341 0.704285
vt 0.121262 0.703611
vt 0.606112 0.672659
vt 0.607188 0.671982
vt 0.138020 0.684975
vt 0.137129 0.684069
vt 0.622036 0.692024
vt 0.622914 0.691105
vt 0.157613 0.669677
vt 0.156949 0.668593
vt 0.642265 0.707049
vt 0.642926 0.705967
vt 0.179205 0.659816
vt 0.178817 0.658605
vt 0.663917 0.717583
vt 0.664325 0.716376
vt 0.203556 0.655212
vt 0.202243 0.654136
vt 0.687375 0.722274
vt 0.688695 0.721207
vt 0.203013 0.647045
vt 0.201881 0.648609
vt 0.686977 0.727795
vt 0.688094 0.729375
vt 0.176579 0.652006
vt 0.176964 0.653219
vt 0.661994 0.722862
vt 0.661612 0.724075
vt 0.153041 0.662868
vt 0.153705 0.663951
vt 0.638551 0.712489
vt 0.637887 0.713574
vt 0.131734 0.679432
vt 0.132627 0.680337
vt 0.617668 0.695759
vt 0.616775 0.696662
vt 0.114958 0.700419
vt 0.116035 0.701094
vt 0.600839 0.675295
vt 0.599760 0.675967
vt 0.103937 0.723766
vt 0.105154 0.724139
vt 0.590385 0.652175
vt 0.589175 0.652563
vt 0.100362 0.747829
vt 0.101620 0.747940
vt 0.585833 0.628632
vt 0.584576 0.628756
vt 0.683302 0.358999
vt 0.684477 0.357670
vt 0.676487 0.358094
vt 0.677753 0.359321
vt 0.693058 0.220955
vt 0.691763 0.222179
vt 0.699824 0.222402
vt 0.698598 0.221108
vt 0.700549 0.197729
vt 0.699293 0.197600
vt 0.684941 0.382397
vt 0.686195 0.382272
vt 0.704483 0.175194
vt 0.703270 0.174812
vt 0.687793 0.405307
vt 0.689018 0.404952
vt 0.714457 0.153504
vt 0.713379 0.152829
vt 0.697953 0.427207
vt 0.699029 0.426530
vt 0.730146 0.134207
vt 0.729256 0.133300
vt 0.713862 0.446582
vt 0.714740 0.445663
vt 0.749746 0.118923
vt 0.749084 0.117839
vt 0.734077 0.461619
vt 0.734740 0.460538
vt 0.771342 0.109077
vt 0.770955 0.107866
vt 0.755721 0.472167
vt 0.756128 0.470961
vt 0.795693 0.104490
vt 0.794380 0.103413
vt 0.779172 0.476874
vt 0.780494 0.475808
vt 0.795154 0.096324
vt 0.794021 0.097887
vt 0.778771 0.482394
vt 0.779886 0.483975
vt 0.768721 0.101267
vt 0.769105 0.102480
vt 0.753794 0.477444
vt 0.753411 0.478656
vt 0.745180 0.112112
vt 0.745843 0.113196
vt 0.730360 0.467056
vt 0.729696 0.468140
vt 0.723865 0.128661
vt 0.724757 0.129566
vt 0.709491 0.450313
vt 0.708597 0.451215
vt 0.707078 0.149634
vt 0.708155 0.150309
vt 0.692679 0.429839
vt 0.691599 0.430510
vt 0.696044 0.172971
vt 0.697260 0.173344
vt 0.682241 0.406714
vt 0.681031 0.407101
vt 0.692454 0.197028
vt 0.693712 0.197140
vt 0.677707 0.383170
vt 0.676450 0.383293
vt 0.661497 0.903899
vt 0.675418 0.864016
vt 0.674439 0.864008
vt 0.660462 0.903891
vt 0.870923 0.579335
vt 0.885056 0.539195
vt 0.884077 0.539183
vt 0.869888 0.579322
vt 0.447139 0.898240
vt 0.461171 0.858358
vt 0.460192 0.858350
vt 0.446104 0.898231
vt 0.743321 0.598046
vt 0.757405 0.558219
vt 0.756425 0.558206
vt 0.742286 0.598034
vt 0.309323 0.733205
vt 0.323303 0.693012
vt 0.322323 0.693004
vt 0.308288 0.733197
vt 0.738073 0.901652
vt 0.752105 0.861769
vt 0.751125 0.861761
vt 0.737038 0.901643
vt 0.115360 0.903269
vt 0.129282 0.863382
vt 0.128302 0.863374
vt 0.114324 0.903260
vt 0.457502 0.504965
vt 0.471647 0.464823
vt 0.470667 0.464811
vt 0.456467 0.504953
vt 0.845260 0.881864
vt 0.859293 0.841980
vt 0.858313 0.841972
vt 0.844225 0.881855
vt 0.196664 0.209751
vt 0.196665 0.217311
vt 0.197616 0.217311
vt 0.197615 0.209751
vt 0.201769 0.191556
vt 0.201769 0.199632
vt 0.202723 0.199632
vt 0.202723 0.191556
vt 0.421245 0.202134
vt 0.421245 0.209719
vt 0.422199 0.209719
vt 0.422199 0.202134
vt 0.712179 0.199477
vt 0.712180 0.207088
vt 0.713137 0.207088
vt 0.713137 0.199477
vt 0.375308 0.192717
vt 0.375308 0.200786
vt 0.376262 0.200786
vt 0.376262 0.192717
vt 0.604993 0.200334
vt 0.604993 0.207919
vt 0.605947 0.207919
vt 0.605947 0.200334
vt 0.436557 0.208489
vt 0.436558 0.216075
vt 0.437512 0.216075
vt 0.437512 0.208489
vt 0.462078 0.192816
vt 0.462078 0.200885
vt 0.463032 0.200885
vt 0.463032 0.192816
vt 0.804053 0.208134
vt 0.804053 0.215719
vt 0.805007 0.215719
vt 0.805007 0.208134
vt 0.172081 0.470542
vt 0.185748 0.430287
vt 0.184074 0.430280
vt 0.170309 0.470534
vt 0.150727 0.509567
vt 0.152505 0.509575
vt 0.847388 0.330877
vt 0.845698 0.330832
vt 0.829574 0.369518
vt 0.831351 0.369565
vt 0.854551 0.291953
vt 0.852920 0.291910
vt 0.856212 0.252882
vt 0.854591 0.252839
vt 0.857142 0.217953
vt 0.855521 0.217910
vt 0.857909 0.189114
vt 0.856288 0.189071
vt 0.938381 0.064007
vt 0.936760 0.064007
vt 0.936760 0.072693
vt 0.938381 0.072693
vt 0.840098 0.520858
vt 0.838478 0.520930
vt 0.839733 0.549182
vt 0.841353 0.549110
vt 0.838623 0.487661
vt 0.837003 0.487733
vt 0.835584 0.450945
vt 0.833949 0.451018
vt 0.826647 0.414491
vt 0.824957 0.414567
vt 0.810930 0.378339
vt 0.809157 0.378418
vt 0.119769 0.331014
vt 0.117999 0.331029
vt 0.137240 0.367679
vt 0.139014 0.367664
vt 0.106463 0.293079
vt 0.104791 0.293093
vt 0.244274 0.026368
vt 0.242601 0.026368
vt 0.242602 0.035069
vt 0.244273 0.035069
vt 0.252810 0.093239
vt 0.252812 0.101316
vt 0.254435 0.101316
vt 0.254434 0.093239
vt 0.478117 0.863192
vt 0.476474 0.863253
vt 0.479228 0.887808
vt 0.480850 0.887748
vt 0.472076 0.841114
vt 0.470379 0.841177
vt 0.462478 0.819253
vt 0.460709 0.819318
vt 0.450441 0.797481
vt 0.448634 0.797548
vt 0.438326 0.775713
vt 0.436557 0.775779
vt 0.905701 0.306857
vt 0.903972 0.306870
vt 0.912549 0.329010
vt 0.914318 0.328998
vt 0.897601 0.283432
vt 0.895927 0.283444
vt 0.560733 0.090062
vt 0.559059 0.090062
vt 0.559056 0.098153
vt 0.560730 0.098153
vt 0.711001 0.612396
vt 0.712731 0.612403
vt 0.721111 0.586829
vt 0.719436 0.586823
vt 0.701971 0.636694
vt 0.703743 0.636702
vt 0.343828 0.763733
vt 0.342025 0.763665
vt 0.329371 0.787532
vt 0.331142 0.787600
vt 0.356166 0.739853
vt 0.354407 0.739786
vt 0.365657 0.715865
vt 0.363971 0.715801
vt 0.371163 0.692176
vt 0.369526 0.692114
vt 0.373229 0.667063
vt 0.371608 0.667002
vt 0.197748 0.465527
vt 0.211569 0.425328
vt 0.209895 0.425314
vt 0.195977 0.465512
vt 0.176248 0.504467
vt 0.178026 0.504481
vt 0.857596 0.557490
vt 0.855906 0.557445
vt 0.839782 0.596131
vt 0.841559 0.596178
vt 0.864759 0.518566
vt 0.863128 0.518523
vt 0.866420 0.479496
vt 0.864800 0.479453
vt 0.867350 0.444567
vt 0.865729 0.444524
vt 0.868117 0.415729
vt 0.866496 0.415685
vt 0.382033 0.067909
vt 0.380412 0.067909
vt 0.380412 0.076595
vt 0.382033 0.076595
vt 0.848921 0.150632
vt 0.847300 0.150688
vt 0.848281 0.178955
vt 0.849902 0.178899
vt 0.847769 0.117418
vt 0.846146 0.117474
vt 0.845088 0.080669
vt 0.843452 0.080726
vt 0.836505 0.044125
vt 0.834814 0.044184
vt 0.821139 0.007816
vt 0.819365 0.007878
vt 0.048337 0.283934
vt 0.046566 0.283950
vt 0.065832 0.320589
vt 0.067606 0.320573
vt 0.035005 0.246007
vt 0.033333 0.246022
vt 0.938434 0.026362
vt 0.936760 0.026362
vt 0.936760 0.035067
vt 0.938432 0.035067
vt 0.080517 0.433546
vt 0.094506 0.393410
vt 0.092833 0.393389
vt 0.078746 0.433524
vt 0.058854 0.472390
vt 0.060631 0.472413
vt 0.877825 0.300423
vt 0.876135 0.300386
vt 0.860198 0.339152
vt 0.861975 0.339191
vt 0.884799 0.261462
vt 0.883168 0.261426
vt 0.886270 0.222381
vt 0.884649 0.222346
vt 0.887030 0.187445
vt 0.885409 0.187409
vt 0.887657 0.158601
vt 0.886035 0.158566
vt 0.034955 0.046750
vt 0.033333 0.046750
vt 0.033333 0.055440
vt 0.034955 0.055440
vt 0.893505 0.492360
vt 0.891884 0.492401
vt 0.892597 0.520673
vt 0.894218 0.520632
vt 0.892666 0.459141
vt 0.891043 0.459182
vt 0.890333 0.422374
vt 0.888696 0.422415
vt 0.882097 0.385755
vt 0.880406 0.385798
vt 0.867076 0.349308
vt 0.865302 0.349352
vt 0.089167 0.316686
vt 0.087397 0.316701
vt 0.106660 0.353335
vt 0.108434 0.353320
vt 0.075838 0.278763
vt 0.074166 0.278778
vt 0.989475 0.007818
vt 0.987801 0.007818
vt 0.987801 0.016524
vt 0.989473 0.016523
vt 0.967384 0.103042
vt 0.967387 0.111106
vt 0.969007 0.111106
vt 0.969007 0.103042
vt 0.438371 0.832256
vt 0.436728 0.832338
vt 0.439786 0.856861
vt 0.441408 0.856781
vt 0.432056 0.810252
vt 0.430359 0.810337
vt 0.422186 0.788508
vt 0.420418 0.788596
vt 0.409878 0.766884
vt 0.408072 0.766974
vt 0.397493 0.745265
vt 0.395725 0.745352
vt 0.767874 0.403089
vt 0.766145 0.403099
vt 0.774706 0.425258
vt 0.776477 0.425247
vt 0.759791 0.379645
vt 0.758116 0.379655
vt 0.861875 0.089458
vt 0.860201 0.089458
vt 0.860198 0.097550
vt 0.861873 0.097550
vt 0.466208 0.534066
vt 0.467939 0.534088
vt 0.476534 0.508594
vt 0.474860 0.508573
vt 0.456974 0.558279
vt 0.458746 0.558302
vt 0.558099 0.783140
vt 0.556295 0.783080
vt 0.543744 0.807002
vt 0.545515 0.807061
vt 0.570334 0.759208
vt 0.568574 0.759149
vt 0.579722 0.735179
vt 0.578036 0.735123
vt 0.585126 0.711467
vt 0.583489 0.711412
vt 0.587084 0.686346
vt 0.585464 0.686291
vt 0.650930 0.095342
vt 0.650933 0.103414
vt 0.652554 0.103414
vt 0.652554 0.095342
vt 0.049677 0.857955
vt 0.048033 0.858022
vt 0.050872 0.882570
vt 0.052495 0.882504
vt 0.043559 0.835897
vt 0.041862 0.835966
vt 0.033885 0.814067
vt 0.032116 0.814139
vt 0.021772 0.792336
vt 0.019965 0.792410
vt 0.009581 0.770608
vt 0.007812 0.770680
vt 0.844384 0.403148
vt 0.842655 0.403155
vt 0.851167 0.425337
vt 0.852938 0.425330
vt 0.836352 0.379683
vt 0.834678 0.379689
vt 0.974167 0.084826
vt 0.972491 0.084826
vt 0.972488 0.092922
vt 0.974164 0.092922
vt 0.818235 0.584841
vt 0.819964 0.584851
vt 0.828395 0.559311
vt 0.826721 0.559301
vt 0.809157 0.609105
vt 0.810929 0.609116
vt 0.313102 0.774719
vt 0.311298 0.774658
vt 0.298747 0.798580
vt 0.300518 0.798640
vt 0.325337 0.750786
vt 0.323577 0.750726
vt 0.334726 0.726757
vt 0.333039 0.726700
vt 0.340129 0.703044
vt 0.338493 0.702989
vt 0.342088 0.677923
vt 0.340467 0.677868
vt 0.329289 0.289762
vt 0.327615 0.289747
vt 0.313416 0.329937
vt 0.315187 0.329952
vt 0.938433 0.053888
vt 0.938433 0.045186
vt 0.936760 0.045186
vt 0.936761 0.053888
vt 0.104584 0.217904
vt 0.091151 0.179918
vt 0.089478 0.179926
vt 0.102814 0.217912
vt 0.123708 0.254629
vt 0.121934 0.254636
vt 0.892142 0.044240
vt 0.877284 0.007817
vt 0.875510 0.007865
vt 0.890451 0.044286
vt 0.900297 0.080846
vt 0.898660 0.080890
vt 0.902660 0.117609
vt 0.901037 0.117653
vt 0.903561 0.150826
vt 0.901940 0.150870
vt 0.904330 0.179095
vt 0.902709 0.179139
vt 0.371826 0.055788
vt 0.371826 0.047098
vt 0.370204 0.047098
vt 0.370204 0.055788
vt 0.837271 0.659153
vt 0.838223 0.630316
vt 0.836602 0.630262
vt 0.835651 0.659099
vt 0.836119 0.694080
vt 0.834499 0.694026
vt 0.834236 0.733145
vt 0.832605 0.733091
vt 0.826983 0.772033
vt 0.825293 0.771977
vt 0.810934 0.810630
vt 0.809157 0.810572
vt 0.293642 0.368882
vt 0.295420 0.368897
vt 0.610008 0.323757
vt 0.608335 0.323742
vt 0.594138 0.363924
vt 0.595909 0.363940
vt 0.331045 0.034889
vt 0.331045 0.026183
vt 0.329371 0.026183
vt 0.329372 0.034889
vt 0.441773 0.109074
vt 0.428021 0.071203
vt 0.426349 0.071224
vt 0.440003 0.109097
vt 0.461204 0.145637
vt 0.459429 0.145660
vt 0.917585 0.044276
vt 0.902805 0.007817
vt 0.901031 0.007861
vt 0.915894 0.044318
vt 0.925660 0.080902
vt 0.924023 0.080943
vt 0.927941 0.117673
vt 0.926320 0.117714
vt 0.928772 0.150894
vt 0.927151 0.150935
vt 0.929479 0.179167
vt 0.927858 0.179208
vt 0.734217 0.057656
vt 0.734217 0.048968
vt 0.732596 0.048968
vt 0.732596 0.057656
vt 0.872099 0.678355
vt 0.872879 0.649514
vt 0.871258 0.649471
vt 0.870478 0.678312
vt 0.871155 0.713288
vt 0.869534 0.713244
vt 0.869504 0.752362
vt 0.867872 0.752318
vt 0.862482 0.791291
vt 0.860792 0.791245
vt 0.846663 0.829982
vt 0.844886 0.829934
vt 0.574368 0.402863
vt 0.576146 0.402878
vt 0.191505 0.185129
vt 0.189831 0.185114
vt 0.175618 0.225300
vt 0.177390 0.225316
vt 0.586249 0.035066
vt 0.586250 0.026365
vt 0.584576 0.026365
vt 0.584578 0.035066
vt 0.773540 0.045690
vt 0.759788 0.007818
vt 0.758116 0.007839
vt 0.771770 0.045712
vt 0.792970 0.082253
vt 0.791196 0.082275
vt 0.917577 0.225718
vt 0.902805 0.189256
vt 0.901031 0.189300
vt 0.915886 0.225760
vt 0.925644 0.262346
vt 0.924007 0.262386
vt 0.927919 0.299117
vt 0.926296 0.299158
vt 0.928741 0.332339
vt 0.927120 0.332379
vt 0.929441 0.360612
vt 0.927820 0.360652
vt 0.045162 0.075155
vt 0.045162 0.066469
vt 0.043541 0.066469
vt 0.043541 0.075155
vt 0.962625 0.805067
vt 0.963148 0.776221
vt 0.961527 0.776192
vt 0.961003 0.805037
vt 0.961990 0.840006
vt 0.960369 0.839976
vt 0.960687 0.879092
vt 0.959055 0.879062
vt 0.954011 0.918081
vt 0.952321 0.918050
vt 0.938537 0.956910
vt 0.936760 0.956878
vt 0.155832 0.264241
vt 0.157609 0.264257
vt 0.635617 0.103301
vt 0.637239 0.103301
vt 0.637242 0.095229
vt 0.635618 0.095229
vt 0.176890 0.701105
vt 0.178927 0.675991
vt 0.177306 0.675929
vt 0.175253 0.701042
vt 0.171507 0.724797
vt 0.169821 0.724732
vt 0.162201 0.748788
vt 0.160441 0.748721
vt 0.149970 0.772667
vt 0.148167 0.772598
vt 0.137186 0.796525
vt 0.135415 0.796457
vt 0.063000 0.409903
vt 0.053749 0.434157
vt 0.055521 0.434171
vt 0.064730 0.409917
vt 0.071685 0.384372
vt 0.073359 0.384386
vt 0.387194 0.094807
vt 0.387191 0.086714
vt 0.385516 0.086714
vt 0.385519 0.094807
vt 0.752831 0.045905
vt 0.744478 0.022508
vt 0.742804 0.022526
vt 0.751102 0.045925
vt 0.761677 0.068016
vt 0.759907 0.068036
vt 0.271910 0.804304
vt 0.259683 0.782530
vt 0.257914 0.782595
vt 0.270102 0.804371
vt 0.283845 0.826089
vt 0.282075 0.826155
vt 0.293241 0.847969
vt 0.291543 0.848031
vt 0.299127 0.870061
vt 0.297483 0.870122
vt 0.301802 0.894631
vt 0.300179 0.894691
vt 0.666242 0.103417
vt 0.667863 0.103417
vt 0.667866 0.095349
vt 0.666243 0.095349
vt 0.605377 0.734817
vt 0.607347 0.709699
vt 0.605726 0.709641
vt 0.603741 0.734759
vt 0.600058 0.758523
vt 0.598372 0.758463
vt 0.590817 0.782539
vt 0.589057 0.782476
vt 0.578651 0.806451
vt 0.576847 0.806386
vt 0.565931 0.830343
vt 0.564160 0.830279
vt 0.787814 0.142400
vt 0.778532 0.166651
vt 0.780305 0.166667
vt 0.789544 0.142416
vt 0.796531 0.116872
vt 0.798206 0.116888
vt 0.239174 0.099955
vt 0.239171 0.091867
vt 0.237497 0.091867
vt 0.237500 0.099955
vt 0.645480 0.166131
vt 0.637292 0.142670
vt 0.635617 0.142677
vt 0.643751 0.166138
vt 0.654171 0.188308
vt 0.652400 0.188315
vt 0.853912 0.029497
vt 0.841550 0.007816
vt 0.839782 0.007893
vt 0.852106 0.029576
vt 0.865983 0.051191
vt 0.864214 0.051268
vt 0.875517 0.072995
vt 0.873820 0.073069
vt 0.881545 0.095036
vt 0.879902 0.095107
vt 0.884379 0.119573
vt 0.882757 0.119644
vt 0.681554 0.103100
vt 0.683176 0.103100
vt 0.683179 0.095028
vt 0.681555 0.095028
vt 0.691087 0.764665
vt 0.692778 0.739526
vt 0.691157 0.739486
vt 0.689450 0.764625
vt 0.686031 0.788428
vt 0.684344 0.788386
vt 0.677056 0.812545
vt 0.675296 0.812501
vt 0.665156 0.836589
vt 0.663352 0.836545
vt 0.652702 0.860620
vt 0.650930 0.860577
vt 0.614215 0.489526
vt 0.604993 0.513799
vt 0.606765 0.513811
vt 0.615945 0.489537
vt 0.622869 0.463976
vt 0.624544 0.463988
vt 0.223862 0.099893
vt 0.223859 0.091805
vt 0.222185 0.091805
vt 0.222188 0.099893
vt 0.278057 0.147902
vt 0.269796 0.124472
vt 0.268122 0.124484
vt 0.276328 0.147915
vt 0.286817 0.170048
vt 0.285046 0.170061
vt 0.399586 0.803703
vt 0.387285 0.781975
vt 0.385516 0.782047
vt 0.397780 0.803777
vt 0.411596 0.825443
vt 0.409827 0.825515
vt 0.421068 0.847287
vt 0.419370 0.847356
vt 0.427031 0.869356
vt 0.425387 0.869422
vt 0.429791 0.893912
vt 0.428168 0.893978
vt 0.354892 0.137047
vt 0.354892 0.145264
vt 0.355873 0.145264
vt 0.355871 0.137047
vt 0.120104 0.140428
vt 0.120103 0.148643
vt 0.121083 0.148643
vt 0.121084 0.140428
vt 0.349788 0.118229
vt 0.349788 0.126928
vt 0.350767 0.126928
vt 0.350767 0.118229
vt 0.130311 0.299599
vt 0.143892 0.337290
vt 0.144931 0.337277
vt 0.131291 0.299587
vt 0.895927 0.604725
vt 0.909238 0.642470
vt 0.910278 0.642461
vt 0.896907 0.604717
vt 0.380412 0.427600
vt 0.393936 0.465476
vt 0.394976 0.465463
vt 0.381392 0.427587
vt 0.163302 0.373920
vt 0.164347 0.373907
vt 0.928490 0.679177
vt 0.929536 0.679168
vt 0.413339 0.502043
vt 0.414385 0.502030
vt 0.936760 0.545935
vt 0.951712 0.582437
vt 0.952707 0.582411
vt 0.937805 0.545908
vt 0.921447 0.594699
vt 0.936508 0.631201
vt 0.937503 0.631175
vt 0.922493 0.594671
vt 0.967384 0.007825
vt 0.981674 0.044551
vt 0.982670 0.044545
vt 0.968430 0.007818
vt 0.959915 0.619115
vt 0.960877 0.619090
vt 0.944783 0.667881
vt 0.945746 0.667856
vt 0.989193 0.081322
vt 0.990156 0.081316
vt 0.962261 0.655946
vt 0.963214 0.655921
vt 0.947155 0.704716
vt 0.948108 0.704691
vt 0.990831 0.118131
vt 0.991784 0.118125
vt 0.963129 0.689212
vt 0.964081 0.689188
vt 0.948027 0.737988
vt 0.948979 0.737963
vt 0.991049 0.151365
vt 0.992002 0.151358
vt 0.963859 0.717256
vt 0.964812 0.717232
vt 0.948762 0.766036
vt 0.949715 0.766011
vt 0.991234 0.179648
vt 0.992188 0.179642
vt 0.446766 0.190168
vt 0.446766 0.198370
vt 0.447719 0.198370
vt 0.447719 0.190168
vt 0.804053 0.189812
vt 0.804053 0.198015
vt 0.805006 0.198015
vt 0.805006 0.189812
vt 0.875510 0.129761
vt 0.875510 0.138447
vt 0.876463 0.138447
vt 0.876463 0.129761
vt 0.942278 0.776155
vt 0.941586 0.804740
vt 0.942539 0.804763
vt 0.943231 0.776178
vt 0.927038 0.700160
vt 0.926362 0.728737
vt 0.927315 0.728759
vt 0.927990 0.700182
vt 0.932053 0.414056
vt 0.931373 0.442895
vt 0.932326 0.442917
vt 0.933005 0.414079
vt 0.940743 0.839629
vt 0.941696 0.839652
vt 0.925538 0.763615
vt 0.926490 0.763637
vt 0.930550 0.477824
vt 0.931503 0.477847
vt 0.939189 0.878646
vt 0.940148 0.878669
vt 0.923994 0.802619
vt 0.924953 0.802642
vt 0.929014 0.516896
vt 0.929972 0.516919
vt 0.932188 0.917530
vt 0.933180 0.917554
vt 0.916949 0.841494
vt 0.917941 0.841518
vt 0.922003 0.555840
vt 0.922995 0.555863
vt 0.916343 0.956201
vt 0.917385 0.956226
vt 0.901031 0.880159
vt 0.902072 0.880184
vt 0.906135 0.594575
vt 0.907177 0.594599
vt 0.426349 0.937111
vt 0.427391 0.937120
vt 0.849990 0.618196
vt 0.851032 0.618209
vt 0.640722 0.942771
vt 0.641764 0.942779
vt 0.370204 0.143583
vt 0.370204 0.151798
vt 0.371185 0.151798
vt 0.371184 0.143583
vt 0.967385 0.140044
vt 0.967384 0.148259
vt 0.968365 0.148259
vt 0.968365 0.140044
vt 0.860198 0.107669
vt 0.860198 0.116387
vt 0.861180 0.116387
vt 0.861180 0.107669
vt 0.451870 0.597328
vt 0.465300 0.635072
vt 0.466340 0.635063
vt 0.452850 0.597319
vt 0.477390 0.604147
vt 0.490706 0.641905
vt 0.491746 0.641896
vt 0.478371 0.604139
vt 0.324267 0.436536
vt 0.337766 0.474417
vt 0.338806 0.474405
vt 0.325247 0.436524
vt 0.484564 0.671779
vt 0.485610 0.671770
vt 0.509965 0.678624
vt 0.511011 0.678616
vt 0.357146 0.510994
vt 0.358191 0.510981
vt 0.967384 0.577487
vt 0.981622 0.614276
vt 0.982618 0.614269
vt 0.968430 0.577480
vt 0.946968 0.395965
vt 0.961910 0.432510
vt 0.962905 0.432487
vt 0.948014 0.395941
vt 0.962280 0.165440
vt 0.977168 0.201918
vt 0.978163 0.201895
vt 0.963326 0.165416
vt 0.989107 0.651109
vt 0.990070 0.651102
vt 0.970067 0.469210
vt 0.971029 0.469188
vt 0.985289 0.238552
vt 0.986251 0.238530
vt 0.990734 0.687980
vt 0.991687 0.687973
vt 0.972321 0.506047
vt 0.973274 0.506025
vt 0.987531 0.275321
vt 0.988484 0.275299
vt 0.990951 0.721259
vt 0.991904 0.721253
vt 0.973087 0.539316
vt 0.974039 0.539294
vt 0.988295 0.308538
vt 0.989248 0.308517
vt 0.991134 0.749313
vt 0.992087 0.749307
vt 0.973732 0.567362
vt 0.974685 0.567340
vt 0.988946 0.336808
vt 0.989898 0.336786
vt 0.114999 0.191189
vt 0.114999 0.199384
vt 0.115951 0.199384
vt 0.115951 0.191189
vt 0.431453 0.183812
vt 0.431453 0.192014
vt 0.432406 0.192014
vt 0.432406 0.183812
vt 0.104791 0.121906
vt 0.104791 0.130592
vt 0.105743 0.130592
vt 0.105743 0.121906
vt 0.197090 0.771918
vt 0.196397 0.800499
vt 0.197349 0.800522
vt 0.198043 0.771941
vt 0.911867 0.414214
vt 0.911169 0.442792
vt 0.912122 0.442816
vt 0.912819 0.414237
vt 0.957327 0.215321
vt 0.956687 0.244162
vt 0.957640 0.244183
vt 0.958280 0.215342
vt 0.195550 0.835383
vt 0.196503 0.835406
vt 0.910317 0.477673
vt 0.911270 0.477696
vt 0.955912 0.279094
vt 0.956865 0.279116
vt 0.193993 0.874394
vt 0.194952 0.874417
vt 0.908744 0.516680
vt 0.909702 0.516703
vt 0.954429 0.318171
vt 0.955388 0.318192
vt 0.186989 0.913273
vt 0.187981 0.913297
vt 0.901668 0.555552
vt 0.902660 0.555576
vt 0.947471 0.357126
vt 0.948463 0.357148
vt 0.171144 0.951937
vt 0.172186 0.951962
vt 0.885719 0.594208
vt 0.886760 0.594233
vt 0.931656 0.395885
vt 0.932697 0.395908
vt 0.717283 0.940523
vt 0.718325 0.940531
vt 0.288538 0.772146
vt 0.289580 0.772155
vt 0.722387 0.636835
vt 0.723429 0.636848
vt 0.033333 0.139962
vt 0.033333 0.148178
vt 0.034314 0.148178
vt 0.034313 0.139962
vt 0.431454 0.132020
vt 0.431453 0.140238
vt 0.432434 0.140238
vt 0.432434 0.132020
vt 0.967385 0.121226
vt 0.967384 0.129924
vt 0.968364 0.129924
vt 0.968364 0.121226
vt 0.084374 0.516870
vt 0.097809 0.554627
vt 0.098849 0.554618
vt 0.085355 0.516861
vt 0.227289 0.505535
vt 0.240727 0.543236
vt 0.241766 0.543223
vt 0.228269 0.505523
vt 0.885719 0.316117
vt 0.899243 0.353997
vt 0.900283 0.353984
vt 0.886699 0.316105
vt 0.117080 0.591346
vt 0.118126 0.591337
vt 0.260102 0.579878
vt 0.261147 0.579866
vt 0.918648 0.390567
vt 0.919694 0.390554
vt 0.967384 0.323072
vt 0.981623 0.359864
vt 0.982619 0.359857
vt 0.968430 0.323065
vt 0.375308 0.805263
vt 0.390250 0.841807
vt 0.391245 0.841784
vt 0.376354 0.805239
vt 0.007812 0.808273
vt 0.022702 0.844757
vt 0.023697 0.844734
vt 0.008858 0.808249
vt 0.989108 0.396699
vt 0.990071 0.396693
vt 0.398407 0.878507
vt 0.399369 0.878485
vt 0.030823 0.881396
vt 0.031785 0.881373
vt 0.990736 0.433573
vt 0.991689 0.433566
vt 0.400660 0.915344
vt 0.401613 0.915322
vt 0.033064 0.918170
vt 0.034017 0.918148
vt 0.990953 0.466854
vt 0.991906 0.466848
vt 0.401426 0.948612
vt 0.402379 0.948590
vt 0.033828 0.951392
vt 0.034780 0.951370
vt 0.991136 0.494911
vt 0.992089 0.494904
vt 0.402072 0.976657
vt 0.403025 0.976636
vt 0.034477 0.979666
vt 0.035430 0.979644
vt 0.722387 0.168491
vt 0.722387 0.176693
vt 0.723340 0.176693
vt 0.723340 0.168491
vt 0.860198 0.163524
vt 0.860198 0.171726
vt 0.861151 0.171726
vt 0.861151 0.163524
vt 0.860198 0.126506
vt 0.860198 0.135192
vt 0.861151 0.135192
vt 0.861151 0.126506
vt 0.891803 0.651843
vt 0.891022 0.680429
vt 0.891975 0.680455
vt 0.892756 0.651869
vt 0.906916 0.699803
vt 0.906195 0.728390
vt 0.907148 0.728414
vt 0.907869 0.699827
vt 0.957402 0.033827
vt 0.956751 0.062673
vt 0.957704 0.062695
vt 0.958355 0.033849
vt 0.890070 0.715319
vt 0.891023 0.715345
vt 0.905315 0.763282
vt 0.906268 0.763306
vt 0.955962 0.097611
vt 0.956915 0.097633
vt 0.888393 0.754334
vt 0.889352 0.754360
vt 0.903710 0.802300
vt 0.904668 0.802324
vt 0.954464 0.136695
vt 0.955422 0.136716
vt 0.881269 0.793201
vt 0.882261 0.793228
vt 0.896600 0.841179
vt 0.897592 0.841204
vt 0.947489 0.175654
vt 0.948481 0.175677
vt 0.865302 0.831826
vt 0.866344 0.831854
vt 0.880615 0.879834
vt 0.881656 0.879860
vt 0.931656 0.214414
vt 0.932697 0.214437
vt 0.824469 0.920737
vt 0.825511 0.920746
vt 0.436557 0.543828
vt 0.437600 0.543841
vt 0.094582 0.942143
vt 0.095624 0.942152
vt 0.254200 0.712303
vt 0.252093 0.737153
vt 0.253055 0.737192
vt 0.255153 0.712341
vt 0.667043 0.738192
vt 0.665076 0.763053
vt 0.666038 0.763086
vt 0.667996 0.738225
vt 0.851110 0.731047
vt 0.849062 0.756158
vt 0.850023 0.756194
vt 0.852063 0.731083
vt 0.246582 0.760782
vt 0.247571 0.760822
vt 0.659658 0.786713
vt 0.660647 0.786747
vt 0.843594 0.779847
vt 0.844583 0.779885
vt 0.237111 0.784684
vt 0.238141 0.784726
vt 0.650256 0.810671
vt 0.651286 0.810706
vt 0.834153 0.803838
vt 0.835184 0.803877
vt 0.224761 0.808470
vt 0.225816 0.808513
vt 0.638007 0.834531
vt 0.639062 0.834567
vt 0.821851 0.827721
vt 0.822906 0.827760
vt 0.211977 0.832238
vt 0.213013 0.832280
vt 0.625409 0.858379
vt 0.626446 0.858414
vt 0.809157 0.851589
vt 0.810194 0.851628
vt 0.059890 0.918968
vt 0.069036 0.894773
vt 0.068027 0.894766
vt 0.058854 0.918961
vt 0.478427 0.940577
vt 0.487515 0.916382
vt 0.486506 0.916375
vt 0.477390 0.940570
vt 0.054787 0.689550
vt 0.064068 0.665333
vt 0.063058 0.665320
vt 0.053749 0.689537
vt 0.077595 0.869547
vt 0.076618 0.869541
vt 0.496011 0.891156
vt 0.495033 0.891149
vt 0.072769 0.639836
vt 0.071791 0.639823
vt 0.217081 0.194011
vt 0.217082 0.201602
vt 0.218060 0.201602
vt 0.218057 0.194011
vt 0.130314 0.193602
vt 0.130311 0.201206
vt 0.131291 0.201206
vt 0.131292 0.193602
vt 0.860199 0.145311
vt 0.860198 0.153404
vt 0.861178 0.153404
vt 0.861177 0.145311
vt 0.436557 0.684451
vt 0.444782 0.707669
vt 0.445796 0.707659
vt 0.437537 0.684441
vt 0.227289 0.879880
vt 0.235386 0.903142
vt 0.236400 0.903135
vt 0.228269 0.879873
vt 0.405933 0.649674
vt 0.414143 0.673066
vt 0.415157 0.673055
vt 0.406912 0.649664
vt 0.453520 0.729847
vt 0.454565 0.729836
vt 0.244002 0.925364
vt 0.245048 0.925357
vt 0.422865 0.695172
vt 0.423910 0.695161
vt 0.242601 0.805896
vt 0.254710 0.827757
vt 0.255777 0.827720
vt 0.243646 0.805860
vt 0.053749 0.785710
vt 0.065815 0.807578
vt 0.066883 0.807541
vt 0.054794 0.785674
vt 0.467182 0.784491
vt 0.479367 0.806228
vt 0.480435 0.806186
vt 0.468226 0.784450
vt 0.266648 0.849624
vt 0.267693 0.849588
vt 0.077803 0.829450
vt 0.078848 0.829414
vt 0.491429 0.827970
vt 0.492473 0.827929
vt 0.276104 0.871577
vt 0.277104 0.871543
vt 0.087350 0.851406
vt 0.088351 0.851371
vt 0.501030 0.849809
vt 0.502030 0.849769
vt 0.282023 0.893720
vt 0.282989 0.893687
vt 0.093339 0.873552
vt 0.094305 0.873518
vt 0.507086 0.871870
vt 0.508052 0.871832
vt 0.285614 0.918024
vt 0.284661 0.918057
vt 0.510814 0.896380
vt 0.509861 0.896418
vt 0.096957 0.897862
vt 0.096003 0.897895
vt 0.743439 0.739073
vt 0.741489 0.763937
vt 0.742451 0.763970
vt 0.744392 0.739105
vt 0.646701 0.734000
vt 0.644721 0.758866
vt 0.645683 0.758900
vt 0.647655 0.734034
vt 0.381540 0.721363
vt 0.379491 0.746479
vt 0.380452 0.746515
vt 0.382493 0.721399
vt 0.736127 0.787602
vt 0.737116 0.787636
vt 0.639289 0.782529
vt 0.640278 0.782563
vt 0.374022 0.770172
vt 0.375011 0.770209
vt 0.726806 0.811565
vt 0.727836 0.811601
vt 0.629871 0.806487
vt 0.630902 0.806523
vt 0.364580 0.794167
vt 0.365611 0.794205
vt 0.714606 0.835430
vt 0.715661 0.835466
vt 0.617606 0.830346
vt 0.618662 0.830382
vt 0.352276 0.818054
vt 0.353331 0.818093
vt 0.701971 0.859279
vt 0.703008 0.859315
vt 0.604993 0.854192
vt 0.606030 0.854228
vt 0.339579 0.841926
vt 0.340616 0.841965
vt 0.902068 0.933019
vt 0.911149 0.908799
vt 0.910140 0.908795
vt 0.901031 0.933014
vt 0.121140 0.942708
vt 0.130169 0.918476
vt 0.129160 0.918472
vt 0.120103 0.942704
vt 0.697904 0.810336
vt 0.707028 0.786059
vt 0.706018 0.786052
vt 0.696867 0.810329
vt 0.919641 0.883551
vt 0.918664 0.883547
vt 0.138602 0.893215
vt 0.137624 0.893211
vt 0.715563 0.760506
vt 0.714585 0.760500
vt 0.589681 0.197474
vt 0.589682 0.205065
vt 0.590660 0.205065
vt 0.590657 0.197474
vt 0.390623 0.195100
vt 0.390620 0.202691
vt 0.391599 0.202691
vt 0.391600 0.195100
vt 0.472287 0.149704
vt 0.472286 0.157797
vt 0.473266 0.157797
vt 0.473265 0.149704
vt 0.849990 0.360077
vt 0.858150 0.383325
vt 0.859164 0.383318
vt 0.850970 0.360070
vt 0.314059 0.894731
vt 0.322155 0.917993
vt 0.323169 0.917986
vt 0.315039 0.894725
vt 0.502911 0.608219
vt 0.511111 0.631643
vt 0.512126 0.631634
vt 0.503891 0.608210
vt 0.866827 0.405534
vt 0.867872 0.405526
vt 0.330772 0.940215
vt 0.331818 0.940208
vt 0.519825 0.653781
vt 0.520871 0.653771
vt 0.768324 0.809457
vt 0.780372 0.831353
vt 0.781440 0.831319
vt 0.769369 0.809424
vt 0.523327 0.800530
vt 0.535373 0.822410
vt 0.536441 0.822374
vt 0.524372 0.800495
vt 0.227289 0.834791
vt 0.238984 0.856809
vt 0.240052 0.856792
vt 0.228334 0.834773
vt 0.792250 0.853254
vt 0.793295 0.853221
vt 0.547341 0.844291
vt 0.548387 0.844256
vt 0.250555 0.878830
vt 0.251600 0.878812
vt 0.801645 0.875234
vt 0.802645 0.875202
vt 0.556870 0.866255
vt 0.557870 0.866221
vt 0.259662 0.900892
vt 0.260664 0.900875
vt 0.807502 0.897394
vt 0.808468 0.897363
vt 0.562838 0.888406
vt 0.563805 0.888374
vt 0.265219 0.923096
vt 0.266186 0.923080
vt 0.811026 0.921709
vt 0.810072 0.921739
vt 0.268392 0.947696
vt 0.267438 0.947712
vt 0.566435 0.912719
vt 0.565481 0.912751
vt 0.768753 0.739327
vt 0.766845 0.764191
vt 0.767807 0.764223
vt 0.769707 0.739358
vt 0.136803 0.712126
vt 0.134715 0.736979
vt 0.135676 0.737017
vt 0.137756 0.712164
vt 0.626534 0.724964
vt 0.624485 0.750078
vt 0.625447 0.750114
vt 0.627487 0.725000
vt 0.761523 0.787863
vt 0.762513 0.787895
vt 0.129182 0.760614
vt 0.130171 0.760653
vt 0.619017 0.773770
vt 0.620006 0.773807
vt 0.752244 0.811839
vt 0.753274 0.811873
vt 0.119662 0.784527
vt 0.120692 0.784567
vt 0.609576 0.797763
vt 0.610606 0.797801
vt 0.740085 0.835721
vt 0.741140 0.835756
vt 0.107297 0.808328
vt 0.108352 0.808370
vt 0.597272 0.821648
vt 0.598327 0.821688
vt 0.727491 0.859589
vt 0.728528 0.859623
vt 0.094582 0.832116
vt 0.095619 0.832157
vt 0.584576 0.845519
vt 0.585613 0.845558
vt 0.309992 0.393728
vt 0.319300 0.369580
vt 0.318291 0.369566
vt 0.308955 0.393714
vt 0.820402 0.889461
vt 0.829586 0.865302
vt 0.828577 0.865291
vt 0.819365 0.889450
vt 0.503948 0.775508
vt 0.513224 0.751303
vt 0.512215 0.751289
vt 0.502911 0.775494
vt 0.328029 0.344396
vt 0.327051 0.344383
vt 0.838182 0.840109
vt 0.837204 0.840099
vt 0.521921 0.725818
vt 0.520943 0.725805
vt 0.405933 0.197036
vt 0.405934 0.204627
vt 0.406912 0.204627
vt 0.406909 0.197036
vt 0.288541 0.065750
vt 0.288538 0.073366
vt 0.289520 0.073366
vt 0.289521 0.065750
vt 0.298747 0.157048
vt 0.298747 0.165141
vt 0.299727 0.165141
vt 0.299726 0.157048
vt 0.074166 0.556567
vt 0.082396 0.579798
vt 0.083409 0.579788
vt 0.075146 0.556558
vt 0.160936 0.519708
vt 0.169215 0.542897
vt 0.170229 0.542883
vt 0.161916 0.519693
vt 0.941864 0.486816
vt 0.950181 0.510185
vt 0.951195 0.510170
vt 0.942844 0.486801
vt 0.091138 0.601988
vt 0.092183 0.601978
vt 0.178007 0.565043
vt 0.179052 0.565028
vt 0.959004 0.532265
vt 0.960049 0.532250
vt 0.298747 0.808791
vt 0.310839 0.830669
vt 0.311907 0.830633
vt 0.299791 0.808756
vt 0.492703 0.785747
vt 0.504749 0.807626
vt 0.505817 0.807590
vt 0.493747 0.785712
vt 0.120103 0.815462
vt 0.132011 0.837366
vt 0.133080 0.837338
vt 0.121148 0.815435
vt 0.322762 0.852553
vt 0.323807 0.852518
vt 0.516717 0.829509
vt 0.517762 0.829473
vt 0.143797 0.859273
vt 0.144842 0.859246
vt 0.332201 0.874521
vt 0.333202 0.874487
vt 0.526246 0.851473
vt 0.527247 0.851440
vt 0.153119 0.881245
vt 0.154120 0.881219
vt 0.338102 0.896675
vt 0.339068 0.896643
vt 0.532215 0.873625
vt 0.533181 0.873592
vt 0.158891 0.903394
vt 0.159858 0.903369
vt 0.341673 0.920990
vt 0.340719 0.921022
vt 0.162304 0.927963
vt 0.161350 0.927988
vt 0.535811 0.897939
vt 0.534858 0.897971
vt 0.508973 0.198596
vt 0.509040 0.198832
vt 0.550785 0.192303
vt 0.551009 0.192008
vt 0.505127 0.187024
vt 0.504902 0.186730
vt 0.463172 0.180222
vt 0.463105 0.180458
vt 0.551139 0.200503
vt 0.551387 0.200719
vt 0.505500 0.178314
vt 0.505253 0.178530
vt 0.511620 0.206713
vt 0.511689 0.206948
vt 0.465819 0.172105
vt 0.465750 0.172340
vt 0.473551 0.222986
vt 0.473673 0.223199
vt 0.427801 0.155871
vt 0.427680 0.156084
vt 0.441908 0.246516
vt 0.442079 0.246691
vt 0.396191 0.132365
vt 0.396019 0.132540
vt 0.419067 0.276348
vt 0.419277 0.276473
vt 0.373378 0.102581
vt 0.373168 0.102706
vt 0.404241 0.310086
vt 0.404476 0.310154
vt 0.358559 0.068910
vt 0.358324 0.068977
vt 0.399446 0.342972
vt 0.399689 0.342991
vt 0.353762 0.036064
vt 0.353520 0.036083
vt 0.399064 0.370993
vt 0.399304 0.371239
vt 0.353366 0.007818
vt 0.353126 0.008064
vt 0.390867 0.370891
vt 0.390620 0.371131
vt 0.344683 0.007932
vt 0.344930 0.008172
vt 0.391262 0.342324
vt 0.391019 0.342305
vt 0.345092 0.036759
vt 0.345335 0.036740
vt 0.396291 0.307803
vt 0.396055 0.307740
vt 0.350140 0.071322
vt 0.350376 0.071259
vt 0.410843 0.271594
vt 0.410632 0.271469
vt 0.364723 0.107593
vt 0.364934 0.107468
vt 0.435581 0.240844
vt 0.435411 0.240668
vt 0.389521 0.138388
vt 0.389691 0.138212
vt 0.468794 0.215533
vt 0.468672 0.215320
vt 0.422807 0.163732
vt 0.422929 0.163520
vt 0.171893 0.410339
vt 0.171960 0.410574
vt 0.213732 0.403992
vt 0.213956 0.403696
vt 0.519891 0.598350
vt 0.519668 0.598055
vt 0.477924 0.591410
vt 0.477856 0.591646
vt 0.214096 0.412191
vt 0.214344 0.412407
vt 0.520292 0.589641
vt 0.520044 0.589856
vt 0.174547 0.418452
vt 0.174616 0.418688
vt 0.480594 0.583301
vt 0.480525 0.583536
vt 0.136497 0.434782
vt 0.136619 0.434994
vt 0.442629 0.566936
vt 0.442507 0.567148
vt 0.104896 0.458308
vt 0.105068 0.458483
vt 0.411110 0.543371
vt 0.410938 0.543546
vt 0.082085 0.488145
vt 0.082296 0.488270
vt 0.388388 0.513536
vt 0.388177 0.513661
vt 0.067302 0.521901
vt 0.067537 0.521968
vt 0.373680 0.479819
vt 0.373445 0.479885
vt 0.062544 0.554792
vt 0.062786 0.554811
vt 0.368986 0.446959
vt 0.368744 0.446978
vt 0.062193 0.582813
vt 0.062433 0.583059
vt 0.368678 0.418713
vt 0.368438 0.418959
vt 0.053995 0.582720
vt 0.053749 0.582960
vt 0.359996 0.418800
vt 0.360241 0.419041
vt 0.054359 0.554153
vt 0.054116 0.554134
vt 0.360314 0.447627
vt 0.360557 0.447609
vt 0.059350 0.519628
vt 0.059114 0.519564
vt 0.365253 0.482204
vt 0.365490 0.482141
vt 0.073878 0.483410
vt 0.073667 0.483286
vt 0.379740 0.518511
vt 0.379951 0.518387
vt 0.098570 0.452637
vt 0.098400 0.452461
vt 0.404429 0.549378
vt 0.404600 0.549203
vt 0.131717 0.427297
vt 0.131594 0.427085
vt 0.437597 0.574817
vt 0.437719 0.574605
vt 0.534433 0.215907
vt 0.534500 0.216143
vt 0.576244 0.209598
vt 0.576468 0.209303
vt 0.168350 0.398725
vt 0.168126 0.398430
vt 0.126390 0.391943
vt 0.126323 0.392179
vt 0.576601 0.217798
vt 0.576849 0.218014
vt 0.168720 0.390014
vt 0.168472 0.390230
vt 0.537084 0.224023
vt 0.537152 0.224258
vt 0.129033 0.383824
vt 0.128964 0.384059
vt 0.499020 0.240311
vt 0.499142 0.240523
vt 0.091006 0.367607
vt 0.090884 0.367820
vt 0.467384 0.263853
vt 0.467555 0.264028
vt 0.059382 0.344116
vt 0.059211 0.344291
vt 0.444553 0.293694
vt 0.444764 0.293819
vt 0.036554 0.314341
vt 0.036344 0.314466
vt 0.429739 0.327439
vt 0.429975 0.327506
vt 0.021718 0.280675
vt 0.021483 0.280743
vt 0.424957 0.360328
vt 0.425199 0.360347
vt 0.016905 0.247830
vt 0.016663 0.247849
vt 0.424585 0.388350
vt 0.424824 0.388596
vt 0.016495 0.219583
vt 0.016256 0.219829
vt 0.416387 0.388251
vt 0.416141 0.388491
vt 0.007812 0.219701
vt 0.008059 0.219940
vt 0.416772 0.359682
vt 0.416529 0.359663
vt 0.008235 0.248529
vt 0.008477 0.248510
vt 0.421789 0.325159
vt 0.421552 0.325095
vt 0.013299 0.283092
vt 0.013536 0.283028
vt 0.436327 0.288943
vt 0.436116 0.288818
vt 0.027901 0.319357
vt 0.028112 0.319232
vt 0.461055 0.258183
vt 0.460884 0.258007
vt 0.052715 0.350142
vt 0.052885 0.349965
vt 0.494259 0.232859
vt 0.494137 0.232646
vt 0.086015 0.375471
vt 0.086137 0.375259
vt 0.309801 0.406156
vt 0.309868 0.406392
vt 0.351644 0.399832
vt 0.351868 0.399537
vt 0.500121 0.457431
vt 0.499897 0.457136
vt 0.458132 0.450645
vt 0.458065 0.450881
vt 0.352003 0.408032
vt 0.352251 0.408248
vt 0.500491 0.448721
vt 0.500244 0.448937
vt 0.312450 0.414271
vt 0.312519 0.414506
vt 0.460772 0.442527
vt 0.460703 0.442762
vt 0.274391 0.430579
vt 0.274513 0.430792
vt 0.422750 0.426302
vt 0.422628 0.426514
vt 0.242777 0.454087
vt 0.242949 0.454262
vt 0.391147 0.402854
vt 0.390975 0.403029
vt 0.219950 0.483912
vt 0.220160 0.484037
vt 0.368317 0.373104
vt 0.368106 0.373229
vt 0.205147 0.517660
vt 0.205383 0.517727
vt 0.353486 0.339442
vt 0.353251 0.339510
vt 0.200370 0.550548
vt 0.200613 0.550567
vt 0.348672 0.306603
vt 0.348430 0.306622
vt 0.200004 0.578569
vt 0.200243 0.578815
vt 0.348261 0.278359
vt 0.348022 0.278605
vt 0.191806 0.578471
vt 0.191560 0.578711
vt 0.339579 0.278478
vt 0.339826 0.278718
vt 0.192186 0.549904
vt 0.191943 0.549885
vt 0.340003 0.307302
vt 0.340246 0.307283
vt 0.197196 0.515382
vt 0.196960 0.515318
vt 0.345069 0.341859
vt 0.345305 0.341795
vt 0.211745 0.479172
vt 0.211533 0.479048
vt 0.359687 0.378110
vt 0.359898 0.377985
vt 0.236455 0.448413
vt 0.236284 0.448237
vt 0.384488 0.408885
vt 0.384658 0.408709
vt 0.269615 0.423092
vt 0.269493 0.422879
vt 0.417746 0.434201
vt 0.417868 0.433988
vt 0.371495 0.238765
vt 0.371562 0.239001
vt 0.413319 0.232553
vt 0.413543 0.232258
vt 0.418466 0.186925
vt 0.418242 0.186630
vt 0.376508 0.180149
vt 0.376441 0.180385
vt 0.413657 0.240753
vt 0.413904 0.240970
vt 0.418835 0.178214
vt 0.418587 0.178430
vt 0.374127 0.246887
vt 0.374195 0.247122
vt 0.379150 0.172030
vt 0.379081 0.172266
vt 0.336027 0.263087
vt 0.336148 0.263299
vt 0.341123 0.155821
vt 0.341001 0.156033
vt 0.304338 0.286555
vt 0.304509 0.286730
vt 0.309499 0.132335
vt 0.309327 0.132511
vt 0.281439 0.316342
vt 0.281649 0.316468
vt 0.286667 0.102566
vt 0.286457 0.102692
vt 0.266548 0.350052
vt 0.266783 0.350120
vt 0.271827 0.068905
vt 0.271592 0.068973
vt 0.261690 0.382928
vt 0.261932 0.382948
vt 0.267010 0.036063
vt 0.266767 0.036082
vt 0.261253 0.410949
vt 0.261493 0.411195
vt 0.266596 0.007818
vt 0.266357 0.008064
vt 0.253056 0.410831
vt 0.252810 0.411070
vt 0.257914 0.007938
vt 0.258160 0.008177
vt 0.253507 0.382264
vt 0.253264 0.382245
vt 0.258340 0.036763
vt 0.258583 0.036744
vt 0.258603 0.347754
vt 0.258367 0.347690
vt 0.263410 0.071323
vt 0.263646 0.071259
vt 0.273225 0.311572
vt 0.273014 0.311448
vt 0.278016 0.107583
vt 0.278227 0.107459
vt 0.298022 0.280871
vt 0.297852 0.280695
vt 0.302833 0.138362
vt 0.303003 0.138186
vt 0.331283 0.255624
vt 0.331162 0.255411
vt 0.336134 0.163685
vt 0.336256 0.163472
vt 0.559752 0.233259
vt 0.559820 0.233494
vt 0.601590 0.226899
vt 0.601813 0.226604
vt 0.601657 0.187363
vt 0.601434 0.187067
vt 0.559687 0.180447
vt 0.559619 0.180683
vt 0.601956 0.235098
vt 0.602204 0.235314
vt 0.602053 0.178653
vt 0.601805 0.178869
vt 0.562409 0.241371
vt 0.562478 0.241607
vt 0.562352 0.172337
vt 0.562283 0.172572
vt 0.524364 0.257712
vt 0.524486 0.257925
vt 0.524379 0.155994
vt 0.524256 0.156206
vt 0.492771 0.281247
vt 0.492943 0.281422
vt 0.492847 0.132448
vt 0.492675 0.132623
vt 0.469969 0.311091
vt 0.470180 0.311216
vt 0.470108 0.102627
vt 0.469897 0.102752
vt 0.455196 0.344851
vt 0.455431 0.344919
vt 0.455381 0.068919
vt 0.455145 0.068986
vt 0.450447 0.377744
vt 0.450690 0.377762
vt 0.450668 0.036063
vt 0.450425 0.036082
vt 0.450105 0.405765
vt 0.450345 0.406010
vt 0.450344 0.007818
vt 0.450103 0.008063
vt 0.441907 0.405674
vt 0.441661 0.405914
vt 0.441661 0.007910
vt 0.441907 0.008151
vt 0.442262 0.377107
vt 0.442020 0.377088
vt 0.441996 0.036736
vt 0.442239 0.036717
vt 0.447243 0.342581
vt 0.447007 0.342517
vt 0.446956 0.071309
vt 0.447192 0.071246
vt 0.461760 0.306359
vt 0.461549 0.306234
vt 0.461463 0.107607
vt 0.461674 0.107483
vt 0.486443 0.275579
vt 0.486273 0.275403
vt 0.486169 0.138459
vt 0.486340 0.138284
vt 0.519582 0.250229
vt 0.519459 0.250017
vt 0.519351 0.163878
vt 0.519474 0.163666
vt 0.658985 0.399450
vt 0.658751 0.399199
vt 0.651181 0.398917
vt 0.650930 0.399150
vt 0.007812 0.508336
vt 0.008069 0.508565
vt 0.015632 0.508149
vt 0.015861 0.507894
vt 0.652052 0.374041
vt 0.651809 0.374018
vt 0.009246 0.533498
vt 0.009488 0.533473
vt 0.655743 0.350098
vt 0.655509 0.350026
vt 0.012678 0.557570
vt 0.012913 0.557499
vt 0.666823 0.326918
vt 0.666615 0.326788
vt 0.023517 0.580917
vt 0.023725 0.580789
vt 0.683430 0.305911
vt 0.683257 0.305737
vt 0.040069 0.602027
vt 0.040243 0.601855
vt 0.704636 0.289269
vt 0.704507 0.289061
vt 0.061238 0.618774
vt 0.061368 0.618566
vt 0.728020 0.278200
vt 0.727943 0.277967
vt 0.084702 0.629840
vt 0.084778 0.629607
vt 0.754131 0.273154
vt 0.754345 0.272851
vt 0.111106 0.634914
vt 0.110889 0.634611
vt 0.754773 0.280719
vt 0.755029 0.280922
vt 0.111695 0.626835
vt 0.111441 0.627041
vt 0.730711 0.285803
vt 0.730788 0.286035
vt 0.087385 0.622043
vt 0.087308 0.622276
vt 0.709011 0.295601
vt 0.709139 0.295809
vt 0.065856 0.612015
vt 0.065727 0.612223
vt 0.689503 0.311138
vt 0.689675 0.311312
vt 0.046331 0.596607
vt 0.046157 0.596780
vt 0.673774 0.330439
vt 0.673982 0.330568
vt 0.030861 0.577092
vt 0.030649 0.577215
vt 0.663975 0.352245
vt 0.664208 0.352319
vt 0.022073 0.554879
vt 0.021839 0.554951
vt 0.659645 0.374742
vt 0.659887 0.374770
vt 0.017311 0.532517
vt 0.017070 0.532550
vt 0.276171 0.772525
vt 0.275937 0.772273
vt 0.268373 0.771981
vt 0.268122 0.772213
vt 0.426349 0.589228
vt 0.426606 0.589457
vt 0.434169 0.589040
vt 0.434397 0.588784
vt 0.269281 0.747123
vt 0.269039 0.747100
vt 0.427785 0.614389
vt 0.428027 0.614365
vt 0.273004 0.723213
vt 0.272771 0.723140
vt 0.431225 0.638450
vt 0.431459 0.638379
vt 0.284095 0.700086
vt 0.283888 0.699956
vt 0.442056 0.661773
vt 0.442264 0.661644
vt 0.300714 0.679138
vt 0.300541 0.678964
vt 0.458609 0.682856
vt 0.458783 0.682683
vt 0.321948 0.662538
vt 0.321820 0.662330
vt 0.479806 0.699594
vt 0.479936 0.699386
vt 0.345364 0.651532
vt 0.345288 0.651299
vt 0.503301 0.710643
vt 0.503377 0.710410
vt 0.371488 0.646553
vt 0.371703 0.646250
vt 0.529729 0.715698
vt 0.529512 0.715395
vt 0.372111 0.654114
vt 0.372367 0.654317
vt 0.530311 0.707618
vt 0.530057 0.707824
vt 0.348031 0.659137
vt 0.348107 0.659370
vt 0.505974 0.702845
vt 0.505897 0.703078
vt 0.326298 0.668879
vt 0.326425 0.669088
vt 0.484412 0.692828
vt 0.484283 0.693036
vt 0.306738 0.684361
vt 0.306910 0.684535
vt 0.464850 0.677431
vt 0.464677 0.677604
vt 0.291025 0.703625
vt 0.291232 0.703755
vt 0.449388 0.657935
vt 0.449176 0.658058
vt 0.281225 0.725377
vt 0.281458 0.725451
vt 0.440603 0.635755
vt 0.440370 0.635827
vt 0.276868 0.747837
vt 0.277109 0.747865
vt 0.435849 0.613406
vt 0.435608 0.613439
vt 0.674297 0.206355
vt 0.674062 0.206104
vt 0.666493 0.205836
vt 0.666242 0.206070
vt 0.559056 0.008266
vt 0.559313 0.008495
vt 0.566874 0.008072
vt 0.567103 0.007817
vt 0.667321 0.180962
vt 0.667078 0.180939
vt 0.560511 0.033424
vt 0.560752 0.033400
vt 0.670970 0.157017
vt 0.670736 0.156945
vt 0.563963 0.057491
vt 0.564197 0.057420
vt 0.682009 0.133821
vt 0.681801 0.133692
vt 0.574820 0.080828
vt 0.575028 0.080699
vt 0.698578 0.112789
vt 0.698404 0.112616
vt 0.591388 0.101923
vt 0.591562 0.101750
vt 0.719752 0.096113
vt 0.719622 0.095905
vt 0.612570 0.118650
vt 0.612699 0.118442
vt 0.743113 0.085005
vt 0.743036 0.084773
vt 0.636041 0.129695
vt 0.636117 0.129462
vt 0.769211 0.079916
vt 0.769425 0.079613
vt 0.662447 0.134747
vt 0.662231 0.134445
vt 0.769866 0.087479
vt 0.770123 0.087681
vt 0.663030 0.126668
vt 0.662776 0.126874
vt 0.745817 0.092603
vt 0.745894 0.092835
vt 0.638717 0.121897
vt 0.638641 0.122130
vt 0.724137 0.102436
vt 0.724266 0.102645
vt 0.617181 0.111887
vt 0.617052 0.112095
vt 0.704658 0.118005
vt 0.704831 0.118179
vt 0.597645 0.096497
vt 0.597472 0.096670
vt 0.688965 0.137330
vt 0.689173 0.137459
vt 0.582161 0.076996
vt 0.581949 0.077120
vt 0.679205 0.159149
vt 0.679438 0.159223
vt 0.573354 0.054793
vt 0.573121 0.054865
vt 0.674914 0.181650
vt 0.675156 0.181678
vt 0.568574 0.032437
vt 0.568333 0.032470
vt 0.658987 0.639185
vt 0.658753 0.638934
vt 0.651181 0.638656
vt 0.650930 0.638890
vt 0.150727 0.008294
vt 0.150985 0.008522
vt 0.158545 0.008073
vt 0.158772 0.007817
vt 0.652039 0.613774
vt 0.651797 0.613751
vt 0.152271 0.033445
vt 0.152512 0.033419
vt 0.655717 0.589835
vt 0.655483 0.589762
vt 0.155812 0.057486
vt 0.156047 0.057414
vt 0.666770 0.566665
vt 0.666563 0.566535
vt 0.166741 0.080758
vt 0.166948 0.080629
vt 0.683362 0.545664
vt 0.683189 0.545490
vt 0.183381 0.101766
vt 0.183554 0.101593
vt 0.704582 0.529006
vt 0.704453 0.528798
vt 0.204645 0.118411
vt 0.204774 0.118203
vt 0.727996 0.517943
vt 0.727920 0.517710
vt 0.228183 0.129357
vt 0.228257 0.129124
vt 0.754134 0.512905
vt 0.754348 0.512603
vt 0.254627 0.134298
vt 0.254409 0.133997
vt 0.754772 0.520472
vt 0.755029 0.520675
vt 0.255174 0.126217
vt 0.254921 0.126424
vt 0.730681 0.525549
vt 0.730757 0.525782
vt 0.230821 0.121549
vt 0.230746 0.121782
vt 0.708948 0.535344
vt 0.709076 0.535553
vt 0.209221 0.111627
vt 0.209093 0.111835
vt 0.689402 0.550880
vt 0.689574 0.551054
vt 0.189598 0.096316
vt 0.189425 0.096490
vt 0.673714 0.570193
vt 0.673922 0.570322
vt 0.174055 0.076890
vt 0.173843 0.077014
vt 0.663950 0.591984
vt 0.664183 0.592058
vt 0.165177 0.054752
vt 0.164944 0.054824
vt 0.659634 0.614474
vt 0.659876 0.614501
vt 0.160329 0.032428
vt 0.160088 0.032462
vt 0.072013 0.759178
vt 0.071779 0.758926
vt 0.064209 0.758653
vt 0.063958 0.758887
vt 0.615201 0.140052
vt 0.615457 0.140282
vt 0.623022 0.139887
vt 0.623252 0.139632
vt 0.065052 0.733776
vt 0.064810 0.733753
vt 0.616563 0.165221
vt 0.616805 0.165198
vt 0.068718 0.709830
vt 0.068484 0.709757
vt 0.619927 0.189307
vt 0.620162 0.189236
vt 0.079773 0.686637
vt 0.079565 0.686508
vt 0.630700 0.212689
vt 0.630909 0.212561
vt 0.096358 0.665612
vt 0.096185 0.665439
vt 0.647194 0.233849
vt 0.647369 0.233677
vt 0.117546 0.648947
vt 0.117416 0.648740
vt 0.668319 0.250659
vt 0.668449 0.250451
vt 0.140918 0.637853
vt 0.140841 0.637621
vt 0.691754 0.261793
vt 0.691831 0.261561
vt 0.167023 0.632780
vt 0.167237 0.632477
vt 0.718148 0.266944
vt 0.717932 0.266641
vt 0.167673 0.640344
vt 0.167930 0.640547
vt 0.718760 0.258865
vt 0.718506 0.259070
vt 0.143617 0.645454
vt 0.143694 0.645686
vt 0.694460 0.254003
vt 0.694383 0.254236
vt 0.121928 0.655275
vt 0.122056 0.655483
vt 0.672956 0.243912
vt 0.672826 0.244119
vt 0.102436 0.670833
vt 0.102608 0.671007
vt 0.653473 0.228446
vt 0.653299 0.228618
vt 0.086728 0.690151
vt 0.086936 0.690280
vt 0.638057 0.208883
vt 0.637844 0.209006
vt 0.076952 0.711967
vt 0.077185 0.712041
vt 0.629330 0.186642
vt 0.629097 0.186713
vt 0.072647 0.734469
vt 0.072889 0.734497
vt 0.624632 0.164263
vt 0.624390 0.164295
vt 0.230242 0.760609
vt 0.230008 0.760358
vt 0.222436 0.760088
vt 0.222185 0.760322
vt 0.610097 0.573784
vt 0.610354 0.574012
vt 0.617915 0.573592
vt 0.618144 0.573336
vt 0.223270 0.735205
vt 0.223028 0.735183
vt 0.611545 0.598941
vt 0.611787 0.598916
vt 0.226924 0.711262
vt 0.226690 0.711190
vt 0.614996 0.622996
vt 0.615231 0.622925
vt 0.237955 0.688082
vt 0.237747 0.687952
vt 0.625837 0.646310
vt 0.626045 0.646181
vt 0.254526 0.667064
vt 0.254353 0.666891
vt 0.642398 0.667382
vt 0.642572 0.667209
vt 0.275730 0.650386
vt 0.275600 0.650178
vt 0.663600 0.684107
vt 0.663730 0.683900
vt 0.299133 0.639300
vt 0.299056 0.639067
vt 0.687097 0.695143
vt 0.687172 0.694910
vt 0.325266 0.634237
vt 0.325480 0.633934
vt 0.713523 0.700184
vt 0.713306 0.699882
vt 0.325912 0.641803
vt 0.326168 0.642006
vt 0.714101 0.692105
vt 0.713847 0.692311
vt 0.301825 0.646904
vt 0.301902 0.647136
vt 0.689765 0.687345
vt 0.689689 0.687578
vt 0.280102 0.656719
vt 0.280230 0.656928
vt 0.668202 0.677340
vt 0.668073 0.677548
vt 0.260571 0.672274
vt 0.260744 0.672448
vt 0.648635 0.661955
vt 0.648462 0.662128
vt 0.244902 0.691603
vt 0.245110 0.691732
vt 0.633166 0.642469
vt 0.632954 0.642593
vt 0.235159 0.713403
vt 0.235393 0.713477
vt 0.624372 0.620297
vt 0.624138 0.620369
vt 0.230865 0.735897
vt 0.231107 0.735924
vt 0.619607 0.597954
vt 0.619366 0.597987
vt 0.281872 0.464595
vt 0.282120 0.490200
vt 0.286092 0.489906
vt 0.285838 0.464556
vt 0.627327 0.897058
vt 0.621577 0.897058
vt 0.621577 0.901039
vt 0.627327 0.901039
vt 0.537514 0.581983
vt 0.537764 0.556672
vt 0.533788 0.556370
vt 0.533535 0.581940
vt 0.541708 0.528718
vt 0.537832 0.527673
vt 0.553809 0.500769
vt 0.550268 0.498856
vt 0.573825 0.476480
vt 0.570754 0.473814
vt 0.600517 0.457645
vt 0.598396 0.454206
vt 0.631224 0.445553
vt 0.630046 0.441708
vt 0.662769 0.441264
vt 0.662690 0.437273
vt 0.871590 0.923113
vt 0.877341 0.923113
vt 0.877341 0.919118
vt 0.871590 0.919118
vt 0.410957 0.606473
vt 0.379480 0.601920
vt 0.378272 0.605743
vt 0.410843 0.610461
vt 0.348887 0.589560
vt 0.346761 0.592941
vt 0.322291 0.570460
vt 0.319245 0.573066
vt 0.302305 0.545972
vt 0.298751 0.547879
vt 0.290077 0.517934
vt 0.286195 0.518975
vt 0.585932 0.893487
vt 0.579472 0.893487
vt 0.579472 0.897482
vt 0.585932 0.897482
vt 0.254648 0.148656
vt 0.223172 0.144341
vt 0.221993 0.148175
vt 0.254565 0.152647
vt 0.192557 0.132220
vt 0.190452 0.135622
vt 0.165837 0.113395
vt 0.162807 0.116020
vt 0.145725 0.089103
vt 0.142183 0.091011
vt 0.133479 0.061145
vt 0.129601 0.062185
vt 0.129445 0.033156
vt 0.125469 0.033453
vt 0.129186 0.007818
vt 0.125207 0.007856
vt 0.213331 0.892733
vt 0.206873 0.892733
vt 0.206873 0.896715
vt 0.213331 0.896715
vt 0.500209 0.419491
vt 0.500600 0.394142
vt 0.496629 0.393826
vt 0.496243 0.419430
vt 0.504734 0.366136
vt 0.500858 0.365074
vt 0.517113 0.338164
vt 0.513570 0.336238
vt 0.537253 0.313803
vt 0.534177 0.311142
vt 0.563937 0.294838
vt 0.561808 0.291411
vt 0.594591 0.282642
vt 0.593401 0.278803
vt 0.626089 0.278248
vt 0.625997 0.274260
vt 0.634388 0.519001
vt 0.641403 0.541165
vt 0.666504 0.537356
vt 0.665839 0.514423
vt 0.617792 0.551030
vt 0.603827 0.531295
vt 0.595822 0.566217
vt 0.577231 0.550237
vt 0.578041 0.585904
vt 0.557044 0.574399
vt 0.566655 0.608644
vt 0.544293 0.602073
vt 0.562520 0.632322
vt 0.539640 0.629923
vt 0.561570 0.656127
vt 0.538639 0.655213
vt 0.569481 0.123103
vt 0.562374 0.145248
vt 0.593809 0.149944
vt 0.594567 0.127014
vt 0.490117 0.007818
vt 0.467182 0.008639
vt 0.468080 0.033933
vt 0.490969 0.031627
vt 0.472620 0.061802
vt 0.495008 0.055322
vt 0.485258 0.089527
vt 0.506301 0.078108
vt 0.505325 0.113790
vt 0.524003 0.097867
vt 0.531858 0.132832
vt 0.545911 0.113142
vt 0.510638 0.545102
vt 0.487676 0.543531
vt 0.487598 0.570612
vt 0.510559 0.570683
vt 0.514556 0.516366
vt 0.492028 0.510361
vt 0.527280 0.487643
vt 0.506313 0.476072
vt 0.548219 0.462943
vt 0.529991 0.446579
vt 0.576216 0.443844
vt 0.562533 0.423880
vt 0.608055 0.431956
vt 0.601673 0.409579
vt 0.640734 0.405200
vt 0.640742 0.428154
vt 0.229616 0.614951
vt 0.223102 0.637290
vt 0.262137 0.641899
vt 0.262280 0.618945
vt 0.197860 0.602852
vt 0.184047 0.622759
vt 0.169985 0.583594
vt 0.151639 0.599870
vt 0.149169 0.558791
vt 0.128134 0.570238
vt 0.136614 0.529993
vt 0.114051 0.535866
vt 0.132866 0.501235
vt 0.109895 0.502671
vt 0.132937 0.475653
vt 0.109976 0.475590
vt 0.621015 0.897064
vt 0.621015 0.901045
vt 0.989514 0.780672
vt 0.988952 0.780651
vt 0.988042 0.806207
vt 0.988603 0.806241
vt 0.705604 0.954597
vt 0.705043 0.954639
vt 0.706362 0.979923
vt 0.706924 0.979895
vt 0.985650 0.835089
vt 0.986211 0.835148
vt 0.702496 0.926507
vt 0.701936 0.926572
vt 0.981722 0.866230
vt 0.982279 0.866321
vt 0.697603 0.896404
vt 0.697047 0.896503
vt 0.975301 0.897941
vt 0.975851 0.898063
vt 0.690381 0.865729
vt 0.689833 0.865858
vt 0.967384 0.930895
vt 0.967932 0.931021
vt 0.682101 0.834114
vt 0.681554 0.834247
vt 0.594785 0.069263
vt 0.595286 0.069518
vt 0.610436 0.039041
vt 0.609917 0.038820
vt 0.708041 0.383139
vt 0.707521 0.383359
vt 0.721953 0.413086
vt 0.722455 0.412832
vt 0.621496 0.008001
vt 0.620967 0.007812
vt 0.871028 0.919117
vt 0.871028 0.923112
vt 0.697397 0.353126
vt 0.696867 0.353314
vt 0.586494 0.897482
vt 0.586494 0.893487
vt 0.162050 0.197696
vt 0.161520 0.197507
vt 0.150508 0.228538
vt 0.151027 0.228758
vt 0.227757 0.561621
vt 0.228276 0.561401
vt 0.217611 0.531448
vt 0.217081 0.531636
vt 0.135415 0.259003
vt 0.135917 0.259257
vt 0.242204 0.591282
vt 0.242706 0.591026
vt 0.344683 0.978325
vt 0.345232 0.978451
vt 0.353127 0.945492
vt 0.352577 0.945371
vt 0.766644 0.864163
vt 0.767191 0.864030
vt 0.758661 0.832469
vt 0.758116 0.832607
vt 0.359535 0.913715
vt 0.358978 0.913624
vt 0.774097 0.894783
vt 0.774652 0.894681
vt 0.363425 0.882503
vt 0.362865 0.882445
vt 0.779210 0.924848
vt 0.779769 0.924779
vt 0.365770 0.853568
vt 0.365208 0.853534
vt 0.782515 0.952916
vt 0.783076 0.952870
vt 0.366633 0.827983
vt 0.366071 0.827963
vt 0.213894 0.896708
vt 0.213894 0.892727
vt 0.784008 0.978204
vt 0.784569 0.978172
vn 1.000000 0.000000 0.000000
vn 1.000000 -0.000000 0.000000
vn 0.997335 -0.000000 -0.072960
vn 0.997335 0.000000 -0.072960
vn 0.116977 -0.000001 -0.993135
vn 0.116977 0.000000 -0.993135
vn 0.285149 0.000000 -0.958483
vn 0.262868 -0.000000 -0.964832
vn 0.530807 0.000000 -0.847493
vn 0.510047 0.000000 -0.860147
vn 0.723527 0.000000 -0.690296
vn 0.712617 0.000000 -0.701554
vn 0.869756 0.000000 -0.493482
vn 0.867346 0.000000 -0.497705
vn 0.964186 0.000000 -0.265227
vn 0.964078 0.000000 -0.265621
vn -1.000000 0.000000 0.000000
vn -0.998346 0.000000 0.057498
vn -0.998086 0.000001 0.061843
vn -1.000000 0.000002 0.000000
vn -0.267611 -0.000000 0.963527
vn -0.286867 0.000000 0.957971
vn -0.130476 0.000000 0.991451
vn -0.130476 -0.000000 0.991451
vn -0.509244 0.000000 0.860622
vn -0.528748 0.000000 0.848779
vn -0.715838 0.000000 0.698266
vn -0.734061 0.000000 0.679084
vn -0.871811 -0.000001 0.489843
vn -0.883369 0.000000 0.468678
vn -0.968142 -0.000000 0.250404
vn -0.972350 0.000000 0.233527
vn 0.000000 0.000000 1.000000
vn 0.000000 0.000000 1.000000
vn 0.000000 0.000000 1.000000
vn 0.000000 0.000000 1.000000
vn 0.065062 -0.996009 0.061106
vn 0.137323 -0.983143 0.120712
vn 0.066021 -0.993991 0.087315
vn 0.022139 -0.998976 0.039468
vn -0.137316 0.983144 -0.120712
vn -0.065056 0.996009 -0.061108
vn -0.022139 0.998975 -0.039472
vn -0.066021 0.993991 -0.087316
vn -1.000000 0.000000 0.000000
vn -1.000000 0.000000 0.000000
vn -1.000000 0.000000 0.000000
vn -1.000000 0.000000 0.000000
vn -0.371720 0.928334 0.004460
vn -0.332952 0.942943 -0.000749
vn -0.332946 0.942889 -0.010390
vn -0.347985 0.937196 -0.023859
vn 0.332951 -0.942944 0.000748
vn 0.371708 -0.928339 -0.004460
vn 0.347990 -0.937195 0.023843
vn 0.332946 -0.942889 0.010377
vn -0.408414 0.908966 -0.083547
vn -0.444316 0.895753 -0.014495
vn 0.408421 -0.908963 0.083531
vn 0.444310 -0.895756 0.014499
vn -0.445315 0.880251 -0.163868
vn -0.455775 0.886529 -0.079601
vn 0.445321 -0.880249 0.163861
vn 0.455774 -0.886525 0.079644
vn -0.394156 0.894320 -0.211737
vn -0.354409 0.923684 -0.145608
vn 0.394159 -0.894319 0.211735
vn 0.354381 -0.923689 0.145647
vn -0.280341 0.938304 -0.202473
vn -0.192594 0.969613 -0.150859
vn 0.280345 -0.938303 0.202472
vn 0.192595 -0.969613 0.150860
vn -0.033963 0.999333 -0.013418
vn -0.008860 0.999933 -0.007512
vn -0.000000 1.000000 -0.000000
vn -0.000000 1.000000 -0.000000
vn -0.113441 0.993460 -0.012984
vn -0.036022 0.999351 -0.000123
vn -0.253078 0.967411 -0.008189
vn -0.172500 0.985007 -0.002086
vn -0.389371 0.921064 -0.005695
vn -0.341174 0.939811 -0.018849
vn -0.452657 0.891614 -0.011277
vn -0.434639 0.899329 -0.047910
vn -0.403282 0.915019 -0.010205
vn -0.402222 0.914962 -0.032609
vn -0.334973 0.942227 0.001293
vn -0.334472 0.942405 0.000902
vn -1.000000 0.000000 0.000000
vn -1.000000 0.000000 0.000000
vn -1.000000 0.000000 0.000000
vn -1.000000 0.000001 0.000000
vn 0.334969 -0.942228 -0.001291
vn 0.402220 -0.914962 0.032613
vn 0.403269 -0.915025 0.010215
vn 0.334469 -0.942406 -0.000901
vn 0.452651 -0.891616 0.011288
vn 0.434640 -0.899329 0.047911
vn 0.389334 -0.921079 0.005695
vn 0.341174 -0.939811 0.018846
vn 0.253038 -0.967422 0.008191
vn 0.172497 -0.985008 0.002087
vn 0.113440 -0.993460 0.012985
vn 0.036020 -0.999351 0.000124
vn 0.033962 -0.999333 0.013416
vn 0.000002 -1.000000 -0.000001
vn 0.008859 -0.999933 0.007510
vn 0.000004 -1.000000 -0.000000
vn 0.000000 0.000000 1.000000
vn 0.000000 0.000000 1.000000
vn 0.000000 0.000000 1.000000
vn 0.000000 0.000000 1.000000
vn -0.997841 0.000000 0.065670
vn -0.997540 0.000000 0.070096
vn -1.000000 0.000000 0.000000
vn -1.000000 0.000000 0.000000
vn -0.964285 0.000001 0.264869
vn -0.959489 0.000000 0.281748
vn -0.861549 0.000000 0.507675
vn -0.848648 0.000000 0.528958
vn -0.699746 0.000000 0.714391
vn -0.679178 0.000000 0.733974
vn -0.491598 0.000000 0.870822
vn -0.468646 0.000000 0.883386
vn -0.250679 0.000000 0.968070
vn -0.230082 0.000000 0.973171
vn -0.130476 0.000000 0.991452
vn -0.130476 0.000000 0.991452
vn -1.000000 0.000000 0.000000
vn -1.000000 0.000000 0.000000
vn -1.000000 0.000000 0.000000
vn -1.000000 0.000000 0.000000
vn -0.000000 0.000001 1.000000
vn -0.000000 0.000000 1.000000
vn 0.000000 0.000000 1.000000
vn 0.000000 0.000000 1.000000
vn 0.492131 -0.000000 -0.870521
vn 0.470443 0.000000 -0.882430
vn 0.216427 0.000000 -0.976299
vn 0.242565 0.000000 -0.970135
vn 0.703293 -0.000000 -0.710900
vn 0.692444 0.000000 -0.721472
vn 0.865159 0.000000 -0.501498
vn 0.862570 0.000000 -0.505939
vn 0.963970 0.000000 -0.266012
vn 0.963835 0.000000 -0.266500
vn 0.997335 -0.000000 -0.072960
vn 0.997335 0.000000 -0.072960
vn 1.000000 0.000000 0.000000
vn 1.000000 0.000000 0.000000
vn 0.000000 0.000000 1.000000
vn 0.000000 0.000000 1.000000
vn -0.000000 0.000000 1.000000
vn -0.000000 0.000001 1.000000
vn -1.000000 0.000000 0.000000
vn -1.000000 0.000000 0.000000
vn -1.000000 0.000000 0.000000
vn -1.000000 0.000000 0.000000
vn 0.116976 0.000000 -0.993135
vn 0.116976 0.000000 -0.993135
vn -0.997563 0.000001 0.069772
vn -1.000000 0.000003 0.000000
vn 0.998211 0.000000 -0.059796
vn 1.000000 0.000000 0.000000
vn 1.000000 0.000000 0.000000
vn 0.997576 0.000000 -0.069580
vn 0.000000 0.000001 1.000000
vn 0.000000 0.000001 1.000000
vn 0.128519 0.000000 -0.991707
vn 0.285320 -0.000000 -0.958432
vn 0.228447 -0.000000 -0.973556
vn 0.128519 0.000000 -0.991707
vn -0.130476 -0.000000 0.991451
vn -0.229254 -0.000000 0.973367
vn -1.000000 0.000000 0.000000
vn -1.000000 0.000000 0.000000
vn -0.468037 0.000000 0.883709
vn 0.528038 -0.000000 -0.849221
vn 0.468649 -0.000000 -0.883385
vn -0.679223 0.000000 0.733932
vn 0.733405 0.000000 -0.679792
vn 0.680186 0.000000 -0.733039
vn -0.849138 -0.000001 0.528171
vn 0.882770 0.000000 -0.469806
vn 0.850180 0.000000 -0.526492
vn -0.959790 -0.000001 0.280719
vn 0.971633 0.000000 -0.236496
vn 0.960205 0.000000 -0.279296
vn 0.215722 -0.000000 -0.976455
vn 0.116977 -0.000001 -0.993135
vn -0.285090 -0.000002 0.958501
vn -0.117799 -0.000002 0.993037
vn -0.117799 -0.000002 0.993037
vn -0.215811 -0.000002 0.976435
vn -1.000000 0.000002 0.000000
vn -1.000000 0.000002 0.000000
vn -0.531310 -0.000001 0.847178
vn -0.471053 -0.000001 0.882105
vn 0.470948 0.000000 -0.882161
vn -0.724737 0.000001 0.689026
vn -0.692072 0.000001 0.721828
vn 0.693175 0.000000 -0.720770
vn -0.871246 0.000002 0.490847
vn -0.861647 0.000002 0.507508
vn 0.862818 0.000000 -0.505514
vn -0.964575 0.000001 0.263807
vn -0.963754 0.000001 0.266792
vn 0.963855 0.000000 -0.266429
vn -0.997384 0.000001 0.072283
vn -0.997384 0.000001 0.072282
vn 0.997335 -0.000000 -0.072960
vn -1.000000 0.000002 -0.000000
vn -1.000000 0.000002 -0.000000
vn 1.000000 -0.000001 0.000000
vn 0.000000 0.000001 1.000000
vn 0.000000 0.000001 1.000000
vn 0.531828 0.000000 -0.846853
vn 0.471592 0.000000 -0.881817
vn 0.214720 0.000000 -0.976676
vn 0.283377 0.000000 -0.959009
vn 0.725184 0.000000 -0.688555
vn 0.694165 0.000000 -0.719816
vn 0.870323 0.000000 -0.492482
vn 0.863140 0.000000 -0.504965
vn 0.964230 0.000000 -0.265066
vn 0.963879 0.000000 -0.266340
vn 0.997335 0.000000 -0.072959
vn 0.997335 0.000000 -0.072959
vn 1.000000 0.000000 0.000000
vn 1.000000 0.000000 0.000000
vn -0.000000 0.000000 1.000000
vn -0.000000 0.000000 1.000000
vn -0.000000 0.000000 1.000000
vn -0.000000 0.000000 1.000000
vn -0.997384 0.000000 0.072282
vn -0.997384 0.000000 0.072281
vn -1.000000 0.000000 -0.000001
vn -1.000000 0.000000 -0.000001
vn -0.964624 0.000000 0.263631
vn -0.963793 0.000000 0.266650
vn -0.871651 0.000000 0.490127
vn -0.861985 0.000000 0.506933
vn -0.725837 0.000000 0.687867
vn -0.693030 0.000000 0.720909
vn -0.532003 0.000000 0.846742
vn -0.471698 0.000000 0.881760
vn -0.283842 0.000000 0.958871
vn -0.214802 0.000000 0.976658
vn -0.117800 0.000000 0.993037
vn -0.117800 0.000000 0.993037
vn -1.000000 0.000000 0.000000
vn -1.000000 0.000000 0.000000
vn -1.000000 0.000000 0.000000
vn -1.000000 0.000000 0.000000
vn 0.116976 0.000000 -0.993135
vn 0.116976 0.000000 -0.993135
vn -0.998386 0.000000 0.056796
vn -0.997588 0.000000 0.069410
vn -1.000000 0.000000 0.000000
vn -1.000000 0.000000 0.000000
vn -0.972891 0.000000 0.231266
vn -0.960135 0.000000 0.279536
vn -0.884267 0.000000 0.466981
vn -0.849701 0.000000 0.527265
vn -0.734015 0.000000 0.679134
vn -0.679221 0.000000 0.733934
vn -0.527455 0.000000 0.849583
vn -0.467323 0.000000 0.884087
vn -0.285103 0.000000 0.958497
vn -0.228313 0.000000 0.973588
vn -0.130476 0.000000 0.991452
vn -0.130476 0.000000 0.991451
vn -1.000000 0.000000 0.000000
vn -1.000000 0.000000 0.000000
vn -1.000000 0.000000 0.000000
vn -1.000000 0.000000 0.000000
vn 0.284126 0.000000 -0.958787
vn 0.227534 0.000000 -0.973770
vn 0.128519 0.000000 -0.991707
vn 0.128519 0.000000 -0.991707
vn 0.527231 0.000000 -0.849722
vn 0.468013 0.000000 -0.883722
vn 0.733461 0.000000 -0.679732
vn 0.680265 0.000000 -0.732966
vn 0.883418 0.000000 -0.468586
vn 0.850756 0.000000 -0.525560
vn 0.971991 0.000000 -0.235016
vn 0.960523 0.000000 -0.278202
vn 0.998235 0.000000 -0.059389
vn 0.997597 0.000000 -0.069283
vn 1.000000 0.000000 0.000000
vn 1.000000 0.000000 0.000000
vn -0.000000 0.000000 1.000000
vn -0.000000 0.000000 1.000000
vn -0.000000 0.000000 1.000000
vn -0.000000 0.000000 1.000000
vn 0.531827 0.000001 -0.846853
vn 0.471591 0.000001 -0.881818
vn 0.214720 0.000001 -0.976676
vn 0.283376 0.000001 -0.959009
vn 0.725184 0.000000 -0.688555
vn 0.694164 0.000000 -0.719817
vn 0.870323 0.000000 -0.492482
vn 0.863140 0.000000 -0.504965
vn 0.964230 0.000000 -0.265066
vn 0.963879 0.000000 -0.266339
vn 0.997335 -0.000001 -0.072959
vn 0.997335 -0.000001 -0.072959
vn 1.000000 -0.000002 0.000000
vn 1.000000 -0.000002 0.000000
vn 0.000000 -0.000001 1.000000
vn 0.000000 -0.000001 1.000000
vn 0.000000 -0.000001 1.000000
vn 0.000000 -0.000001 1.000000
vn -0.997384 0.000001 0.072280
vn -0.997384 0.000001 0.072282
vn -1.000000 -0.000002 -0.000001
vn -1.000000 -0.000002 -0.000001
vn -0.964624 0.000001 0.263631
vn -0.963793 0.000001 0.266651
vn -0.871650 -0.000001 0.490129
vn -0.861987 -0.000001 0.506931
vn -0.725837 0.000000 0.687867
vn -0.693030 0.000000 0.720909
vn -0.532003 0.000000 0.846742
vn -0.471698 0.000000 0.881760
vn -0.283842 0.000000 0.958871
vn -0.214801 0.000000 0.976658
vn -0.117800 0.000000 0.993037
vn -0.117800 0.000000 0.993037
vn -1.000000 0.000000 0.000000
vn -1.000000 0.000000 0.000000
vn -1.000000 0.000000 0.000000
vn -1.000000 0.000000 0.000000
vn 0.116977 0.000000 -0.993135
vn 0.116977 0.000000 -0.993135
vn 0.531220 -0.000001 -0.847234
vn 0.284380 0.000000 -0.958712
vn 0.724253 -0.000000 -0.689534
vn 0.870010 0.000001 -0.493035
vn 0.964206 -0.000000 -0.265155
vn 0.997335 -0.000001 -0.072960
vn 1.000000 0.000000 0.000000
vn -0.000000 0.000001 1.000000
vn -0.000000 0.000001 1.000000
vn -0.997384 -0.000001 0.072282
vn -0.997384 -0.000001 0.072283
vn -1.000000 -0.000002 -0.000000
vn -1.000000 -0.000002 -0.000000
vn -0.964585 -0.000001 0.263774
vn -0.963745 -0.000001 0.266824
vn -0.871324 -0.000002 0.490709
vn -0.861580 -0.000002 0.507622
vn -0.724938 -0.000001 0.688814
vn -0.691892 -0.000000 0.722001
vn -0.531396 0.000001 0.847123
vn -0.470895 0.000001 0.882189
vn -0.284857 0.000002 0.958570
vn -0.215974 0.000002 0.976399
vn -0.117800 0.000002 0.993037
vn -0.117800 0.000002 0.993037
vn -1.000000 0.000000 0.000000
vn -1.000000 0.000000 0.000000
vn 0.116976 0.000001 -0.993135
vn -0.998365 0.000000 0.057154
vn -1.000000 0.000000 0.000000
vn -0.972610 0.000001 0.232444
vn -0.883779 0.000001 0.467904
vn -0.734016 0.000000 0.679132
vn -0.528155 0.000000 0.849148
vn -0.286040 0.000000 0.958218
vn -0.130476 0.000000 0.991451
vn -1.000000 0.000000 0.000000
vn -1.000000 0.000000 0.000000
vn 0.285034 0.000000 -0.958517
vn 0.228725 0.000000 -0.973491
vn 0.128519 -0.000000 -0.991707
vn 0.128519 -0.000000 -0.991707
vn 0.527853 -0.000001 -0.849336
vn 0.468831 -0.000000 -0.883288
vn 0.733388 -0.000001 -0.679811
vn 0.680122 -0.000001 -0.733099
vn 0.882915 0.000000 -0.469533
vn 0.850003 0.000000 -0.526778
vn 0.971726 0.000000 -0.236113
vn 0.960110 0.000000 -0.279623
vn 0.998217 0.000000 -0.059685
vn 0.997570 0.000000 -0.069674
vn 1.000000 0.000000 0.000000
vn 1.000000 0.000000 0.000000
vn -0.000000 0.000001 1.000000
vn -0.000000 0.000001 1.000000
vn -0.998386 0.000001 0.056796
vn -0.997588 0.000001 0.069410
vn -1.000000 0.000002 0.000000
vn -1.000000 0.000002 0.000000
vn -0.972891 0.000000 0.231266
vn -0.960135 0.000000 0.279536
vn -0.884267 0.000000 0.466981
vn -0.849701 0.000000 0.527265
vn -0.734015 0.000000 0.679133
vn -0.679221 0.000000 0.733934
vn -0.527455 0.000000 0.849583
vn -0.467322 0.000000 0.884087
vn -0.285102 0.000000 0.958497
vn -0.228313 0.000000 0.973588
vn -0.130476 0.000000 0.991452
vn -0.130476 0.000000 0.991451
vn -1.000000 0.000000 0.000000
vn -1.000000 0.000000 0.000000
vn -1.000000 0.000000 0.000000
vn -1.000000 0.000000 0.000000
vn 0.284126 -0.000002 -0.958787
vn 0.227534 -0.000001 -0.973770
vn 0.128520 -0.000001 -0.991707
vn 0.128520 -0.000001 -0.991707
vn 0.527231 -0.000001 -0.849722
vn 0.468014 -0.000002 -0.883721
vn 0.733461 0.000000 -0.679732
vn 0.680265 0.000000 -0.732966
vn 0.883418 0.000000 -0.468586
vn 0.850756 0.000000 -0.525560
vn 0.971991 0.000000 -0.235016
vn 0.960523 0.000000 -0.278202
vn 0.998235 -0.000001 -0.059389
vn 0.997597 -0.000001 -0.069283
vn 1.000000 -0.000002 0.000000
vn 1.000000 -0.000002 0.000000
vn -0.000000 -0.000001 1.000000
vn -0.000000 -0.000001 1.000000
vn -0.000000 -0.000001 1.000000
vn -0.000000 -0.000001 1.000000
vn -0.382905 0.923429 -0.025761
vn -0.383058 0.923347 -0.026399
vn -0.297723 0.948794 0.105595
vn -0.293390 0.950313 0.104059
vn 0.286504 -0.952676 -0.101608
vn 0.290568 -0.951289 -0.103050
vn 0.378915 -0.925011 0.027893
vn 0.378738 -0.925103 0.027232
vn 0.351913 -0.915596 0.194526
vn 0.351715 -0.915656 0.194606
vn -0.349524 0.916898 -0.192697
vn -0.349748 0.916829 -0.192618
vn 0.195274 -0.965049 0.174783
vn 0.194829 -0.965179 0.174560
vn -0.190336 0.966841 -0.170268
vn -0.190763 0.966718 -0.170484
vn 0.051281 -0.996210 0.070263
vn 0.051235 -0.996216 0.070206
vn -0.049373 0.996491 -0.067580
vn -0.049415 0.996486 -0.067631
vn 0.003276 -0.999963 0.007912
vn 0.003276 -0.999963 0.007912
vn -0.003083 0.999968 -0.007441
vn -0.003083 0.999968 -0.007441
vn 0.000001 -1.000000 0.000006
vn 0.000001 -1.000000 0.000006
vn 0.000001 1.000000 0.000006
vn 0.000001 1.000000 0.000006
vn 0.000000 -1.000000 -0.000000
vn 0.000000 -1.000000 -0.000000
vn -0.000000 1.000000 -0.000000
vn -0.000000 1.000000 -0.000000
vn 0.000002 -1.000000 -0.000001
vn 0.000002 -1.000000 -0.000001
vn -0.000002 1.000000 0.000001
vn -0.000002 1.000000 0.000001
vn 0.000001 -1.000000 -0.000001
vn 0.000001 -1.000000 -0.000001
vn -0.000001 1.000000 0.000000
vn -0.000001 1.000000 0.000000
vn 0.007730 -0.999796 0.018662
vn 0.007730 -0.999796 0.018663
vn -0.007405 0.999813 -0.017876
vn -0.007404 0.999813 -0.017875
vn 0.067462 -0.993089 0.096035
vn 0.067543 -0.993075 0.096129
vn -0.065560 0.993486 -0.093205
vn -0.065484 0.993499 -0.093118
vn 0.204195 -0.960718 0.187951
vn 0.204524 -0.960623 0.188076
vn -0.199983 0.962411 -0.183770
vn -0.199669 0.962499 -0.183649
vn 0.355421 -0.914017 0.195573
vn 0.355673 -0.913937 0.195491
vn -0.353391 0.915242 -0.193512
vn -0.353111 0.915334 -0.193591
vn 0.361793 -0.913262 0.187239
vn 0.362097 -0.913156 0.187171
vn -0.365835 0.911133 -0.189740
vn -0.365563 0.911226 -0.189817
vn 0.256319 -0.951079 0.172477
vn 0.253519 -0.952169 0.170594
vn -0.260119 0.949582 -0.175022
vn -0.263123 0.948379 -0.177043
vn -0.030259 0.997917 -0.056972
vn -0.030288 0.997913 -0.057027
vn 0.016071 0.999286 -0.034200
vn 0.016066 0.999286 -0.034188
vn -0.016721 -0.999213 0.035981
vn -0.016727 -0.999212 0.035995
vn 0.031834 -0.997716 0.059579
vn 0.031800 -0.997721 0.059516
vn 0.039169 -0.987942 0.149789
vn 0.039168 -0.987931 0.149863
vn -0.037574 0.988881 -0.143884
vn -0.037576 0.988891 -0.143817
vn 0.090442 -0.954228 0.285078
vn 0.090632 -0.954147 0.285287
vn -0.087906 0.957059 -0.276244
vn -0.087728 0.957133 -0.276045
vn 0.209001 -0.913395 0.349326
vn 0.209206 -0.913338 0.349352
vn -0.205971 0.916477 -0.342996
vn -0.205756 0.916538 -0.342960
vn 0.315778 -0.894749 0.315767
vn 0.315778 -0.894749 0.315767
vn -0.316334 0.894738 -0.315241
vn -0.316316 0.894739 -0.315256
vn 0.342409 -0.916608 0.206361
vn 0.342466 -0.916531 0.206611
vn -0.347278 0.914114 -0.209266
vn -0.347227 0.914192 -0.209016
vn 0.310695 -0.935392 0.168849
vn 0.310707 -0.935393 0.168821
vn -0.317153 0.932566 -0.172439
vn -0.317141 0.932564 -0.172468
vn 0.236977 -0.958027 0.161329
vn 0.233438 -0.959298 0.158913
vn -0.239071 0.957234 -0.162938
vn -0.242853 0.955840 -0.165509
vn 0.268958 -0.958528 -0.094266
vn 0.263931 -0.960095 -0.092511
vn -0.269902 0.958245 0.094446
vn -0.275246 0.956536 0.096324
vn 0.327154 -0.944948 0.006557
vn 0.327159 -0.944947 0.006447
vn -0.333572 0.942704 -0.006204
vn -0.333567 0.942705 -0.006313
vn 0.333987 -0.920893 0.201020
vn 0.333942 -0.920957 0.200800
vn -0.337997 0.918998 -0.202982
vn -0.338038 0.918934 -0.203200
vn 0.304409 -0.902911 0.303459
vn 0.304395 -0.902911 0.303471
vn -0.304416 0.903220 -0.302532
vn -0.304446 0.903217 -0.302509
vn 0.196914 -0.924344 0.326822
vn 0.196702 -0.924406 0.326776
vn -0.193432 0.927277 -0.320534
vn -0.193650 0.927212 -0.320589
vn 0.081936 -0.963939 0.253196
vn 0.081772 -0.964007 0.252991
vn -0.079290 0.966293 -0.244933
vn -0.079442 0.966231 -0.245125
vn 0.004801 -0.993034 0.117734
vn 0.004782 -0.993040 0.117681
vn -0.004712 0.993599 -0.112871
vn -0.004730 0.993593 -0.112919
vn -0.382904 0.923429 -0.025762
vn -0.383056 0.923348 -0.026399
vn -0.297721 0.948795 0.105594
vn -0.293388 0.950313 0.104058
vn 0.286498 -0.952678 -0.101603
vn 0.290562 -0.951292 -0.103044
vn 0.378915 -0.925011 0.027901
vn 0.378737 -0.925104 0.027236
vn 0.351916 -0.915595 0.194528
vn 0.351717 -0.915654 0.194608
vn -0.349524 0.916897 -0.192698
vn -0.349748 0.916829 -0.192619
vn 0.195274 -0.965049 0.174784
vn 0.194829 -0.965179 0.174561
vn -0.190336 0.966841 -0.170269
vn -0.190763 0.966718 -0.170485
vn 0.051283 -0.996209 0.070267
vn 0.051237 -0.996216 0.070210
vn -0.049371 0.996492 -0.067575
vn -0.049413 0.996486 -0.067626
vn 0.003277 -0.999963 0.007912
vn 0.003277 -0.999963 0.007912
vn -0.003082 0.999968 -0.007441
vn -0.003082 0.999968 -0.007441
vn -0.000000 -1.000000 -0.000000
vn -0.000000 -1.000000 -0.000000
vn 0.000000 1.000000 -0.000000
vn 0.000000 1.000000 -0.000000
vn 0.000000 -1.000000 0.000001
vn 0.000000 -1.000000 0.000001
vn -0.000000 1.000000 -0.000001
vn -0.000000 1.000000 -0.000001
vn -0.000002 -1.000000 0.000001
vn -0.000002 -1.000000 0.000001
vn 0.000002 1.000000 -0.000001
vn 0.000002 1.000000 -0.000001
vn 0.000004 -1.000000 0.000034
vn 0.000004 -1.000000 0.000034
vn 0.000008 1.000000 0.000035
vn 0.000008 1.000000 0.000035
vn 0.007722 -0.999796 0.018663
vn 0.007723 -0.999796 0.018664
vn -0.007411 0.999813 -0.017874
vn -0.007410 0.999813 -0.017873
vn 0.067450 -0.993092 0.096010
vn 0.067532 -0.993078 0.096104
vn -0.065571 0.993483 -0.093232
vn -0.065495 0.993496 -0.093145
vn 0.204196 -0.960717 0.187953
vn 0.204525 -0.960623 0.188079
vn -0.199983 0.962411 -0.183771
vn -0.199670 0.962499 -0.183650
vn 0.355421 -0.914017 0.195573
vn 0.355673 -0.913937 0.195491
vn -0.353387 0.915244 -0.193512
vn -0.353106 0.915335 -0.193591
vn 0.361795 -0.913261 0.187239
vn 0.362098 -0.913155 0.187170
vn -0.365828 0.911136 -0.189741
vn -0.365556 0.911229 -0.189817
vn 0.256322 -0.951079 0.172478
vn 0.253522 -0.952168 0.170595
vn -0.260113 0.949583 -0.175023
vn -0.263117 0.948380 -0.177045
vn -0.382900 0.923431 -0.025761
vn -0.383053 0.923349 -0.026399
vn -0.297717 0.948796 0.105596
vn -0.293384 0.950314 0.104060
vn 0.286498 -0.952678 -0.101608
vn 0.290562 -0.951291 -0.103049
vn 0.378912 -0.925012 0.027895
vn 0.378735 -0.925104 0.027233
vn 0.351913 -0.915596 0.194527
vn 0.351714 -0.915656 0.194607
vn -0.349519 0.916899 -0.192698
vn -0.349744 0.916830 -0.192619
vn 0.195274 -0.965049 0.174783
vn 0.194829 -0.965179 0.174561
vn -0.190334 0.966841 -0.170270
vn -0.190760 0.966719 -0.170486
vn 0.051283 -0.996209 0.070268
vn 0.051237 -0.996215 0.070211
vn -0.049370 0.996492 -0.067576
vn -0.049412 0.996486 -0.067627
vn 0.003278 -0.999963 0.007913
vn 0.003278 -0.999963 0.007913
vn -0.003082 0.999968 -0.007441
vn -0.003082 0.999968 -0.007441
vn -0.000000 -1.000000 -0.000000
vn -0.000000 -1.000000 -0.000000
vn 0.000000 1.000000 0.000000
vn 0.000000 1.000000 0.000000
vn 0.000000 -1.000000 0.000000
vn 0.000000 -1.000000 0.000000
vn -0.000000 1.000000 -0.000000
vn -0.000000 1.000000 -0.000000
vn 0.000001 -1.000000 -0.000000
vn 0.000001 -1.000000 -0.000000
vn -0.000001 1.000000 0.000000
vn -0.000001 1.000000 0.000000
vn 0.000006 -1.000000 0.000034
vn 0.000006 -1.000000 0.000034
vn 0.000006 1.000000 0.000035
vn 0.000006 1.000000 0.000035
vn 0.007723 -0.999796 0.018663
vn 0.007724 -0.999796 0.018664
vn -0.007411 0.999813 -0.017874
vn -0.007411 0.999813 -0.017873
vn 0.067451 -0.993092 0.096010
vn 0.067533 -0.993078 0.096103
vn -0.065570 0.993483 -0.093232
vn -0.065494 0.993496 -0.093145
vn 0.204195 -0.960718 0.187951
vn 0.204524 -0.960623 0.188077
vn -0.199982 0.962412 -0.183770
vn -0.199668 0.962500 -0.183649
vn 0.355418 -0.914019 0.195572
vn 0.355670 -0.913938 0.195489
vn -0.353390 0.915243 -0.193511
vn -0.353109 0.915334 -0.193590
vn 0.361792 -0.913262 0.187238
vn 0.362096 -0.913156 0.187169
vn -0.365839 0.911131 -0.189741
vn -0.365566 0.911225 -0.189817
vn 0.256320 -0.951079 0.172477
vn 0.253521 -0.952169 0.170593
vn -0.260125 0.949580 -0.175023
vn -0.263129 0.948377 -0.177045
vn -0.030257 0.997917 -0.056970
vn -0.030287 0.997913 -0.057025
vn 0.016071 0.999286 -0.034198
vn 0.016066 0.999286 -0.034187
vn -0.016721 -0.999213 0.035980
vn -0.016727 -0.999212 0.035994
vn 0.031832 -0.997716 0.059578
vn 0.031799 -0.997721 0.059515
vn 0.039169 -0.987942 0.149788
vn 0.039167 -0.987931 0.149862
vn -0.037574 0.988881 -0.143882
vn -0.037575 0.988891 -0.143816
vn 0.090441 -0.954228 0.285078
vn 0.090631 -0.954147 0.285287
vn -0.087906 0.957059 -0.276244
vn -0.087728 0.957133 -0.276045
vn 0.209000 -0.913395 0.349326
vn 0.209205 -0.913338 0.349352
vn -0.205971 0.916476 -0.342997
vn -0.205756 0.916538 -0.342961
vn 0.315780 -0.894748 0.315769
vn 0.315780 -0.894748 0.315768
vn -0.316334 0.894738 -0.315241
vn -0.316316 0.894739 -0.315256
vn 0.342410 -0.916609 0.206359
vn 0.342466 -0.916532 0.206608
vn -0.347278 0.914115 -0.209267
vn -0.347226 0.914192 -0.209016
vn 0.310692 -0.935394 0.168848
vn 0.310705 -0.935394 0.168819
vn -0.317151 0.932566 -0.172439
vn -0.317140 0.932565 -0.172467
vn 0.236975 -0.958027 0.161330
vn 0.233437 -0.959298 0.158914
vn -0.239069 0.957234 -0.162937
vn -0.242851 0.955840 -0.165508
vn 0.268955 -0.958529 -0.094266
vn 0.263929 -0.960095 -0.092511
vn -0.269899 0.958245 0.094448
vn -0.275244 0.956537 0.096326
vn 0.327156 -0.944948 0.006558
vn 0.327161 -0.944947 0.006449
vn -0.333572 0.942704 -0.006202
vn -0.333567 0.942705 -0.006311
vn 0.333990 -0.920892 0.201018
vn 0.333945 -0.920957 0.200799
vn -0.337999 0.918997 -0.202982
vn -0.338040 0.918934 -0.203200
vn 0.304408 -0.902912 0.303455
vn 0.304394 -0.902913 0.303467
vn -0.304416 0.903220 -0.302529
vn -0.304446 0.903218 -0.302506
vn 0.196915 -0.924345 0.326820
vn 0.196703 -0.924406 0.326774
vn -0.193433 0.927278 -0.320531
vn -0.193651 0.927213 -0.320586
vn 0.081937 -0.963939 0.253196
vn 0.081773 -0.964006 0.252992
vn -0.079291 0.966292 -0.244933
vn -0.079443 0.966231 -0.245125
vn 0.004802 -0.993034 0.117734
vn 0.004782 -0.993040 0.117681
vn -0.004713 0.993599 -0.112871
vn -0.004730 0.993593 -0.112918
vn -0.030258 0.997917 -0.056970
vn -0.030288 0.997913 -0.057025
vn 0.016071 0.999286 -0.034200
vn 0.016066 0.999286 -0.034188
vn -0.016721 -0.999213 0.035982
vn -0.016727 -0.999212 0.035996
vn 0.031834 -0.997716 0.059578
vn 0.031800 -0.997721 0.059515
vn 0.039169 -0.987942 0.149789
vn 0.039168 -0.987931 0.149863
vn -0.037574 0.988881 -0.143883
vn -0.037576 0.988891 -0.143817
vn 0.090444 -0.954227 0.285080
vn 0.090634 -0.954147 0.285289
vn -0.087907 0.957059 -0.276244
vn -0.087729 0.957133 -0.276045
vn 0.209003 -0.913393 0.349328
vn 0.209208 -0.913337 0.349354
vn -0.205971 0.916478 -0.342994
vn -0.205756 0.916539 -0.342958
vn 0.315774 -0.894750 0.315768
vn 0.315774 -0.894750 0.315768
vn -0.316329 0.894741 -0.315238
vn -0.316311 0.894742 -0.315253
vn 0.342406 -0.916610 0.206360
vn 0.342462 -0.916532 0.206610
vn -0.347276 0.914115 -0.209266
vn -0.347224 0.914192 -0.209016
vn 0.310695 -0.935393 0.168846
vn 0.310707 -0.935394 0.168819
vn -0.317153 0.932566 -0.172438
vn -0.317141 0.932565 -0.172467
vn 0.236978 -0.958027 0.161328
vn 0.233439 -0.959298 0.158912
vn -0.239071 0.957234 -0.162938
vn -0.242852 0.955840 -0.165508
vn 0.268959 -0.958527 -0.094268
vn 0.263932 -0.960094 -0.092513
vn -0.269900 0.958245 0.094446
vn -0.275245 0.956537 0.096323
vn 0.327156 -0.944948 0.006553
vn 0.327160 -0.944947 0.006446
vn -0.333571 0.942705 -0.006206
vn -0.333565 0.942706 -0.006315
vn 0.333990 -0.920892 0.201021
vn 0.333944 -0.920956 0.200801
vn -0.337991 0.918999 -0.202984
vn -0.338032 0.918935 -0.203204
vn 0.304413 -0.902909 0.303459
vn 0.304399 -0.902910 0.303471
vn -0.304413 0.903221 -0.302530
vn -0.304444 0.903218 -0.302508
vn 0.196917 -0.924343 0.326822
vn 0.196705 -0.924405 0.326776
vn -0.193435 0.927276 -0.320533
vn -0.193653 0.927212 -0.320588
vn 0.081937 -0.963939 0.253195
vn 0.081773 -0.964007 0.252991
vn -0.079290 0.966293 -0.244932
vn -0.079443 0.966231 -0.245124
vn 0.004801 -0.993034 0.117734
vn 0.004782 -0.993040 0.117681
vn -0.004712 0.993599 -0.112870
vn -0.004729 0.993593 -0.112918
vn 0.217306 0.000000 -0.976104
vn 0.116978 0.000000 -0.993135
vn 0.116978 0.000000 -0.993135
vn 0.284826 0.000000 -0.958579
vn 0.216998 0.000000 -0.976172
vn 0.116984 0.000000 -0.993134
vn 0.116984 0.000000 -0.993134
vn 0.284381 0.000000 -0.958711
vn 0.217205 0.000000 -0.976126
vn 0.116978 0.000000 -0.993135
vn 0.116978 0.000000 -0.993135
vn 0.284956 0.000000 -0.958541
vn 0.217299 0.000000 -0.976105
vn 0.116976 0.000000 -0.993135
vn 0.116976 0.000000 -0.993135
vn 0.284816 0.000000 -0.958582
vn 0.216994 0.000000 -0.976173
vn 0.116977 0.000000 -0.993135
vn 0.116977 0.000000 -0.993135
vn 0.284379 0.000000 -0.958712
vn 0.217208 0.000000 -0.976125
vn 0.116982 0.000000 -0.993134
vn 0.116982 0.000000 -0.993134
vn 0.284959 0.000000 -0.958540
vn 0.217298 0.000000 -0.976105
vn 0.116971 0.000000 -0.993135
vn 0.116971 0.000000 -0.993135
vn 0.284818 0.000000 -0.958582
vn 0.216992 0.000000 -0.976173
vn 0.116979 0.000000 -0.993134
vn 0.116979 0.000000 -0.993134
vn 0.284375 0.000000 -0.958713
vn 0.217207 0.000000 -0.976126
vn 0.116977 0.000000 -0.993135
vn 0.116977 0.000000 -0.993135
vn 0.284960 0.000000 -0.958539
vn 0.000000 0.000000 1.000000
vn 0.000000 0.000000 1.000000
vn 0.000000 0.000000 1.000000
vn 0.000000 0.000000 1.000000
vn -0.000000 0.000001 1.000000
vn -0.000000 0.000001 1.000000
vn -0.000000 0.000001 1.000000
vn -0.000000 0.000001 1.000000
vn 0.000000 0.000000 1.000000
vn 0.000000 0.000000 1.000000
vn 0.000000 0.000000 1.000000
vn 0.000000 0.000000 1.000000
vn 0.000000 -0.000001 1.000000
vn 0.000000 -0.000001 1.000000
vn 0.000000 -0.000001 1.000000
vn 0.000000 -0.000001 1.000000
vn 0.000000 0.000000 1.000000
vn 0.000000 0.000000 1.000000
vn 0.000000 0.000000 1.000000
vn 0.000000 0.000000 1.000000
vn 0.000000 -0.000001 1.000000
vn 0.000000 -0.000001 1.000000
vn 0.000000 -0.000001 1.000000
vn 0.000000 -0.000001 1.000000
vn 0.000000 0.000000 1.000000
vn 0.000000 0.000000 1.000000
vn 0.000000 0.000000 1.000000
vn 0.000000 0.000000 1.000000
vn 0.000000 -0.000001 1.000000
vn 0.000000 -0.000001 1.000000
vn 0.000000 -0.000001 1.000000
vn 0.000000 -0.000001 1.000000
vn 0.000000 0.000000 1.000000
vn 0.000000 0.000000 1.000000
vn 0.000000 0.000000 1.000000
vn 0.000000 0.000000 1.000000
vn 0.217073 0.000000 -0.976156
vn 0.116976 0.000000 -0.993135
vn 0.116976 0.000000 -0.993135
vn 0.284196 0.000000 -0.958766
vn 0.529397 0.000000 -0.848375
vn 0.469252 0.000000 -0.883064
vn 0.721579 0.000000 -0.692333
vn 0.690389 0.000000 -0.723438
vn 0.869079 0.000000 -0.494673
vn 0.861840 0.000000 -0.507180
vn 0.964108 0.000000 -0.265509
vn 0.963752 0.000000 -0.266799
vn 0.997430 0.000005 -0.071651
vn 0.997430 0.000005 -0.071651
vn 1.000000 0.000010 0.000000
vn 1.000000 0.000010 0.000000
vn -0.000000 -0.000001 1.000000
vn -0.000000 -0.000001 1.000000
vn -0.000000 -0.000001 1.000000
vn -0.000000 -0.000001 1.000000
vn -0.997500 0.000000 0.070665
vn -0.997500 0.000000 0.070665
vn -1.000000 0.000000 0.000000
vn -1.000000 0.000000 0.000000
vn -0.964504 0.000000 0.264069
vn -0.963652 0.000000 0.267160
vn -0.870460 0.000000 0.492239
vn -0.860572 0.000000 0.509329
vn -0.722703 0.000000 0.691159
vn -0.689188 0.000000 0.724582
vn -0.530122 0.000000 0.847922
vn -0.468948 0.000000 0.883226
vn -0.284925 0.000000 0.958550
vn -0.216403 0.000000 0.976304
vn -0.117796 0.000000 0.993038
vn -0.117796 0.000000 0.993038
vn -1.000000 0.000000 0.000000
vn -1.000000 0.000000 0.000000
vn -1.000000 0.000000 0.000000
vn -1.000000 0.000000 0.000000
vn 0.000000 -0.000001 1.000000
vn 0.000000 -0.000001 1.000000
vn 0.000000 -0.000001 1.000000
vn 0.000000 -0.000001 1.000000
vn -0.998417 -0.000007 0.056240
vn -0.997620 -0.000006 0.068958
vn -1.000000 -0.000012 0.000000
vn -1.000000 -0.000012 0.000000
vn -0.971990 0.000000 0.235022
vn -0.958705 0.000000 0.284403
vn -0.882783 0.000000 0.469780
vn -0.847232 0.000000 0.531223
vn -0.734382 0.000000 0.678737
vn -0.678767 0.000000 0.734353
vn -0.530165 0.000000 0.847895
vn -0.469647 0.000000 0.882854
vn -0.284577 0.000000 0.958653
vn -0.228854 0.000000 0.973461
vn -0.130478 0.000000 0.991451
vn -0.130478 0.000000 0.991451
vn -1.000000 0.000000 0.000000
vn -1.000000 0.000000 0.000000
vn -1.000000 0.000000 0.000000
vn -1.000000 0.000000 0.000000
vn 0.283227 0.000000 -0.959053
vn 0.228987 0.000000 -0.973430
vn 0.128519 0.000000 -0.991707
vn 0.128519 0.000000 -0.991707
vn 0.529045 0.000007 -0.848594
vn 0.470883 0.000004 -0.882196
vn 0.732917 0.000004 -0.680318
vn 0.680197 0.000007 -0.733029
vn 0.881383 0.000000 -0.472402
vn 0.848622 0.000000 -0.528999
vn 0.970849 0.000000 -0.239693
vn 0.959193 0.000000 -0.282753
vn 0.998245 0.000007 -0.059217
vn 0.997613 0.000006 -0.069051
vn 1.000000 0.000012 0.000000
vn 1.000000 0.000012 0.000000
vn 0.217071 0.000000 -0.976156
vn 0.116976 0.000000 -0.993135
vn 0.116976 0.000000 -0.993135
vn 0.284194 0.000000 -0.958767
vn 0.529397 0.000000 -0.848374
vn 0.469252 0.000000 -0.883065
vn 0.721579 0.000000 -0.692332
vn 0.690390 0.000000 -0.723438
vn 0.869075 0.000000 -0.494680
vn 0.861836 0.000000 -0.507187
vn 0.964108 0.000000 -0.265510
vn 0.963752 0.000000 -0.266799
vn 0.997430 -0.000005 -0.071647
vn 0.997430 -0.000005 -0.071647
vn 1.000000 -0.000010 0.000000
vn 1.000000 -0.000010 0.000000
vn 0.000000 -0.000001 1.000000
vn 0.000000 -0.000001 1.000000
vn 0.000000 -0.000001 1.000000
vn 0.000000 -0.000001 1.000000
vn -0.997499 0.000000 0.070686
vn -0.997499 0.000000 0.070687
vn -1.000000 0.000000 0.000000
vn -1.000000 0.000000 0.000000
vn -0.964504 -0.000004 0.264068
vn -0.963652 -0.000004 0.267160
vn -0.870482 -0.000004 0.492201
vn -0.860595 -0.000004 0.509291
vn -0.722702 0.000000 0.691159
vn -0.689188 0.000000 0.724583
vn -0.530123 0.000000 0.847921
vn -0.468951 0.000000 0.883225
vn -0.284929 0.000000 0.958549
vn -0.216406 0.000000 0.976303
vn -0.117800 0.000000 0.993037
vn -0.117800 0.000000 0.993037
vn -1.000000 0.000000 0.000000
vn -1.000000 0.000000 0.000000
vn -1.000000 0.000000 0.000000
vn -1.000000 0.000000 0.000000
vn 0.217075 0.000000 -0.976155
vn 0.116981 0.000000 -0.993134
vn 0.116981 0.000000 -0.993134
vn 0.284198 0.000000 -0.958766
vn 0.529398 0.000000 -0.848373
vn 0.469254 0.000000 -0.883064
vn 0.721580 0.000000 -0.692331
vn 0.690390 0.000000 -0.723437
vn 0.869075 0.000000 -0.494680
vn 0.861836 0.000000 -0.507186
vn 0.964108 0.000000 -0.265509
vn 0.963752 0.000000 -0.266799
vn 0.997430 0.000005 -0.071647
vn 0.997430 0.000005 -0.071647
vn 1.000000 0.000010 0.000000
vn 1.000000 0.000010 0.000000
vn 0.000000 0.000001 1.000000
vn 0.000000 0.000001 1.000000
vn 0.000000 0.000001 1.000000
vn 0.000000 0.000001 1.000000
vn -0.997499 0.000000 0.070686
vn -0.997499 0.000000 0.070687
vn -1.000000 0.000000 -0.000001
vn -1.000000 0.000000 -0.000001
vn -0.964504 0.000000 0.264069
vn -0.963652 0.000000 0.267160
vn -0.870481 0.000000 0.492201
vn -0.860595 0.000000 0.509291
vn -0.722703 0.000000 0.691159
vn -0.689188 0.000000 0.724582
vn -0.530122 0.000000 0.847921
vn -0.468949 0.000000 0.883225
vn -0.284927 0.000002 0.958549
vn -0.216405 0.000004 0.976304
vn -0.117800 0.000006 0.993037
vn -0.117800 0.000006 0.993037
vn -1.000000 0.000000 0.000000
vn -1.000000 0.000000 0.000000
vn -1.000000 0.000000 0.000000
vn -1.000000 0.000000 0.000000
vn 0.000000 0.000001 1.000000
vn 0.000000 0.000001 1.000000
vn 0.000000 0.000001 1.000000
vn 0.000000 0.000001 1.000000
vn -0.998417 -0.000007 0.056240
vn -0.997620 -0.000006 0.068958
vn -1.000000 -0.000012 0.000000
vn -1.000000 -0.000012 0.000000
vn -0.971990 0.000000 0.235022
vn -0.958705 0.000000 0.284403
vn -0.882784 0.000000 0.469780
vn -0.847233 0.000000 0.531222
vn -0.734383 0.000000 0.678735
vn -0.678769 0.000000 0.734352
vn -0.530165 0.000000 0.847894
vn -0.469646 0.000000 0.882855
vn -0.284575 0.000000 0.958654
vn -0.228852 0.000000 0.973461
vn -0.130477 0.000000 0.991451
vn -0.130477 0.000000 0.991451
vn -1.000000 0.000000 0.000000
vn -1.000000 0.000000 0.000000
vn -1.000000 0.000000 0.000000
vn -1.000000 0.000000 0.000000
vn 0.283226 0.000000 -0.959053
vn 0.228986 0.000000 -0.973430
vn 0.128519 0.000000 -0.991707
vn 0.128519 0.000000 -0.991707
vn 0.529044 0.000000 -0.848595
vn 0.470881 0.000000 -0.882197
vn 0.732917 0.000000 -0.680318
vn 0.680197 0.000000 -0.733030
vn 0.881383 0.000000 -0.472402
vn 0.848623 0.000000 -0.528999
vn 0.970849 0.000000 -0.239693
vn 0.959193 0.000000 -0.282753
vn 0.998245 0.000007 -0.059217
vn 0.997613 0.000006 -0.069051
vn 1.000000 0.000012 0.000000
vn 1.000000 0.000012 0.000000
vn -0.000000 -0.000001 1.000000
vn -0.000000 -0.000001 1.000000
vn -0.000000 -0.000001 1.000000
vn -0.000000 -0.000001 1.000000
vn -0.998417 0.000007 0.056240
vn -0.997620 0.000006 0.068958
vn -1.000000 0.000012 0.000000
vn -1.000000 0.000012 0.000000
vn -0.971990 -0.000005 0.235021
vn -0.958705 -0.000008 0.284403
vn -0.882783 -0.000008 0.469780
vn -0.847232 -0.000005 0.531223
vn -0.734382 0.000000 0.678737
vn -0.678768 0.000000 0.734353
vn -0.530164 0.000000 0.847895
vn -0.469645 0.000000 0.882855
vn -0.284574 0.000000 0.958654
vn -0.228852 0.000000 0.973461
vn -0.130477 0.000000 0.991451
vn -0.130477 0.000000 0.991451
vn -1.000000 0.000000 0.000000
vn -1.000000 0.000000 0.000000
vn -1.000000 0.000000 0.000000
vn -1.000000 0.000000 0.000000
vn 0.283228 0.000000 -0.959053
vn 0.228989 0.000000 -0.973429
vn 0.128522 0.000000 -0.991707
vn 0.128522 0.000000 -0.991707
vn 0.529046 0.000000 -0.848593
vn 0.470883 0.000000 -0.882196
vn 0.732917 0.000000 -0.680318
vn 0.680197 0.000000 -0.733029
vn 0.881383 0.000000 -0.472402
vn 0.848622 0.000000 -0.529000
vn 0.970849 0.000000 -0.239692
vn 0.959193 0.000000 -0.282753
vn 0.998245 -0.000007 -0.059217
vn 0.997613 -0.000006 -0.069051
vn 1.000000 -0.000012 0.000000
vn 1.000000 -0.000012 0.000000
vn 0.116976 0.000000 -0.993135
vn 0.116976 0.000000 -0.993135
vn 0.284509 0.000000 -0.958673
vn 0.216846 0.000000 -0.976206
vn -1.000000 -0.000002 0.000000
vn -1.000000 -0.000002 0.000000
vn -1.000000 -0.000002 0.000000
vn -1.000000 -0.000002 0.000000
vn -0.285270 -0.000002 0.958447
vn -0.117805 -0.000006 0.993037
vn -0.117805 -0.000006 0.993037
vn -0.216168 -0.000004 0.976356
vn -0.529997 0.000000 0.848000
vn -0.469185 0.000000 0.883100
vn -0.722399 0.000000 0.691476
vn -0.689454 0.000000 0.724329
vn -0.870365 0.000000 0.492408
vn -0.860695 0.000000 0.509120
vn -0.964490 0.000000 0.264118
vn -0.963665 0.000000 0.267112
vn -0.997499 -0.000003 0.070687
vn -0.997499 -0.000003 0.070686
vn -1.000000 -0.000006 0.000000
vn -1.000000 -0.000006 0.000000
vn 0.000000 -0.000001 1.000000
vn 0.000000 -0.000001 1.000000
vn 0.000000 -0.000001 1.000000
vn 0.000000 -0.000001 1.000000
vn 0.997430 0.000012 -0.071648
vn 1.000000 0.000015 0.000000
vn 1.000000 0.000015 0.000000
vn 0.997430 0.000012 -0.071647
vn 0.964100 0.000004 -0.265538
vn 0.963760 0.000004 -0.266771
vn 0.868970 0.000000 -0.494865
vn 0.861928 0.000000 -0.507031
vn 0.721283 0.000000 -0.692641
vn 0.690646 0.000000 -0.723193
vn 0.529283 0.000000 -0.848446
vn 0.469476 0.000000 -0.882945
vn 0.116976 0.000000 -0.993135
vn 0.116976 0.000000 -0.993135
vn 0.284508 0.000000 -0.958674
vn 0.216845 0.000000 -0.976206
vn -1.000000 0.000000 0.000000
vn -1.000000 0.000000 0.000000
vn -1.000000 0.000000 0.000000
vn -1.000000 0.000000 0.000000
vn -0.285266 0.000000 0.958448
vn -0.117799 0.000000 0.993037
vn -0.117799 0.000000 0.993037
vn -0.216164 0.000000 0.976357
vn -0.529996 0.000000 0.848000
vn -0.469183 0.000000 0.883101
vn -0.722400 0.000000 0.691476
vn -0.689454 0.000000 0.724329
vn -0.870343 0.000000 0.492447
vn -0.860674 0.000000 0.509157
vn -0.964490 0.000000 0.264118
vn -0.963665 0.000000 0.267113
vn -0.997500 -0.000003 0.070665
vn -0.997500 -0.000003 0.070665
vn -1.000000 -0.000006 0.000000
vn -1.000000 -0.000006 0.000000
vn 0.000000 -0.000001 1.000000
vn 0.000000 -0.000001 1.000000
vn 0.000000 -0.000001 1.000000
vn 0.000000 -0.000001 1.000000
vn 0.997430 0.000005 -0.071651
vn 1.000000 0.000010 0.000000
vn 1.000000 0.000010 0.000000
vn 0.997430 0.000005 -0.071651
vn 0.964101 0.000000 -0.265538
vn 0.963760 0.000000 -0.266771
vn 0.868974 0.000000 -0.494858
vn 0.861932 0.000000 -0.507024
vn 0.721282 0.000000 -0.692641
vn 0.690646 0.000000 -0.723193
vn 0.529283 0.000000 -0.848446
vn 0.469475 0.000000 -0.882946
vn 0.116976 0.000000 -0.993135
vn 0.116976 0.000000 -0.993135
vn 0.284505 0.000000 -0.958675
vn 0.216844 0.000000 -0.976206
vn -1.000000 0.000000 0.000000
vn -1.000000 0.000000 0.000000
vn -1.000000 0.000000 0.000000
vn -1.000000 0.000000 0.000000
vn -0.285266 0.000000 0.958448
vn -0.117797 0.000000 0.993038
vn -0.117797 0.000000 0.993038
vn -0.216163 0.000000 0.976357
vn -0.529996 0.000000 0.848000
vn -0.469184 0.000000 0.883101
vn -0.722399 0.000000 0.691476
vn -0.689454 0.000000 0.724330
vn -0.870364 -0.000004 0.492408
vn -0.860695 -0.000004 0.509120
vn -0.964490 -0.000004 0.264118
vn -0.963665 -0.000004 0.267113
vn -0.997499 0.000003 0.070687
vn -0.997499 0.000003 0.070686
vn -1.000000 0.000006 -0.000000
vn -1.000000 0.000006 -0.000000
vn 0.000000 0.000001 1.000000
vn 0.000000 0.000001 1.000000
vn 0.000000 0.000001 1.000000
vn 0.000000 0.000001 1.000000
vn 0.997430 -0.000011 -0.071647
vn 1.000000 -0.000015 0.000000
vn 1.000000 -0.000015 0.000000
vn 0.997430 -0.000011 -0.071647
vn 0.964101 0.000001 -0.265537
vn 0.963760 0.000001 -0.266771
vn 0.868970 0.000004 -0.494865
vn 0.861928 0.000004 -0.507031
vn 0.721282 0.000000 -0.692641
vn 0.690645 0.000000 -0.723194
vn 0.529280 0.000000 -0.848447
vn 0.469472 0.000000 -0.882947
vn -0.000000 0.000001 1.000000
vn -0.000000 0.000001 1.000000
vn -0.000000 0.000001 1.000000
vn -0.000000 0.000001 1.000000
vn 0.998236 0.000000 -0.059375
vn 1.000000 0.000000 0.000000
vn 1.000000 0.000000 0.000000
vn 0.997622 0.000000 -0.068917
vn 0.970712 0.000000 -0.240248
vn 0.959330 0.000000 -0.282287
vn 0.881169 0.000000 -0.472801
vn 0.848876 0.000000 -0.528592
vn 0.732942 0.000000 -0.680291
vn 0.680290 0.000000 -0.732943
vn 0.529315 0.000000 -0.848425
vn 0.470612 0.000000 -0.882340
vn 0.283628 0.000000 -0.958934
vn 0.228584 0.000000 -0.973524
vn 0.128519 0.000000 -0.991707
vn 0.128519 0.000000 -0.991707
vn -1.000000 0.000000 0.000000
vn -1.000000 0.000000 0.000000
vn -1.000000 0.000000 0.000000
vn -1.000000 0.000000 0.000000
vn -0.285032 0.000000 0.958518
vn -0.130477 0.000000 0.991451
vn -0.130477 0.000000 0.991451
vn -0.228394 0.000000 0.973569
vn -0.530491 -0.000008 0.847691
vn -0.469309 -0.000005 0.883034
vn -0.734448 -0.000004 0.678665
vn -0.678837 -0.000008 0.734289
vn -0.882565 0.000000 0.470190
vn -0.847509 0.000000 0.530781
vn -0.971835 0.000000 0.235664
vn -0.958867 0.000000 0.283854
vn -0.998406 0.000003 0.056446
vn -0.997632 0.000003 0.068785
vn -1.000000 0.000006 0.000000
vn -1.000000 0.000006 0.000000
vn -0.000000 -0.000001 1.000000
vn -0.000000 -0.000001 1.000000
vn -0.000000 -0.000001 1.000000
vn -0.000000 -0.000001 1.000000
vn 0.998236 -0.000000 -0.059375
vn 1.000000 0.000000 0.000000
vn 1.000000 0.000000 0.000000
vn 0.997622 -0.000000 -0.068917
vn 0.970712 -0.000000 -0.240248
vn 0.959330 -0.000000 -0.282286
vn 0.881169 0.000000 -0.472801
vn 0.848877 0.000000 -0.528591
vn 0.732942 0.000000 -0.680291
vn 0.680290 0.000000 -0.732943
vn 0.529314 0.000000 -0.848426
vn 0.470610 0.000000 -0.882341
vn 0.283627 0.000000 -0.958935
vn 0.228583 0.000000 -0.973525
vn 0.128518 0.000000 -0.991707
vn 0.128518 0.000000 -0.991707
vn -1.000000 0.000000 0.000000
vn -1.000000 0.000000 0.000000
vn -1.000000 0.000000 0.000000
vn -1.000000 0.000000 0.000000
vn -0.285034 0.000000 0.958517
vn -0.130479 0.000000 0.991451
vn -0.130479 0.000000 0.991451
vn -0.228396 0.000000 0.973568
vn -0.530494 0.000000 0.847688
vn -0.469311 0.000000 0.883033
vn -0.734448 0.000000 0.678665
vn -0.678839 0.000000 0.734287
vn -0.882565 0.000000 0.470190
vn -0.847509 0.000000 0.530782
vn -0.971835 0.000000 0.235664
vn -0.958867 0.000000 0.283854
vn -0.998406 -0.000003 0.056446
vn -0.997632 -0.000003 0.068785
vn -1.000000 -0.000006 0.000000
vn -1.000000 -0.000006 0.000000
vn -0.000000 -0.000001 1.000000
vn -0.000000 -0.000001 1.000000
vn -0.000000 -0.000001 1.000000
vn -0.000000 -0.000001 1.000000
vn 0.998236 0.000000 -0.059375
vn 1.000000 0.000000 0.000000
vn 1.000000 0.000000 0.000000
vn 0.997622 0.000000 -0.068917
vn 0.970712 0.000000 -0.240248
vn 0.959330 0.000000 -0.282286
vn 0.881169 0.000000 -0.472801
vn 0.848876 0.000000 -0.528592
vn 0.732942 0.000000 -0.680292
vn 0.680289 0.000000 -0.732944
vn 0.529314 0.000000 -0.848426
vn 0.470611 0.000000 -0.882341
vn 0.283627 0.000000 -0.958935
vn 0.228583 0.000000 -0.973525
vn 0.128518 0.000000 -0.991707
vn 0.128518 0.000000 -0.991707
vn -1.000000 0.000000 0.000000
vn -1.000000 0.000000 0.000000
vn -1.000000 0.000000 0.000000
vn -1.000000 0.000000 0.000000
vn -0.285032 0.000000 0.958518
vn -0.130477 0.000000 0.991451
vn -0.130477 0.000000 0.991451
vn -0.228394 0.000000 0.973569
vn -0.530492 0.000000 0.847690
vn -0.469308 0.000000 0.883034
vn -0.734447 0.000000 0.678666
vn -0.678838 0.000000 0.734289
vn -0.882565 0.000000 0.470191
vn -0.847508 0.000000 0.530783
vn -0.971835 0.000000 0.235663
vn -0.958868 0.000000 0.283854
vn -0.998406 -0.000003 0.056446
vn -0.997631 -0.000003 0.068785
vn -1.000000 -0.000006 0.000000
vn -1.000000 -0.000006 0.000000
vn -1.000000 0.000000 0.000000
vn -1.000000 0.000000 0.000000
vn -1.000000 0.000000 0.000000
vn -1.000000 0.000000 0.000000
vn -1.000000 0.000000 0.000000
vn -1.000000 0.000000 0.000000
vn -1.000000 0.000000 0.000000
vn -1.000000 0.000000 0.000000
vn -1.000000 0.000000 0.000000
vn -1.000000 0.000000 0.000000
vn -1.000000 0.000000 0.000000
vn -1.000000 0.000000 0.000000
vn -0.117799 0.000000 0.993038
vn -0.216792 0.000000 0.976218
vn -0.285781 0.000000 0.958295
vn -0.117799 0.000000 0.993038
vn -0.117798 0.000000 0.993038
vn -0.216897 0.000000 0.976195
vn -0.285628 0.000000 0.958341
vn -0.117798 0.000000 0.993038
vn -0.117807 0.000000 0.993037
vn -0.216446 0.000000 0.976295
vn -0.285247 0.000000 0.958454
vn -0.117807 0.000000 0.993037
vn -0.469232 0.000000 0.883075
vn -0.530046 0.000000 0.847969
vn -0.469129 0.000000 0.883130
vn -0.530095 0.000000 0.847938
vn -0.469138 0.000000 0.883125
vn -0.530122 0.000000 0.847922
vn -0.689363 0.000000 0.724416
vn -0.722422 0.000000 0.691452
vn -0.689248 0.000000 0.724526
vn -0.722552 0.000000 0.691317
vn -0.689279 0.000000 0.724496
vn -0.722515 0.000000 0.691355
vn -0.860636 0.000000 0.509220
vn -0.870353 0.000000 0.492428
vn -0.860592 0.000000 0.509294
vn -0.870403 0.000000 0.492339
vn -0.860607 0.000000 0.509270
vn -0.870388 0.000000 0.492367
vn -0.963655 0.000000 0.267149
vn -0.964486 0.000000 0.264132
vn -0.963649 0.000000 0.267170
vn -0.964492 0.000000 0.264112
vn -0.963657 0.000000 0.267143
vn -0.964495 0.000000 0.264100
vn -0.997478 0.000000 0.070973
vn -0.997478 0.000000 0.070973
vn -0.997478 0.000000 0.070973
vn -0.997478 0.000000 0.070973
vn -0.997500 0.000000 0.070665
vn -0.997500 0.000000 0.070665
vn -1.000000 0.000000 0.000000
vn -1.000000 0.000000 0.000000
vn -1.000000 0.000000 0.000000
vn -1.000000 0.000000 0.000000
vn -1.000000 0.000000 0.000000
vn -1.000000 0.000000 0.000000
vn 0.000000 0.000000 1.000000
vn 0.000000 0.000000 1.000000
vn 0.000000 0.000000 1.000000
vn 0.000000 0.000000 1.000000
vn 0.000000 0.000000 1.000000
vn 0.000000 0.000000 1.000000
vn 0.000000 0.000000 1.000000
vn 0.000000 0.000000 1.000000
vn 0.000000 -0.000001 1.000000
vn 0.000000 -0.000001 1.000000
vn 0.000000 -0.000001 1.000000
vn 0.000000 -0.000001 1.000000
vn 1.000000 0.000000 0.000000
vn 0.997412 0.000000 -0.071898
vn 0.997412 0.000000 -0.071898
vn 1.000000 0.000000 0.000000
vn 1.000000 0.000000 0.000000
vn 0.997412 0.000000 -0.071898
vn 0.997412 0.000000 -0.071898
vn 1.000000 0.000000 0.000000
vn 1.000000 -0.000007 0.000000
vn 0.997430 -0.000003 -0.071651
vn 0.997430 -0.000003 -0.071651
vn 1.000000 -0.000007 0.000000
vn 0.963765 0.000000 -0.266754
vn 0.964110 0.000000 -0.265502
vn 0.963762 0.000000 -0.266766
vn 0.964114 0.000000 -0.265490
vn 0.963758 0.000000 -0.266777
vn 0.964107 0.000000 -0.265515
vn 0.861929 0.000000 -0.507030
vn 0.869040 0.000000 -0.494742
vn 0.861890 0.000000 -0.507095
vn 0.869084 0.000000 -0.494665
vn 0.861914 0.000000 -0.507055
vn 0.869055 0.000000 -0.494716
vn 0.690628 0.000000 -0.723211
vn 0.721474 0.000000 -0.692442
vn 0.690520 0.000000 -0.723313
vn 0.721599 0.000000 -0.692312
vn 0.690594 0.000000 -0.723243
vn 0.721509 0.000000 -0.692405
vn 0.469506 0.000000 -0.882929
vn 0.529489 0.000000 -0.848317
vn 0.469418 0.000000 -0.882976
vn 0.529537 0.000000 -0.848287
vn 0.469500 0.000000 -0.882933
vn 0.529463 0.000000 -0.848333
vn -1.000000 0.000000 0.000000
vn -1.000000 0.000000 0.000000
vn -1.000000 0.000000 0.000000
vn -1.000000 0.000000 0.000000
vn -1.000000 0.000000 0.000000
vn -1.000000 0.000000 0.000000
vn -1.000000 0.000000 0.000000
vn -1.000000 0.000000 0.000000
vn -1.000000 0.000000 0.000000
vn -1.000000 0.000000 0.000000
vn -1.000000 0.000000 0.000000
vn -1.000000 0.000000 0.000000
vn -0.117800 0.000000 0.993037
vn -0.216791 0.000000 0.976218
vn -0.285777 0.000000 0.958296
vn -0.117800 0.000000 0.993037
vn -0.117796 0.000000 0.993038
vn -0.216895 0.000000 0.976195
vn -0.285627 0.000000 0.958341
vn -0.117796 0.000000 0.993038
vn -0.117798 0.000000 0.993038
vn -0.216439 0.000000 0.976296
vn -0.285243 0.000000 0.958455
vn -0.117798 0.000000 0.993038
vn -0.469229 0.000000 0.883077
vn -0.530044 0.000000 0.847970
vn -0.469130 0.000000 0.883129
vn -0.530097 0.000000 0.847937
vn -0.469137 0.000000 0.883125
vn -0.530122 0.000000 0.847921
vn -0.689362 0.000000 0.724417
vn -0.722420 0.000000 0.691454
vn -0.689250 0.000000 0.724524
vn -0.722553 0.000000 0.691316
vn -0.689280 0.000000 0.724495
vn -0.722515 0.000000 0.691355
vn -0.860635 0.000000 0.509222
vn -0.870352 0.000000 0.492430
vn -0.860593 0.000000 0.509294
vn -0.870404 0.000000 0.492338
vn -0.860606 0.000000 0.509271
vn -0.870387 0.000000 0.492368
vn -0.963655 0.000000 0.267150
vn -0.964486 0.000000 0.264133
vn -0.963650 0.000000 0.267169
vn -0.964492 0.000000 0.264111
vn -0.963657 0.000000 0.267144
vn -0.964495 0.000000 0.264101
vn -0.997478 0.000000 0.070973
vn -0.997478 0.000000 0.070973
vn -0.997478 0.000000 0.070973
vn -0.997478 0.000000 0.070973
vn -0.997500 0.000000 0.070665
vn -0.997500 0.000000 0.070665
vn -1.000000 0.000000 0.000000
vn -1.000000 0.000000 0.000000
vn -1.000000 0.000000 0.000000
vn -1.000000 0.000000 0.000000
vn -1.000000 0.000000 0.000000
vn -1.000000 0.000000 0.000000
vn 0.000000 -0.000001 1.000000
vn 0.000000 -0.000001 1.000000
vn 0.000000 -0.000001 1.000000
vn 0.000000 -0.000001 1.000000
vn 0.000000 -0.000001 1.000000
vn 0.000000 -0.000001 1.000000
vn 0.000000 -0.000001 1.000000
vn 0.000000 -0.000001 1.000000
vn 0.000000 0.000000 1.000000
vn 0.000000 0.000000 1.000000
vn 0.000000 0.000000 1.000000
vn 0.000000 0.000000 1.000000
vn 1.000000 -0.000007 0.000000
vn 0.997412 -0.000003 -0.071899
vn 0.997412 -0.000003 -0.071899
vn 1.000000 -0.000007 0.000000
vn 1.000000 -0.000007 0.000000
vn 0.997412 -0.000003 -0.071898
vn 0.997412 -0.000003 -0.071898
vn 1.000000 -0.000007 0.000000
vn 1.000000 0.000000 0.000000
vn 0.997430 0.000000 -0.071651
vn 0.997430 0.000000 -0.071651
vn 1.000000 0.000000 0.000000
vn 0.963765 0.000000 -0.266753
vn 0.964110 0.000000 -0.265501
vn 0.963761 0.000000 -0.266766
vn 0.964114 0.000000 -0.265490
vn 0.963758 0.000000 -0.266777
vn 0.964107 0.000000 -0.265515
vn 0.861929 0.000000 -0.507029
vn 0.869040 0.000000 -0.494741
vn 0.861890 0.000000 -0.507095
vn 0.869084 0.000000 -0.494665
vn 0.861914 0.000000 -0.507054
vn 0.869055 0.000000 -0.494715
vn 0.690628 0.000000 -0.723210
vn 0.721474 0.000000 -0.692441
vn 0.690520 0.000000 -0.723313
vn 0.721599 0.000000 -0.692312
vn 0.690594 0.000000 -0.723242
vn 0.721509 0.000000 -0.692405
vn 0.469508 0.000000 -0.882928
vn 0.529490 0.000000 -0.848316
vn 0.469409 0.000000 -0.882981
vn 0.529533 0.000000 -0.848290
vn 0.469500 0.000000 -0.882932
vn 0.529463 0.000000 -0.848333
vn -1.000000 0.000000 0.000000
vn -1.000000 0.000000 0.000000
vn -1.000000 0.000000 0.000000
vn -1.000000 0.000000 0.000000
vn -1.000000 0.000000 0.000000
vn -1.000000 0.000000 0.000000
vn -1.000000 0.000000 0.000000
vn -1.000000 0.000000 0.000000
vn -1.000000 0.000000 0.000000
vn -1.000000 0.000000 0.000000
vn -1.000000 0.000000 0.000000
vn -1.000000 0.000000 0.000000
vn -0.117802 0.000000 0.993037
vn -0.216796 0.000000 0.976217
vn -0.285784 0.000000 0.958294
vn -0.117802 0.000000 0.993037
vn -0.117796 0.000000 0.993038
vn -0.216899 0.000000 0.976194
vn -0.285633 0.000000 0.958339
vn -0.117796 0.000000 0.993038
vn -0.117794 0.000000 0.993038
vn -0.216435 0.000000 0.976297
vn -0.285239 0.000000 0.958457
vn -0.117794 0.000000 0.993038
vn -0.469235 0.000000 0.883073
vn -0.530050 0.000000 0.847967
vn -0.469134 0.000000 0.883127
vn -0.530099 0.000000 0.847936
vn -0.469135 0.000000 0.883126
vn -0.530120 0.000000 0.847922
vn -0.689364 0.000000 0.724415
vn -0.722422 0.000000 0.691452
vn -0.689248 0.000000 0.724525
vn -0.722551 0.000000 0.691318
vn -0.689279 0.000000 0.724496
vn -0.722515 0.000000 0.691355
vn -0.860636 0.000000 0.509221
vn -0.870353 0.000000 0.492429
vn -0.860591 0.000000 0.509296
vn -0.870403 0.000000 0.492340
vn -0.860606 0.000000 0.509271
vn -0.870387 0.000000 0.492368
vn -0.963655 0.000000 0.267149
vn -0.964486 0.000000 0.264132
vn -0.963649 0.000000 0.267170
vn -0.964492 0.000000 0.264111
vn -0.963657 0.000000 0.267143
vn -0.964495 0.000000 0.264100
vn -0.997478 0.000000 0.070973
vn -0.997478 0.000000 0.070973
vn -0.997478 0.000000 0.070973
vn -0.997478 0.000000 0.070973
vn -0.997500 0.000008 0.070664
vn -0.997500 0.000008 0.070664
vn -1.000000 0.000000 -0.000001
vn -1.000000 0.000000 -0.000001
vn -1.000000 0.000000 -0.000001
vn -1.000000 0.000000 -0.000001
vn -1.000000 0.000018 -0.000001
vn -1.000000 0.000018 -0.000001
vn 0.000000 0.000000 1.000000
vn 0.000000 0.000000 1.000000
vn 0.000000 0.000000 1.000000
vn 0.000000 0.000000 1.000000
vn 0.000000 0.000000 1.000000
vn 0.000000 0.000000 1.000000
vn 0.000000 0.000000 1.000000
vn 0.000000 0.000000 1.000000
vn 0.000000 0.000001 1.000000
vn 0.000000 0.000001 1.000000
vn 0.000000 0.000001 1.000000
vn 0.000000 0.000001 1.000000
vn 1.000000 0.000000 0.000000
vn 0.997412 0.000000 -0.071898
vn 0.997412 0.000000 -0.071898
vn 1.000000 0.000000 0.000000
vn 1.000000 0.000000 0.000000
vn 0.997412 0.000000 -0.071898
vn 0.997412 0.000000 -0.071898
vn 1.000000 0.000000 0.000000
vn 1.000000 -0.000011 0.000000
vn 0.997430 -0.000005 -0.071651
vn 0.997430 -0.000005 -0.071651
vn 1.000000 -0.000011 0.000000
vn 0.963764 0.000000 -0.266755
vn 0.964110 0.000000 -0.265503
vn 0.963761 0.000000 -0.266766
vn 0.964113 0.000000 -0.265491
vn 0.963758 0.000000 -0.266776
vn 0.964107 0.000000 -0.265515
vn 0.861928 0.000000 -0.507031
vn 0.869039 0.000000 -0.494744
vn 0.861890 0.000000 -0.507096
vn 0.869084 0.000000 -0.494665
vn 0.861914 0.000000 -0.507054
vn 0.869055 0.000000 -0.494715
vn 0.690629 0.000000 -0.723209
vn 0.721474 0.000000 -0.692441
vn 0.690522 0.000000 -0.723312
vn 0.721600 0.000000 -0.692310
vn 0.690595 0.000000 -0.723242
vn 0.721510 0.000000 -0.692404
vn 0.469512 0.000000 -0.882926
vn 0.529493 0.000000 -0.848314
vn 0.469414 0.000000 -0.882978
vn 0.529537 0.000000 -0.848287
vn 0.469498 0.000000 -0.882934
vn 0.529463 0.000000 -0.848333
vn 1.000000 0.000000 0.000000
vn 0.997603 0.000000 -0.069191
vn 0.998227 0.000000 -0.059526
vn 1.000000 0.000000 0.000000
vn 1.000000 0.000000 0.000000
vn 0.997600 0.000000 -0.069246
vn 0.998231 0.000000 -0.059460
vn 1.000000 0.000000 0.000000
vn 1.000000 -0.000010 0.000000
vn 0.997622 -0.000005 -0.068930
vn 0.998244 -0.000006 -0.059240
vn 1.000000 -0.000010 0.000000
vn 0.959330 0.000000 -0.282287
vn 0.970812 0.000000 -0.239843
vn 0.959273 0.000000 -0.282482
vn 0.970869 0.000000 -0.239610
vn 0.959303 0.000000 -0.282380
vn 0.970818 0.000000 -0.239820
vn 0.848834 0.000000 -0.528659
vn 0.881332 0.000000 -0.472497
vn 0.848727 0.000000 -0.528831
vn 0.881421 0.000000 -0.472331
vn 0.848819 0.000000 -0.528684
vn 0.881338 0.000000 -0.472486
vn 0.680214 0.000000 -0.733014
vn 0.732997 0.000000 -0.680232
vn 0.680176 0.000000 -0.733049
vn 0.732986 0.000000 -0.680243
vn 0.680256 0.000000 -0.732975
vn 0.732932 0.000000 -0.680302
vn 0.470670 0.000000 -0.882309
vn 0.529359 0.000000 -0.848398
vn 0.470791 0.000000 -0.882245
vn 0.529243 0.000000 -0.848470
vn 0.470803 0.000000 -0.882238
vn 0.529235 0.000000 -0.848475
vn 0.229162 0.000000 -0.973388
vn 0.284335 0.000000 -0.958725
vn 0.229340 0.000000 -0.973346
vn 0.284165 0.000000 -0.958776
vn 0.228831 0.000000 -0.973466
vn 0.283470 0.000000 -0.958981
vn 0.128517 0.000000 -0.991707
vn 0.128517 0.000000 -0.991707
vn 0.128517 0.000000 -0.991707
vn 0.128517 0.000000 -0.991707
vn 0.128521 0.000000 -0.991707
vn 0.128521 0.000000 -0.991707
vn -1.000000 0.000000 0.000000
vn -1.000000 0.000000 0.000000
vn -1.000000 0.000000 0.000000
vn -1.000000 0.000000 0.000000
vn -1.000000 0.000000 0.000000
vn -1.000000 0.000000 0.000000
vn -1.000000 0.000000 0.000000
vn -1.000000 0.000000 0.000000
vn -1.000000 0.000000 0.000000
vn -1.000000 0.000000 0.000000
vn -1.000000 0.000000 0.000000
vn -1.000000 0.000000 0.000000
vn -0.130479 0.000000 0.991451
vn -0.229385 0.000000 0.973336
vn -0.285877 0.000000 0.958266
vn -0.130479 0.000000 0.991451
vn -0.130477 0.000000 0.991451
vn -0.229592 0.000000 0.973287
vn -0.285674 0.000000 0.958327
vn -0.130477 0.000000 0.991451
vn -0.130475 0.000000 0.991452
vn -0.228869 0.000000 0.973457
vn -0.285047 0.000000 0.958513
vn -0.130475 0.000000 0.991452
vn -0.469681 0.000000 0.882836
vn -0.530521 0.000000 0.847672
vn -0.469832 0.000000 0.882756
vn -0.530373 0.000000 0.847764
vn -0.469673 0.000000 0.882841
vn -0.530519 0.000000 0.847673
vn -0.678893 0.000000 0.734237
vn -0.734357 0.000000 0.678763
vn -0.678862 0.000000 0.734266
vn -0.734328 0.000000 0.678794
vn -0.678809 0.000000 0.734315
vn -0.734412 0.000000 0.678704
vn -0.847441 0.000000 0.530890
vn -0.882551 0.000000 0.470217
vn -0.847320 0.000000 0.531082
vn -0.882645 0.000000 0.470041
vn -0.847337 0.000000 0.531056
vn -0.882643 0.000000 0.470045
vn -0.958795 0.000000 0.284099
vn -0.971829 0.000000 0.235687
vn -0.958724 0.000000 0.284338
vn -0.971897 0.000000 0.235409
vn -0.958757 0.000000 0.284227
vn -0.971890 0.000000 0.235436
vn -0.997600 0.000000 0.069245
vn -0.998387 0.000000 0.056782
vn -0.997594 0.000000 0.069320
vn -0.998392 0.000000 0.056693
vn -0.997623 0.000005 0.068904
vn -0.998410 0.000006 0.056373
vn -1.000000 0.000000 0.000000
vn -1.000000 0.000000 0.000000
vn -1.000000 0.000010 0.000000
vn -1.000000 0.000010 0.000000
vn -1.000000 0.000000 0.000000
vn -1.000000 0.000000 0.000000
vn 1.000000 -0.000010 0.000000
vn 0.997604 -0.000005 -0.069191
vn 0.998227 -0.000006 -0.059526
vn 1.000000 -0.000010 0.000000
vn 1.000000 -0.000010 0.000000
vn 0.997600 -0.000005 -0.069247
vn 0.998231 -0.000006 -0.059460
vn 1.000000 -0.000010 0.000000
vn 1.000000 0.000000 0.000000
vn 0.997622 0.000000 -0.068930
vn 0.998244 0.000000 -0.059240
vn 1.000000 0.000000 0.000000
vn 0.959330 0.000000 -0.282287
vn 0.970812 0.000000 -0.239843
vn 0.959273 0.000000 -0.282482
vn 0.970869 0.000000 -0.239611
vn 0.959303 0.000000 -0.282379
vn 0.970818 0.000000 -0.239819
vn 0.848834 0.000000 -0.528660
vn 0.881332 0.000000 -0.472498
vn 0.848727 0.000000 -0.528831
vn 0.881421 0.000000 -0.472331
vn 0.848820 0.000000 -0.528683
vn 0.881338 0.000000 -0.472485
vn 0.680215 0.000000 -0.733013
vn 0.732997 0.000000 -0.680231
vn 0.680177 0.000000 -0.733048
vn 0.732987 0.000000 -0.680243
vn 0.680258 0.000000 -0.732973
vn 0.732934 0.000000 -0.680300
vn 0.470670 0.000000 -0.882309
vn 0.529359 0.000000 -0.848398
vn 0.470792 0.000000 -0.882244
vn 0.529245 0.000000 -0.848469
vn 0.470805 0.000000 -0.882237
vn 0.529238 0.000000 -0.848474
vn 0.229163 0.000000 -0.973388
vn 0.284335 0.000000 -0.958725
vn 0.229340 0.000000 -0.973346
vn 0.284165 0.000000 -0.958775
vn 0.228832 0.000000 -0.973466
vn 0.283470 0.000000 -0.958981
vn 0.128519 0.000000 -0.991707
vn 0.128519 0.000000 -0.991707
vn 0.128517 0.000000 -0.991707
vn 0.128517 0.000000 -0.991707
vn 0.128521 0.000000 -0.991707
vn 0.128521 0.000000 -0.991707
vn -1.000000 0.000000 0.000000
vn -1.000000 0.000000 0.000000
vn -1.000000 0.000000 0.000000
vn -1.000000 0.000000 0.000000
vn -1.000000 0.000000 0.000000
vn -1.000000 0.000000 0.000000
vn -1.000000 0.000000 0.000000
vn -1.000000 0.000000 0.000000
vn -1.000000 0.000000 0.000000
vn -1.000000 0.000000 0.000000
vn -1.000000 0.000000 0.000000
vn -1.000000 0.000000 0.000000
vn -0.130479 0.000000 0.991451
vn -0.229384 0.000000 0.973336
vn -0.285876 0.000000 0.958267
vn -0.130479 0.000000 0.991451
vn -0.130474 0.000000 0.991452
vn -0.229589 0.000000 0.973288
vn -0.285671 0.000000 0.958328
vn -0.130474 0.000000 0.991452
vn -0.130478 0.000000 0.991451
vn -0.228871 0.000000 0.973457
vn -0.285049 0.000000 0.958513
vn -0.130478 0.000000 0.991451
vn -0.469680 0.000000 0.882837
vn -0.530521 0.000000 0.847672
vn -0.469833 0.000000 0.882756
vn -0.530375 0.000000 0.847763
vn -0.469673 0.000000 0.882841
vn -0.530519 0.000000 0.847673
vn -0.678894 0.000000 0.734236
vn -0.734359 0.000000 0.678761
vn -0.678865 0.000000 0.734263
vn -0.734331 0.000000 0.678792
vn -0.678808 0.000000 0.734315
vn -0.734410 0.000000 0.678706
vn -0.847442 0.000000 0.530889
vn -0.882551 0.000000 0.470217
vn -0.847322 0.000000 0.531080
vn -0.882646 0.000000 0.470039
vn -0.847336 0.000000 0.531057
vn -0.882643 0.000000 0.470045
vn -0.958795 0.000000 0.284099
vn -0.971829 0.000000 0.235687
vn -0.958724 0.000000 0.284337
vn -0.971897 0.000000 0.235408
vn -0.958757 0.000000 0.284226
vn -0.971890 0.000000 0.235436
vn -0.997600 0.000005 0.069245
vn -0.998387 0.000006 0.056782
vn -0.997595 0.000005 0.069320
vn -0.998392 0.000006 0.056693
vn -0.997623 0.000000 0.068904
vn -0.998410 0.000000 0.056373
vn -1.000000 0.000011 0.000000
vn -1.000000 0.000011 0.000000
vn -1.000000 0.000000 0.000000
vn -1.000000 0.000000 0.000000
vn -1.000000 0.000011 0.000000
vn -1.000000 0.000011 0.000000
vn 1.000000 0.000000 0.000000
vn 0.997604 0.000000 -0.069191
vn 0.998227 0.000000 -0.059526
vn 1.000000 0.000000 0.000000
vn 1.000000 0.000000 0.000000
vn 0.997600 0.000000 -0.069246
vn 0.998231 0.000000 -0.059460
vn 1.000000 0.000000 0.000000
vn 1.000000 -0.000010 0.000000
vn 0.997622 -0.000005 -0.068930
vn 0.998244 -0.000006 -0.059240
vn 1.000000 -0.000010 0.000000
vn 0.959330 0.000000 -0.282286
vn 0.970812 0.000000 -0.239843
vn 0.959273 0.000000 -0.282482
vn 0.970869 0.000000 -0.239610
vn 0.959303 0.000000 -0.282380
vn 0.970817 0.000000 -0.239820
vn 0.848834 0.000000 -0.528660
vn 0.881332 0.000000 -0.472498
vn 0.848728 0.000000 -0.528829
vn 0.881422 0.000000 -0.472330
vn 0.848818 0.000000 -0.528685
vn 0.881338 0.000000 -0.472487
vn 0.680215 0.000000 -0.733012
vn 0.732998 0.000000 -0.680231
vn 0.680175 0.000000 -0.733050
vn 0.732987 0.000000 -0.680243
vn 0.680257 0.000000 -0.732974
vn 0.732933 0.000000 -0.680301
vn 0.470676 0.000000 -0.882306
vn 0.529364 0.000000 -0.848395
vn 0.470789 0.000000 -0.882246
vn 0.529241 0.000000 -0.848471
vn 0.470805 0.000000 -0.882237
vn 0.529238 0.000000 -0.848474
vn 0.229168 0.000000 -0.973387
vn 0.284342 0.000000 -0.958723
vn 0.229339 0.000000 -0.973347
vn 0.284164 0.000000 -0.958776
vn 0.228829 0.000000 -0.973467
vn 0.283468 0.000000 -0.958982
vn 0.128522 0.000000 -0.991707
vn 0.128522 0.000000 -0.991707
vn 0.128517 0.000000 -0.991707
vn 0.128517 0.000000 -0.991707
vn 0.128516 0.000000 -0.991707
vn 0.128516 0.000000 -0.991707
vn -1.000000 0.000000 0.000000
vn -1.000000 0.000000 0.000000
vn -1.000000 0.000000 0.000000
vn -1.000000 0.000000 0.000000
vn -1.000000 0.000000 0.000000
vn -1.000000 0.000000 0.000000
vn -1.000000 0.000000 0.000000
vn -1.000000 0.000000 0.000000
vn -1.000000 0.000000 0.000000
vn -1.000000 0.000000 0.000000
vn -1.000000 0.000000 0.000000
vn -1.000000 0.000000 0.000000
vn -0.130474 0.000000 0.991452
vn -0.229381 0.000000 0.973337
vn -0.285873 0.000000 0.958268
vn -0.130474 0.000000 0.991452
vn -0.130477 0.000000 0.991451
vn -0.229592 0.000000 0.973287
vn -0.285674 0.000000 0.958327
vn -0.130477 0.000000 0.991451
vn -0.130479 0.000000 0.991451
vn -0.228874 0.000000 0.973456
vn -0.285052 0.000000 0.958512
vn -0.130479 0.000000 0.991451
vn -0.469678 0.000000 0.882838
vn -0.530520 0.000000 0.847673
vn -0.469832 0.000000 0.882756
vn -0.530373 0.000000 0.847765
vn -0.469675 0.000000 0.882839
vn -0.530521 0.000000 0.847672
vn -0.678893 0.000000 0.734237
vn -0.734358 0.000000 0.678763
vn -0.678863 0.000000 0.734265
vn -0.734330 0.000000 0.678793
vn -0.678809 0.000000 0.734315
vn -0.734410 0.000000 0.678706
vn -0.847441 0.000000 0.530890
vn -0.882551 0.000000 0.470218
vn -0.847321 0.000000 0.531081
vn -0.882645 0.000000 0.470040
vn -0.847335 0.000000 0.531058
vn -0.882642 0.000000 0.470046
vn -0.958795 0.000000 0.284099
vn -0.971829 0.000000 0.235687
vn -0.958724 0.000000 0.284337
vn -0.971897 0.000000 0.235408
vn -0.958758 0.000000 0.284226
vn -0.971890 0.000000 0.235436
vn -0.997600 0.000000 0.069245
vn -0.998387 0.000000 0.056782
vn -0.997595 0.000000 0.069320
vn -0.998392 0.000000 0.056693
vn -0.997623 0.000005 0.068904
vn -0.998410 0.000006 0.056373
vn -1.000000 0.000000 0.000000
vn -1.000000 0.000000 0.000000
vn -1.000000 0.000011 0.000000
vn -1.000000 0.000011 0.000000
vn -1.000000 0.000000 0.000000
vn -1.000000 0.000000 0.000000
vn 0.377459 -0.925632 0.027021
vn 0.377282 -0.925723 0.026365
vn 0.280336 -0.954738 -0.099438
vn 0.284746 -0.953267 -0.101002
vn -0.283670 0.953627 0.100634
vn -0.279303 0.955077 0.099087
vn -0.376631 0.925982 -0.026578
vn -0.376812 0.925889 -0.027236
vn 0.249209 -0.953828 0.167653
vn 0.252293 -0.952649 0.169728
vn -0.251220 0.953061 -0.169006
vn -0.248170 0.954221 -0.166953
vn 0.362689 -0.912808 0.187720
vn 0.362384 -0.912915 0.187788
vn -0.361753 0.913250 -0.187375
vn -0.362062 0.913141 -0.187308
vn 0.355792 -0.913942 0.195251
vn 0.355530 -0.914026 0.195331
vn -0.355879 0.913825 -0.195636
vn -0.356137 0.913742 -0.195555
vn 0.203301 -0.961113 0.186896
vn 0.202972 -0.961207 0.186770
vn -0.203700 0.960921 -0.187451
vn -0.204032 0.960826 -0.187578
vn 0.066945 -0.993201 0.095238
vn 0.066866 -0.993215 0.095148
vn -0.067181 0.993149 -0.095613
vn -0.067261 0.993135 -0.095704
vn 0.007619 -0.999802 0.018395
vn 0.007619 -0.999802 0.018395
vn -0.007670 0.999799 -0.018520
vn -0.007671 0.999799 -0.018521
vn -0.000000 -1.000000 -0.000001
vn -0.000000 -1.000000 -0.000001
vn 0.000000 1.000000 0.000001
vn 0.000000 1.000000 0.000001
vn 0.000000 -1.000000 0.000000
vn 0.000000 -1.000000 0.000000
vn -0.000000 1.000000 0.000000
vn -0.000000 1.000000 0.000000
vn 0.000000 -1.000000 0.000000
vn 0.000000 -1.000000 0.000000
vn -0.000000 1.000000 -0.000000
vn -0.000000 1.000000 -0.000000
vn 0.000000 -1.000000 0.000001
vn 0.000000 -1.000000 0.000001
vn -0.000000 1.000000 -0.000003
vn -0.000000 1.000000 -0.000003
vn 0.003185 -0.999965 0.007689
vn 0.003185 -0.999965 0.007689
vn -0.003214 0.999965 -0.007759
vn -0.003214 0.999965 -0.007759
vn 0.050277 -0.996359 0.068857
vn 0.050321 -0.996353 0.068912
vn -0.050608 0.996310 -0.069315
vn -0.050562 0.996317 -0.069259
vn 0.192315 -0.966109 0.172191
vn 0.192750 -0.965983 0.172409
vn -0.193440 0.965728 -0.173063
vn -0.193002 0.965855 -0.172844
vn 0.349769 -0.916692 0.193230
vn 0.349979 -0.916629 0.193149
vn -0.350298 0.916449 -0.193425
vn -0.350091 0.916511 -0.193505
vn 0.378751 -0.925117 0.026574
vn 0.378582 -0.925205 0.025928
vn 0.282414 -0.954052 -0.100137
vn 0.286913 -0.952539 -0.101734
vn -0.285839 0.952901 0.101368
vn -0.281384 0.954393 0.099787
vn -0.377942 0.925460 -0.026142
vn -0.378115 0.925371 -0.026792
vn 0.251255 -0.953042 0.169061
vn 0.254409 -0.951826 0.171182
vn -0.253338 0.952241 -0.170459
vn -0.250219 0.953439 -0.168361
vn 0.363911 -0.912150 0.188549
vn 0.363616 -0.912253 0.188620
vn -0.362986 0.912590 -0.188206
vn -0.363285 0.912485 -0.188137
vn 0.355102 -0.914342 0.194630
vn 0.354830 -0.914431 0.194710
vn -0.355181 0.914230 -0.195015
vn -0.355447 0.914143 -0.194934
vn 0.201859 -0.961682 0.185529
vn 0.201535 -0.961774 0.185404
vn -0.202266 0.961490 -0.186080
vn -0.202592 0.961397 -0.186206
vn 0.066314 -0.993332 0.094312
vn 0.066236 -0.993345 0.094222
vn -0.066553 0.993281 -0.094681
vn -0.066632 0.993267 -0.094772
vn 0.007515 -0.999807 0.018144
vn 0.007514 -0.999807 0.018143
vn -0.007567 0.999804 -0.018268
vn -0.007567 0.999804 -0.018270
vn -0.000000 -1.000000 0.000000
vn -0.000000 -1.000000 0.000000
vn 0.000000 1.000000 0.000000
vn 0.000000 1.000000 0.000000
vn 0.000000 -1.000000 0.000000
vn 0.000000 -1.000000 0.000000
vn -0.000000 1.000000 0.000000
vn -0.000000 1.000000 0.000000
vn 0.000000 -1.000000 0.000000
vn 0.000000 -1.000000 0.000000
vn -0.000000 1.000000 -0.000000
vn -0.000000 1.000000 -0.000000
vn -0.000001 -1.000000 -0.000002
vn -0.000001 -1.000000 -0.000002
vn 0.000000 1.000000 0.000002
vn 0.000000 1.000000 0.000002
vn 0.003125 -0.999967 0.007546
vn 0.003126 -0.999967 0.007547
vn -0.003155 0.999966 -0.007618
vn -0.003155 0.999966 -0.007618
vn 0.049705 -0.996442 0.068063
vn 0.049748 -0.996436 0.068116
vn -0.050038 0.996394 -0.068522
vn -0.049995 0.996400 -0.068468
vn 0.190929 -0.966616 0.170879
vn 0.191358 -0.966493 0.171095
vn -0.192051 0.966239 -0.171749
vn -0.191619 0.966364 -0.171532
vn 0.349106 -0.917068 0.192642
vn 0.349327 -0.917001 0.192561
vn -0.349656 0.916817 -0.192839
vn -0.349440 0.916883 -0.192920
vn 0.377475 -0.925626 0.027014
vn 0.377298 -0.925717 0.026361
vn 0.280348 -0.954734 -0.099438
vn 0.284759 -0.953263 -0.101002
vn -0.283683 0.953623 0.100631
vn -0.279316 0.955073 0.099084
vn -0.376627 0.925984 -0.026580
vn -0.376807 0.925891 -0.027236
vn 0.249190 -0.953832 0.167655
vn 0.252274 -0.952654 0.169730
vn -0.251234 0.953058 -0.169001
vn -0.248184 0.954219 -0.166948
vn 0.362696 -0.912803 0.187727
vn 0.362392 -0.912910 0.187795
vn -0.361789 0.913235 -0.187376
vn -0.362098 0.913127 -0.187309
vn 0.355811 -0.913934 0.195250
vn 0.355549 -0.914019 0.195331
vn -0.355904 0.913815 -0.195641
vn -0.356161 0.913732 -0.195560
vn 0.203309 -0.961112 0.186894
vn 0.202980 -0.961206 0.186768
vn -0.203702 0.960920 -0.187452
vn -0.204034 0.960825 -0.187579
vn 0.066953 -0.993200 0.095242
vn 0.066872 -0.993214 0.095150
vn -0.067189 0.993149 -0.095611
vn -0.067270 0.993134 -0.095704
vn 0.007619 -0.999802 0.018394
vn 0.007619 -0.999802 0.018392
vn -0.007671 0.999799 -0.018517
vn -0.007671 0.999799 -0.018518
vn -0.000000 -1.000000 -0.000001
vn -0.000000 -1.000000 -0.000001
vn 0.000000 1.000000 0.000000
vn 0.000000 1.000000 0.000000
vn 0.000000 -1.000000 -0.000000
vn 0.000000 -1.000000 -0.000000
vn -0.000000 1.000000 0.000000
vn -0.000000 1.000000 0.000000
vn 0.000000 -1.000000 0.000000
vn 0.000000 -1.000000 0.000000
vn -0.000000 1.000000 -0.000000
vn -0.000000 1.000000 -0.000000
vn 0.000000 -1.000000 0.000000
vn 0.000000 -1.000000 0.000000
vn -0.000000 1.000000 -0.000003
vn -0.000000 1.000000 -0.000003
vn 0.003185 -0.999965 0.007687
vn 0.003185 -0.999965 0.007688
vn -0.003214 0.999965 -0.007762
vn -0.003214 0.999965 -0.007762
vn 0.050276 -0.996359 0.068859
vn 0.050320 -0.996353 0.068913
vn -0.050607 0.996310 -0.069316
vn -0.050562 0.996316 -0.069261
vn 0.192315 -0.966109 0.172188
vn 0.192750 -0.965983 0.172406
vn -0.193428 0.965730 -0.173066
vn -0.192990 0.965856 -0.172847
vn 0.349779 -0.916690 0.193221
vn 0.349989 -0.916626 0.193141
vn -0.350277 0.916456 -0.193431
vn -0.350070 0.916517 -0.193511
vn 0.378758 -0.925114 0.026575
vn 0.378588 -0.925202 0.025929
vn 0.282396 -0.954057 -0.100138
vn 0.286895 -0.952545 -0.101735
vn -0.285820 0.952907 0.101368
vn -0.281366 0.954398 0.099788
vn -0.377939 0.925461 -0.026147
vn -0.378112 0.925372 -0.026797
vn 0.251221 -0.953050 0.169065
vn 0.254375 -0.951834 0.171186
vn -0.253340 0.952241 -0.170457
vn -0.250221 0.953438 -0.168359
vn 0.363899 -0.912152 0.188563
vn 0.363603 -0.912255 0.188634
vn -0.363015 0.912576 -0.188215
vn -0.363316 0.912471 -0.188145
vn 0.355113 -0.914336 0.194638
vn 0.354841 -0.914425 0.194717
vn -0.355208 0.914216 -0.195030
vn -0.355474 0.914129 -0.194950
vn 0.201869 -0.961681 0.185522
vn 0.201545 -0.961773 0.185397
vn -0.202265 0.961489 -0.186087
vn -0.202592 0.961396 -0.186212
vn 0.066323 -0.993331 0.094313
vn 0.066245 -0.993345 0.094222
vn -0.066558 0.993280 -0.094685
vn -0.066638 0.993266 -0.094777
vn 0.007516 -0.999807 0.018142
vn 0.007515 -0.999807 0.018141
vn -0.007567 0.999804 -0.018267
vn -0.007568 0.999804 -0.018268
vn -0.000000 -1.000000 -0.000000
vn -0.000000 -1.000000 -0.000000
vn 0.000000 1.000000 0.000000
vn 0.000000 1.000000 0.000000
vn 0.000000 -1.000000 -0.000000
vn 0.000000 -1.000000 -0.000000
vn -0.000000 1.000000 -0.000003
vn -0.000000 1.000000 -0.000003
vn 0.000000 -1.000000 0.000000
vn 0.000000 -1.000000 0.000000
vn -0.000000 1.000000 -0.000004
vn -0.000000 1.000000 -0.000004
vn -0.000001 -1.000000 -0.000002
vn -0.000001 -1.000000 -0.000002
vn 0.000000 1.000000 0.000001
vn 0.000000 1.000000 0.000001
vn 0.003125 -0.999967 0.007543
vn 0.003125 -0.999967 0.007543
vn -0.003155 0.999966 -0.007619
vn -0.003155 0.999966 -0.007619
vn 0.049710 -0.996442 0.068055
vn 0.049753 -0.996437 0.068108
vn -0.050040 0.996395 -0.068514
vn -0.049996 0.996400 -0.068460
vn 0.190933 -0.966617 0.170872
vn 0.191367 -0.966492 0.171091
vn -0.192059 0.966238 -0.171749
vn -0.191622 0.966364 -0.171529
vn 0.349123 -0.917061 0.192647
vn 0.349342 -0.916994 0.192567
vn -0.349660 0.916813 -0.192853
vn -0.349446 0.916878 -0.192933
vn 0.377459 -0.925632 0.027019
vn 0.377282 -0.925723 0.026363
vn 0.280338 -0.954737 -0.099439
vn 0.284749 -0.953266 -0.101003
vn -0.283672 0.953626 0.100635
vn -0.279306 0.955076 0.099088
vn -0.376631 0.925982 -0.026580
vn -0.376812 0.925889 -0.027239
vn 0.249190 -0.953832 0.167657
vn 0.252274 -0.952654 0.169733
vn -0.251239 0.953057 -0.169002
vn -0.248190 0.954217 -0.166949
vn 0.362688 -0.912807 0.187724
vn 0.362384 -0.912914 0.187792
vn -0.361774 0.913242 -0.187373
vn -0.362083 0.913133 -0.187307
vn 0.355797 -0.913940 0.195248
vn 0.355535 -0.914025 0.195329
vn -0.355879 0.913825 -0.195637
vn -0.356137 0.913742 -0.195556
vn 0.203302 -0.961113 0.186897
vn 0.202973 -0.961207 0.186770
vn -0.203696 0.960920 -0.187457
vn -0.204027 0.960825 -0.187584
vn 0.066951 -0.993200 0.095240
vn 0.066870 -0.993215 0.095147
vn -0.067187 0.993148 -0.095615
vn -0.067268 0.993134 -0.095709
vn 0.007619 -0.999802 0.018394
vn 0.007619 -0.999802 0.018393
vn -0.007671 0.999799 -0.018518
vn -0.007671 0.999799 -0.018520
vn -0.000000 -1.000000 -0.000001
vn -0.000000 -1.000000 -0.000001
vn 0.000000 1.000000 0.000001
vn 0.000000 1.000000 0.000001
vn 0.000001 -1.000000 -0.000002
vn 0.000001 -1.000000 -0.000002
vn -0.000001 1.000000 0.000002
vn -0.000001 1.000000 0.000002
vn 0.000001 -1.000000 -0.000001
vn 0.000001 -1.000000 -0.000001
vn -0.000001 1.000000 0.000001
vn -0.000001 1.000000 0.000001
vn 0.000000 -1.000000 0.000001
vn 0.000000 -1.000000 0.000001
vn -0.000000 1.000000 -0.000003
vn -0.000000 1.000000 -0.000003
vn 0.003184 -0.999965 0.007688
vn 0.003184 -0.999965 0.007688
vn -0.003214 0.999965 -0.007759
vn -0.003214 0.999965 -0.007759
vn 0.050274 -0.996359 0.068858
vn 0.050317 -0.996353 0.068911
vn -0.050601 0.996311 -0.069312
vn -0.050557 0.996317 -0.069259
vn 0.192303 -0.966110 0.172192
vn 0.192738 -0.965985 0.172411
vn -0.193436 0.965728 -0.173066
vn -0.192998 0.965855 -0.172847
vn 0.349756 -0.916697 0.193230
vn 0.349966 -0.916634 0.193149
vn -0.350295 0.916448 -0.193433
vn -0.350088 0.916510 -0.193514
vn 0.378753 -0.925116 0.026575
vn 0.378583 -0.925204 0.025926
vn 0.282404 -0.954054 -0.100146
vn 0.286903 -0.952541 -0.101743
vn -0.285810 0.952910 0.101367
vn -0.281356 0.954401 0.099786
vn -0.377933 0.925464 -0.026150
vn -0.378106 0.925374 -0.026802
vn 0.251235 -0.953047 0.169061
vn 0.254390 -0.951831 0.171181
vn -0.253357 0.952236 -0.170463
vn -0.250238 0.953433 -0.168365
vn 0.363911 -0.912150 0.188550
vn 0.363616 -0.912253 0.188621
vn -0.363007 0.912581 -0.188209
vn -0.363306 0.912476 -0.188139
vn 0.355102 -0.914342 0.194631
vn 0.354830 -0.914431 0.194711
vn -0.355175 0.914231 -0.195020
vn -0.355442 0.914144 -0.194940
vn 0.201850 -0.961685 0.185523
vn 0.201526 -0.961777 0.185398
vn -0.202247 0.961493 -0.186085
vn -0.202573 0.961400 -0.186210
vn 0.066320 -0.993332 0.094308
vn 0.066241 -0.993345 0.094217
vn -0.066554 0.993280 -0.094682
vn -0.066634 0.993266 -0.094773
vn 0.007515 -0.999807 0.018144
vn 0.007515 -0.999807 0.018143
vn -0.007567 0.999804 -0.018267
vn -0.007567 0.999804 -0.018268
vn -0.000000 -1.000000 -0.000001
vn -0.000000 -1.000000 -0.000001
vn 0.000000 1.000000 0.000001
vn 0.000000 1.000000 0.000001
vn 0.000001 -1.000000 -0.000000
vn 0.000001 -1.000000 -0.000000
vn -0.000001 1.000000 0.000002
vn -0.000001 1.000000 0.000002
vn 0.000001 -1.000000 0.000000
vn 0.000001 -1.000000 0.000000
vn -0.000001 1.000000 0.000001
vn -0.000001 1.000000 0.000001
vn -0.000001 -1.000000 -0.000002
vn -0.000001 -1.000000 -0.000002
vn 0.000000 1.000000 0.000001
vn 0.000000 1.000000 0.000001
vn 0.003126 -0.999967 0.007546
vn 0.003126 -0.999967 0.007546
vn -0.003155 0.999966 -0.007615
vn -0.003155 0.999966 -0.007615
vn 0.049704 -0.996442 0.068058
vn 0.049746 -0.996437 0.068109
vn -0.050032 0.996395 -0.068512
vn -0.049990 0.996401 -0.068460
vn 0.190931 -0.966616 0.170879
vn 0.191354 -0.966494 0.171092
vn -0.192045 0.966240 -0.171754
vn -0.191618 0.966363 -0.171540
vn 0.349110 -0.917064 0.192656
vn 0.349328 -0.916997 0.192576
vn -0.349658 0.916812 -0.192863
vn -0.349443 0.916876 -0.192943
vn 0.029744 -0.997998 0.055818
vn 0.029712 -0.998002 0.055757
vn -0.015670 -0.999314 0.033546
vn -0.015675 -0.999314 0.033559
vn 0.015780 0.999304 -0.033807
vn 0.015774 0.999304 -0.033794
vn -0.029930 0.997974 -0.056145
vn -0.029962 0.997970 -0.056206
vn 0.004694 -0.993454 0.114140
vn 0.004712 -0.993448 0.114191
vn -0.004726 0.993365 -0.114905
vn -0.004708 0.993371 -0.114854
vn 0.080353 -0.965310 0.248435
vn 0.080509 -0.965247 0.248630
vn -0.080892 0.964899 -0.249853
vn -0.080734 0.964963 -0.249656
vn 0.194400 -0.926361 0.322590
vn 0.194612 -0.926299 0.322640
vn -0.195112 0.925865 -0.323583
vn -0.194900 0.925926 -0.323534
vn 0.303067 -0.903948 0.301709
vn 0.303089 -0.903947 0.301691
vn -0.303081 0.903901 -0.301837
vn -0.303061 0.903902 -0.301853
vn 0.334104 -0.920905 0.200771
vn 0.334146 -0.920843 0.200985
vn -0.333486 0.921157 -0.200642
vn -0.333443 0.921219 -0.200427
vn 0.325234 -0.945613 0.006224
vn 0.325231 -0.945613 0.006352
vn -0.324215 0.945962 -0.006371
vn -0.324218 0.945962 -0.006244
vn 0.254071 -0.963081 -0.089009
vn 0.259365 -0.961496 -0.090861
vn -0.258437 0.961771 0.090588
vn -0.253193 0.963336 0.088758
vn 0.225964 -0.961905 0.153883
vn 0.229761 -0.960587 0.156471
vn -0.228860 0.960913 -0.155785
vn -0.225104 0.962212 -0.153221
vn 0.311921 -0.934863 0.169516
vn 0.311904 -0.934863 0.169549
vn -0.310824 0.935332 -0.168944
vn -0.310842 0.935332 -0.168911
vn 0.346227 -0.914629 0.208762
vn 0.346173 -0.914706 0.208512
vn -0.345343 0.915122 -0.208063
vn -0.345398 0.915044 -0.208313
vn 0.317561 -0.893653 0.317079
vn 0.317553 -0.893653 0.317087
vn -0.317463 0.893655 -0.317170
vn -0.317469 0.893655 -0.317165
vn 0.208903 -0.913759 0.348431
vn 0.208690 -0.913819 0.348401
vn -0.209213 0.913308 -0.349426
vn -0.209424 0.913249 -0.349455
vn 0.089930 -0.954938 0.282854
vn 0.089740 -0.955018 0.282643
vn -0.090176 0.954544 -0.284103
vn -0.090368 0.954463 -0.284315
vn 0.038202 -0.988516 0.146207
vn 0.038203 -0.988527 0.146134
vn -0.038457 0.988375 -0.147088
vn -0.038456 0.988364 -0.147164
vn 0.029306 -0.998054 0.055038
vn 0.029275 -0.998058 0.054980
vn -0.015460 -0.999334 0.033049
vn -0.015465 -0.999334 0.033061
vn 0.015570 0.999324 -0.033311
vn 0.015565 0.999324 -0.033298
vn -0.029493 0.998030 -0.055369
vn -0.029525 0.998026 -0.055428
vn 0.004664 -0.993617 0.112710
vn 0.004682 -0.993611 0.112760
vn -0.004696 0.993530 -0.113474
vn -0.004678 0.993536 -0.113424
vn 0.079601 -0.965998 0.245992
vn 0.079754 -0.965936 0.246184
vn -0.080132 0.965592 -0.247409
vn -0.079978 0.965654 -0.247216
vn 0.193406 -0.927226 0.320697
vn 0.193621 -0.927163 0.320749
vn -0.194117 0.926731 -0.321695
vn -0.193903 0.926794 -0.321644
vn 0.303059 -0.904045 0.301426
vn 0.303087 -0.904043 0.301405
vn -0.303079 0.903997 -0.301549
vn -0.303054 0.903999 -0.301569
vn 0.335398 -0.920283 0.201465
vn 0.335439 -0.920221 0.201678
vn -0.334780 0.920537 -0.201332
vn -0.334739 0.920599 -0.201118
vn 0.327247 -0.944919 0.006188
vn 0.327244 -0.944919 0.006317
vn -0.326230 0.945269 -0.006329
vn -0.326234 0.945269 -0.006201
vn 0.255817 -0.962573 -0.089508
vn 0.261212 -0.960944 -0.091404
vn -0.260285 0.961221 0.091139
vn -0.254940 0.962828 0.089265
vn 0.227698 -0.961284 0.155197
vn 0.231578 -0.959927 0.157834
vn -0.230683 0.960253 -0.157160
vn -0.226844 0.961591 -0.154547
vn 0.314087 -0.933919 0.170716
vn 0.314069 -0.933919 0.170749
vn -0.312995 0.934388 -0.170158
vn -0.313013 0.934388 -0.170125
vn 0.347874 -0.913799 0.209658
vn 0.347821 -0.913876 0.209408
vn -0.346994 0.914292 -0.208964
vn -0.347047 0.914214 -0.209214
vn 0.317741 -0.893649 0.316909
vn 0.317727 -0.893650 0.316922
vn -0.317637 0.893652 -0.317005
vn -0.317648 0.893652 -0.316995
vn 0.207861 -0.914776 0.346379
vn 0.207644 -0.914838 0.346345
vn -0.208174 0.914328 -0.347373
vn -0.208389 0.914267 -0.347405
vn 0.089047 -0.955883 0.279925
vn 0.088861 -0.955961 0.279717
vn -0.089303 0.955491 -0.281181
vn -0.089491 0.955411 -0.281390
vn 0.037693 -0.988817 0.144295
vn 0.037694 -0.988827 0.144224
vn -0.037948 0.988677 -0.145179
vn -0.037947 0.988667 -0.145252
vn 0.029745 -0.997998 0.055818
vn 0.029712 -0.998002 0.055758
vn -0.015670 -0.999314 0.033547
vn -0.015675 -0.999314 0.033560
vn 0.015780 0.999304 -0.033804
vn 0.015774 0.999304 -0.033791
vn -0.029930 0.997974 -0.056141
vn -0.029963 0.997970 -0.056203
vn 0.004692 -0.993454 0.114140
vn 0.004711 -0.993448 0.114191
vn -0.004726 0.993365 -0.114905
vn -0.004707 0.993371 -0.114853
vn 0.080352 -0.965311 0.248433
vn 0.080508 -0.965248 0.248628
vn -0.080892 0.964900 -0.249851
vn -0.080734 0.964964 -0.249654
vn 0.194390 -0.926363 0.322589
vn 0.194603 -0.926301 0.322639
vn -0.195103 0.925867 -0.323583
vn -0.194891 0.925928 -0.323534
vn 0.303042 -0.903956 0.301712
vn 0.303064 -0.903954 0.301694
vn -0.303064 0.903906 -0.301839
vn -0.303044 0.903907 -0.301855
vn 0.334078 -0.920913 0.200774
vn 0.334121 -0.920851 0.200989
vn -0.333478 0.921160 -0.200642
vn -0.333434 0.921223 -0.200426
vn 0.325234 -0.945613 0.006222
vn 0.325231 -0.945613 0.006350
vn -0.324224 0.945959 -0.006369
vn -0.324227 0.945959 -0.006241
vn 0.254084 -0.963077 -0.089012
vn 0.259379 -0.961492 -0.090865
vn -0.258450 0.961767 0.090592
vn -0.253206 0.963332 0.088761
vn 0.225964 -0.961904 0.153886
vn 0.229761 -0.960586 0.156475
vn -0.228852 0.960914 -0.155793
vn -0.225096 0.962212 -0.153229
vn 0.311921 -0.934861 0.169531
vn 0.311903 -0.934861 0.169564
vn -0.310818 0.935331 -0.168963
vn -0.310836 0.935331 -0.168930
vn 0.346213 -0.914629 0.208784
vn 0.346157 -0.914709 0.208525
vn -0.345327 0.915124 -0.208078
vn -0.345384 0.915044 -0.208337
vn 0.317549 -0.893658 0.317079
vn 0.317540 -0.893658 0.317087
vn -0.317450 0.893659 -0.317172
vn -0.317456 0.893659 -0.317167
vn 0.208908 -0.913758 0.348430
vn 0.208695 -0.913818 0.348400
vn -0.209218 0.913307 -0.349426
vn -0.209429 0.913247 -0.349455
vn 0.089934 -0.954938 0.282854
vn 0.089744 -0.955018 0.282643
vn -0.090180 0.954544 -0.284102
vn -0.090372 0.954462 -0.284314
vn 0.038201 -0.988516 0.146208
vn 0.038202 -0.988527 0.146134
vn -0.038455 0.988376 -0.147089
vn -0.038454 0.988364 -0.147164
vn 0.029307 -0.998054 0.055040
vn 0.029276 -0.998058 0.054982
vn -0.015460 -0.999334 0.033052
vn -0.015466 -0.999334 0.033064
vn 0.015571 0.999324 -0.033312
vn 0.015565 0.999324 -0.033300
vn -0.029494 0.998030 -0.055369
vn -0.029526 0.998026 -0.055428
vn 0.004664 -0.993617 0.112710
vn 0.004681 -0.993611 0.112760
vn -0.004696 0.993530 -0.113474
vn -0.004677 0.993536 -0.113424
vn 0.079601 -0.965998 0.245993
vn 0.079754 -0.965936 0.246184
vn -0.080132 0.965592 -0.247409
vn -0.079978 0.965654 -0.247216
vn 0.193397 -0.927227 0.320698
vn 0.193611 -0.927164 0.320750
vn -0.194112 0.926732 -0.321696
vn -0.193898 0.926794 -0.321645
vn 0.303060 -0.904045 0.301425
vn 0.303087 -0.904043 0.301404
vn -0.303083 0.903996 -0.301550
vn -0.303058 0.903998 -0.301570
vn 0.335400 -0.920283 0.201461
vn 0.335442 -0.920221 0.201674
vn -0.334774 0.920539 -0.201330
vn -0.334732 0.920601 -0.201117
vn 0.327241 -0.944921 0.006188
vn 0.327238 -0.944921 0.006317
vn -0.326216 0.945274 -0.006337
vn -0.326219 0.945274 -0.006209
vn 0.255817 -0.962573 -0.089508
vn 0.261212 -0.960944 -0.091404
vn -0.260285 0.961222 0.091128
vn -0.254941 0.962829 0.089254
vn 0.227698 -0.961284 0.155200
vn 0.231578 -0.959927 0.157838
vn -0.230675 0.960255 -0.157160
vn -0.226837 0.961593 -0.154547
vn 0.314091 -0.933915 0.170732
vn 0.314073 -0.933915 0.170765
vn -0.312994 0.934386 -0.170168
vn -0.313013 0.934386 -0.170135
vn 0.347864 -0.913797 0.209680
vn 0.347810 -0.913877 0.209422
vn -0.346982 0.914294 -0.208975
vn -0.347037 0.914214 -0.209233
vn 0.317728 -0.893654 0.316909
vn 0.317714 -0.893655 0.316921
vn -0.317624 0.893657 -0.317005
vn -0.317636 0.893657 -0.316995
vn 0.207861 -0.914776 0.346378
vn 0.207644 -0.914838 0.346345
vn -0.208169 0.914329 -0.347374
vn -0.208384 0.914268 -0.347406
vn 0.089045 -0.955883 0.279926
vn 0.088859 -0.955961 0.279718
vn -0.089298 0.955491 -0.281183
vn -0.089485 0.955411 -0.281392
vn 0.037692 -0.988817 0.144295
vn 0.037693 -0.988827 0.144224
vn -0.037949 0.988677 -0.145180
vn -0.037948 0.988667 -0.145252
vn 0.029744 -0.997998 0.055818
vn 0.029712 -0.998002 0.055757
vn -0.015670 -0.999314 0.033548
vn -0.015675 -0.999314 0.033560
vn 0.015780 0.999304 -0.033808
vn 0.015774 0.999304 -0.033795
vn -0.029930 0.997974 -0.056144
vn -0.029963 0.997970 -0.056206
vn 0.004693 -0.993454 0.114140
vn 0.004712 -0.993448 0.114191
vn -0.004725 0.993365 -0.114905
vn -0.004706 0.993371 -0.114853
vn 0.080353 -0.965310 0.248434
vn 0.080509 -0.965247 0.248629
vn -0.080890 0.964899 -0.249854
vn -0.080733 0.964963 -0.249657
vn 0.194400 -0.926361 0.322590
vn 0.194613 -0.926299 0.322639
vn -0.195112 0.925864 -0.323585
vn -0.194900 0.925925 -0.323537
vn 0.303047 -0.903953 0.301714
vn 0.303069 -0.903952 0.301696
vn -0.303061 0.903907 -0.301839
vn -0.303042 0.903908 -0.301855
vn 0.334064 -0.920916 0.200788
vn 0.334108 -0.920851 0.201010
vn -0.333457 0.921163 -0.200662
vn -0.333412 0.921228 -0.200439
vn 0.325225 -0.945616 0.006234
vn 0.325222 -0.945616 0.006363
vn -0.324218 0.945961 -0.006381
vn -0.324221 0.945961 -0.006253
vn 0.254084 -0.963078 -0.089008
vn 0.259376 -0.961493 -0.090859
vn -0.258453 0.961767 0.090588
vn -0.253211 0.963331 0.088759
vn 0.225967 -0.961904 0.153881
vn 0.229764 -0.960586 0.156470
vn -0.228860 0.960912 -0.155791
vn -0.225105 0.962211 -0.153228
vn 0.311932 -0.934858 0.169527
vn 0.311914 -0.934858 0.169559
vn -0.310828 0.935328 -0.168959
vn -0.310846 0.935328 -0.168927
vn 0.346198 -0.914632 0.208793
vn 0.346142 -0.914713 0.208534
vn -0.345318 0.915127 -0.208083
vn -0.345374 0.915047 -0.208342
vn 0.317511 -0.893668 0.317086
vn 0.317507 -0.893668 0.317090
vn -0.317427 0.893668 -0.317170
vn -0.317428 0.893668 -0.317169
vn 0.208899 -0.913762 0.348426
vn 0.208686 -0.913822 0.348396
vn -0.209209 0.913310 -0.349425
vn -0.209420 0.913250 -0.349453
vn 0.089934 -0.954938 0.282851
vn 0.089744 -0.955019 0.282640
vn -0.090181 0.954543 -0.284104
vn -0.090373 0.954462 -0.284316
vn 0.038201 -0.988516 0.146207
vn 0.038202 -0.988527 0.146133
vn -0.038456 0.988376 -0.147088
vn -0.038455 0.988365 -0.147163
vn 0.029307 -0.998054 0.055039
vn 0.029276 -0.998058 0.054981
vn -0.015461 -0.999334 0.033053
vn -0.015466 -0.999334 0.033065
vn 0.015571 0.999324 -0.033309
vn 0.015565 0.999324 -0.033296
vn -0.029493 0.998031 -0.055364
vn -0.029525 0.998026 -0.055424
vn 0.004663 -0.993617 0.112710
vn 0.004681 -0.993611 0.112760
vn -0.004695 0.993530 -0.113473
vn -0.004677 0.993536 -0.113422
vn 0.079601 -0.965998 0.245990
vn 0.079754 -0.965937 0.246181
vn -0.080132 0.965592 -0.247408
vn -0.079978 0.965655 -0.247214
vn 0.193406 -0.927226 0.320697
vn 0.193621 -0.927163 0.320750
vn -0.194117 0.926732 -0.321694
vn -0.193903 0.926794 -0.321643
vn 0.303048 -0.904048 0.301429
vn 0.303075 -0.904046 0.301408
vn -0.303076 0.903998 -0.301549
vn -0.303051 0.904000 -0.301569
vn 0.335367 -0.920291 0.201481
vn 0.335410 -0.920226 0.201703
vn -0.334768 0.920536 -0.201355
vn -0.334724 0.920601 -0.201131
vn 0.327227 -0.944926 0.006200
vn 0.327223 -0.944926 0.006329
vn -0.326219 0.945273 -0.006347
vn -0.326222 0.945273 -0.006218
vn 0.255813 -0.962574 -0.089507
vn 0.261208 -0.960945 -0.091402
vn -0.260281 0.961223 0.091130
vn -0.254937 0.962829 0.089256
vn 0.227706 -0.961282 0.155198
vn 0.231586 -0.959925 0.157835
vn -0.230672 0.960257 -0.157155
vn -0.226833 0.961594 -0.154543
vn 0.314089 -0.933917 0.170727
vn 0.314071 -0.933917 0.170760
vn -0.312990 0.934389 -0.170161
vn -0.313008 0.934389 -0.170128
vn 0.347834 -0.913808 0.209684
vn 0.347780 -0.913887 0.209426
vn -0.346966 0.914299 -0.208979
vn -0.347021 0.914219 -0.209238
vn 0.317690 -0.893665 0.316916
vn 0.317681 -0.893666 0.316924
vn -0.317600 0.893664 -0.317009
vn -0.317607 0.893664 -0.317003
vn 0.207852 -0.914779 0.346378
vn 0.207636 -0.914841 0.346344
vn -0.208160 0.914331 -0.347374
vn -0.208375 0.914270 -0.347406
vn 0.089045 -0.955884 0.279924
vn 0.088859 -0.955962 0.279717
vn -0.089298 0.955492 -0.281180
vn -0.089486 0.955412 -0.281389
vn 0.037692 -0.988817 0.144294
vn 0.037693 -0.988827 0.144223
vn -0.037948 0.988678 -0.145179
vn -0.037947 0.988667 -0.145251
vn -0.011378 0.999871 -0.011319
vn -0.044929 0.998761 -0.021413
vn -0.050822 0.995894 -0.074919
vn -0.012066 0.999400 -0.032464
vn 0.000000 0.000000 1.000000
vn 0.000000 0.000305 1.000000
vn 0.000000 0.000310 1.000000
vn 0.000000 0.000000 1.000000
vn 0.011710 -0.999699 0.021583
vn 0.047630 -0.997757 0.047031
vn 0.047648 -0.997756 0.047044
vn 0.011710 -0.999698 0.021583
vn 0.155938 -0.985012 0.073720
vn 0.154962 -0.985170 0.073671
vn 0.311369 -0.947964 0.066443
vn 0.305990 -0.949665 0.067131
vn 0.430807 -0.901981 0.028907
vn 0.425434 -0.904411 0.032354
vn 0.454805 -0.890590 0.001326
vn 0.455629 -0.890168 0.001627
vn 0.389221 -0.921143 -0.001754
vn 0.392171 -0.919891 -0.001803
vn 0.333701 -0.942679 -0.000854
vn 0.333701 -0.942679 -0.000854
vn -0.999989 -0.004769 0.000000
vn -1.000000 0.000000 0.000000
vn -1.000000 0.000000 0.000000
vn -0.999989 -0.004774 0.000000
vn -0.333089 0.942895 0.000947
vn -0.379893 0.924992 0.008403
vn -0.400165 0.916440 -0.002348
vn -0.334229 0.942492 0.000777
vn -0.454688 0.890642 -0.003979
vn -0.458639 0.888622 0.000387
vn -0.448748 0.891420 -0.063205
vn -0.411145 0.911564 -0.003165
vn -0.335070 0.934150 -0.122846
vn -0.286585 0.957909 -0.016686
vn -0.171733 0.976685 -0.128821
vn -0.142338 0.989530 -0.023899
vn -0.999991 -0.004251 0.000000
vn -1.000000 0.000000 0.000000
vn -1.000000 0.000000 0.000000
vn -0.999991 -0.004255 0.000000
vn -0.333701 0.942679 0.000851
vn -0.389065 0.921209 0.001691
vn -0.391971 0.919976 0.001735
vn -0.333701 0.942679 0.000851
vn -0.454774 0.890606 -0.001356
vn -0.455607 0.890180 -0.001654
vn -0.430594 0.902077 -0.029077
vn -0.425045 0.904583 -0.032647
vn -0.311069 0.948049 -0.066631
vn -0.305194 0.949904 -0.067372
vn -0.156151 0.984977 -0.073731
vn -0.154736 0.985206 -0.073659
vn -0.047701 0.997752 -0.047079
vn -0.047599 0.997760 -0.047007
vn -0.011709 0.999699 -0.021579
vn -0.011709 0.999699 -0.021579
vn 0.000000 0.000276 1.000000
vn 0.000000 0.000000 1.000000
vn 0.000000 0.000000 1.000000
vn 0.000000 0.000272 1.000000
vn 0.012064 -0.999400 0.032460
vn 0.050820 -0.995894 0.074919
vn 0.044928 -0.998761 0.021413
vn 0.011376 -0.999871 0.011317
vn 0.171731 -0.976685 0.128822
vn 0.142338 -0.989530 0.023900
vn 0.335093 -0.934149 0.122796
vn 0.286595 -0.957906 0.016690
vn 0.448757 -0.891420 0.063149
vn 0.411149 -0.911563 0.003170
vn 0.454689 -0.890642 0.003965
vn 0.458641 -0.888622 -0.000378
vn 0.379914 -0.924983 -0.008407
vn 0.400152 -0.916446 0.002347
vn 0.333088 -0.942895 -0.000946
vn 0.334227 -0.942492 -0.000777
vn 0.377785 -0.925840 -0.009925
vn 0.375735 -0.926678 -0.009512
vn 0.332949 -0.942944 -0.000969
vn 0.332949 -0.942944 -0.000969
vn 0.449752 -0.893152 0.001534
vn 0.454662 -0.890653 0.004550
vn 0.457460 -0.886955 0.063572
vn 0.452611 -0.888903 0.070682
vn 0.347990 -0.927978 0.133267
vn 0.340191 -0.930568 0.135325
vn 0.177250 -0.973935 0.141540
vn 0.175175 -0.974369 0.141130
vn 0.051520 -0.995415 0.080588
vn 0.051451 -0.995425 0.080507
vn 0.012130 -0.999334 0.034416
vn 0.012130 -0.999334 0.034416
vn -0.375750 0.926672 0.009509
vn -0.377806 0.925831 0.009923
vn -0.332949 0.942944 0.000968
vn -0.332949 0.942944 0.000968
vn -0.012128 0.999334 -0.034412
vn -0.012128 0.999334 -0.034412
vn -0.051449 0.995425 -0.080507
vn -0.051518 0.995415 -0.080587
vn -0.175174 0.974370 -0.141131
vn -0.177249 0.973935 -0.141540
vn -0.340253 0.930552 -0.135279
vn -0.348025 0.927971 -0.133226
vn -0.452616 0.888904 -0.070633
vn -0.457459 0.886958 -0.063533
vn -0.454669 0.890649 -0.004556
vn -0.449757 0.893150 -0.001538
vn 0.044524 -0.998854 0.017587
vn 0.044504 -0.998855 0.017582
vn 0.011322 -0.999890 0.009600
vn 0.011322 -0.999890 0.009600
vn 0.140669 -0.989905 0.017363
vn 0.140098 -0.989984 0.017421
vn 0.284078 -0.958747 0.010247
vn 0.280161 -0.959898 0.010293
vn 0.409310 -0.912395 -0.000541
vn 0.403540 -0.914962 0.000566
vn 0.459029 -0.888421 -0.000640
vn 0.458026 -0.888937 -0.001837
vn 0.401202 -0.915985 0.002892
vn 0.404881 -0.914364 0.003096
vn 0.334299 -0.942467 -0.000767
vn 0.334299 -0.942467 -0.000767
vn -0.401235 0.915971 -0.002885
vn -0.404898 0.914357 -0.003088
vn -0.334297 0.942467 0.000767
vn -0.334297 0.942467 0.000767
vn -0.459029 0.888421 0.000647
vn -0.458030 0.888935 0.001838
vn -0.409358 0.912374 0.000539
vn -0.403577 0.914945 -0.000569
vn -0.284142 0.958728 -0.010246
vn -0.280205 0.959885 -0.010292
vn -0.140668 0.989905 -0.017363
vn -0.140098 0.989984 -0.017422
vn -0.044523 0.998854 -0.017586
vn -0.044502 0.998855 -0.017581
vn -0.011320 0.999890 -0.009598
vn -0.011320 0.999890 -0.009598
vn 0.000000 0.021583 0.999767
vn 0.000000 0.021583 0.999767
vn 0.999587 0.028750 -0.000191
vn 0.999587 0.028750 -0.000191
vn 0.995470 0.061688 -0.072353
vn 0.995449 0.061783 -0.072561
vn -0.995522 -0.061347 0.071919
vn -0.995463 -0.061614 0.072507
vn -0.999587 -0.028734 0.000270
vn -0.999587 -0.028734 0.000270
vn 0.950489 0.140734 -0.277064
vn 0.950495 0.140728 -0.277046
vn -0.950885 -0.139990 0.276081
vn -0.949775 -0.141120 0.279306
vn 0.817389 0.221094 -0.531971
vn 0.817478 0.221060 -0.531849
vn -0.817387 -0.220117 0.532378
vn -0.814951 -0.221027 0.535725
vn 0.619089 0.246081 -0.745770
vn 0.619126 0.246083 -0.745739
vn -0.618510 -0.245240 0.746527
vn -0.616797 -0.245111 0.747985
vn 0.415517 0.192899 -0.888896
vn 0.415526 0.192903 -0.888891
vn -0.413838 -0.192080 0.889856
vn -0.413913 -0.192114 0.889814
vn 0.214250 0.096517 -0.971999
vn 0.214285 0.096534 -0.971989
vn -0.213810 -0.096314 0.972116
vn -0.214324 -0.096572 0.971977
vn 0.106960 0.042905 -0.993337
vn 0.106960 0.042905 -0.993337
vn -0.942662 -0.333748 0.000000
vn -0.942662 -0.333748 0.000000
vn -0.107060 -0.042942 0.993325
vn -0.107060 -0.042942 0.993325
vn -0.942697 -0.333650 0.000000
vn -0.942697 -0.333650 0.000000
vn 0.107105 0.042909 -0.993321
vn 0.107105 0.042909 -0.993321
vn 0.214864 0.096750 -0.971840
vn 0.214827 0.096732 -0.971850
vn -0.214370 -0.096553 0.971969
vn -0.213854 -0.096295 0.972108
vn -0.106894 -0.042848 0.993347
vn -0.106894 -0.042848 0.993347
vn 0.415814 0.192929 -0.888750
vn 0.415805 0.192924 -0.888755
vn -0.413674 -0.191872 0.889977
vn -0.413597 -0.191837 0.890020
vn 0.618040 0.245341 -0.746883
vn 0.617998 0.245338 -0.746919
vn -0.616104 -0.244544 0.748742
vn -0.617817 -0.244672 0.747287
vn 0.816146 0.220250 -0.534225
vn 0.816056 0.220284 -0.534348
vn -0.814047 -0.220401 0.537355
vn -0.816464 -0.219495 0.534049
vn 0.949885 0.140398 -0.279297
vn 0.949878 0.140405 -0.279319
vn -0.949150 -0.140718 0.281627
vn -0.950269 -0.139593 0.278394
vn 0.995350 0.061695 -0.073978
vn 0.995371 0.061601 -0.073769
vn -0.995362 -0.061524 0.073953
vn -0.995423 -0.061257 0.073358
vn 0.999589 0.028667 -0.000948
vn 0.999589 0.028667 -0.000948
vn -0.000000 0.021581 0.999767
vn -0.000000 0.021581 0.999767
vn -0.999587 -0.028718 0.001014
vn -0.999587 -0.028718 0.001014
s 1
g polySurface58 curva_sinistra_bassa
usemtl lambert1SG
f 17/1/1 18/2/2 19/3/3 20/4/4
f 21/5/5 22/6/6 23/7/7 24/8/8
f 23/7/7 25/9/9 26/10/10 24/8/8
f 25/11/9 27/12/11 28/13/12 26/14/10
f 27/12/11 29/15/13 30/16/14 28/13/12
f 29/15/13 31/17/15 32/18/16 30/16/14
f 31/17/15 20/4/4 19/3/3 32/18/16
s 3
f 1/19/17 5/20/18 16/21/19 2/22/20
f 11/23/21 10/24/22 3/25/23 4/26/24
f 10/24/22 11/23/21 12/27/25 9/28/26
f 9/29/26 12/30/25 13/31/27 8/32/28
f 8/32/28 13/31/27 14/33/29 7/34/30
f 7/34/30 14/33/29 15/35/31 6/36/32
f 6/36/32 15/35/31 16/21/19 5/20/18
s 5
f 1/37/33 2/38/34 64/39/35 49/40/36
s 6
f 65/41/37 66/42/38 67/43/39 68/44/40
s 7
f 5/45/41 1/46/42 49/47/43 50/48/44
s 8
f 4/49/45 3/50/46 56/51/47 57/52/48
s 7
f 55/53/49 56/54/50 3/55/51 10/56/52
s 6
f 69/57/53 70/58/54 71/59/55 72/60/56
s 7
f 10/56/52 9/61/57 54/62/58 55/53/49
s 6
f 73/63/59 71/59/55 70/58/54 74/64/60
s 7
f 9/61/57 8/65/61 53/66/62 54/62/58
s 6
f 75/67/63 73/63/59 74/64/60 76/68/64
s 7
f 8/65/61 7/69/65 52/70/66 53/66/62
s 6
f 77/71/67 75/67/63 76/68/64 78/72/68
s 7
f 7/69/65 6/73/69 51/74/70 52/70/66
s 6
f 79/75/71 77/71/67 78/72/68 80/76/72
s 7
f 6/73/69 5/45/41 50/48/44 51/74/70
s 6
f 66/42/38 79/75/71 80/76/72 67/43/39
s 7
f 34/77/73 33/78/74 17/79/75 20/80/76
f 35/81/77 34/77/73 20/80/76 31/82/78
f 36/83/79 35/81/77 31/82/78 29/84/80
f 37/85/81 36/83/79 29/84/80 27/86/82
f 38/87/83 37/85/81 27/86/82 25/88/84
f 39/89/85 38/87/83 25/88/84 23/90/86
f 22/91/87 40/92/88 39/89/85 23/90/86
s 8
f 41/93/89 40/94/90 22/95/91 21/96/92
s 6
f 82/97/93 81/98/94 83/99/95 84/100/96
f 85/101/97 83/99/95 81/98/94 86/102/98
f 87/103/99 85/101/97 86/102/98 88/104/100
f 89/105/101 87/103/99 88/104/100 90/106/102
f 91/107/103 89/105/101 90/106/102 92/108/104
f 93/109/105 91/107/103 92/108/104 94/110/106
f 95/111/107 93/109/105 94/110/106 96/112/108
s 5
f 33/113/109 48/114/110 18/115/111 17/116/112
s 15
f 98/117/113 66/118/114 65/119/115 97/120/116
f 99/121/117 79/122/118 66/118/114 98/117/113
f 100/123/119 77/124/120 79/122/118 99/121/117
f 101/125/121 75/126/122 77/124/120 100/123/119
f 102/127/123 73/128/124 75/126/122 101/125/121
f 103/129/125 71/130/126 73/131/124 102/132/123
f 104/133/127 72/134/128 71/130/126 103/129/125
s 16
f 105/135/129 69/136/130 72/137/131 104/138/132
s 17
f 97/139/133 65/140/134 68/141/135 112/142/136
s 18
f 114/143/137 86/144/138 81/145/139 113/146/140
f 115/147/141 88/148/142 86/149/138 114/150/137
f 116/151/143 90/152/144 88/148/142 115/147/141
f 117/153/145 92/154/146 90/152/144 116/151/143
f 118/155/147 94/156/148 92/154/146 117/153/145
f 119/157/149 96/158/150 94/156/148 118/155/147
s 17
f 120/159/151 95/160/152 96/161/153 119/162/154
s 16
f 128/163/155 82/164/156 84/165/157 127/166/158
s 18
f 113/146/140 81/145/139 82/167/159 128/168/160
s 3
f 2/22/20 16/21/19 291/169/161 290/170/162
s 21
f 63/171/163 64/172/164 319/173/165 317/174/166
s 5
f 64/39/35 2/38/34 290/175/167 319/176/168
s 21
f 57/177/169 58/178/170 307/179/171 305/180/172
s 3
f 11/23/21 4/26/24 303/181/173 301/182/174
s 8
f 4/49/45 57/52/48 305/183/175 303/184/176
s 3
f 12/27/25 11/23/21 301/182/174 299/185/177
s 21
f 58/178/170 59/186/178 309/187/179 307/179/171
s 3
f 13/31/27 12/30/25 299/188/177 297/189/180
s 21
f 59/190/178 60/191/181 311/192/182 309/193/179
s 3
f 14/33/29 13/31/27 297/189/180 295/194/183
s 21
f 60/191/181 61/195/184 313/196/185 311/192/182
s 3
f 15/35/31 14/33/29 295/194/183 293/197/186
s 21
f 61/195/184 62/198/187 315/199/188 313/196/185
s 3
f 16/21/19 15/35/31 293/197/186 291/169/161
s 21
f 62/198/187 63/171/163 317/174/166 315/199/188
s 1
f 21/5/5 24/8/8 194/200/189 223/201/190
s 23
f 42/202/191 41/203/192 221/204/193 219/205/194
s 8
f 41/93/89 21/96/92 223/206/195 221/207/196
s 23
f 43/208/197 42/202/191 219/205/194 217/209/198
s 1
f 24/8/8 26/10/10 195/210/199 194/200/189
s 23
f 44/211/200 43/212/197 217/213/198 215/214/201
s 1
f 26/14/10 28/13/12 197/215/202 195/216/199
s 23
f 45/217/203 44/211/200 215/214/201 213/218/204
s 1
f 28/13/12 30/16/14 199/219/205 197/215/202
s 23
f 46/220/206 45/217/203 213/218/204 211/221/207
s 1
f 30/16/14 32/18/16 201/222/208 199/219/205
s 23
f 47/223/209 46/220/206 211/221/207 209/224/210
s 1
f 32/18/16 19/3/3 203/225/211 201/222/208
s 23
f 48/226/212 47/223/209 209/224/210 207/227/213
s 1
f 19/3/3 18/2/2 205/228/214 203/225/211
s 5
f 18/115/111 48/114/110 207/229/215 205/230/216
s 24
f 131/231/217 227/232/218 226/233/219 129/234/220
f 133/235/221 229/236/222 227/237/218 131/238/217
f 135/239/223 231/240/224 229/236/222 133/235/221
f 137/241/225 233/242/226 231/240/224 135/239/223
f 139/243/227 235/244/228 233/242/226 137/241/225
f 141/245/229 237/246/230 235/244/228 139/243/227
s off
f 143/247/231 239/248/232 237/249/233 141/250/234
s 25
f 145/251/235 241/252/236 239/253/237 143/254/238
f 147/255/239 243/256/240 241/252/236 145/251/235
f 149/257/241 245/258/242 243/256/240 147/255/239
f 151/259/243 247/260/244 245/258/242 149/257/241
f 153/261/245 249/262/246 247/260/244 151/259/243
f 155/263/247 251/264/248 249/265/246 153/266/245
f 157/267/249 253/268/250 251/264/248 155/263/247
s off
f 159/269/251 255/270/252 253/271/253 157/272/254
s 24
f 129/234/220 226/233/219 255/273/255 159/274/256
s 26
f 163/275/257 259/276/258 258/277/259 161/278/260
f 165/279/261 261/280/262 259/276/258 163/275/257
f 167/281/263 263/282/264 261/280/262 165/279/261
f 169/283/265 265/284/266 263/282/264 167/281/263
f 171/285/267 267/286/268 265/284/266 169/283/265
f 173/287/269 269/288/270 267/289/268 171/290/267
f 175/291/271 271/292/272 269/288/270 173/287/269
s off
f 177/293/273 273/294/274 271/295/275 175/296/276
s 27
f 179/297/277 275/298/278 273/299/279 177/300/280
f 181/301/281 277/302/282 275/298/278 179/297/277
f 183/303/283 279/304/284 277/305/282 181/306/281
f 185/307/285 281/308/286 279/304/284 183/303/283
f 187/309/287 283/310/288 281/308/286 185/307/285
f 189/311/289 285/312/290 283/310/288 187/309/287
f 191/313/291 287/314/292 285/312/290 189/311/289
s off
f 161/315/293 258/316/294 287/317/295 191/318/296
s 28
f 196/319/297 132/320/298 130/321/299 193/322/300
f 198/323/301 134/324/302 132/325/298 196/326/297
f 200/327/303 136/328/304 134/324/302 198/323/301
f 202/329/305 138/330/306 136/328/304 200/327/303
f 204/331/307 140/332/308 138/330/306 202/329/305
f 206/333/309 142/334/310 140/332/308 204/331/307
s off
f 208/335/311 144/336/312 142/337/313 206/338/314
s 29
f 210/339/315 146/340/316 144/341/317 208/342/318
f 212/343/319 148/344/320 146/340/316 210/339/315
f 214/345/321 150/346/322 148/344/320 212/343/319
f 216/347/323 152/348/324 150/346/322 214/345/321
f 218/349/325 154/350/326 152/348/324 216/347/323
f 220/351/327 156/352/328 154/353/326 218/354/325
f 222/355/329 158/356/330 156/352/328 220/351/327
s off
f 224/357/331 160/358/332 158/359/333 222/360/334
s 28
f 193/322/300 130/321/299 160/361/335 224/362/336
s 18
f 228/363/337 114/143/137 113/146/140 225/364/338
f 230/365/339 115/147/141 114/150/137 228/366/337
f 232/367/340 116/151/143 115/147/141 230/365/339
f 234/368/341 117/153/145 116/151/143 232/367/340
f 236/369/342 118/155/147 117/153/145 234/368/341
f 238/370/343 119/157/149 118/155/147 236/369/342
s 17
f 240/371/344 120/159/151 119/162/154 238/372/345
s 30
f 242/373/346 121/374/347 120/375/348 240/376/349
f 244/377/350 122/378/351 121/374/347 242/373/346
f 246/379/352 123/380/353 122/378/351 244/377/350
f 248/381/354 124/382/355 123/380/353 246/379/352
f 250/383/356 125/384/357 124/382/355 248/381/354
f 252/385/358 126/386/359 125/387/357 250/388/356
f 254/389/360 127/390/361 126/386/359 252/385/358
s 16
f 256/391/362 128/163/155 127/166/158 254/392/363
s 18
f 225/364/338 113/146/140 128/168/160 256/393/364
s 15
f 260/394/365 98/117/113 97/120/116 257/395/366
f 262/396/367 99/121/117 98/117/113 260/394/365
f 264/397/368 100/123/119 99/121/117 262/396/367
f 266/398/369 101/125/121 100/123/119 264/397/368
f 268/399/370 102/127/123 101/125/121 266/398/369
f 270/400/371 103/129/125 102/132/123 268/401/370
f 272/402/372 104/133/127 103/129/125 270/400/371
s 16
f 274/403/373 105/135/129 104/138/132 272/404/374
s 31
f 276/405/375 106/406/376 105/407/377 274/408/378
f 278/409/379 107/410/380 106/406/376 276/405/375
f 280/411/381 108/412/382 107/413/380 278/414/379
f 282/415/383 109/416/384 108/412/382 280/411/381
f 284/417/385 110/418/386 109/416/384 282/415/383
f 286/419/387 111/420/388 110/418/386 284/417/385
f 288/421/389 112/422/390 111/420/388 286/419/387
s 17
f 257/423/391 97/139/133 112/142/136 288/424/392
s 32
f 292/425/393 164/426/394 162/427/395 289/428/396
f 294/429/397 166/430/398 164/426/394 292/425/393
f 296/431/399 168/432/400 166/430/398 294/429/397
f 298/433/401 170/434/402 168/432/400 296/431/399
f 300/435/403 172/436/404 170/434/402 298/433/401
f 302/437/405 174/438/406 172/439/404 300/440/403
f 304/441/407 176/442/408 174/438/406 302/437/405
s off
f 306/443/409 178/444/410 176/445/411 304/446/412
s 33
f 308/447/413 180/448/414 178/449/415 306/450/416
f 310/451/417 182/452/418 180/448/414 308/447/413
f 312/453/419 184/454/420 182/455/418 310/456/417
f 314/457/421 186/458/422 184/454/420 312/453/419
f 316/459/423 188/460/424 186/458/422 314/457/421
f 318/461/425 190/462/426 188/460/424 316/459/423
f 320/463/427 192/464/428 190/462/426 318/461/425
s off
f 289/465/429 162/466/430 192/467/431 320/468/432
s 34
f 130/469/433 322/470/434 323/471/435 160/472/436
s 35
f 159/473/437 324/474/438 321/475/439 129/476/440
f 129/476/440 321/475/439 325/477/441 131/478/442
s 34
f 132/479/443 326/480/444 322/470/434 130/469/433
s 35
f 131/478/442 325/477/441 327/481/445 133/482/446
s 34
f 134/483/447 328/484/448 326/480/444 132/479/443
s 35
f 133/482/446 327/481/445 329/485/449 135/486/450
s 34
f 136/487/451 330/488/452 328/484/448 134/483/447
s 35
f 135/486/450 329/485/449 331/489/453 137/490/454
s 34
f 138/491/455 332/492/456 330/488/452 136/487/451
s 35
f 137/490/454 331/489/453 333/493/457 139/494/458
s 34
f 140/495/459 334/496/460 332/492/456 138/491/455
s 35
f 139/494/458 333/493/457 335/497/461 141/498/462
s 34
f 142/499/463 336/500/464 334/496/460 140/495/459
s 35
f 141/498/462 335/497/461 337/501/465 143/502/466
s 34
f 144/503/467 338/504/468 336/500/464 142/499/463
s 35
f 143/502/466 337/501/465 339/505/469 145/506/470
s 34
f 146/507/471 340/508/472 338/504/468 144/503/467
s 35
f 145/506/470 339/505/469 341/509/473 147/510/474
s 34
f 148/511/475 342/512/476 340/508/472 146/507/471
s 35
f 147/510/474 341/509/473 343/513/477 149/514/478
s 34
f 150/515/479 344/516/480 342/512/476 148/511/475
s 35
f 149/514/478 343/513/477 345/517/481 151/518/482
s 34
f 152/519/483 346/520/484 344/516/480 150/515/479
s 35
f 151/518/482 345/517/481 347/521/485 153/522/486
s 34
f 154/523/487 348/524/488 346/520/484 152/519/483
s 35
f 153/522/486 347/521/485 349/525/489 155/526/490
s 34
f 156/527/491 350/528/492 348/524/488 154/523/487
s 35
f 155/526/490 349/525/489 351/529/493 157/530/494
s 34
f 158/531/495 352/532/496 350/528/492 156/527/491
s 35
f 157/530/494 351/529/493 324/474/438 159/473/437
s 34
f 160/472/436 323/471/435 352/532/496 158/531/495
s 36
f 162/533/497 354/534/498 355/535/499 192/536/500
s 37
f 191/537/501 356/538/502 353/539/503 161/540/504
f 161/540/504 353/539/503 357/541/505 163/542/506
s 36
f 164/543/507 358/544/508 354/534/498 162/533/497
s 37
f 163/542/506 357/541/505 359/545/509 165/546/510
s 36
f 166/547/511 360/548/512 358/544/508 164/543/507
s 37
f 165/546/510 359/545/509 361/549/513 167/550/514
s 36
f 168/551/515 362/552/516 360/548/512 166/547/511
s 37
f 167/550/514 361/549/513 363/553/517 169/554/518
s 36
f 170/555/519 364/556/520 362/552/516 168/551/515
s 37
f 169/554/518 363/553/517 365/557/521 171/558/522
s 36
f 172/559/523 366/560/524 364/556/520 170/555/519
s 37
f 171/558/522 365/557/521 367/561/525 173/562/526
s 36
f 174/563/527 368/564/528 366/560/524 172/559/523
s 37
f 173/562/526 367/561/525 369/565/529 175/566/530
s 36
f 176/567/531 370/568/532 368/564/528 174/563/527
s 37
f 175/566/530 369/565/529 371/569/533 177/570/534
s 36
f 178/571/535 372/572/536 370/568/532 176/567/531
s 37
f 177/570/534 371/569/533 373/573/537 179/574/538
s 36
f 180/575/539 374/576/540 372/572/536 178/571/535
s 37
f 179/574/538 373/573/537 375/577/541 181/578/542
s 36
f 182/579/543 376/580/544 374/576/540 180/575/539
s 37
f 181/578/542 375/577/541 377/581/545 183/582/546
s 36
f 184/583/547 378/584/548 376/580/544 182/579/543
s 37
f 183/582/546 377/581/545 379/585/549 185/586/550
s 36
f 186/587/551 380/588/552 378/584/548 184/583/547
s 37
f 185/586/550 379/585/549 381/589/553 187/590/554
s 36
f 188/591/555 382/592/556 380/588/552 186/587/551
s 37
f 187/590/554 381/589/553 383/593/557 189/594/558
s 36
f 190/595/559 384/596/560 382/592/556 188/591/555
s 37
f 189/594/558 383/593/557 356/538/502 191/537/501
s 36
f 192/536/500 355/535/499 384/596/560 190/595/559
s 38
f 194/597/561 386/598/562 387/599/563 223/600/564
s 39
f 224/601/565 388/602/566 385/603/567 193/604/568
f 193/604/568 385/603/567 389/605/569 196/606/570
s 38
f 195/607/571 390/608/572 386/598/562 194/597/561
s 39
f 196/606/570 389/605/569 391/609/573 198/610/574
s 38
f 197/611/575 392/612/576 390/608/572 195/607/571
s 39
f 198/610/574 391/609/573 393/613/577 200/614/578
s 38
f 199/615/579 394/616/580 392/612/576 197/611/575
s 39
f 200/614/578 393/613/577 395/617/581 202/618/582
s 38
f 201/619/583 396/620/584 394/616/580 199/615/579
s 39
f 202/618/582 395/617/581 397/621/585 204/622/586
s 38
f 203/623/587 398/624/588 396/620/584 201/619/583
s 39
f 204/622/586 397/621/585 399/625/589 206/626/590
s 38
f 205/627/591 400/628/592 398/624/588 203/623/587
s 39
f 206/626/590 399/625/589 401/629/593 208/630/594
s 38
f 207/631/595 402/632/596 400/628/592 205/627/591
s 39
f 208/630/594 401/629/593 403/633/597 210/634/598
s 38
f 209/635/599 404/636/600 402/632/596 207/631/595
s 39
f 210/634/598 403/633/597 405/637/601 212/638/602
s 38
f 211/639/603 406/640/604 404/636/600 209/635/599
s 39
f 212/638/602 405/637/601 407/641/605 214/642/606
s 38
f 213/643/607 408/644/608 406/640/604 211/639/603
s 39
f 214/642/606 407/641/605 409/645/609 216/646/610
s 38
f 215/647/611 410/648/612 408/644/608 213/643/607
s 39
f 216/646/610 409/645/609 411/649/613 218/650/614
s 38
f 217/651/615 412/652/616 410/648/612 215/647/611
s 39
f 218/650/614 411/649/613 413/653/617 220/654/618
s 38
f 219/655/619 414/656/620 412/652/616 217/651/615
s 39
f 220/654/618 413/653/617 415/657/621 222/658/622
s 38
f 221/659/623 416/660/624 414/656/620 219/655/619
s 39
f 222/658/622 415/657/621 388/602/566 224/601/565
s 38
f 223/600/564 387/599/563 416/660/624 221/659/623
s 40
f 226/661/625 418/662/626 419/663/627 255/664/628
s 41
f 256/665/629 420/666/630 417/667/631 225/668/632
f 225/668/632 417/667/631 421/669/633 228/670/634
s 40
f 227/671/635 422/672/636 418/662/626 226/661/625
s 41
f 228/670/634 421/669/633 423/673/637 230/674/638
s 40
f 229/675/639 424/676/640 422/672/636 227/671/635
s 41
f 230/674/638 423/673/637 425/677/641 232/678/642
s 40
f 231/679/643 426/680/644 424/676/640 229/675/639
s 41
f 232/678/642 425/677/641 427/681/645 234/682/646
s 40
f 233/683/647 428/684/648 426/680/644 231/679/643
s 41
f 234/682/646 427/681/645 429/685/649 236/686/650
s 40
f 235/687/651 430/688/652 428/684/648 233/683/647
s 41
f 236/686/650 429/685/649 431/689/653 238/690/654
s 40
f 237/691/655 432/692/656 430/688/652 235/687/651
s 41
f 238/690/654 431/689/653 433/693/657 240/694/658
s 40
f 239/695/659 434/696/660 432/692/656 237/691/655
s 41
f 240/694/658 433/693/657 435/697/661 242/698/662
s 40
f 241/699/663 436/700/664 434/696/660 239/695/659
s 41
f 242/698/662 435/697/661 437/701/665 244/702/666
s 40
f 243/703/667 438/704/668 436/700/664 241/699/663
s 41
f 244/702/666 437/701/665 439/705/669 246/706/670
s 40
f 245/707/671 440/708/672 438/704/668 243/703/667
s 41
f 246/706/670 439/705/669 441/709/673 248/710/674
s 40
f 247/711/675 442/712/676 440/708/672 245/707/671
s 41
f 248/710/674 441/709/673 443/713/677 250/714/678
s 40
f 249/715/679 444/716/680 442/712/676 247/711/675
s 41
f 250/714/678 443/713/677 445/717/681 252/718/682
s 40
f 251/719/683 446/720/684 444/716/680 249/715/679
s 41
f 252/718/682 445/717/681 447/721/685 254/722/686
s 40
f 253/723/687 448/724/688 446/720/684 251/719/683
s 41
f 254/722/686 447/721/685 420/666/630 256/665/629
s 40
f 255/664/628 419/663/627 448/724/688 253/723/687
s 42
f 258/725/689 450/726/690 451/727/691 287/728/692
s 43
f 288/729/693 452/730/694 449/731/695 257/732/696
f 257/732/696 449/731/695 453/733/697 260/734/698
s 42
f 259/735/699 454/736/700 450/726/690 258/725/689
s 43
f 260/734/698 453/733/697 455/737/701 262/738/702
s 42
f 261/739/703 456/740/704 454/736/700 259/735/699
s 43
f 262/738/702 455/737/701 457/741/705 264/742/706
s 42
f 263/743/707 458/744/708 456/740/704 261/739/703
s 43
f 264/742/706 457/741/705 459/745/709 266/746/710
s 42
f 265/747/711 460/748/712 458/744/708 263/743/707
s 43
f 266/746/710 459/745/709 461/749/713 268/750/714
s 42
f 267/751/715 462/752/716 460/748/712 265/747/711
s 43
f 268/750/714 461/749/713 463/753/717 270/754/718
s 42
f 269/755/719 464/756/720 462/752/716 267/751/715
s 43
f 270/754/718 463/753/717 465/757/721 272/758/722
s 42
f 271/759/723 466/760/724 464/756/720 269/755/719
s 43
f 272/758/722 465/757/721 467/761/725 274/762/726
s 42
f 273/763/727 468/764/728 466/760/724 271/759/723
s 43
f 274/762/726 467/761/725 469/765/729 276/766/730
s 42
f 275/767/731 470/768/732 468/764/728 273/763/727
s 43
f 276/766/730 469/765/729 471/769/733 278/770/734
s 42
f 277/771/735 472/772/736 470/768/732 275/767/731
s 43
f 278/770/734 471/769/733 473/773/737 280/774/738
s 42
f 279/775/739 474/776/740 472/772/736 277/771/735
s 43
f 280/774/738 473/773/737 475/777/741 282/778/742
s 42
f 281/779/743 476/780/744 474/776/740 279/775/739
s 43
f 282/778/742 475/777/741 477/781/745 284/782/746
s 42
f 283/783/747 478/784/748 476/780/744 281/779/743
s 43
f 284/782/746 477/781/745 479/785/749 286/786/750
s 42
f 285/787/751 480/788/752 478/784/748 283/783/747
s 43
f 286/786/750 479/785/749 452/730/694 288/729/693
s 42
f 287/728/692 451/727/691 480/788/752 285/787/751
s 44
f 290/789/753 482/790/754 483/791/755 319/792/756
s 45
f 320/793/757 484/794/758 481/795/759 289/796/760
f 289/796/760 481/795/759 485/797/761 292/798/762
s 44
f 291/799/763 486/800/764 482/790/754 290/789/753
s 45
f 292/798/762 485/797/761 487/801/765 294/802/766
s 44
f 293/803/767 488/804/768 486/800/764 291/799/763
s 45
f 294/802/766 487/801/765 489/805/769 296/806/770
s 44
f 295/807/771 490/808/772 488/804/768 293/803/767
s 45
f 296/806/770 489/805/769 491/809/773 298/810/774
s 44
f 297/811/775 492/812/776 490/808/772 295/807/771
s 45
f 298/810/774 491/809/773 493/813/777 300/814/778
s 44
f 299/815/779 494/816/780 492/812/776 297/811/775
s 45
f 300/814/778 493/813/777 495/817/781 302/818/782
s 44
f 301/819/783 496/820/784 494/816/780 299/815/779
s 45
f 302/818/782 495/817/781 497/821/785 304/822/786
s 44
f 303/823/787 498/824/788 496/820/784 301/819/783
s 45
f 304/822/786 497/821/785 499/825/789 306/826/790
s 44
f 305/827/791 500/828/792 498/824/788 303/823/787
s 45
f 306/826/790 499/825/789 501/829/793 308/830/794
s 44
f 307/831/795 502/832/796 500/828/792 305/827/791
s 45
f 308/830/794 501/829/793 503/833/797 310/834/798
s 44
f 309/835/799 504/836/800 502/832/796 307/831/795
s 45
f 310/834/798 503/833/797 505/837/801 312/838/802
s 44
f 311/839/803 506/840/804 504/836/800 309/835/799
s 45
f 312/838/802 505/837/801 507/841/805 314/842/806
s 44
f 313/843/807 508/844/808 506/840/804 311/839/803
s 45
f 314/842/806 507/841/805 509/845/809 316/846/810
s 44
f 315/847/811 510/848/812 508/844/808 313/843/807
s 45
f 316/846/810 509/845/809 511/849/813 318/850/814
s 44
f 317/851/815 512/852/816 510/848/812 315/847/811
s 45
f 318/850/814 511/849/813 484/794/758 320/793/757
s 44
f 319/792/756 483/791/755 512/852/816 317/851/815
s 46
f 897/853/817 900/854/818 899/855/819 898/856/820
s 47
f 515/857/821 518/858/822 519/859/823 514/860/824
s 48
f 929/861/825 932/862/826 931/863/827 930/864/828
s 49
f 961/865/829 964/866/830 963/867/831 962/868/832
s 50
f 579/869/833 582/870/834 583/871/835 578/872/836
s 51
f 993/873/837 996/874/838 995/875/839 994/876/840
s 52
f 1025/877/841 1028/878/842 1027/879/843 1026/880/844
s 53
f 643/881/845 646/882/846 647/883/847 642/884/848
s 54
f 1057/885/849 1060/886/850 1059/887/851 1058/888/852
s off
f 1089/889/853 1092/890/854 1091/891/855 1090/892/856
f 707/893/857 710/894/858 711/895/859 706/896/860
f 1121/897/861 1124/898/862 1123/899/863 1122/900/864
f 1153/901/865 1156/902/866 1155/903/867 1154/904/868
f 771/905/869 774/906/870 775/907/871 770/908/872
f 1185/909/873 1188/910/874 1187/911/875 1186/912/876
f 1217/913/877 1220/914/878 1219/915/879 1218/916/880
f 835/917/881 838/918/882 839/919/883 834/920/884
f 1249/921/885 1252/922/886 1251/923/887 1250/924/888
s 55
f 321/925/889 324/926/890 581/927/891 580/928/892
f 637/929/893 325/930/894 321/925/889 580/928/892
f 633/931/895 327/932/896 325/933/894 637/934/893
f 629/935/897 329/936/898 327/932/896 633/931/895
f 625/937/899 331/938/900 329/936/898 629/935/897
f 621/939/901 333/940/902 331/938/900 625/937/899
f 617/941/903 335/942/904 333/940/902 621/939/901
s off
f 613/943/905 337/944/906 335/945/907 617/946/908
s 56
f 609/947/909 339/948/910 337/949/911 613/950/912
f 605/951/913 341/952/914 339/948/910 609/947/909
f 601/953/915 343/954/916 341/952/914 605/951/913
f 597/955/917 345/956/918 343/954/916 601/953/915
f 593/957/919 347/958/920 345/956/918 597/955/917
f 589/959/921 349/960/922 347/961/920 593/962/919
f 585/963/923 351/964/924 349/960/922 589/959/921
s off
f 581/965/925 324/966/926 351/967/927 585/968/928
f 353/969/929 356/970/930 773/971/931 772/972/932
s 57
f 829/973/933 357/974/934 353/975/935 772/976/936
f 825/977/937 359/978/938 357/974/934 829/973/933
f 821/979/939 361/980/940 359/978/938 825/977/937
f 817/981/941 363/982/942 361/980/940 821/979/939
f 813/983/943 365/984/944 363/982/942 817/981/941
f 809/985/945 367/986/946 365/987/944 813/988/943
f 805/989/947 369/990/948 367/986/946 809/985/945
s off
f 801/991/949 371/992/950 369/993/951 805/994/952
s 58
f 797/995/953 373/996/954 371/997/955 801/998/956
f 793/999/957 375/1000/958 373/996/954 797/995/953
f 789/1001/959 377/1002/960 375/1003/958 793/1004/957
f 785/1005/961 379/1006/962 377/1002/960 789/1001/959
f 781/1007/963 381/1008/964 379/1006/962 785/1005/961
f 777/1009/965 383/1010/966 381/1008/964 781/1007/963
f 773/1011/967 356/1012/968 383/1010/966 777/1009/965
s 59
f 385/1013/969 388/1014/970 517/1015/971 516/1016/972
f 573/1017/973 389/1018/974 385/1013/969 516/1016/972
f 569/1019/975 391/1020/976 389/1021/974 573/1022/973
f 565/1023/977 393/1024/978 391/1020/976 569/1019/975
f 561/1025/979 395/1026/980 393/1024/978 565/1023/977
f 557/1027/981 397/1028/982 395/1026/980 561/1025/979
f 553/1029/983 399/1030/984 397/1028/982 557/1027/981
s off
f 549/1031/985 401/1032/986 399/1033/987 553/1034/988
s 60
f 545/1035/989 403/1036/990 401/1037/991 549/1038/992
f 541/1039/993 405/1040/994 403/1036/990 545/1035/989
f 537/1041/995 407/1042/996 405/1040/994 541/1039/993
f 533/1043/997 409/1044/998 407/1042/996 537/1041/995
f 529/1045/999 411/1046/1000 409/1044/998 533/1043/997
f 525/1047/1001 413/1048/1002 411/1049/1000 529/1050/999
f 521/1051/1003 415/1052/1004 413/1048/1002 525/1047/1001
s off
f 517/1053/1005 388/1054/1006 415/1055/1007 521/1056/1008
s 61
f 417/1057/1009 420/1058/1010 645/1059/1011 644/1060/1012
f 701/1061/1013 421/1062/1014 417/1057/1009 644/1060/1012
f 697/1063/1015 423/1064/1016 421/1065/1014 701/1066/1013
f 693/1067/1017 425/1068/1018 423/1064/1016 697/1063/1015
f 689/1069/1019 427/1070/1020 425/1068/1018 693/1067/1017
f 685/1071/1021 429/1072/1022 427/1070/1020 689/1069/1019
f 681/1073/1023 431/1074/1024 429/1072/1022 685/1071/1021
s off
f 677/1075/1025 433/1076/1026 431/1077/1027 681/1078/1028
s 62
f 673/1079/1029 435/1080/1030 433/1081/1031 677/1082/1032
f 669/1083/1033 437/1084/1034 435/1080/1030 673/1079/1029
f 665/1085/1035 439/1086/1036 437/1084/1034 669/1083/1033
f 661/1087/1037 441/1088/1038 439/1086/1036 665/1085/1035
f 657/1089/1039 443/1090/1040 441/1088/1038 661/1087/1037
f 653/1091/1041 445/1092/1042 443/1093/1040 657/1094/1039
f 649/1095/1043 447/1096/1044 445/1092/1042 653/1091/1041
s off
f 645/1097/1045 420/1098/1046 447/1099/1047 649/1100/1048
f 449/1101/1049 452/1102/1050 709/1103/1051 708/1104/1052
s 63
f 765/1105/1053 453/1106/1054 449/1107/1055 708/1108/1056
f 761/1109/1057 455/1110/1058 453/1106/1054 765/1105/1053
f 757/1111/1059 457/1112/1060 455/1110/1058 761/1109/1057
f 753/1113/1061 459/1114/1062 457/1112/1060 757/1111/1059
f 749/1115/1063 461/1116/1064 459/1114/1062 753/1113/1061
f 745/1117/1065 463/1118/1066 461/1119/1064 749/1120/1063
f 741/1121/1067 465/1122/1068 463/1118/1066 745/1117/1065
s off
f 737/1123/1069 467/1124/1070 465/1125/1071 741/1126/1072
s 64
f 733/1127/1073 469/1128/1074 467/1129/1075 737/1130/1076
f 729/1131/1077 471/1132/1078 469/1128/1074 733/1127/1073
f 725/1133/1079 473/1134/1080 471/1135/1078 729/1136/1077
f 721/1137/1081 475/1138/1082 473/1134/1080 725/1133/1079
f 717/1139/1083 477/1140/1084 475/1138/1082 721/1137/1081
f 713/1141/1085 479/1142/1086 477/1140/1084 717/1139/1083
f 709/1143/1087 452/1144/1088 479/1142/1086 713/1141/1085
s off
f 481/1145/1089 484/1146/1090 837/1147/1091 836/1148/1092
s 65
f 893/1149/1093 485/1150/1094 481/1151/1095 836/1152/1096
f 889/1153/1097 487/1154/1098 485/1150/1094 893/1149/1093
f 885/1155/1099 489/1156/1100 487/1154/1098 889/1153/1097
f 881/1157/1101 491/1158/1102 489/1156/1100 885/1155/1099
f 877/1159/1103 493/1160/1104 491/1158/1102 881/1157/1101
f 873/1161/1105 495/1162/1106 493/1163/1104 877/1164/1103
f 869/1165/1107 497/1166/1108 495/1162/1106 873/1161/1105
s off
f 865/1167/1109 499/1168/1110 497/1169/1111 869/1170/1112
s 66
f 861/1171/1113 501/1172/1114 499/1173/1115 865/1174/1116
f 857/1175/1117 503/1176/1118 501/1172/1114 861/1171/1113
f 853/1177/1119 505/1178/1120 503/1179/1118 857/1180/1117
f 849/1181/1121 507/1182/1122 505/1178/1120 853/1177/1119
f 845/1183/1123 509/1184/1124 507/1182/1122 849/1181/1121
f 841/1185/1125 511/1186/1126 509/1184/1124 845/1183/1123
f 837/1187/1127 484/1188/1128 511/1186/1126 841/1185/1125
s 67
f 520/1189/1129 387/1190/1130 386/1191/1131 513/1192/1132
s off
f 416/1193/1133 387/1194/1134 520/1195/1135 524/1196/1136
s 68
f 414/1197/1137 416/1198/1138 524/1199/1139 528/1200/1140
f 412/1201/1141 414/1197/1137 528/1200/1140 532/1202/1142
f 410/1203/1143 412/1204/1141 532/1205/1142 536/1206/1144
f 408/1207/1145 410/1203/1143 536/1206/1144 540/1208/1146
f 406/1209/1147 408/1207/1145 540/1208/1146 544/1210/1148
f 404/1211/1149 406/1209/1147 544/1210/1148 548/1212/1150
f 402/1213/1151 404/1211/1149 548/1212/1150 552/1214/1152
s off
f 400/1215/1153 402/1216/1154 552/1217/1155 556/1218/1156
s 67
f 398/1219/1157 400/1220/1158 556/1221/1159 560/1222/1160
f 396/1223/1161 398/1219/1157 560/1222/1160 564/1224/1162
f 394/1225/1163 396/1223/1161 564/1224/1162 568/1226/1164
f 392/1227/1165 394/1225/1163 568/1226/1164 572/1228/1166
f 390/1229/1167 392/1227/1165 572/1228/1166 576/1230/1168
f 386/1191/1131 390/1231/1167 576/1232/1168 513/1192/1132
s 70
f 584/1233/1169 323/1234/1170 322/1235/1171 577/1236/1172
s off
f 352/1237/1173 323/1238/1174 584/1239/1175 588/1240/1176
s 71
f 350/1241/1177 352/1242/1178 588/1243/1179 592/1244/1180
f 348/1245/1181 350/1241/1177 592/1244/1180 596/1246/1182
f 346/1247/1183 348/1248/1181 596/1249/1182 600/1250/1184
f 344/1251/1185 346/1247/1183 600/1250/1184 604/1252/1186
f 342/1253/1187 344/1251/1185 604/1252/1186 608/1254/1188
f 340/1255/1189 342/1253/1187 608/1254/1188 612/1256/1190
f 338/1257/1191 340/1255/1189 612/1256/1190 616/1258/1192
s off
f 336/1259/1193 338/1260/1194 616/1261/1195 620/1262/1196
s 70
f 334/1263/1197 336/1264/1198 620/1265/1199 624/1266/1200
f 332/1267/1201 334/1263/1197 624/1266/1200 628/1268/1202
f 330/1269/1203 332/1267/1201 628/1268/1202 632/1270/1204
f 328/1271/1205 330/1269/1203 632/1270/1204 636/1272/1206
f 326/1273/1207 328/1271/1205 636/1272/1206 640/1274/1208
f 322/1235/1171 326/1275/1207 640/1276/1208 577/1236/1172
s 73
f 648/1277/1209 419/1278/1210 418/1279/1211 641/1280/1212
s off
f 448/1281/1213 419/1282/1214 648/1283/1215 652/1284/1216
s 74
f 446/1285/1217 448/1286/1218 652/1287/1219 656/1288/1220
f 444/1289/1221 446/1285/1217 656/1288/1220 660/1290/1222
f 442/1291/1223 444/1292/1221 660/1293/1222 664/1294/1224
f 440/1295/1225 442/1291/1223 664/1294/1224 668/1296/1226
f 438/1297/1227 440/1295/1225 668/1296/1226 672/1298/1228
f 436/1299/1229 438/1297/1227 672/1298/1228 676/1300/1230
f 434/1301/1231 436/1299/1229 676/1300/1230 680/1302/1232
s off
f 432/1303/1233 434/1304/1234 680/1305/1235 684/1306/1236
s 73
f 430/1307/1237 432/1308/1238 684/1309/1239 688/1310/1240
f 428/1311/1241 430/1307/1237 688/1310/1240 692/1312/1242
f 426/1313/1243 428/1311/1241 692/1312/1242 696/1314/1244
f 424/1315/1245 426/1313/1243 696/1314/1244 700/1316/1246
f 422/1317/1247 424/1315/1245 700/1316/1246 704/1318/1248
f 418/1279/1211 422/1319/1247 704/1320/1248 641/1280/1212
s off
f 712/1321/1249 451/1322/1250 450/1323/1251 705/1324/1252
s 76
f 480/1325/1253 451/1326/1254 712/1327/1255 716/1328/1256
f 478/1329/1257 480/1325/1253 716/1328/1256 720/1330/1258
f 476/1331/1259 478/1329/1257 720/1330/1258 724/1332/1260
f 474/1333/1261 476/1331/1259 724/1332/1260 728/1334/1262
f 472/1335/1263 474/1333/1261 728/1334/1262 732/1336/1264
f 470/1337/1265 472/1338/1263 732/1339/1264 736/1340/1266
f 468/1341/1267 470/1337/1265 736/1340/1266 740/1342/1268
s off
f 466/1343/1269 468/1344/1270 740/1345/1271 744/1346/1272
s 77
f 464/1347/1273 466/1348/1274 744/1349/1275 748/1350/1276
f 462/1351/1277 464/1347/1273 748/1350/1276 752/1352/1278
f 460/1353/1279 462/1354/1277 752/1355/1278 756/1356/1280
f 458/1357/1281 460/1353/1279 756/1356/1280 760/1358/1282
f 456/1359/1283 458/1357/1281 760/1358/1282 764/1360/1284
f 454/1361/1285 456/1359/1283 764/1360/1284 768/1362/1286
f 450/1363/1287 454/1361/1285 768/1362/1286 705/1364/1288
s off
f 776/1365/1289 355/1366/1290 354/1367/1291 769/1368/1292
s 78
f 384/1369/1293 355/1370/1294 776/1371/1295 780/1372/1296
f 382/1373/1297 384/1369/1293 780/1372/1296 784/1374/1298
f 380/1375/1299 382/1373/1297 784/1374/1298 788/1376/1300
f 378/1377/1301 380/1375/1299 788/1376/1300 792/1378/1302
f 376/1379/1303 378/1377/1301 792/1378/1302 796/1380/1304
f 374/1381/1305 376/1382/1303 796/1383/1304 800/1384/1306
f 372/1385/1307 374/1381/1305 800/1384/1306 804/1386/1308
s off
f 370/1387/1309 372/1388/1310 804/1389/1311 808/1390/1312
s 79
f 368/1391/1313 370/1392/1314 808/1393/1315 812/1394/1316
f 366/1395/1317 368/1391/1313 812/1394/1316 816/1396/1318
f 364/1397/1319 366/1398/1317 816/1399/1318 820/1400/1320
f 362/1401/1321 364/1397/1319 820/1400/1320 824/1402/1322
f 360/1403/1323 362/1401/1321 824/1402/1322 828/1404/1324
f 358/1405/1325 360/1403/1323 828/1404/1324 832/1406/1326
f 354/1407/1327 358/1405/1325 832/1406/1326 769/1408/1328
s off
f 840/1409/1329 483/1410/1330 482/1411/1331 833/1412/1332
s 80
f 512/1413/1333 483/1414/1334 840/1415/1335 844/1416/1336
f 510/1417/1337 512/1413/1333 844/1416/1336 848/1418/1338
f 508/1419/1339 510/1417/1337 848/1418/1338 852/1420/1340
f 506/1421/1341 508/1419/1339 852/1420/1340 856/1422/1342
f 504/1423/1343 506/1421/1341 856/1422/1342 860/1424/1344
f 502/1425/1345 504/1426/1343 860/1427/1344 864/1428/1346
f 500/1429/1347 502/1425/1345 864/1428/1346 868/1430/1348
s off
f 498/1431/1349 500/1432/1350 868/1433/1351 872/1434/1352
s 81
f 496/1435/1353 498/1436/1354 872/1437/1355 876/1438/1356
f 494/1439/1357 496/1435/1353 876/1438/1356 880/1440/1358
f 492/1441/1359 494/1442/1357 880/1443/1358 884/1444/1360
f 490/1445/1361 492/1441/1359 884/1444/1360 888/1446/1362
f 488/1447/1363 490/1445/1361 888/1446/1362 892/1448/1364
f 486/1449/1365 488/1447/1363 892/1448/1364 896/1450/1366
f 482/1451/1367 486/1449/1365 896/1450/1366 833/1452/1368
s off
f 932/1453/1369 934/1454/1370 933/1455/1371 931/1456/1372
f 900/1457/1373 902/1458/1374 901/1459/1375 899/1460/1376
f 518/1461/1377 522/1462/1378 523/1463/1379 519/1464/1380
s 82
f 934/1465/1381 936/1466/1382 935/1467/1383 933/1468/1384
s 83
f 902/1469/1385 904/1470/1386 903/1471/1387 901/1472/1388
s 84
f 522/1473/1389 526/1474/1390 527/1475/1391 523/1476/1392
s 82
f 936/1466/1382 938/1477/1393 937/1478/1394 935/1467/1383
s 83
f 904/1470/1386 906/1479/1395 905/1480/1396 903/1471/1387
s 84
f 526/1474/1390 530/1481/1397 531/1482/1398 527/1475/1391
s 82
f 938/1483/1393 940/1484/1399 939/1485/1400 937/1486/1394
s 83
f 906/1487/1395 908/1488/1401 907/1489/1402 905/1490/1396
s 84
f 530/1491/1397 534/1492/1403 535/1493/1404 531/1494/1398
s 82
f 940/1484/1399 942/1495/1405 941/1496/1406 939/1485/1400
s 83
f 908/1488/1401 910/1497/1407 909/1498/1408 907/1489/1402
s 84
f 534/1492/1403 538/1499/1409 539/1500/1410 535/1493/1404
s 82
f 942/1495/1405 944/1501/1411 943/1502/1412 941/1496/1406
s 83
f 910/1497/1407 912/1503/1413 911/1504/1414 909/1498/1408
s 84
f 538/1499/1409 542/1505/1415 543/1506/1416 539/1500/1410
s 82
f 944/1501/1411 946/1507/1417 945/1508/1418 943/1502/1412
s 83
f 912/1503/1413 914/1509/1419 913/1510/1420 911/1504/1414
s 84
f 542/1505/1415 546/1511/1421 547/1512/1422 543/1506/1416
s 82
f 946/1507/1417 948/1513/1423 947/1514/1424 945/1508/1418
s 83
f 914/1509/1419 916/1515/1425 915/1516/1426 913/1510/1420
s 84
f 546/1511/1421 550/1517/1427 551/1518/1428 547/1512/1422
s off
f 948/1519/1429 950/1520/1430 949/1521/1431 947/1522/1432
f 916/1523/1433 918/1524/1434 917/1525/1435 915/1526/1436
f 550/1527/1437 554/1528/1438 555/1529/1439 551/1530/1440
s 48
f 950/1531/1441 952/1532/1442 951/1533/1443 949/1534/1444
s 46
f 918/1535/1445 920/1536/1446 919/1537/1447 917/1538/1448
s 47
f 554/1539/1449 558/1540/1450 559/1541/1451 555/1542/1452
s 48
f 952/1532/1442 954/1543/1453 953/1544/1454 951/1533/1443
s 46
f 920/1536/1446 922/1545/1455 921/1546/1456 919/1537/1447
s 47
f 558/1540/1450 562/1547/1457 563/1548/1458 559/1541/1451
s 48
f 954/1543/1453 956/1549/1459 955/1550/1460 953/1544/1454
s 46
f 922/1545/1455 924/1551/1461 923/1552/1462 921/1546/1456
s 47
f 562/1547/1457 566/1553/1463 567/1554/1464 563/1548/1458
s 48
f 956/1549/1459 958/1555/1465 957/1556/1466 955/1550/1460
s 46
f 924/1551/1461 926/1557/1467 925/1558/1468 923/1552/1462
s 47
f 566/1553/1463 570/1559/1469 571/1560/1470 567/1554/1464
s 48
f 958/1555/1465 960/1561/1471 959/1562/1472 957/1556/1466
s 46
f 926/1557/1467 928/1563/1473 927/1564/1474 925/1558/1468
s 47
f 570/1559/1469 574/1565/1475 575/1566/1476 571/1560/1470
s 48
f 930/864/828 959/1567/1472 960/1568/1471 929/861/825
s 47
f 514/860/824 575/1569/1476 574/1570/1475 515/857/821
s 46
f 898/856/820 927/1571/1474 928/1572/1473 897/853/817
s off
f 996/1573/1477 998/1574/1478 997/1575/1479 995/1576/1480
f 964/1577/1481 966/1578/1482 965/1579/1483 963/1580/1484
f 582/1581/1485 586/1582/1486 587/1583/1487 583/1584/1488
s 88
f 998/1585/1489 1000/1586/1490 999/1587/1491 997/1588/1492
s 89
f 966/1589/1493 968/1590/1494 967/1591/1495 965/1592/1496
s 90
f 586/1593/1497 590/1594/1498 591/1595/1499 587/1596/1500
s 88
f 1000/1586/1490 1002/1597/1501 1001/1598/1502 999/1587/1491
s 89
f 968/1590/1494 970/1599/1503 969/1600/1504 967/1591/1495
s 90
f 590/1594/1498 594/1601/1505 595/1602/1506 591/1595/1499
s 88
f 1002/1603/1501 1004/1604/1507 1003/1605/1508 1001/1606/1502
s 89
f 970/1607/1503 972/1608/1509 971/1609/1510 969/1610/1504
s 90
f 594/1611/1505 598/1612/1511 599/1613/1512 595/1614/1506
s 88
f 1004/1604/1507 1006/1615/1513 1005/1616/1514 1003/1605/1508
s 89
f 972/1608/1509 974/1617/1515 973/1618/1516 971/1609/1510
s 90
f 598/1612/1511 602/1619/1517 603/1620/1518 599/1613/1512
s 88
f 1006/1615/1513 1008/1621/1519 1007/1622/1520 1005/1616/1514
s 89
f 974/1617/1515 976/1623/1521 975/1624/1522 973/1618/1516
s 90
f 602/1619/1517 606/1625/1523 607/1626/1524 603/1620/1518
s 88
f 1008/1621/1519 1010/1627/1525 1009/1628/1526 1007/1622/1520
s 89
f 976/1623/1521 978/1629/1527 977/1630/1528 975/1624/1522
s 90
f 606/1625/1523 610/1631/1529 611/1632/1530 607/1626/1524
s 88
f 1010/1627/1525 1012/1633/1531 1011/1634/1532 1009/1628/1526
s 89
f 978/1629/1527 980/1635/1533 979/1636/1534 977/1630/1528
s 90
f 610/1631/1529 614/1637/1535 615/1638/1536 611/1632/1530
s off
f 1012/1639/1537 1014/1640/1538 1013/1641/1539 1011/1642/1540
f 980/1643/1541 982/1644/1542 981/1645/1543 979/1646/1544
f 614/1647/1545 618/1648/1546 619/1649/1547 615/1650/1548
s 51
f 1014/1651/1549 1016/1652/1550 1015/1653/1551 1013/1654/1552
s 49
f 982/1655/1553 984/1656/1554 983/1657/1555 981/1658/1556
s 50
f 618/1659/1557 622/1660/1558 623/1661/1559 619/1662/1560
s 51
f 1016/1652/1550 1018/1663/1561 1017/1664/1562 1015/1653/1551
s 49
f 984/1656/1554 986/1665/1563 985/1666/1564 983/1657/1555
s 50
f 622/1660/1558 626/1667/1565 627/1668/1566 623/1661/1559
s 51
f 1018/1663/1561 1020/1669/1567 1019/1670/1568 1017/1664/1562
s 49
f 986/1665/1563 988/1671/1569 987/1672/1570 985/1666/1564
s 50
f 626/1667/1565 630/1673/1571 631/1674/1572 627/1668/1566
s 51
f 1020/1669/1567 1022/1675/1573 1021/1676/1574 1019/1670/1568
s 49
f 988/1671/1569 990/1677/1575 989/1678/1576 987/1672/1570
s 50
f 630/1673/1571 634/1679/1577 635/1680/1578 631/1674/1572
s 51
f 1022/1675/1573 1024/1681/1579 1023/1682/1580 1021/1676/1574
s 49
f 990/1677/1575 992/1683/1581 991/1684/1582 989/1678/1576
s 50
f 634/1679/1577 638/1685/1583 639/1686/1584 635/1680/1578
s 51
f 994/876/840 1023/1687/1580 1024/1688/1579 993/873/837
s 50
f 578/872/836 639/1689/1584 638/1690/1583 579/869/833
s 49
f 962/868/832 991/1691/1582 992/1692/1581 961/865/829
s off
f 1060/1693/1585 1062/1694/1586 1061/1695/1587 1059/1696/1588
f 1028/1697/1589 1030/1698/1590 1029/1699/1591 1027/1700/1592
f 646/1701/1593 650/1702/1594 651/1703/1595 647/1704/1596
s 94
f 1062/1705/1597 1064/1706/1598 1063/1707/1599 1061/1708/1600
s 95
f 1030/1709/1601 1032/1710/1602 1031/1711/1603 1029/1712/1604
s 96
f 650/1713/1605 654/1714/1606 655/1715/1607 651/1716/1608
s 94
f 1064/1706/1598 1066/1717/1609 1065/1718/1610 1063/1707/1599
s 95
f 1032/1710/1602 1034/1719/1611 1033/1720/1612 1031/1711/1603
s 96
f 654/1714/1606 658/1721/1613 659/1722/1614 655/1715/1607
s 94
f 1066/1723/1609 1068/1724/1615 1067/1725/1616 1065/1726/1610
s 95
f 1034/1727/1611 1036/1728/1617 1035/1729/1618 1033/1730/1612
s 96
f 658/1731/1613 662/1732/1619 663/1733/1620 659/1734/1614
s 94
f 1068/1724/1615 1070/1735/1621 1069/1736/1622 1067/1725/1616
s 95
f 1036/1728/1617 1038/1737/1623 1037/1738/1624 1035/1729/1618
s 96
f 662/1732/1619 666/1739/1625 667/1740/1626 663/1733/1620
s 94
f 1070/1735/1621 1072/1741/1627 1071/1742/1628 1069/1736/1622
s 95
f 1038/1737/1623 1040/1743/1629 1039/1744/1630 1037/1738/1624
s 96
f 666/1739/1625 670/1745/1631 671/1746/1632 667/1740/1626
s 94
f 1072/1741/1627 1074/1747/1633 1073/1748/1634 1071/1742/1628
s 95
f 1040/1743/1629 1042/1749/1635 1041/1750/1636 1039/1744/1630
s 96
f 670/1745/1631 674/1751/1637 675/1752/1638 671/1746/1632
s 94
f 1074/1747/1633 1076/1753/1639 1075/1754/1640 1073/1748/1634
s 95
f 1042/1749/1635 1044/1755/1641 1043/1756/1642 1041/1750/1636
s 96
f 674/1751/1637 678/1757/1643 679/1758/1644 675/1752/1638
s off
f 1076/1759/1645 1078/1760/1646 1077/1761/1647 1075/1762/1648
f 1044/1763/1649 1046/1764/1650 1045/1765/1651 1043/1766/1652
f 678/1767/1653 682/1768/1654 683/1769/1655 679/1770/1656
s 54
f 1078/1771/1657 1080/1772/1658 1079/1773/1659 1077/1774/1660
s 52
f 1046/1775/1661 1048/1776/1662 1047/1777/1663 1045/1778/1664
s 53
f 682/1779/1665 686/1780/1666 687/1781/1667 683/1782/1668
s 54
f 1080/1772/1658 1082/1783/1669 1081/1784/1670 1079/1773/1659
s 52
f 1048/1776/1662 1050/1785/1671 1049/1786/1672 1047/1777/1663
s 53
f 686/1780/1666 690/1787/1673 691/1788/1674 687/1781/1667
s 54
f 1082/1783/1669 1084/1789/1675 1083/1790/1676 1081/1784/1670
s 52
f 1050/1785/1671 1052/1791/1677 1051/1792/1678 1049/1786/1672
s 53
f 690/1787/1673 694/1793/1679 695/1794/1680 691/1788/1674
s 54
f 1084/1789/1675 1086/1795/1681 1085/1796/1682 1083/1790/1676
s 52
f 1052/1791/1677 1054/1797/1683 1053/1798/1684 1051/1792/1678
s 53
f 694/1793/1679 698/1799/1685 699/1800/1686 695/1794/1680
s 54
f 1086/1795/1681 1088/1801/1687 1087/1802/1688 1085/1796/1682
s 52
f 1054/1797/1683 1056/1803/1689 1055/1804/1690 1053/1798/1684
s 53
f 698/1799/1685 702/1805/1691 703/1806/1692 699/1800/1686
s 54
f 1058/888/852 1087/1807/1688 1088/1808/1687 1057/885/849
s 53
f 642/884/848 703/1809/1692 702/1810/1691 643/881/845
s 52
f 1026/880/844 1055/1811/1690 1056/1812/1689 1025/877/841
s 100
f 1124/1813/1693 1126/1814/1694 1125/1815/1695 1123/1816/1696
s 101
f 1092/1817/1697 1094/1818/1698 1093/1819/1699 1091/1820/1700
s 102
f 710/1821/1701 714/1822/1702 715/1823/1703 711/1824/1704
s 100
f 1126/1814/1694 1128/1825/1705 1127/1826/1706 1125/1815/1695
s 101
f 1094/1818/1698 1096/1827/1707 1095/1828/1708 1093/1819/1699
s 102
f 714/1822/1702 718/1829/1709 719/1830/1710 715/1823/1703
s 100
f 1128/1825/1705 1130/1831/1711 1129/1832/1712 1127/1826/1706
s 101
f 1096/1827/1707 1098/1833/1713 1097/1834/1714 1095/1828/1708
s 102
f 718/1829/1709 722/1835/1715 723/1836/1716 719/1830/1710
s 100
f 1130/1831/1711 1132/1837/1717 1131/1838/1718 1129/1832/1712
s 101
f 1098/1833/1713 1100/1839/1719 1099/1840/1720 1097/1834/1714
s 102
f 722/1835/1715 726/1841/1721 727/1842/1722 723/1836/1716
s 100
f 1132/1837/1717 1134/1843/1723 1133/1844/1724 1131/1838/1718
s 101
f 1100/1839/1719 1102/1845/1725 1101/1846/1726 1099/1840/1720
s 102
f 726/1841/1721 730/1847/1727 731/1848/1728 727/1842/1722
s 100
f 1134/1849/1723 1136/1850/1729 1135/1851/1730 1133/1852/1724
s 101
f 1102/1853/1725 1104/1854/1731 1103/1855/1732 1101/1856/1726
s 102
f 730/1857/1727 734/1858/1733 735/1859/1734 731/1860/1728
s 100
f 1136/1850/1729 1138/1861/1735 1137/1862/1736 1135/1851/1730
s 101
f 1104/1854/1731 1106/1863/1737 1105/1864/1738 1103/1855/1732
s 102
f 734/1858/1733 738/1865/1739 739/1866/1740 735/1859/1734
s off
f 1138/1867/1741 1140/1868/1742 1139/1869/1743 1137/1870/1744
f 1106/1871/1745 1108/1872/1746 1107/1873/1747 1105/1874/1748
f 738/1875/1749 742/1876/1750 743/1877/1751 739/1878/1752
s 103
f 1140/1879/1753 1142/1880/1754 1141/1881/1755 1139/1882/1756
s 104
f 1108/1883/1757 1110/1884/1758 1109/1885/1759 1107/1886/1760
s 105
f 742/1887/1761 746/1888/1762 747/1889/1763 743/1890/1764
s 103
f 1142/1880/1754 1144/1891/1765 1143/1892/1766 1141/1881/1755
s 104
f 1110/1884/1758 1112/1893/1767 1111/1894/1768 1109/1885/1759
s 105
f 746/1888/1762 750/1895/1769 751/1896/1770 747/1889/1763
s 103
f 1144/1897/1765 1146/1898/1771 1145/1899/1772 1143/1900/1766
s 104
f 1112/1901/1767 1114/1902/1773 1113/1903/1774 1111/1904/1768
s 105
f 750/1905/1769 754/1906/1775 755/1907/1776 751/1908/1770
s 103
f 1146/1898/1771 1148/1909/1777 1147/1910/1778 1145/1899/1772
s 104
f 1114/1902/1773 1116/1911/1779 1115/1912/1780 1113/1903/1774
s 105
f 754/1906/1775 758/1913/1781 759/1914/1782 755/1907/1776
s 103
f 1148/1909/1777 1150/1915/1783 1149/1916/1784 1147/1910/1778
s 104
f 1116/1911/1779 1118/1917/1785 1117/1918/1786 1115/1912/1780
s 105
f 758/1913/1781 762/1919/1787 763/1920/1788 759/1914/1782
s 103
f 1150/1915/1783 1152/1921/1789 1151/1922/1790 1149/1916/1784
s 104
f 1118/1917/1785 1120/1923/1791 1119/1924/1792 1117/1918/1786
s 105
f 762/1919/1787 766/1925/1793 767/1926/1794 763/1920/1788
s 103
f 1122/1927/1795 1151/1922/1790 1152/1921/1789 1121/1928/1796
s 105
f 706/1929/1797 767/1926/1794 766/1925/1793 707/1930/1798
s 104
f 1090/1931/1799 1119/1924/1792 1120/1923/1791 1089/1932/1800
s 106
f 1188/1933/1801 1190/1934/1802 1189/1935/1803 1187/1936/1804
s 107
f 1156/1937/1805 1158/1938/1806 1157/1939/1807 1155/1940/1808
s 108
f 774/1941/1809 778/1942/1810 779/1943/1811 775/1944/1812
s 106
f 1190/1934/1802 1192/1945/1813 1191/1946/1814 1189/1935/1803
s 107
f 1158/1938/1806 1160/1947/1815 1159/1948/1816 1157/1939/1807
s 108
f 778/1942/1810 782/1949/1817 783/1950/1818 779/1943/1811
s 106
f 1192/1945/1813 1194/1951/1819 1193/1952/1820 1191/1946/1814
s 107
f 1160/1947/1815 1162/1953/1821 1161/1954/1822 1159/1948/1816
s 108
f 782/1949/1817 786/1955/1823 787/1956/1824 783/1950/1818
s 106
f 1194/1951/1819 1196/1957/1825 1195/1958/1826 1193/1952/1820
s 107
f 1162/1953/1821 1164/1959/1827 1163/1960/1828 1161/1954/1822
s 108
f 786/1955/1823 790/1961/1829 791/1962/1830 787/1956/1824
s 106
f 1196/1957/1825 1198/1963/1831 1197/1964/1832 1195/1958/1826
s 107
f 1164/1959/1827 1166/1965/1833 1165/1966/1834 1163/1960/1828
s 108
f 790/1961/1829 794/1967/1835 795/1968/1836 791/1962/1830
s 106
f 1198/1969/1831 1200/1970/1837 1199/1971/1838 1197/1972/1832
s 107
f 1166/1973/1833 1168/1974/1839 1167/1975/1840 1165/1976/1834
s 108
f 794/1977/1835 798/1978/1841 799/1979/1842 795/1980/1836
s 106
f 1200/1970/1837 1202/1981/1843 1201/1982/1844 1199/1971/1838
s 107
f 1168/1974/1839 1170/1983/1845 1169/1984/1846 1167/1975/1840
s 108
f 798/1978/1841 802/1985/1847 803/1986/1848 799/1979/1842
s off
f 1202/1987/1849 1204/1988/1850 1203/1989/1851 1201/1990/1852
f 1170/1991/1853 1172/1992/1854 1171/1993/1855 1169/1994/1856
f 802/1995/1857 806/1996/1858 807/1997/1859 803/1998/1860
s 109
f 1204/1999/1861 1206/2000/1862 1205/2001/1863 1203/2002/1864
s 110
f 1172/2003/1865 1174/2004/1866 1173/2005/1867 1171/2006/1868
s 111
f 806/2007/1869 810/2008/1870 811/2009/1871 807/2010/1872
s 109
f 1206/2000/1862 1208/2011/1873 1207/2012/1874 1205/2001/1863
s 110
f 1174/2004/1866 1176/2013/1875 1175/2014/1876 1173/2005/1867
s 111
f 810/2008/1870 814/2015/1877 815/2016/1878 811/2009/1871
s 109
f 1208/2017/1873 1210/2018/1879 1209/2019/1880 1207/2020/1874
s 110
f 1176/2021/1875 1178/2022/1881 1177/2023/1882 1175/2024/1876
s 111
f 814/2025/1877 818/2026/1883 819/2027/1884 815/2028/1878
s 109
f 1210/2018/1879 1212/2029/1885 1211/2030/1886 1209/2019/1880
s 110
f 1178/2022/1881 1180/2031/1887 1179/2032/1888 1177/2023/1882
s 111
f 818/2026/1883 822/2033/1889 823/2034/1890 819/2027/1884
s 109
f 1212/2029/1885 1214/2035/1891 1213/2036/1892 1211/2030/1886
s 110
f 1180/2031/1887 1182/2037/1893 1181/2038/1894 1179/2032/1888
s 111
f 822/2033/1889 826/2039/1895 827/2040/1896 823/2034/1890
s 109
f 1214/2035/1891 1216/2041/1897 1215/2042/1898 1213/2036/1892
s 110
f 1182/2037/1893 1184/2043/1899 1183/2044/1900 1181/2038/1894
s 111
f 826/2039/1895 830/2045/1901 831/2046/1902 827/2040/1896
s 109
f 1186/2047/1903 1215/2042/1898 1216/2041/1897 1185/2048/1904
s 111
f 770/2049/1905 831/2046/1902 830/2045/1901 771/2050/1906
s 110
f 1154/2051/1907 1183/2044/1900 1184/2043/1899 1153/2052/1908
s 112
f 1252/2053/1909 1254/2054/1910 1253/2055/1911 1251/2056/1912
s 113
f 1220/2057/1913 1222/2058/1914 1221/2059/1915 1219/2060/1916
s 114
f 838/2061/1917 842/2062/1918 843/2063/1919 839/2064/1920
s 112
f 1254/2054/1910 1256/2065/1921 1255/2066/1922 1253/2055/1911
s 113
f 1222/2058/1914 1224/2067/1923 1223/2068/1924 1221/2059/1915
s 114
f 842/2062/1918 846/2069/1925 847/2070/1926 843/2063/1919
s 112
f 1256/2065/1921 1258/2071/1927 1257/2072/1928 1255/2066/1922
s 113
f 1224/2067/1923 1226/2073/1929 1225/2074/1930 1223/2068/1924
s 114
f 846/2069/1925 850/2075/1931 851/2076/1932 847/2070/1926
s 112
f 1258/2071/1927 1260/2077/1933 1259/2078/1934 1257/2072/1928
s 113
f 1226/2073/1929 1228/2079/1935 1227/2080/1936 1225/2074/1930
s 114
f 850/2075/1931 854/2081/1937 855/2082/1938 851/2076/1932
s 112
f 1260/2077/1933 1262/2083/1939 1261/2084/1940 1259/2078/1934
s 113
f 1228/2079/1935 1230/2085/1941 1229/2086/1942 1227/2080/1936
s 114
f 854/2081/1937 858/2087/1943 859/2088/1944 855/2082/1938
s 112
f 1262/2089/1939 1264/2090/1945 1263/2091/1946 1261/2092/1940
s 113
f 1230/2093/1941 1232/2094/1947 1231/2095/1948 1229/2096/1942
s 114
f 858/2097/1943 862/2098/1949 863/2099/1950 859/2100/1944
s 112
f 1264/2090/1945 1266/2101/1951 1265/2102/1952 1263/2091/1946
s 113
f 1232/2094/1947 1234/2103/1953 1233/2104/1954 1231/2095/1948
s 114
f 862/2098/1949 866/2105/1955 867/2106/1956 863/2099/1950
s off
f 1266/2107/1957 1268/2108/1958 1267/2109/1959 1265/2110/1960
f 1234/2111/1961 1236/2112/1962 1235/2113/1963 1233/2114/1964
f 866/2115/1965 870/2116/1966 871/2117/1967 867/2118/1968
s 115
f 1268/2119/1969 1270/2120/1970 1269/2121/1971 1267/2122/1972
s 116
f 1236/2123/1973 1238/2124/1974 1237/2125/1975 1235/2126/1976
s 117
f 870/2127/1977 874/2128/1978 875/2129/1979 871/2130/1980
s 115
f 1270/2120/1970 1272/2131/1981 1271/2132/1982 1269/2121/1971
s 116
f 1238/2124/1974 1240/2133/1983 1239/2134/1984 1237/2125/1975
s 117
f 874/2128/1978 878/2135/1985 879/2136/1986 875/2129/1979
s 115
f 1272/2137/1981 1274/2138/1987 1273/2139/1988 1271/2140/1982
s 116
f 1240/2141/1983 1242/2142/1989 1241/2143/1990 1239/2144/1984
s 117
f 878/2145/1985 882/2146/1991 883/2147/1992 879/2148/1986
s 115
f 1274/2138/1987 1276/2149/1993 1275/2150/1994 1273/2139/1988
s 116
f 1242/2142/1989 1244/2151/1995 1243/2152/1996 1241/2143/1990
s 117
f 882/2146/1991 886/2153/1997 887/2154/1998 883/2147/1992
s 115
f 1276/2149/1993 1278/2155/1999 1277/2156/2000 1275/2150/1994
s 116
f 1244/2151/1995 1246/2157/2001 1245/2158/2002 1243/2152/1996
s 117
f 886/2153/1997 890/2159/2003 891/2160/2004 887/2154/1998
s 115
f 1278/2155/1999 1280/2161/2005 1279/2162/2006 1277/2156/2000
s 116
f 1246/2157/2001 1248/2163/2007 1247/2164/2008 1245/2158/2002
s 117
f 890/2159/2003 894/2165/2009 895/2166/2010 891/2160/2004
s 115
f 1250/2167/2011 1279/2162/2006 1280/2161/2005 1249/2168/2012
s 117
f 834/2169/2013 895/2166/2010 894/2165/2009 835/2170/2014
s 116
f 1218/2171/2015 1247/2164/2008 1248/2163/2007 1217/2172/2016
s 118
f 515/2173/2017 898/2174/2018 899/2175/2019 518/2176/2020
s 119
f 517/2177/2021 900/2178/2022 897/2179/2023 516/2180/2024
s 118
f 518/2176/2020 899/2175/2019 901/2181/2025 522/2182/2026
s 119
f 521/2183/2027 902/2184/2028 900/2178/2022 517/2177/2021
s 118
f 522/2182/2026 901/2181/2025 903/2185/2029 526/2186/2030
s 119
f 525/2187/2031 904/2188/2032 902/2184/2028 521/2183/2027
s 118
f 526/2186/2030 903/2185/2029 905/2189/2033 530/2190/2034
s 119
f 529/2191/2035 906/2192/2036 904/2188/2032 525/2187/2031
s 118
f 530/2190/2034 905/2189/2033 907/2193/2037 534/2194/2038
s 119
f 533/2195/2039 908/2196/2040 906/2192/2036 529/2191/2035
s 118
f 534/2194/2038 907/2193/2037 909/2197/2041 538/2198/2042
s 119
f 537/2199/2043 910/2200/2044 908/2196/2040 533/2195/2039
s 118
f 538/2198/2042 909/2197/2041 911/2201/2045 542/2202/2046
s 119
f 541/2203/2047 912/2204/2048 910/2200/2044 537/2199/2043
s 118
f 542/2202/2046 911/2201/2045 913/2205/2049 546/2206/2050
s 119
f 545/2207/2051 914/2208/2052 912/2204/2048 541/2203/2047
s 118
f 546/2206/2050 913/2205/2049 915/2209/2053 550/2210/2054
s 119
f 549/2211/2055 916/2212/2056 914/2208/2052 545/2207/2051
s 118
f 550/2210/2054 915/2209/2053 917/2213/2057 554/2214/2058
s 119
f 553/2215/2059 918/2216/2060 916/2212/2056 549/2211/2055
s 118
f 554/2214/2058 917/2213/2057 919/2217/2061 558/2218/2062
s 119
f 557/2219/2063 920/2220/2064 918/2216/2060 553/2215/2059
s 118
f 558/2218/2062 919/2217/2061 921/2221/2065 562/2222/2066
s 119
f 561/2223/2067 922/2224/2068 920/2220/2064 557/2219/2063
s 118
f 562/2222/2066 921/2221/2065 923/2225/2069 566/2226/2070
s 119
f 565/2227/2071 924/2228/2072 922/2224/2068 561/2223/2067
s 118
f 566/2226/2070 923/2225/2069 925/2229/2073 570/2230/2074
s 119
f 569/2231/2075 926/2232/2076 924/2228/2072 565/2227/2071
s 118
f 570/2230/2074 925/2229/2073 927/2233/2077 574/2234/2078
s 119
f 573/2235/2079 928/2236/2080 926/2232/2076 569/2231/2075
f 516/2180/2024 897/2179/2023 928/2236/2080 573/2235/2079
s 118
f 574/2234/2078 927/2233/2077 898/2174/2018 515/2173/2017
s 120
f 513/2237/2081 930/2238/2082 931/2239/2083 520/2240/2084
s 121
f 519/2241/2085 932/2242/2086 929/2243/2087 514/2244/2088
s 120
f 520/2240/2084 931/2239/2083 933/2245/2089 524/2246/2090
s 121
f 523/2247/2091 934/2248/2092 932/2242/2086 519/2241/2085
s 120
f 524/2246/2090 933/2245/2089 935/2249/2093 528/2250/2094
s 121
f 527/2251/2095 936/2252/2096 934/2248/2092 523/2247/2091
s 120
f 528/2250/2094 935/2249/2093 937/2253/2097 532/2254/2098
s 121
f 531/2255/2099 938/2256/2100 936/2252/2096 527/2251/2095
s 120
f 532/2254/2098 937/2253/2097 939/2257/2101 536/2258/2102
s 121
f 535/2259/2103 940/2260/2104 938/2256/2100 531/2255/2099
s 120
f 536/2258/2102 939/2257/2101 941/2261/2105 540/2262/2106
s 121
f 539/2263/2107 942/2264/2108 940/2260/2104 535/2259/2103
s 120
f 540/2262/2106 941/2261/2105 943/2265/2109 544/2266/2110
s 121
f 543/2267/2111 944/2268/2112 942/2264/2108 539/2263/2107
s 120
f 544/2266/2110 943/2265/2109 945/2269/2113 548/2270/2114
s 121
f 547/2271/2115 946/2272/2116 944/2268/2112 543/2267/2111
s 120
f 548/2270/2114 945/2269/2113 947/2273/2117 552/2274/2118
s 121
f 551/2275/2119 948/2276/2120 946/2272/2116 547/2271/2115
s 120
f 552/2274/2118 947/2273/2117 949/2277/2121 556/2278/2122
s 121
f 555/2279/2123 950/2280/2124 948/2276/2120 551/2275/2119
s 120
f 556/2278/2122 949/2277/2121 951/2281/2125 560/2282/2126
s 121
f 559/2283/2127 952/2284/2128 950/2280/2124 555/2279/2123
s 120
f 560/2282/2126 951/2281/2125 953/2285/2129 564/2286/2130
s 121
f 563/2287/2131 954/2288/2132 952/2284/2128 559/2283/2127
s 120
f 564/2286/2130 953/2285/2129 955/2289/2133 568/2290/2134
s 121
f 567/2291/2135 956/2292/2136 954/2288/2132 563/2287/2131
s 120
f 568/2290/2134 955/2289/2133 957/2293/2137 572/2294/2138
s 121
f 571/2295/2139 958/2296/2140 956/2292/2136 567/2291/2135
s 120
f 572/2294/2138 957/2293/2137 959/2297/2141 576/2298/2142
s 121
f 575/2299/2143 960/2300/2144 958/2296/2140 571/2295/2139
f 514/2244/2088 929/2243/2087 960/2300/2144 575/2299/2143
s 120
f 576/2298/2142 959/2297/2141 930/2238/2082 513/2237/2081
s 122
f 579/2301/2145 962/2302/2146 963/2303/2147 582/2304/2148
s 123
f 581/2305/2149 964/2306/2150 961/2307/2151 580/2308/2152
s 122
f 582/2304/2148 963/2303/2147 965/2309/2153 586/2310/2154
s 123
f 585/2311/2155 966/2312/2156 964/2306/2150 581/2305/2149
s 122
f 586/2310/2154 965/2309/2153 967/2313/2157 590/2314/2158
s 123
f 589/2315/2159 968/2316/2160 966/2312/2156 585/2311/2155
s 122
f 590/2314/2158 967/2313/2157 969/2317/2161 594/2318/2162
s 123
f 593/2319/2163 970/2320/2164 968/2316/2160 589/2315/2159
s 122
f 594/2318/2162 969/2317/2161 971/2321/2165 598/2322/2166
s 123
f 597/2323/2167 972/2324/2168 970/2320/2164 593/2319/2163
s 122
f 598/2322/2166 971/2321/2165 973/2325/2169 602/2326/2170
s 123
f 601/2327/2171 974/2328/2172 972/2324/2168 597/2323/2167
s 122
f 602/2326/2170 973/2325/2169 975/2329/2173 606/2330/2174
s 123
f 605/2331/2175 976/2332/2176 974/2328/2172 601/2327/2171
s 122
f 606/2330/2174 975/2329/2173 977/2333/2177 610/2334/2178
s 123
f 609/2335/2179 978/2336/2180 976/2332/2176 605/2331/2175
s 122
f 610/2334/2178 977/2333/2177 979/2337/2181 614/2338/2182
s 123
f 613/2339/2183 980/2340/2184 978/2336/2180 609/2335/2179
s 122
f 614/2338/2182 979/2337/2181 981/2341/2185 618/2342/2186
s 123
f 617/2343/2187 982/2344/2188 980/2340/2184 613/2339/2183
s 122
f 618/2342/2186 981/2341/2185 983/2345/2189 622/2346/2190
s 123
f 621/2347/2191 984/2348/2192 982/2344/2188 617/2343/2187
s 122
f 622/2346/2190 983/2345/2189 985/2349/2193 626/2350/2194
s 123
f 625/2351/2195 986/2352/2196 984/2348/2192 621/2347/2191
s 122
f 626/2350/2194 985/2349/2193 987/2353/2197 630/2354/2198
s 123
f 629/2355/2199 988/2356/2200 986/2352/2196 625/2351/2195
s 122
f 630/2354/2198 987/2353/2197 989/2357/2201 634/2358/2202
s 123
f 633/2359/2203 990/2360/2204 988/2356/2200 629/2355/2199
s 122
f 634/2358/2202 989/2357/2201 991/2361/2205 638/2362/2206
s 123
f 637/2363/2207 992/2364/2208 990/2360/2204 633/2359/2203
f 580/2308/2152 961/2307/2151 992/2364/2208 637/2363/2207
s 122
f 638/2362/2206 991/2361/2205 962/2302/2146 579/2301/2145
s 124
f 577/2365/2209 994/2366/2210 995/2367/2211 584/2368/2212
s 125
f 583/2369/2213 996/2370/2214 993/2371/2215 578/2372/2216
s 124
f 584/2368/2212 995/2367/2211 997/2373/2217 588/2374/2218
s 125
f 587/2375/2219 998/2376/2220 996/2370/2214 583/2369/2213
s 124
f 588/2374/2218 997/2373/2217 999/2377/2221 592/2378/2222
s 125
f 591/2379/2223 1000/2380/2224 998/2376/2220 587/2375/2219
s 124
f 592/2378/2222 999/2377/2221 1001/2381/2225 596/2382/2226
s 125
f 595/2383/2227 1002/2384/2228 1000/2380/2224 591/2379/2223
s 124
f 596/2382/2226 1001/2381/2225 1003/2385/2229 600/2386/2230
s 125
f 599/2387/2231 1004/2388/2232 1002/2384/2228 595/2383/2227
s 124
f 600/2386/2230 1003/2385/2229 1005/2389/2233 604/2390/2234
s 125
f 603/2391/2235 1006/2392/2236 1004/2388/2232 599/2387/2231
s 124
f 604/2390/2234 1005/2389/2233 1007/2393/2237 608/2394/2238
s 125
f 607/2395/2239 1008/2396/2240 1006/2392/2236 603/2391/2235
s 124
f 608/2394/2238 1007/2393/2237 1009/2397/2241 612/2398/2242
s 125
f 611/2399/2243 1010/2400/2244 1008/2396/2240 607/2395/2239
s 124
f 612/2398/2242 1009/2397/2241 1011/2401/2245 616/2402/2246
s 125
f 615/2403/2247 1012/2404/2248 1010/2400/2244 611/2399/2243
s 124
f 616/2402/2246 1011/2401/2245 1013/2405/2249 620/2406/2250
s 125
f 619/2407/2251 1014/2408/2252 1012/2404/2248 615/2403/2247
s 124
f 620/2406/2250 1013/2405/2249 1015/2409/2253 624/2410/2254
s 125
f 623/2411/2255 1016/2412/2256 1014/2408/2252 619/2407/2251
s 124
f 624/2410/2254 1015/2409/2253 1017/2413/2257 628/2414/2258
s 125
f 627/2415/2259 1018/2416/2260 1016/2412/2256 623/2411/2255
s 124
f 628/2414/2258 1017/2413/2257 1019/2417/2261 632/2418/2262
s 125
f 631/2419/2263 1020/2420/2264 1018/2416/2260 627/2415/2259
s 124
f 632/2418/2262 1019/2417/2261 1021/2421/2265 636/2422/2266
s 125
f 635/2423/2267 1022/2424/2268 1020/2420/2264 631/2419/2263
s 124
f 636/2422/2266 1021/2421/2265 1023/2425/2269 640/2426/2270
s 125
f 639/2427/2271 1024/2428/2272 1022/2424/2268 635/2423/2267
f 578/2372/2216 993/2371/2215 1024/2428/2272 639/2427/2271
s 124
f 640/2426/2270 1023/2425/2269 994/2366/2210 577/2365/2209
s 126
f 643/2429/2273 1026/2430/2274 1027/2431/2275 646/2432/2276
s 127
f 645/2433/2277 1028/2434/2278 1025/2435/2279 644/2436/2280
s 126
f 646/2432/2276 1027/2431/2275 1029/2437/2281 650/2438/2282
s 127
f 649/2439/2283 1030/2440/2284 1028/2434/2278 645/2433/2277
s 126
f 650/2438/2282 1029/2437/2281 1031/2441/2285 654/2442/2286
s 127
f 653/2443/2287 1032/2444/2288 1030/2440/2284 649/2439/2283
s 126
f 654/2442/2286 1031/2441/2285 1033/2445/2289 658/2446/2290
s 127
f 657/2447/2291 1034/2448/2292 1032/2444/2288 653/2443/2287
s 126
f 658/2446/2290 1033/2445/2289 1035/2449/2293 662/2450/2294
s 127
f 661/2451/2295 1036/2452/2296 1034/2448/2292 657/2447/2291
s 126
f 662/2450/2294 1035/2449/2293 1037/2453/2297 666/2454/2298
s 127
f 665/2455/2299 1038/2456/2300 1036/2452/2296 661/2451/2295
s 126
f 666/2454/2298 1037/2453/2297 1039/2457/2301 670/2458/2302
s 127
f 669/2459/2303 1040/2460/2304 1038/2456/2300 665/2455/2299
s 126
f 670/2458/2302 1039/2457/2301 1041/2461/2305 674/2462/2306
s 127
f 673/2463/2307 1042/2464/2308 1040/2460/2304 669/2459/2303
s 126
f 674/2462/2306 1041/2461/2305 1043/2465/2309 678/2466/2310
s 127
f 677/2467/2311 1044/2468/2312 1042/2464/2308 673/2463/2307
s 126
f 678/2466/2310 1043/2465/2309 1045/2469/2313 682/2470/2314
s 127
f 681/2471/2315 1046/2472/2316 1044/2468/2312 677/2467/2311
s 126
f 682/2470/2314 1045/2469/2313 1047/2473/2317 686/2474/2318
s 127
f 685/2475/2319 1048/2476/2320 1046/2472/2316 681/2471/2315
s 126
f 686/2474/2318 1047/2473/2317 1049/2477/2321 690/2478/2322
s 127
f 689/2479/2323 1050/2480/2324 1048/2476/2320 685/2475/2319
s 126
f 690/2478/2322 1049/2477/2321 1051/2481/2325 694/2482/2326
s 127
f 693/2483/2327 1052/2484/2328 1050/2480/2324 689/2479/2323
s 126
f 694/2482/2326 1051/2481/2325 1053/2485/2329 698/2486/2330
s 127
f 697/2487/2331 1054/2488/2332 1052/2484/2328 693/2483/2327
s 126
f 698/2486/2330 1053/2485/2329 1055/2489/2333 702/2490/2334
s 127
f 701/2491/2335 1056/2492/2336 1054/2488/2332 697/2487/2331
f 644/2436/2280 1025/2435/2279 1056/2492/2336 701/2491/2335
s 126
f 702/2490/2334 1055/2489/2333 1026/2430/2274 643/2429/2273
s 128
f 641/2493/2337 1058/2494/2338 1059/2495/2339 648/2496/2340
s 129
f 647/2497/2341 1060/2498/2342 1057/2499/2343 642/2500/2344
s 128
f 648/2496/2340 1059/2495/2339 1061/2501/2345 652/2502/2346
s 129
f 651/2503/2347 1062/2504/2348 1060/2498/2342 647/2497/2341
s 128
f 652/2502/2346 1061/2501/2345 1063/2505/2349 656/2506/2350
s 129
f 655/2507/2351 1064/2508/2352 1062/2504/2348 651/2503/2347
s 128
f 656/2506/2350 1063/2505/2349 1065/2509/2353 660/2510/2354
s 129
f 659/2511/2355 1066/2512/2356 1064/2508/2352 655/2507/2351
s 128
f 660/2510/2354 1065/2509/2353 1067/2513/2357 664/2514/2358
s 129
f 663/2515/2359 1068/2516/2360 1066/2512/2356 659/2511/2355
s 128
f 664/2514/2358 1067/2513/2357 1069/2517/2361 668/2518/2362
s 129
f 667/2519/2363 1070/2520/2364 1068/2516/2360 663/2515/2359
s 128
f 668/2518/2362 1069/2517/2361 1071/2521/2365 672/2522/2366
s 129
f 671/2523/2367 1072/2524/2368 1070/2520/2364 667/2519/2363
s 128
f 672/2522/2366 1071/2521/2365 1073/2525/2369 676/2526/2370
s 129
f 675/2527/2371 1074/2528/2372 1072/2524/2368 671/2523/2367
s 128
f 676/2526/2370 1073/2525/2369 1075/2529/2373 680/2530/2374
s 129
f 679/2531/2375 1076/2532/2376 1074/2528/2372 675/2527/2371
s 128
f 680/2530/2374 1075/2529/2373 1077/2533/2377 684/2534/2378
s 129
f 683/2535/2379 1078/2536/2380 1076/2532/2376 679/2531/2375
s 128
f 684/2534/2378 1077/2533/2377 1079/2537/2381 688/2538/2382
s 129
f 687/2539/2383 1080/2540/2384 1078/2536/2380 683/2535/2379
s 128
f 688/2538/2382 1079/2537/2381 1081/2541/2385 692/2542/2386
s 129
f 691/2543/2387 1082/2544/2388 1080/2540/2384 687/2539/2383
s 128
f 692/2542/2386 1081/2541/2385 1083/2545/2389 696/2546/2390
s 129
f 695/2547/2391 1084/2548/2392 1082/2544/2388 691/2543/2387
s 128
f 696/2546/2390 1083/2545/2389 1085/2549/2393 700/2550/2394
s 129
f 699/2551/2395 1086/2552/2396 1084/2548/2392 695/2547/2391
s 128
f 700/2550/2394 1085/2549/2393 1087/2553/2397 704/2554/2398
s 129
f 703/2555/2399 1088/2556/2400 1086/2552/2396 699/2551/2395
f 642/2500/2344 1057/2499/2343 1088/2556/2400 703/2555/2399
s 128
f 704/2554/2398 1087/2553/2397 1058/2494/2338 641/2493/2337
s 130
f 707/2557/2401 1090/2558/2402 1091/2559/2403 710/2560/2404
s 131
f 709/2561/2405 1092/2562/2406 1089/2563/2407 708/2564/2408
s 130
f 710/2560/2404 1091/2559/2403 1093/2565/2409 714/2566/2410
s 131
f 713/2567/2411 1094/2568/2412 1092/2562/2406 709/2561/2405
s 130
f 714/2566/2410 1093/2565/2409 1095/2569/2413 718/2570/2414
s 131
f 717/2571/2415 1096/2572/2416 1094/2568/2412 713/2567/2411
s 130
f 718/2570/2414 1095/2569/2413 1097/2573/2417 722/2574/2418
s 131
f 721/2575/2419 1098/2576/2420 1096/2572/2416 717/2571/2415
s 130
f 722/2574/2418 1097/2573/2417 1099/2577/2421 726/2578/2422
s 131
f 725/2579/2423 1100/2580/2424 1098/2576/2420 721/2575/2419
s 130
f 726/2578/2422 1099/2577/2421 1101/2581/2425 730/2582/2426
s 131
f 729/2583/2427 1102/2584/2428 1100/2580/2424 725/2579/2423
s 130
f 730/2582/2426 1101/2581/2425 1103/2585/2429 734/2586/2430
s 131
f 733/2587/2431 1104/2588/2432 1102/2584/2428 729/2583/2427
s 130
f 734/2586/2430 1103/2585/2429 1105/2589/2433 738/2590/2434
s 131
f 737/2591/2435 1106/2592/2436 1104/2588/2432 733/2587/2431
s 130
f 738/2590/2434 1105/2589/2433 1107/2593/2437 742/2594/2438
s 131
f 741/2595/2439 1108/2596/2440 1106/2592/2436 737/2591/2435
s 130
f 742/2594/2438 1107/2593/2437 1109/2597/2441 746/2598/2442
s 131
f 745/2599/2443 1110/2600/2444 1108/2596/2440 741/2595/2439
s 130
f 746/2598/2442 1109/2597/2441 1111/2601/2445 750/2602/2446
s 131
f 749/2603/2447 1112/2604/2448 1110/2600/2444 745/2599/2443
s 130
f 750/2602/2446 1111/2601/2445 1113/2605/2449 754/2606/2450
s 131
f 753/2607/2451 1114/2608/2452 1112/2604/2448 749/2603/2447
s 130
f 754/2606/2450 1113/2605/2449 1115/2609/2453 758/2610/2454
s 131
f 757/2611/2455 1116/2612/2456 1114/2608/2452 753/2607/2451
s 130
f 758/2610/2454 1115/2609/2453 1117/2613/2457 762/2614/2458
s 131
f 761/2615/2459 1118/2616/2460 1116/2612/2456 757/2611/2455
s 130
f 762/2614/2458 1117/2613/2457 1119/2617/2461 766/2618/2462
s 131
f 765/2619/2463 1120/2620/2464 1118/2616/2460 761/2615/2459
f 708/2564/2408 1089/2563/2407 1120/2620/2464 765/2619/2463
s 130
f 766/2618/2462 1119/2617/2461 1090/2558/2402 707/2557/2401
s 132
f 705/2621/2465 1122/2622/2466 1123/2623/2467 712/2624/2468
s 133
f 711/2625/2469 1124/2626/2470 1121/2627/2471 706/2628/2472
s 132
f 712/2624/2468 1123/2623/2467 1125/2629/2473 716/2630/2474
s 133
f 715/2631/2475 1126/2632/2476 1124/2626/2470 711/2625/2469
s 132
f 716/2630/2474 1125/2629/2473 1127/2633/2477 720/2634/2478
s 133
f 719/2635/2479 1128/2636/2480 1126/2632/2476 715/2631/2475
s 132
f 720/2634/2478 1127/2633/2477 1129/2637/2481 724/2638/2482
s 133
f 723/2639/2483 1130/2640/2484 1128/2636/2480 719/2635/2479
s 132
f 724/2638/2482 1129/2637/2481 1131/2641/2485 728/2642/2486
s 133
f 727/2643/2487 1132/2644/2488 1130/2640/2484 723/2639/2483
s 132
f 728/2642/2486 1131/2641/2485 1133/2645/2489 732/2646/2490
s 133
f 731/2647/2491 1134/2648/2492 1132/2644/2488 727/2643/2487
s 132
f 732/2646/2490 1133/2645/2489 1135/2649/2493 736/2650/2494
s 133
f 735/2651/2495 1136/2652/2496 1134/2648/2492 731/2647/2491
s 132
f 736/2650/2494 1135/2649/2493 1137/2653/2497 740/2654/2498
s 133
f 739/2655/2499 1138/2656/2500 1136/2652/2496 735/2651/2495
s 132
f 740/2654/2498 1137/2653/2497 1139/2657/2501 744/2658/2502
s 133
f 743/2659/2503 1140/2660/2504 1138/2656/2500 739/2655/2499
s 132
f 744/2658/2502 1139/2657/2501 1141/2661/2505 748/2662/2506
s 133
f 747/2663/2507 1142/2664/2508 1140/2660/2504 743/2659/2503
s 132
f 748/2662/2506 1141/2661/2505 1143/2665/2509 752/2666/2510
s 133
f 751/2667/2511 1144/2668/2512 1142/2664/2508 747/2663/2507
s 132
f 752/2666/2510 1143/2665/2509 1145/2669/2513 756/2670/2514
s 133
f 755/2671/2515 1146/2672/2516 1144/2668/2512 751/2667/2511
s 132
f 756/2670/2514 1145/2669/2513 1147/2673/2517 760/2674/2518
s 133
f 759/2675/2519 1148/2676/2520 1146/2672/2516 755/2671/2515
s 132
f 760/2674/2518 1147/2673/2517 1149/2677/2521 764/2678/2522
s 133
f 763/2679/2523 1150/2680/2524 1148/2676/2520 759/2675/2519
s 132
f 764/2678/2522 1149/2677/2521 1151/2681/2525 768/2682/2526
s 133
f 767/2683/2527 1152/2684/2528 1150/2680/2524 763/2679/2523
f 706/2628/2472 1121/2627/2471 1152/2684/2528 767/2683/2527
s 132
f 768/2682/2526 1151/2681/2525 1122/2622/2466 705/2621/2465
s 134
f 771/2685/2529 1154/2686/2530 1155/2687/2531 774/2688/2532
s 135
f 773/2689/2533 1156/2690/2534 1153/2691/2535 772/2692/2536
s 134
f 774/2688/2532 1155/2687/2531 1157/2693/2537 778/2694/2538
s 135
f 777/2695/2539 1158/2696/2540 1156/2690/2534 773/2689/2533
s 134
f 778/2694/2538 1157/2693/2537 1159/2697/2541 782/2698/2542
s 135
f 781/2699/2543 1160/2700/2544 1158/2696/2540 777/2695/2539
s 134
f 782/2698/2542 1159/2697/2541 1161/2701/2545 786/2702/2546
s 135
f 785/2703/2547 1162/2704/2548 1160/2700/2544 781/2699/2543
s 134
f 786/2702/2546 1161/2701/2545 1163/2705/2549 790/2706/2550
s 135
f 789/2707/2551 1164/2708/2552 1162/2704/2548 785/2703/2547
s 134
f 790/2706/2550 1163/2705/2549 1165/2709/2553 794/2710/2554
s 135
f 793/2711/2555 1166/2712/2556 1164/2708/2552 789/2707/2551
s 134
f 794/2710/2554 1165/2709/2553 1167/2713/2557 798/2714/2558
s 135
f 797/2715/2559 1168/2716/2560 1166/2712/2556 793/2711/2555
s 134
f 798/2714/2558 1167/2713/2557 1169/2717/2561 802/2718/2562
s 135
f 801/2719/2563 1170/2720/2564 1168/2716/2560 797/2715/2559
s 134
f 802/2718/2562 1169/2717/2561 1171/2721/2565 806/2722/2566
s 135
f 805/2723/2567 1172/2724/2568 1170/2720/2564 801/2719/2563
s 134
f 806/2722/2566 1171/2721/2565 1173/2725/2569 810/2726/2570
s 135
f 809/2727/2571 1174/2728/2572 1172/2724/2568 805/2723/2567
s 134
f 810/2726/2570 1173/2725/2569 1175/2729/2573 814/2730/2574
s 135
f 813/2731/2575 1176/2732/2576 1174/2728/2572 809/2727/2571
s 134
f 814/2730/2574 1175/2729/2573 1177/2733/2577 818/2734/2578
s 135
f 817/2735/2579 1178/2736/2580 1176/2732/2576 813/2731/2575
s 134
f 818/2734/2578 1177/2733/2577 1179/2737/2581 822/2738/2582
s 135
f 821/2739/2583 1180/2740/2584 1178/2736/2580 817/2735/2579
s 134
f 822/2738/2582 1179/2737/2581 1181/2741/2585 826/2742/2586
s 135
f 825/2743/2587 1182/2744/2588 1180/2740/2584 821/2739/2583
s 134
f 826/2742/2586 1181/2741/2585 1183/2745/2589 830/2746/2590
s 135
f 829/2747/2591 1184/2748/2592 1182/2744/2588 825/2743/2587
f 772/2692/2536 1153/2691/2535 1184/2748/2592 829/2747/2591
s 134
f 830/2746/2590 1183/2745/2589 1154/2686/2530 771/2685/2529
s 136
f 769/2749/2593 1186/2750/2594 1187/2751/2595 776/2752/2596
s 137
f 775/2753/2597 1188/2754/2598 1185/2755/2599 770/2756/2600
s 136
f 776/2752/2596 1187/2751/2595 1189/2757/2601 780/2758/2602
s 137
f 779/2759/2603 1190/2760/2604 1188/2754/2598 775/2753/2597
s 136
f 780/2758/2602 1189/2757/2601 1191/2761/2605 784/2762/2606
s 137
f 783/2763/2607 1192/2764/2608 1190/2760/2604 779/2759/2603
s 136
f 784/2762/2606 1191/2761/2605 1193/2765/2609 788/2766/2610
s 137
f 787/2767/2611 1194/2768/2612 1192/2764/2608 783/2763/2607
s 136
f 788/2766/2610 1193/2765/2609 1195/2769/2613 792/2770/2614
s 137
f 791/2771/2615 1196/2772/2616 1194/2768/2612 787/2767/2611
s 136
f 792/2770/2614 1195/2769/2613 1197/2773/2617 796/2774/2618
s 137
f 795/2775/2619 1198/2776/2620 1196/2772/2616 791/2771/2615
s 136
f 796/2774/2618 1197/2773/2617 1199/2777/2621 800/2778/2622
s 137
f 799/2779/2623 1200/2780/2624 1198/2776/2620 795/2775/2619
s 136
f 800/2778/2622 1199/2777/2621 1201/2781/2625 804/2782/2626
s 137
f 803/2783/2627 1202/2784/2628 1200/2780/2624 799/2779/2623
s 136
f 804/2782/2626 1201/2781/2625 1203/2785/2629 808/2786/2630
s 137
f 807/2787/2631 1204/2788/2632 1202/2784/2628 803/2783/2627
s 136
f 808/2786/2630 1203/2785/2629 1205/2789/2633 812/2790/2634
s 137
f 811/2791/2635 1206/2792/2636 1204/2788/2632 807/2787/2631
s 136
f 812/2790/2634 1205/2789/2633 1207/2793/2637 816/2794/2638
s 137
f 815/2795/2639 1208/2796/2640 1206/2792/2636 811/2791/2635
s 136
f 816/2794/2638 1207/2793/2637 1209/2797/2641 820/2798/2642
s 137
f 819/2799/2643 1210/2800/2644 1208/2796/2640 815/2795/2639
s 136
f 820/2798/2642 1209/2797/2641 1211/2801/2645 824/2802/2646
s 137
f 823/2803/2647 1212/2804/2648 1210/2800/2644 819/2799/2643
s 136
f 824/2802/2646 1211/2801/2645 1213/2805/2649 828/2806/2650
s 137
f 827/2807/2651 1214/2808/2652 1212/2804/2648 823/2803/2647
s 136
f 828/2806/2650 1213/2805/2649 1215/2809/2653 832/2810/2654
s 137
f 831/2811/2655 1216/2812/2656 1214/2808/2652 827/2807/2651
f 770/2756/2600 1185/2755/2599 1216/2812/2656 831/2811/2655
s 136
f 832/2810/2654 1215/2809/2653 1186/2750/2594 769/2749/2593
s 138
f 835/2813/2657 1218/2814/2658 1219/2815/2659 838/2816/2660
s 139
f 837/2817/2661 1220/2818/2662 1217/2819/2663 836/2820/2664
s 138
f 838/2816/2660 1219/2815/2659 1221/2821/2665 842/2822/2666
s 139
f 841/2823/2667 1222/2824/2668 1220/2818/2662 837/2817/2661
s 138
f 842/2822/2666 1221/2821/2665 1223/2825/2669 846/2826/2670
s 139
f 845/2827/2671 1224/2828/2672 1222/2824/2668 841/2823/2667
s 138
f 846/2826/2670 1223/2825/2669 1225/2829/2673 850/2830/2674
s 139
f 849/2831/2675 1226/2832/2676 1224/2828/2672 845/2827/2671
s 138
f 850/2830/2674 1225/2829/2673 1227/2833/2677 854/2834/2678
s 139
f 853/2835/2679 1228/2836/2680 1226/2832/2676 849/2831/2675
s 138
f 854/2834/2678 1227/2833/2677 1229/2837/2681 858/2838/2682
s 139
f 857/2839/2683 1230/2840/2684 1228/2836/2680 853/2835/2679
s 138
f 858/2838/2682 1229/2837/2681 1231/2841/2685 862/2842/2686
s 139
f 861/2843/2687 1232/2844/2688 1230/2840/2684 857/2839/2683
s 138
f 862/2842/2686 1231/2841/2685 1233/2845/2689 866/2846/2690
s 139
f 865/2847/2691 1234/2848/2692 1232/2844/2688 861/2843/2687
s 138
f 866/2846/2690 1233/2845/2689 1235/2849/2693 870/2850/2694
s 139
f 869/2851/2695 1236/2852/2696 1234/2848/2692 865/2847/2691
s 138
f 870/2850/2694 1235/2849/2693 1237/2853/2697 874/2854/2698
s 139
f 873/2855/2699 1238/2856/2700 1236/2852/2696 869/2851/2695
s 138
f 874/2854/2698 1237/2853/2697 1239/2857/2701 878/2858/2702
s 139
f 877/2859/2703 1240/2860/2704 1238/2856/2700 873/2855/2699
s 138
f 878/2858/2702 1239/2857/2701 1241/2861/2705 882/2862/2706
s 139
f 881/2863/2707 1242/2864/2708 1240/2860/2704 877/2859/2703
s 138
f 882/2862/2706 1241/2861/2705 1243/2865/2709 886/2866/2710
s 139
f 885/2867/2711 1244/2868/2712 1242/2864/2708 881/2863/2707
s 138
f 886/2866/2710 1243/2865/2709 1245/2869/2713 890/2870/2714
s 139
f 889/2871/2715 1246/2872/2716 1244/2868/2712 885/2867/2711
s 138
f 890/2870/2714 1245/2869/2713 1247/2873/2717 894/2874/2718
s 139
f 893/2875/2719 1248/2876/2720 1246/2872/2716 889/2871/2715
f 836/2820/2664 1217/2819/2663 1248/2876/2720 893/2875/2719
s 138
f 894/2874/2718 1247/2873/2717 1218/2814/2658 835/2813/2657
s 140
f 833/2877/2721 1250/2878/2722 1251/2879/2723 840/2880/2724
s 141
f 839/2881/2725 1252/2882/2726 1249/2883/2727 834/2884/2728
s 140
f 840/2880/2724 1251/2879/2723 1253/2885/2729 844/2886/2730
s 141
f 843/2887/2731 1254/2888/2732 1252/2882/2726 839/2881/2725
s 140
f 844/2886/2730 1253/2885/2729 1255/2889/2733 848/2890/2734
s 141
f 847/2891/2735 1256/2892/2736 1254/2888/2732 843/2887/2731
s 140
f 848/2890/2734 1255/2889/2733 1257/2893/2737 852/2894/2738
s 141
f 851/2895/2739 1258/2896/2740 1256/2892/2736 847/2891/2735
s 140
f 852/2894/2738 1257/2893/2737 1259/2897/2741 856/2898/2742
s 141
f 855/2899/2743 1260/2900/2744 1258/2896/2740 851/2895/2739
s 140
f 856/2898/2742 1259/2897/2741 1261/2901/2745 860/2902/2746
s 141
f 859/2903/2747 1262/2904/2748 1260/2900/2744 855/2899/2743
s 140
f 860/2902/2746 1261/2901/2745 1263/2905/2749 864/2906/2750
s 141
f 863/2907/2751 1264/2908/2752 1262/2904/2748 859/2903/2747
s 140
f 864/2906/2750 1263/2905/2749 1265/2909/2753 868/2910/2754
s 141
f 867/2911/2755 1266/2912/2756 1264/2908/2752 863/2907/2751
s 140
f 868/2910/2754 1265/2909/2753 1267/2913/2757 872/2914/2758
s 141
f 871/2915/2759 1268/2916/2760 1266/2912/2756 867/2911/2755
s 140
f 872/2914/2758 1267/2913/2757 1269/2917/2761 876/2918/2762
s 141
f 875/2919/2763 1270/2920/2764 1268/2916/2760 871/2915/2759
s 140
f 876/2918/2762 1269/2917/2761 1271/2921/2765 880/2922/2766
s 141
f 879/2923/2767 1272/2924/2768 1270/2920/2764 875/2919/2763
s 140
f 880/2922/2766 1271/2921/2765 1273/2925/2769 884/2926/2770
s 141
f 883/2927/2771 1274/2928/2772 1272/2924/2768 879/2923/2767
s 140
f 884/2926/2770 1273/2925/2769 1275/2929/2773 888/2930/2774
s 141
f 887/2931/2775 1276/2932/2776 1274/2928/2772 883/2927/2771
s 140
f 888/2930/2774 1275/2929/2773 1277/2933/2777 892/2934/2778
s 141
f 891/2935/2779 1278/2936/2780 1276/2932/2776 887/2931/2775
s 140
f 892/2934/2778 1277/2933/2777 1279/2937/2781 896/2938/2782
s 141
f 895/2939/2783 1280/2940/2784 1278/2936/2780 891/2935/2779
f 834/2884/2728 1249/2883/2727 1280/2940/2784 895/2939/2783
s 140
f 896/2938/2782 1279/2937/2781 1250/2878/2722 833/2877/2721
s 7
f 1281/2941/2785 1312/2942/2786 1311/2943/2787 1282/2944/2788
s 5
f 1282/2945/2789 1283/2946/2790 1284/2947/2791 1281/2948/2792
s 142
f 1346/2949/2793 1348/2950/2794 1347/2951/2795 1345/2952/2796
f 1348/2950/2794 1350/2953/2797 1349/2954/2798 1347/2951/2795
f 1350/2953/2797 1352/2955/2799 1351/2956/2800 1349/2954/2798
f 1352/2955/2799 1354/2957/2801 1353/2958/2802 1351/2956/2800
f 1354/2957/2801 1356/2959/2803 1355/2960/2804 1353/2958/2802
f 1356/2959/2803 1358/2961/2805 1357/2962/2806 1355/2960/2804
f 1358/2961/2805 1360/2963/2807 1359/2964/2808 1357/2962/2806
s 8
f 1297/2965/2809 1299/2966/2810 1300/2967/2811 1298/2968/2812
s 7
f 1299/2969/2813 1301/2970/2814 1302/2971/2815 1300/2972/2816
f 1301/2970/2814 1303/2973/2817 1304/2974/2818 1302/2971/2815
f 1303/2973/2817 1305/2975/2819 1306/2976/2820 1304/2974/2818
f 1305/2975/2819 1307/2977/2821 1308/2978/2822 1306/2976/2820
f 1307/2977/2821 1309/2979/2823 1310/2980/2824 1308/2978/2822
f 1309/2979/2823 1311/2943/2787 1312/2942/2786 1310/2980/2824
s 16
f 1313/2981/2825 1344/2982/2826 1343/2983/2827 1314/2984/2828
s 143
f 1362/2985/2829 1364/2986/2830 1363/2987/2831 1361/2988/2832
f 1364/2986/2830 1366/2989/2833 1365/2990/2834 1363/2987/2831
f 1366/2989/2833 1368/2991/2835 1367/2992/2836 1365/2990/2834
f 1368/2991/2835 1370/2993/2837 1369/2994/2838 1367/2992/2836
f 1370/2993/2837 1372/2995/2839 1371/2996/2840 1369/2994/2838
f 1372/2995/2839 1374/2997/2841 1373/2998/2842 1371/2996/2840
f 1374/2997/2841 1376/2999/2843 1375/3000/2844 1373/2998/2842
s 17
f 1327/3001/2845 1329/3002/2846 1330/3003/2847 1328/3004/2848
s 6
f 1329/3005/2849 1331/3006/2850 1332/3007/2851 1330/3008/2852
f 1331/3006/2850 1333/3009/2853 1334/3010/2854 1332/3007/2851
f 1333/3009/2853 1335/3011/2855 1336/3012/2856 1334/3010/2854
f 1335/3011/2855 1337/3013/2857 1338/3014/2858 1336/3012/2856
f 1337/3013/2857 1339/3015/2859 1340/3016/2860 1338/3014/2858
f 1339/3015/2859 1341/3017/2861 1342/3018/2862 1340/3016/2860
f 1341/3017/2861 1343/3019/2863 1344/3020/2864 1342/3018/2862
s 7
f 50/48/44 49/47/43 1282/2944/2788 1311/2943/2787
f 51/74/70 50/48/44 1311/2943/2787 1309/2979/2823
f 52/70/66 51/74/70 1309/2979/2823 1307/2977/2821
f 53/66/62 52/70/66 1307/2977/2821 1305/2975/2819
f 54/62/58 53/66/62 1305/2975/2819 1303/2973/2817
f 55/53/49 54/62/58 1303/2973/2817 1301/2970/2814
f 1299/2969/2813 56/54/50 55/53/49 1301/2970/2814
s 8
f 57/52/48 56/51/47 1299/2966/2810 1297/2965/2809
s 144
f 1295/3021/2865 58/3022/2866 57/3023/2867 1297/3024/2868
f 59/3025/2869 58/3022/2866 1295/3021/2865 1293/3026/2870
f 60/3027/2871 59/3025/2869 1293/3026/2870 1291/3028/2872
f 61/3029/2873 60/3027/2871 1291/3028/2872 1289/3030/2874
f 62/3031/2875 61/3029/2873 1289/3030/2874 1287/3032/2876
f 63/3033/2877 62/3031/2875 1287/3032/2876 1285/3034/2878
f 64/3035/2879 63/3033/2877 1285/3034/2878 1283/3036/2880
s 5
f 49/40/36 64/39/35 1283/2946/2790 1282/2945/2789
s 145
f 106/3037/2881 1315/3038/2882 1314/3039/2883 105/3040/2884
s 6
f 69/57/53 1343/3019/2863 1341/3017/2861 70/58/54
s 16
f 105/135/129 1314/2984/2828 1343/2983/2827 69/136/130
s 6
f 70/58/54 1341/3017/2861 1339/3015/2859 74/64/60
f 74/64/60 1339/3015/2859 1337/3013/2857 76/68/64
f 76/68/64 1337/3013/2857 1335/3011/2855 78/72/68
f 78/72/68 1335/3011/2855 1333/3009/2853 80/76/72
f 80/76/72 1333/3009/2853 1331/3006/2850 67/43/39
f 67/43/39 1331/3006/2850 1329/3005/2849 68/44/40
s 17
f 68/141/135 1329/3002/2846 1327/3001/2845 112/142/136
s 145
f 112/3041/2885 1327/3042/2886 1325/3043/2887 111/3044/2888
f 111/3044/2888 1325/3043/2887 1323/3045/2889 110/3046/2890
f 110/3046/2890 1323/3045/2889 1321/3047/2891 109/3048/2892
f 109/3048/2892 1321/3047/2891 1319/3049/2893 108/3050/2894
f 108/3050/2894 1319/3049/2893 1317/3051/2895 107/3052/2896
f 107/3052/2896 1317/3051/2895 1315/3038/2882 106/3037/2881
s 5
f 1284/2947/2791 48/114/110 33/113/109 1281/2948/2792
s 147
f 1286/3053/2897 47/3054/2898 48/3055/2899 1284/3056/2900
f 1288/3057/2901 46/3058/2902 47/3054/2898 1286/3053/2897
f 1290/3059/2903 45/3060/2904 46/3058/2902 1288/3057/2901
f 1292/3061/2905 44/3062/2906 45/3060/2904 1290/3059/2903
f 1294/3063/2907 43/3064/2908 44/3062/2906 1292/3061/2905
f 1296/3065/2909 42/3066/2910 43/3064/2908 1294/3063/2907
f 41/3067/2911 42/3066/2910 1296/3065/2909 1298/3068/2912
s 8
f 1300/2967/2811 40/94/90 41/93/89 1298/2968/2812
s 7
f 39/89/85 40/92/88 1300/2972/2816 1302/2971/2815
f 1304/2974/2818 38/87/83 39/89/85 1302/2971/2815
f 1306/2976/2820 37/85/81 38/87/83 1304/2974/2818
f 1308/2978/2822 36/83/79 37/85/81 1306/2976/2820
f 1310/2980/2824 35/81/77 36/83/79 1308/2978/2822
f 1312/2942/2786 34/77/73 35/81/77 1310/2980/2824
f 1281/2941/2785 33/78/74 34/77/73 1312/2942/2786
s 148
f 1316/3069/2913 126/3070/2914 127/3071/2915 1313/3072/2916
f 1318/3073/2917 125/3074/2918 126/3070/2914 1316/3069/2913
f 1320/3075/2919 124/3076/2920 125/3074/2918 1318/3073/2917
f 1322/3077/2921 123/3078/2922 124/3076/2920 1320/3075/2919
f 1324/3079/2923 122/3080/2924 123/3078/2922 1322/3077/2921
f 1326/3081/2925 121/3082/2926 122/3080/2924 1324/3079/2923
f 1328/3083/2927 120/3084/2928 121/3082/2926 1326/3081/2925
s 17
f 1330/3003/2847 95/160/152 120/159/151 1328/3004/2848
s 6
f 1332/3007/2851 93/109/105 95/111/107 1330/3008/2852
f 1334/3010/2854 91/107/103 93/109/105 1332/3007/2851
f 1336/3012/2856 89/105/101 91/107/103 1334/3010/2854
f 1338/3014/2858 87/103/99 89/105/101 1336/3012/2856
f 1340/3016/2860 85/101/97 87/103/99 1338/3014/2858
f 1342/3018/2862 83/99/95 85/101/97 1340/3016/2860
f 1344/3020/2864 84/100/96 83/99/95 1342/3018/2862
s 16
f 1313/2981/2825 127/166/158 84/165/157 1344/2982/2826
s 5
f 1283/2946/2790 1346/3085/2929 1345/3086/2930 1284/2947/2791
s 149
f 1284/3087/2931 1345/3088/2932 1347/3089/2933 1286/3090/2934
s 150
f 1285/3091/2935 1348/3092/2936 1346/3093/2937 1283/3094/2938
s 149
f 1286/3090/2934 1347/3089/2933 1349/3095/2939 1288/3096/2940
s 150
f 1287/3097/2941 1350/3098/2942 1348/3092/2936 1285/3091/2935
s 149
f 1288/3096/2940 1349/3095/2939 1351/3099/2943 1290/3100/2944
s 150
f 1289/3101/2945 1352/3102/2946 1350/3098/2942 1287/3097/2941
s 149
f 1290/3100/2944 1351/3099/2943 1353/3103/2947 1292/3104/2948
s 150
f 1291/3105/2949 1354/3106/2950 1352/3102/2946 1289/3101/2945
s 149
f 1292/3104/2948 1353/3103/2947 1355/3107/2951 1294/3108/2952
s 150
f 1293/3109/2953 1356/3110/2954 1354/3106/2950 1291/3105/2949
s 149
f 1294/3111/2952 1355/3112/2951 1357/3113/2955 1296/3114/2956
s 150
f 1295/3115/2957 1358/3116/2958 1356/3117/2954 1293/3118/2953
s 149
f 1296/3114/2956 1357/3113/2955 1359/3119/2959 1298/3120/2960
s 8
f 1298/2968/2812 1359/3121/2961 1360/3122/2962 1297/2965/2809
s 150
f 1297/3123/2963 1360/3124/2964 1358/3116/2958 1295/3115/2957
s 16
f 1314/2984/2828 1362/3125/2965 1361/3126/2966 1313/2981/2825
s 151
f 1313/3127/2967 1361/3128/2968 1363/3129/2969 1316/3130/2970
s 152
f 1315/3131/2971 1364/3132/2972 1362/3133/2973 1314/3134/2974
s 151
f 1316/3130/2970 1363/3129/2969 1365/3135/2975 1318/3136/2976
s 152
f 1317/3137/2977 1366/3138/2978 1364/3132/2972 1315/3131/2971
s 151
f 1318/3139/2976 1365/3140/2975 1367/3141/2979 1320/3142/2980
s 152
f 1319/3143/2981 1368/3144/2982 1366/3145/2978 1317/3146/2977
s 151
f 1320/3142/2980 1367/3141/2979 1369/3147/2983 1322/3148/2984
s 152
f 1321/3149/2985 1370/3150/2986 1368/3144/2982 1319/3143/2981
s 151
f 1322/3148/2984 1369/3147/2983 1371/3151/2987 1324/3152/2988
s 152
f 1323/3153/2989 1372/3154/2990 1370/3150/2986 1321/3149/2985
s 151
f 1324/3152/2988 1371/3151/2987 1373/3155/2991 1326/3156/2992
s 152
f 1325/3157/2993 1374/3158/2994 1372/3154/2990 1323/3153/2989
s 151
f 1326/3156/2992 1373/3155/2991 1375/3159/2995 1328/3160/2996
s 17
f 1328/3004/2848 1375/3161/2997 1376/3162/2998 1327/3001/2845
s 152
f 1327/3163/2999 1376/3164/3000 1374/3158/2994 1325/3157/2993
