# This file uses meters as units for non-parametric coordinates.

mtllib curva sinistra alta.mtl
g default
v -668.143250 6.197479 -66.620970
v -668.143250 52.093964 -66.620970
v -1357.312317 442.859589 -943.016905
v -1357.312317 488.756073 -943.016905
v -668.143234 20.581451 -253.916624
v -691.623779 61.829559 -432.268889
v -760.465195 131.394043 -598.466795
v -869.975988 220.701508 -741.184080
v -1012.693512 311.180450 -850.694945
v -1178.891327 379.110016 -919.536375
v -1178.891327 425.006622 -919.536375
v -1012.693512 357.076874 -850.694945
v -869.975988 266.598114 -741.184080
v -760.465195 177.290558 -598.466795
v -691.623779 107.726013 -432.268889
v -668.143234 66.477936 -253.916624
v -176.043213 6.197479 -66.620970
v -176.043213 52.093964 -66.620970
v -176.043152 52.094025 -286.170592
v -176.043152 6.197540 -286.170592
v -1357.312317 488.756012 -1435.117003
v -1357.312317 442.859589 -1435.117003
v -1050.427216 333.740753 -1398.970396
v -1050.427216 379.637238 -1398.970396
v -764.520157 178.744110 -1280.543638
v -764.520157 224.640594 -1280.543638
v -519.006165 59.586884 -1092.154112
v -519.006165 105.483368 -1092.154112
v -330.616638 11.089325 -846.640013
v -330.616638 56.985809 -846.640013
v -212.190002 6.197540 -560.732786
v -212.190002 52.094025 -560.732786
v -225.253235 6.197479 -66.620970
v -225.253174 6.197540 -282.945189
v -260.133362 6.197540 -547.886351
v -373.601501 17.301300 -821.822691
v -554.103149 75.256073 -1057.057066
v -789.337414 187.175446 -1237.558775
v -1063.273682 338.441101 -1351.026915
v -1357.312317 442.859589 -1385.907042
v -1357.312317 488.755890 -1385.907042
v -1063.273682 384.337585 -1351.026915
v -789.337414 233.071930 -1237.558775
v -554.103149 121.152557 -1057.057066
v -373.601501 63.197784 -821.822691
v -260.133362 52.094025 -547.886351
v -225.253174 52.094025 -282.945189
v -225.253235 52.093964 -66.620970
v -623.854248 6.197479 -66.620970
v -623.854248 14.973907 -256.819456
v -648.474731 51.376556 -443.830626
v -721.778839 119.323212 -620.802366
v -838.388760 210.199402 -772.771361
v -990.357819 304.375916 -889.381285
v -1167.329529 375.990906 -962.685362
v -1357.312317 442.859589 -987.305907
v -1357.312317 488.755890 -987.305907
v -1167.329529 421.887512 -962.685362
v -990.357819 350.272461 -889.381285
v -838.388760 256.095886 -772.771361
v -721.778839 165.219696 -620.802366
v -648.474731 97.273041 -443.830626
v -623.854248 60.870392 -256.819456
v -623.854248 52.093964 -66.620970
v -668.143250 567.608246 -66.620970
v -668.143234 581.992279 -253.916624
v -623.854248 576.383881 -256.819456
v -623.854248 567.608551 -66.620970
v -1357.312317 1004.270355 -987.305907
v -1167.329529 937.401703 -962.685362
v -1178.891327 940.521942 -919.536375
v -1357.312317 1004.270538 -943.016905
v -1012.693512 872.591766 -850.694945
v -990.357819 865.786285 -889.381285
v -869.975988 782.112823 -741.184080
v -838.388760 771.610382 -772.771361
v -760.465195 692.804901 -598.466795
v -721.778839 680.733795 -620.802366
v -691.623779 623.240448 -432.268889
v -648.474731 612.787628 -443.830626
v -1050.427216 895.152802 -1398.970396
v -1357.312317 1004.270172 -1435.117003
v -1063.273682 899.852692 -1351.026915
v -1357.312317 1004.270355 -1385.907042
v -789.337414 748.586151 -1237.558775
v -764.520157 740.154877 -1280.543638
v -554.103149 636.667145 -1057.057066
v -519.006165 620.997467 -1092.154112
v -373.601501 578.712433 -821.822691
v -330.616638 572.500946 -846.640013
v -260.133362 567.608368 -547.886351
v -212.190002 567.608368 -560.732786
v -225.253174 567.608795 -282.945189
v -176.043152 567.608734 -286.170592
v -225.253235 567.608978 -66.620970
v -176.043213 567.608612 -66.620970
v -668.143250 516.056808 -66.620970
v -668.143234 530.440834 -253.916624
v -691.623779 571.688992 -432.268919
v -760.465195 641.253452 -598.466795
v -869.975988 730.561340 -741.184080
v -1012.693512 821.040253 -850.694945
v -1178.891327 888.970398 -919.536436
v -1357.312317 952.719086 -943.016905
v -1357.312317 952.718903 -987.305907
v -1167.329529 885.850281 -962.685362
v -990.357819 814.234894 -889.381285
v -838.388760 720.058929 -772.771361
v -721.778839 629.182373 -620.802366
v -648.474731 561.236156 -443.830626
v -623.854248 524.832520 -256.819456
v -623.854248 516.057083 -66.620970
v -1050.427216 843.601227 -1398.970396
v -764.520157 688.603432 -1280.543638
v -519.006165 569.446045 -1092.154112
v -330.616638 520.949421 -846.640013
v -212.190002 516.056923 -560.732725
v -176.043152 516.057251 -286.170592
v -176.043213 516.057137 -66.620970
v -225.253235 516.057465 -66.620970
v -225.253174 516.057304 -282.945189
v -260.133362 516.056923 -547.886351
v -373.601501 527.160954 -821.822691
v -554.103149 585.115673 -1057.057066
v -789.337414 697.034714 -1237.558775
v -1063.273682 848.301178 -1351.026915
v -1357.312317 952.718903 -1385.907042
v -1357.312317 952.718719 -1435.117003
v -1050.427292 638.150700 -1398.970396
v -1050.427292 585.088097 -1398.970396
v -764.520157 483.287872 -1280.543761
v -764.520157 429.956146 -1280.543761
v -519.006226 362.837296 -1092.154112
v -519.006226 312.092133 -1092.154112
v -330.616577 313.470215 -846.640074
v -330.616577 264.464905 -846.640074
v -212.189880 308.431061 -560.732542
v -212.189880 259.719879 -560.732542
v -176.043152 308.428162 -286.170317
v -176.043152 259.723083 -286.170317
v -176.043152 308.428070 -66.621077
v -176.043152 259.722992 -66.621039
v -225.253479 308.428223 -66.621077
v -225.253479 259.723145 -66.621039
v -225.253418 308.428162 -282.945250
v -225.253418 259.723083 -282.945250
v -260.133423 308.428009 -547.886290
v -260.133423 259.722931 -547.886290
v -373.601685 319.770874 -821.822691
v -373.601685 270.587891 -821.822691
v -554.103149 378.555603 -1057.056944
v -554.103149 327.712646 -1057.056944
v -789.337421 491.737396 -1237.559019
v -789.337421 438.369263 -1237.559019
v -1063.273697 642.899796 -1351.026915
v -1063.273712 589.738887 -1351.026915
v -1357.312317 745.824905 -1385.907530
v -1357.312317 695.649979 -1385.907530
v -1357.312317 745.826813 -1435.116881
v -1357.312317 695.647987 -1435.116881
v -668.143265 308.463715 -66.621077
v -668.143265 259.686920 -66.621039
v -668.143265 323.163788 -253.916746
v -668.143265 273.755035 -253.916746
v -691.623779 365.254715 -432.268980
v -691.623779 314.160248 -432.268980
v -760.465195 435.921219 -598.466795
v -760.465195 382.622818 -598.466795
v -869.975985 525.803581 -741.184080
v -869.975985 471.355812 -741.184080
v -1012.693604 615.703733 -850.694945
v -1012.693604 562.413452 -850.694945
v -1178.891357 682.921730 -919.536436
v -1178.891357 631.055416 -919.536436
v -1357.312317 745.831558 -943.016905
v -1357.312317 695.643669 -943.016905
v -1357.312317 745.810425 -987.305968
v -1357.312317 695.664459 -987.305968
v -1167.329407 679.764923 -962.685362
v -1167.329407 627.972641 -962.685362
v -990.357666 608.821365 -889.381224
v -990.357681 555.685934 -889.381224
v -838.388762 515.122742 -772.771361
v -838.388761 461.032013 -772.771361
v -721.778839 423.597717 -620.802428
v -721.778839 370.804382 -620.802428
v -648.474747 354.575165 -443.830687
v -648.474747 303.934052 -443.830717
v -623.854279 317.441650 -256.819517
v -623.854279 268.261292 -256.819517
v -623.854279 308.440979 -66.621077
v -623.854279 259.710022 -66.621039
v -1050.427322 522.159500 -1398.970396
v -1050.427292 469.096901 -1398.970396
v -764.520172 313.965454 -1280.543761
v -764.520172 367.297165 -1280.543761
v -519.006226 196.101501 -1092.154112
v -519.006226 246.846680 -1092.154112
v -330.616577 148.474121 -846.640074
v -330.616577 197.479431 -846.640074
v -212.189880 143.732391 -560.732603
v -212.189880 192.437469 -560.732542
v -176.043152 143.732452 -286.170408
v -176.043152 192.437531 -286.170347
v -176.043152 143.732391 -66.620917
v -176.043152 192.437469 -66.620939
v -225.253418 143.732452 -66.620917
v -225.253479 192.437531 -66.620939
v -225.253357 143.732452 -282.945219
v -225.253418 192.437531 -282.945219
v -260.133362 143.715332 -547.886229
v -260.133362 192.454529 -547.886229
v -373.601685 154.597076 -821.822691
v -373.601715 203.780060 -821.822691
v -554.103149 211.721924 -1057.056944
v -554.103149 262.564880 -1057.056944
v -789.337421 322.378540 -1237.559019
v -789.337425 375.746674 -1237.559019
v -1063.273727 473.747963 -1351.026915
v -1063.273727 526.908871 -1351.026915
v -1357.312378 579.659084 -1385.907408
v -1357.312378 629.834015 -1385.907530
v -1357.312378 579.657127 -1435.116881
v -1357.312378 629.835960 -1435.116881
v -1050.427277 754.141464 -1398.970396
v -1050.427292 701.078873 -1398.970396
v -764.520157 545.946907 -1280.543761
v -764.520157 599.278628 -1280.543761
v -519.006226 428.082794 -1092.154112
v -519.006226 478.827965 -1092.154112
v -330.616577 380.455872 -846.640074
v -330.616577 429.461212 -846.640074
v -212.189880 375.713654 -560.732542
v -212.189880 424.418732 -560.732603
v -176.043152 375.713898 -286.170317
v -176.043152 424.418976 -286.170378
v -176.043152 375.713821 -66.621077
v -176.043152 424.418900 -66.621054
v -225.253479 375.714035 -66.621077
v -225.253418 424.419113 -66.621054
v -225.253418 375.713928 -282.945250
v -225.253357 424.419006 -282.945250
v -260.133423 375.696594 -547.886290
v -260.133423 424.435791 -547.886290
v -373.601685 386.578690 -821.822691
v -373.601654 435.761642 -821.822691
v -554.103149 443.703430 -1057.056944
v -554.103149 494.546394 -1057.056944
v -789.337421 554.359966 -1237.559019
v -789.337421 607.728079 -1237.559019
v -1063.273697 705.729607 -1351.026915
v -1063.273697 758.890518 -1351.026915
v -1357.312317 811.640594 -1385.907530
v -1357.312317 861.815521 -1385.907408
v -1357.312317 811.638565 -1435.116881
v -1357.312317 861.817383 -1435.116881
v -668.143265 424.454483 -66.621054
v -668.143265 375.677719 -66.621077
v -668.143265 389.745712 -253.916746
v -668.143265 439.154465 -253.916716
v -691.623779 430.151001 -432.268980
v -691.623779 481.245476 -432.268980
v -760.465195 498.613556 -598.466795
v -760.465195 551.911964 -598.466795
v -869.975985 587.346642 -741.184080
v -869.975985 641.794418 -741.184080
v -1012.693604 678.404335 -850.694945
v -1012.693588 731.694611 -850.694945
v -1178.891357 747.046188 -919.536436
v -1178.891357 798.912491 -919.536436
v -1357.312317 811.634262 -943.016905
v -1357.312317 861.822144 -943.016905
v -1357.312317 811.655075 -987.305968
v -1357.312317 861.801025 -987.305968
v -1167.329407 743.963470 -962.685362
v -1167.329437 795.755753 -962.685362
v -990.357666 671.676559 -889.381224
v -990.357697 724.812012 -889.381224
v -838.388762 577.022886 -772.771361
v -838.388761 631.113609 -772.771361
v -721.778839 486.795097 -620.802428
v -721.778839 539.588428 -620.802428
v -648.474747 419.924789 -443.830687
v -648.474747 470.565895 -443.830687
v -623.854279 384.251831 -256.819517
v -623.854279 433.432190 -256.819517
v -623.854279 375.700836 -66.621077
v -623.854279 424.431824 -66.621054
v -668.143265 192.473206 -66.620939
v -668.143265 143.696411 -66.620917
v -668.143265 157.764343 -253.916685
v -668.143265 207.173096 -253.916685
v -691.623779 198.169495 -432.269011
v -691.623779 249.263977 -432.269041
v -760.465195 266.632080 -598.466795
v -760.465195 319.930481 -598.466795
v -869.975986 355.365021 -741.184080
v -869.975986 409.812775 -741.184080
v -1012.693573 446.422577 -850.694945
v -1012.693588 499.712852 -850.694945
v -1178.891388 515.064430 -919.536436
v -1178.891418 566.930748 -919.536436
v -1357.312378 579.652682 -943.016905
v -1357.312378 629.840569 -943.016905
v -1357.312378 579.673571 -987.305968
v -1357.312378 629.819527 -987.305968
v -1167.329407 511.982140 -962.685362
v -1167.329376 563.774395 -962.685362
v -990.357742 439.695374 -889.381224
v -990.357712 492.830811 -889.381224
v -838.388758 345.041260 -772.771361
v -838.388759 399.131989 -772.771361
v -721.778831 254.813721 -620.802428
v -721.778831 307.607056 -620.802428
v -648.474747 187.943237 -443.830748
v -648.474747 238.584351 -443.830748
v -623.854279 152.270844 -256.819456
v -623.854279 201.451202 -256.819456
v -623.854279 143.719452 -66.620917
v -623.854279 192.450409 -66.620939
v -1047.863174 638.150700 -1408.807921
v -1047.863174 585.088097 -1408.807921
v -1367.382324 695.647987 -1446.442564
v -1367.382324 745.826813 -1446.442564
v -759.441742 483.287872 -1289.339903
v -759.441742 429.956146 -1289.339903
v -511.824188 362.837296 -1099.336119
v -511.824188 312.092133 -1099.336119
v -321.820374 313.470215 -851.718565
v -321.820374 264.464905 -851.718565
v -202.379089 308.431061 -563.361326
v -202.379089 259.719879 -563.361326
v -165.973145 308.428162 -286.830351
v -165.973145 259.723083 -286.830351
v -165.973145 308.428070 -56.551077
v -165.973145 259.722992 -56.551039
v -235.323486 308.428253 -56.551077
v -235.323486 259.723175 -56.551039
v -235.323425 308.428162 -282.285216
v -235.323425 259.723083 -282.285216
v -269.944275 308.428009 -545.257506
v -269.944275 259.722931 -545.257506
v -382.397858 319.770874 -816.744200
v -382.397858 270.587891 -816.744200
v -561.285156 378.555603 -1049.874937
v -561.285156 327.712646 -1049.874937
v -794.415852 491.737396 -1228.762999
v -794.415852 438.369263 -1228.762999
v -1065.841766 642.899796 -1341.190855
v -1065.841782 589.738888 -1341.190855
v -1367.382324 745.824905 -1376.961485
v -1367.382324 695.649979 -1376.961485
v -678.213272 308.463715 -56.551077
v -678.213272 259.686920 -56.551039
v -613.784271 259.710022 -56.551039
v -613.784271 308.440979 -56.551077
v -678.213272 323.163788 -253.256712
v -678.213272 273.755035 -253.256712
v -701.434601 365.254715 -429.640196
v -701.434601 314.160248 -429.640196
v -769.261330 435.921219 -593.388365
v -769.261330 382.622818 -593.388365
v -877.157993 525.803581 -734.002074
v -877.157993 471.355812 -734.002074
v -1017.772064 615.703733 -841.898741
v -1017.772064 562.413452 -841.898741
v -1181.519897 682.921730 -909.725523
v -1181.519897 631.055416 -909.725523
v -1367.382324 745.831558 -934.185362
v -1367.382324 695.643669 -934.185362
v -1367.382324 745.810425 -998.765196
v -1367.382324 695.664459 -998.765196
v -1164.710175 679.764923 -972.500120
v -1164.710175 627.972641 -972.500120
v -985.279221 608.821365 -898.177366
v -985.279236 555.685934 -898.177366
v -831.206762 515.122742 -779.953367
v -831.206772 461.032013 -779.953306
v -712.982697 423.597717 -625.880858
v -712.982712 370.804382 -625.880858
v -638.663940 354.575165 -446.459471
v -638.663940 303.934052 -446.459501
v -613.784271 317.441650 -257.479552
v -613.784271 268.261292 -257.479552
v -1047.863190 522.159500 -1408.808043
v -1047.863159 469.096901 -1408.808043
v -1367.382385 579.657127 -1446.442564
v -1367.382385 629.835960 -1446.442564
v -759.441727 367.297165 -1289.339903
v -759.441727 313.965454 -1289.339903
v -511.824219 246.846680 -1099.336119
v -511.824219 196.101501 -1099.336119
v -321.820374 197.479431 -851.718565
v -321.820374 148.474121 -851.718565
v -202.379089 192.437469 -563.361326
v -202.379028 143.732391 -563.361387
v -165.973145 192.437531 -286.830382
v -165.973145 143.732452 -286.830443
v -165.973145 192.437469 -56.550940
v -165.973145 143.732391 -56.550917
v -235.323486 192.437500 -56.550940
v -235.323425 143.732422 -56.550917
v -235.323425 192.437500 -282.285216
v -235.323364 143.732422 -282.285216
v -269.944153 192.454529 -545.257445
v -269.944153 143.715332 -545.257445
v -382.397858 203.780060 -816.744261
v -382.397858 154.597076 -816.744200
v -561.285156 262.564880 -1049.874937
v -561.285156 211.721924 -1049.874937
v -794.415863 375.746674 -1228.762999
v -794.415859 322.378540 -1228.762999
v -1065.841766 526.908878 -1341.190977
v -1065.841751 473.747971 -1341.190977
v -1367.382385 629.834026 -1376.961485
v -1367.382385 579.659094 -1376.961363
v -1047.863205 754.141464 -1408.807799
v -1047.863220 701.078873 -1408.807799
v -1367.382324 811.638565 -1446.442564
v -1367.382324 861.817383 -1446.442564
v -759.441742 599.278628 -1289.339903
v -759.441742 545.946907 -1289.339903
v -511.824219 478.827965 -1099.336119
v -511.824219 428.082794 -1099.336119
v -321.820496 429.461212 -851.718504
v -321.820496 380.455872 -851.718504
v -202.379089 424.418732 -563.361387
v -202.379089 375.713654 -563.361326
v -165.973145 424.418976 -286.830412
v -165.973145 375.713898 -286.830351
v -165.973145 424.418915 -56.551054
v -165.973145 375.713837 -56.551077
v -235.323425 424.419128 -56.551054
v -235.323486 375.714050 -56.551077
v -235.323303 424.419006 -282.285246
v -235.323364 375.713928 -282.285246
v -269.944153 424.435791 -545.257506
v -269.944153 375.696594 -545.257506
v -382.397766 435.761642 -816.744261
v -382.397827 386.578690 -816.744261
v -561.285156 494.546394 -1049.874937
v -561.285156 443.703430 -1049.874937
v -794.415840 607.728079 -1228.762877
v -794.415840 554.359966 -1228.762877
v -1065.841751 758.890518 -1341.190977
v -1065.841751 705.729599 -1341.190977
v -1367.382324 861.815521 -1376.961363
v -1367.382324 811.640579 -1376.961485
v -678.213272 424.454468 -56.551054
v -678.213272 375.677704 -56.551077
v -613.784271 375.700836 -56.551077
v -613.784271 424.431824 -56.551054
v -678.213272 439.154465 -253.256682
v -678.213257 389.745712 -253.256712
v -701.434586 481.245476 -429.640196
v -701.434586 430.151001 -429.640196
v -769.261322 551.911964 -593.388365
v -769.261322 498.613556 -593.388365
v -877.157997 641.794418 -734.002074
v -877.157997 587.346642 -734.002074
v -1017.772034 731.694611 -841.898802
v -1017.772049 678.404335 -841.898802
v -1181.519928 798.912491 -909.725523
v -1181.519928 747.046188 -909.725523
v -1367.382324 861.822144 -934.185362
v -1367.382324 811.634262 -934.185362
v -1367.382324 861.801025 -998.765196
v -1367.382324 811.655075 -998.765196
v -1164.710236 795.755753 -972.500120
v -1164.710205 743.963470 -972.500120
v -985.279236 724.812012 -898.177428
v -985.279205 671.676559 -898.177428
v -831.206737 631.113609 -779.953428
v -831.206738 577.022887 -779.953428
v -712.982697 539.588428 -625.880919
v -712.982697 486.795097 -625.880919
v -638.663940 470.565895 -446.459471
v -638.663940 419.924789 -446.459471
v -613.784286 433.432190 -257.479552
v -613.784286 384.251831 -257.479552
v -678.213272 192.473206 -56.550940
v -678.213272 143.696411 -56.550917
v -613.784271 143.719452 -56.550917
v -613.784271 192.450409 -56.550940
v -678.213272 207.173096 -253.256651
v -678.213272 157.764343 -253.256651
v -701.434601 249.263977 -429.640227
v -701.434601 198.169495 -429.640196
v -769.261353 319.930481 -593.388365
v -769.261337 266.632080 -593.388365
v -877.158031 409.812775 -734.002012
v -877.158031 355.365021 -734.002012
v -1017.772049 499.712852 -841.898741
v -1017.772049 446.422577 -841.898741
v -1181.519989 566.930746 -909.725523
v -1181.519958 515.064430 -909.725523
v -1367.382385 629.840569 -934.185362
v -1367.382385 579.652681 -934.185362
v -1367.382385 629.819527 -998.765196
v -1367.382385 579.673570 -998.765196
v -1164.710144 563.774393 -972.500059
v -1164.710205 511.982140 -972.500059
v -985.279266 492.830811 -898.177366
v -985.279297 439.695374 -898.177366
v -831.206747 399.131989 -779.953367
v -831.206747 345.041260 -779.953367
v -712.982681 307.607056 -625.880919
v -712.982681 254.813721 -625.880919
v -638.663940 238.584351 -446.459532
v -638.663940 187.943237 -446.459532
v -613.784271 201.451202 -257.479491
v -613.784271 152.270844 -257.479491
v -1047.863174 483.234291 -1408.808043
v -1047.863174 491.496902 -1408.808043
v -1047.863174 499.759506 -1408.808043
v -1047.863174 508.022118 -1408.808043
v -1367.382385 616.475983 -1446.442564
v -1367.382385 608.656357 -1446.442564
v -1367.382385 600.836731 -1446.442564
v -1367.382385 593.017105 -1446.442564
v -1367.382385 616.484680 -1376.961485
v -1367.382385 608.659267 -1376.961485
v -1367.382385 600.833855 -1376.961485
v -1367.382385 593.008441 -1376.961485
v -1065.841766 512.778351 -1341.190977
v -1065.841766 504.478401 -1341.190977
v -1065.841766 496.178444 -1341.190977
v -1065.841766 487.878494 -1341.190977
v -794.415863 361.584427 -1228.762999
v -794.415863 353.236542 -1228.762999
v -794.415863 344.888672 -1228.762999
v -794.415863 336.540787 -1228.762999
v -561.285156 249.063324 -1049.874937
v -561.285156 241.116699 -1049.874937
v -561.285156 233.170105 -1049.874937
v -561.285156 225.223480 -1049.874937
v -382.397858 190.712769 -816.744200
v -382.397858 183.029968 -816.744200
v -382.397858 175.347168 -816.744200
v -382.397858 167.664368 -816.744200
v -269.944153 179.495178 -545.257445
v -269.944153 171.888336 -545.257445
v -269.944153 164.281525 -545.257445
v -269.944153 156.674683 -545.257445
v -235.323425 179.495209 -282.285216
v -235.323425 171.888367 -282.285216
v -235.323425 164.281555 -282.285216
v -235.323425 156.674713 -282.285216
v -235.323425 179.495209 -56.550932
v -235.323425 171.888367 -56.550932
v -235.323425 164.281555 -56.550925
v -235.323425 156.674713 -56.550925
v -165.973145 179.495178 -56.550932
v -165.973145 171.888336 -56.550932
v -165.973145 164.281525 -56.550925
v -165.973145 156.674683 -56.550925
v -165.973145 179.495239 -286.830412
v -165.973145 171.888397 -286.830412
v -165.973145 164.281586 -286.830412
v -165.973145 156.674744 -286.830412
v -202.379089 179.496552 -563.361387
v -202.379089 171.888794 -563.361387
v -202.379089 164.281067 -563.361387
v -202.379089 156.673309 -563.361387
v -321.820374 184.456177 -851.718565
v -321.820374 176.803253 -851.718565
v -321.820374 169.150299 -851.718565
v -321.820374 161.497375 -851.718565
v -511.824219 233.354401 -1099.336119
v -511.824219 225.434204 -1099.336119
v -511.824219 217.513977 -1099.336119
v -511.824219 209.593781 -1099.336119
v -759.441727 353.107651 -1289.339903
v -759.441727 344.790100 -1289.339903
v -759.441727 336.472549 -1289.339903
v -759.441727 328.154999 -1289.339903
v -1047.863174 599.225489 -1408.807921
v -1047.863174 607.488094 -1408.807921
v -1047.863174 615.750700 -1408.807921
v -1047.863174 624.013306 -1408.807921
v -1367.382324 732.466827 -1446.442564
v -1367.382324 724.647202 -1446.442564
v -1367.382324 716.827576 -1446.442564
v -1367.382324 709.007957 -1446.442564
v -1367.382324 732.475555 -1376.961485
v -1367.382324 724.650146 -1376.961485
v -1367.382324 716.824738 -1376.961485
v -1367.382324 708.999321 -1376.961485
v -1065.841766 628.769272 -1341.190855
v -1065.841766 620.469322 -1341.190855
v -1065.841766 612.169369 -1341.190855
v -1065.841766 603.869417 -1341.190855
v -794.415852 477.575157 -1228.762999
v -794.415852 469.227272 -1228.762999
v -794.415852 460.879395 -1228.762999
v -794.415852 452.531509 -1228.762999
v -561.285156 365.054031 -1049.874937
v -561.285156 357.107422 -1049.874937
v -561.285156 349.160828 -1049.874937
v -561.285156 341.214218 -1049.874937
v -382.397858 306.703583 -816.744200
v -382.397858 299.020782 -816.744200
v -382.397858 291.337982 -816.744200
v -382.397858 283.655182 -816.744200
v -269.944275 295.485718 -545.257506
v -269.944275 287.878876 -545.257506
v -269.944275 280.272064 -545.257506
v -269.944275 272.665222 -545.257506
v -235.323425 295.485870 -282.285216
v -235.323425 287.879028 -282.285216
v -235.323425 280.272217 -282.285216
v -235.323425 272.665375 -282.285216
v -235.323486 295.485962 -56.551062
v -235.323486 287.879120 -56.551054
v -235.323486 280.272308 -56.551054
v -235.323486 272.665466 -56.551047
v -165.973145 295.485779 -56.551062
v -165.973145 287.878937 -56.551054
v -165.973145 280.272125 -56.551054
v -165.973145 272.665283 -56.551047
v -165.973145 295.485870 -286.830351
v -165.973145 287.879028 -286.830351
v -165.973145 280.272217 -286.830351
v -165.973145 272.665375 -286.830351
v -202.379089 295.487091 -563.361326
v -202.379089 287.879333 -563.361326
v -202.379089 280.271606 -563.361326
v -202.379089 272.663849 -563.361326
v -321.820374 300.446960 -851.718565
v -321.820374 292.794037 -851.718565
v -321.820374 285.141083 -851.718565
v -321.820374 277.488159 -851.718565
v -511.824188 349.345047 -1099.336119
v -511.824188 341.424835 -1099.336119
v -511.824188 333.504623 -1099.336119
v -511.824188 325.584412 -1099.336119
v -759.441742 469.098343 -1289.339903
v -759.441742 460.780785 -1289.339903
v -759.441742 452.463226 -1289.339903
v -759.441742 444.145676 -1289.339903
v -1047.863220 715.216263 -1408.807799
v -1047.863220 723.478867 -1408.807799
v -1047.863220 731.741470 -1408.807799
v -1047.863220 740.004074 -1408.807799
v -1367.382324 848.457397 -1446.442564
v -1367.382324 840.637787 -1446.442564
v -1367.382324 832.818161 -1446.442564
v -1367.382324 824.998535 -1446.442564
v -1367.382324 848.466187 -1376.961485
v -1367.382324 840.640778 -1376.961485
v -1367.382324 832.815353 -1376.961485
v -1367.382324 824.989944 -1376.961485
v -1065.841751 744.759995 -1341.190977
v -1065.841751 736.460037 -1341.190977
v -1065.841751 728.160080 -1341.190977
v -1065.841751 719.860123 -1341.190977
v -794.415840 593.565846 -1228.762877
v -794.415840 585.217964 -1228.762877
v -794.415840 576.870081 -1228.762877
v -794.415840 568.522199 -1228.762877
v -561.285156 481.044815 -1049.874937
v -561.285156 473.098213 -1049.874937
v -561.285156 465.151604 -1049.874937
v -561.285156 457.205002 -1049.874937
v -382.397797 422.694366 -816.744261
v -382.397797 415.011566 -816.744261
v -382.397797 407.328766 -816.744261
v -382.397797 399.645966 -816.744261
v -269.944153 411.476425 -545.257506
v -269.944153 403.869598 -545.257506
v -269.944153 396.262787 -545.257506
v -269.944153 388.655960 -545.257506
v -235.323303 411.476700 -282.285246
v -235.323303 403.869873 -282.285246
v -235.323303 396.263062 -282.285246
v -235.323303 388.656235 -282.285246
v -235.323425 411.476822 -56.551062
v -235.323425 403.869995 -56.551062
v -235.323425 396.263184 -56.551069
v -235.323425 388.656357 -56.551069
v -165.973145 411.476608 -56.551062
v -165.973145 403.869781 -56.551062
v -165.973145 396.262970 -56.551069
v -165.973145 388.656143 -56.551069
v -165.973145 411.476669 -286.830382
v -165.973145 403.869843 -286.830382
v -165.973145 396.263031 -286.830382
v -165.973145 388.656204 -286.830382
v -202.379089 411.477829 -563.361387
v -202.379089 403.870071 -563.361387
v -202.379089 396.262314 -563.361387
v -202.379089 388.654556 -563.361387
v -321.820496 416.437943 -851.718504
v -321.820496 408.785004 -851.718504
v -321.820496 401.132080 -851.718504
v -321.820496 393.479141 -851.718504
v -511.824219 465.335701 -1099.336119
v -511.824219 457.415489 -1099.336119
v -511.824219 449.495270 -1099.336119
v -511.824219 441.575058 -1099.336119
v -759.441742 585.089101 -1289.339903
v -759.441742 576.771546 -1289.339903
v -759.441742 568.453990 -1289.339903
v -759.441742 560.136435 -1289.339903
v -678.213272 388.640625 -56.551069
v -678.213272 396.257599 -56.551069
v -678.213272 403.874573 -56.551062
v -678.213272 411.491547 -56.551062
v -613.784271 411.487442 -56.551062
v -613.784271 403.873367 -56.551062
v -613.784271 396.259293 -56.551069
v -613.784271 388.645218 -56.551069
v -613.784286 420.360794 -257.479552
v -613.784286 412.681610 -257.479552
v -613.784286 405.002411 -257.479552
v -613.784286 397.323227 -257.479552
v -638.663940 457.097794 -446.459471
v -638.663940 449.196167 -446.459471
v -638.663940 441.294525 -446.459471
v -638.663940 433.392899 -446.459471
v -712.982697 525.534832 -625.880919
v -712.982697 517.306122 -625.880919
v -712.982697 509.077408 -625.880919
v -712.982697 500.848694 -625.880919
v -831.206738 616.707638 -779.953428
v -831.206738 608.281380 -779.953428
v -831.206738 599.855120 -779.953428
v -831.206738 591.428861 -779.953428
v -985.279221 710.665451 -898.177428
v -985.279221 702.384674 -898.177428
v -985.279221 694.103897 -898.177428
v -985.279221 685.823120 -898.177428
v -1164.710205 781.942993 -972.500120
v -1164.710205 773.887405 -972.500120
v -1164.710205 765.831833 -972.500120
v -1164.710205 757.776245 -972.500120
v -1367.382324 848.435913 -998.765196
v -1367.382324 840.630676 -998.765196
v -1367.382324 832.825439 -998.765196
v -1367.382324 825.020203 -998.765196
v -1367.382324 848.459290 -934.185362
v -1367.382324 840.638580 -934.185362
v -1367.382324 832.817856 -934.185362
v -1367.382324 824.997131 -934.185362
v -1181.519928 785.115082 -909.725523
v -1181.519928 777.024582 -909.725523
v -1181.519928 768.934097 -909.725523
v -1181.519928 760.843597 -909.725523
v -1017.772034 717.564758 -841.898802
v -1017.772034 709.221237 -841.898802
v -1017.772034 700.877708 -841.898802
v -1017.772034 692.534187 -841.898802
v -877.157997 627.364475 -734.002074
v -877.157997 618.835178 -734.002074
v -877.157997 610.305882 -734.002074
v -877.157997 601.776585 -734.002074
v -769.261322 537.780022 -593.388365
v -769.261322 529.435181 -593.388365
v -769.261322 521.090340 -593.388365
v -769.261322 512.745499 -593.388365
v -701.434586 467.683510 -429.640196
v -701.434586 459.693336 -429.640196
v -701.434586 451.703156 -429.640196
v -701.434586 443.712982 -429.640196
v -678.213257 426.026886 -253.256712
v -678.213257 418.309021 -253.256712
v -678.213257 410.591156 -253.256712
v -678.213257 402.873291 -253.256712
v -678.213272 272.649841 -56.551047
v -678.213272 280.266815 -56.551054
v -678.213272 287.883820 -56.551054
v -678.213272 295.500793 -56.551062
v -613.784271 295.496613 -56.551062
v -613.784271 287.882538 -56.551054
v -613.784271 280.268463 -56.551054
v -613.784271 272.654388 -56.551047
v -613.784271 304.370270 -257.479552
v -613.784271 296.691071 -257.479552
v -613.784271 289.011871 -257.479552
v -613.784271 281.332672 -257.479552
v -638.663940 341.107056 -446.459471
v -638.663940 333.205429 -446.459471
v -638.663940 325.303802 -446.459471
v -638.663940 317.402161 -446.459471
v -712.982697 409.544113 -625.880858
v -712.982697 401.315399 -625.880858
v -712.982697 393.086700 -625.880858
v -712.982697 384.857986 -625.880858
v -831.206765 500.716774 -779.953306
v -831.206766 492.290512 -779.953306
v -831.206768 483.864250 -779.953306
v -831.206769 475.437988 -779.953306
v -985.279236 594.674813 -898.177366
v -985.279236 586.394037 -898.177366
v -985.279236 578.113261 -898.177366
v -985.279236 569.832484 -898.177366
v -1164.710175 665.952148 -972.500120
v -1164.710175 657.896568 -972.500120
v -1164.710175 649.840988 -972.500120
v -1164.710175 641.785412 -972.500120
v -1367.382324 732.445297 -998.765196
v -1367.382324 724.640060 -998.765196
v -1367.382324 716.834824 -998.765196
v -1367.382324 709.029579 -998.765196
v -1367.382324 732.468689 -934.185362
v -1367.382324 724.647964 -934.185362
v -1367.382324 716.827255 -934.185362
v -1367.382324 709.006531 -934.185362
v -1181.519897 669.124321 -909.725523
v -1181.519897 661.033821 -909.725523
v -1181.519897 652.943321 -909.725523
v -1181.519897 644.852821 -909.725523
v -1017.772064 601.573877 -841.898741
v -1017.772064 593.230354 -841.898741
v -1017.772064 584.886831 -841.898741
v -1017.772064 576.543308 -841.898741
v -877.157993 511.373642 -734.002074
v -877.157993 502.844345 -734.002074
v -877.157993 494.315048 -734.002074
v -877.157993 485.785751 -734.002074
v -769.261330 421.789276 -593.388365
v -769.261330 413.444443 -593.388365
v -769.261330 405.099594 -593.388365
v -769.261330 396.754761 -593.388365
v -701.434601 351.692749 -429.640196
v -701.434601 343.702576 -429.640196
v -701.434601 335.712402 -429.640196
v -701.434601 327.722229 -429.640196
v -678.213272 310.036224 -253.256712
v -678.213272 302.318359 -253.256712
v -678.213272 294.600464 -253.256712
v -678.213272 286.882599 -253.256712
v -678.213272 156.659332 -56.550925
v -678.213272 164.276306 -56.550925
v -678.213272 171.893311 -56.550932
v -678.213272 179.510284 -56.550932
v -613.784271 179.506042 -56.550932
v -613.784271 171.891968 -56.550932
v -613.784271 164.277893 -56.550925
v -613.784271 156.663818 -56.550925
v -613.784271 188.379791 -257.479491
v -613.784271 180.700623 -257.479491
v -613.784271 173.021423 -257.479491
v -613.784271 165.342255 -257.479491
v -638.663940 225.116241 -446.459532
v -638.663940 217.214600 -446.459532
v -638.663940 209.312988 -446.459532
v -638.663940 201.411346 -446.459532
v -712.982681 293.553467 -625.880919
v -712.982681 285.324738 -625.880919
v -712.982681 277.096039 -625.880919
v -712.982681 268.867310 -625.880919
v -831.206747 384.726013 -779.953367
v -831.206747 376.299759 -779.953367
v -831.206747 367.873489 -779.953367
v -831.206747 359.447235 -779.953367
v -985.279282 478.684258 -898.177366
v -985.279282 470.403481 -898.177366
v -985.279282 462.122696 -898.177366
v -985.279282 453.841919 -898.177366
v -1164.710175 549.961628 -972.500059
v -1164.710175 541.906052 -972.500059
v -1164.710175 533.850479 -972.500059
v -1164.710175 525.794903 -972.500059
v -1367.382385 616.454407 -998.765196
v -1367.382385 608.649168 -998.765196
v -1367.382385 600.843927 -998.765196
v -1367.382385 593.038689 -998.765196
v -1367.382385 616.477703 -934.185362
v -1367.382385 608.656982 -934.185362
v -1367.382385 600.836264 -934.185362
v -1367.382385 593.015543 -934.185362
v -1181.519958 553.133343 -909.725523
v -1181.519958 545.042843 -909.725523
v -1181.519958 536.952339 -909.725523
v -1181.519958 528.861839 -909.725523
v -1017.772049 485.583000 -841.898741
v -1017.772049 477.239479 -841.898741
v -1017.772049 468.895958 -841.898741
v -1017.772049 460.552437 -841.898741
v -877.158031 395.382843 -734.002012
v -877.158031 386.853546 -734.002012
v -877.158031 378.324249 -734.002012
v -877.158031 369.794952 -734.002012
v -769.261345 305.798553 -593.388365
v -769.261345 297.453705 -593.388365
v -769.261345 289.108856 -593.388365
v -769.261345 280.764008 -593.388365
v -701.434601 235.701996 -429.640196
v -701.434601 227.711823 -429.640196
v -701.434601 219.721649 -429.640196
v -701.434601 211.731476 -429.640196
v -678.213272 194.045532 -253.256651
v -678.213272 186.327667 -253.256651
v -678.213272 178.609772 -253.256651
v -678.213272 170.891907 -253.256651
v -1048.357162 508.022118 -1406.912901
v -1048.357162 499.759506 -1406.912901
v -1365.442383 608.656357 -1444.260679
v -1365.442383 616.475983 -1444.260679
v -1365.442383 608.659267 -1378.684996
v -1365.442383 616.484680 -1378.684996
v -1065.347046 504.478401 -1343.085997
v -1065.347046 512.778351 -1343.085997
v -793.437523 353.236542 -1230.457579
v -793.437523 361.584427 -1230.457579
v -559.901489 241.116699 -1051.258604
v -559.901489 249.063324 -1051.258604
v -380.703308 183.029968 -817.722533
v -380.703308 190.712769 -817.722533
v -268.054077 171.888336 -545.763853
v -268.054077 179.495178 -545.763853
v -233.383423 171.888367 -282.412382
v -233.383423 179.495209 -282.412382
v -233.383423 171.888367 -58.490935
v -233.383423 179.495209 -58.490935
v -167.913147 171.888336 -58.490935
v -167.913147 179.495178 -58.490935
v -167.913147 171.888397 -286.703245
v -167.913147 179.495239 -286.703245
v -204.269104 171.888794 -562.854979
v -204.269104 179.496552 -562.854979
v -323.514954 176.803253 -850.740172
v -323.514954 184.456177 -850.740172
v -513.207825 225.434204 -1097.952452
v -513.207825 233.354401 -1097.952452
v -760.420105 344.790100 -1287.645323
v -760.420105 353.107651 -1287.645323
v -1048.357162 491.496902 -1406.912779
v -1048.357162 483.234291 -1406.912779
v -1365.442383 593.017105 -1444.260679
v -1365.442383 600.836731 -1444.260679
v -1365.442383 593.008441 -1378.684996
v -1365.442383 600.833855 -1378.684996
v -1065.347031 487.878494 -1343.085997
v -1065.347031 496.178444 -1343.085997
v -793.437469 336.540787 -1230.457579
v -793.437469 344.888672 -1230.457579
v -559.901550 225.223480 -1051.258604
v -559.901550 233.170105 -1051.258604
v -380.703278 167.664368 -817.722594
v -380.703278 175.347168 -817.722594
v -268.054016 156.674683 -545.763914
v -268.054016 164.281525 -545.763914
v -233.383484 156.674713 -282.412352
v -233.383484 164.281555 -282.412352
v -233.383423 156.674713 -58.490927
v -233.383423 164.281555 -58.490927
v -167.913147 156.674683 -58.490927
v -167.913147 164.281525 -58.490927
v -167.913147 156.674744 -286.703245
v -167.913147 164.281586 -286.703245
v -204.269104 156.673309 -562.854918
v -204.269104 164.281067 -562.854918
v -323.514954 161.497375 -850.740172
v -323.514954 169.150299 -850.740172
v -513.207825 209.593781 -1097.952452
v -513.207825 217.513977 -1097.952452
v -760.420128 328.154999 -1287.645201
v -760.420128 336.472549 -1287.645201
v -1048.357162 624.013306 -1406.912657
v -1048.357162 615.750700 -1406.912657
v -1365.442322 724.647202 -1444.260679
v -1365.442322 732.466827 -1444.260679
v -1365.442322 724.650146 -1378.684996
v -1365.442322 732.475555 -1378.684996
v -1065.347015 620.469322 -1343.085875
v -1065.347015 628.769272 -1343.085875
v -793.437515 469.227272 -1230.457579
v -793.437515 477.575157 -1230.457579
v -559.901489 357.107422 -1051.258604
v -559.901489 365.054031 -1051.258604
v -380.703308 299.020782 -817.722594
v -380.703308 306.703583 -817.722594
v -268.054138 287.878876 -545.763975
v -268.054138 295.485718 -545.763975
v -233.383423 287.879028 -282.412382
v -233.383423 295.485870 -282.412382
v -233.383484 287.879120 -58.491057
v -233.383484 295.485962 -58.491064
v -167.913147 287.878937 -58.491057
v -167.913147 295.485779 -58.491064
v -167.913147 287.879028 -286.703184
v -167.913147 295.485870 -286.703184
v -204.269165 287.879333 -562.854857
v -204.269165 295.487091 -562.854857
v -323.514954 292.794037 -850.740172
v -323.514954 300.446960 -850.740172
v -513.207794 341.424835 -1097.952452
v -513.207794 349.345047 -1097.952452
v -760.420120 460.780785 -1287.645323
v -760.420120 469.098343 -1287.645323
v -1048.357162 607.488094 -1406.912657
v -1048.357162 599.225489 -1406.912657
v -1365.442322 709.007957 -1444.260679
v -1365.442322 716.827576 -1444.260679
v -1365.442322 708.999321 -1378.684996
v -1365.442322 716.824738 -1378.684996
v -1065.347015 603.869417 -1343.085753
v -1065.347015 612.169369 -1343.085753
v -793.437508 452.531509 -1230.457579
v -793.437508 460.879395 -1230.457579
v -559.901550 341.214218 -1051.258604
v -559.901550 349.160828 -1051.258604
v -380.703308 283.655182 -817.722594
v -380.703308 291.337982 -817.722594
v -268.054260 272.665222 -545.763975
v -268.054260 280.272064 -545.763975
v -233.383484 272.665375 -282.412352
v -233.383484 280.272217 -282.412352
v -233.383484 272.665466 -58.491049
v -233.383484 280.272308 -58.491057
v -167.913147 272.665283 -58.491049
v -167.913147 280.272125 -58.491057
v -167.913147 272.665375 -286.703184
v -167.913147 280.272217 -286.703184
v -204.269165 272.663849 -562.854918
v -204.269165 280.271606 -562.854918
v -323.514954 277.488159 -850.740172
v -323.514954 285.141083 -850.740172
v -513.207764 325.584412 -1097.952452
v -513.207764 333.504623 -1097.952452
v -760.420082 444.145676 -1287.645323
v -760.420082 452.463226 -1287.645323
v -1048.357193 740.004074 -1406.912657
v -1048.357193 731.741470 -1406.912657
v -1365.442322 840.637787 -1444.260679
v -1365.442322 848.457397 -1444.260679
v -1365.442322 840.640778 -1378.684996
v -1365.442322 848.466187 -1378.684996
v -1065.347000 736.460037 -1343.085997
v -1065.347000 744.759995 -1343.085997
v -793.437489 585.217964 -1230.457457
v -793.437489 593.565846 -1230.457457
v -559.901489 473.098213 -1051.258604
v -559.901489 481.044815 -1051.258604
v -380.703217 415.011566 -817.722655
v -380.703217 422.694366 -817.722655
v -268.054016 403.869598 -545.763975
v -268.054016 411.476425 -545.763975
v -233.383301 403.869873 -282.412413
v -233.383301 411.476700 -282.412413
v -233.383423 403.869995 -58.491064
v -233.383423 411.476822 -58.491064
v -167.913147 403.869781 -58.491064
v -167.913147 411.476608 -58.491064
v -167.913147 403.869843 -286.703215
v -167.913147 411.476669 -286.703215
v -204.269165 403.870071 -562.854918
v -204.269165 411.477829 -562.854918
v -323.515076 408.785004 -850.740172
v -323.515076 416.437943 -850.740172
v -513.207855 457.415489 -1097.952452
v -513.207855 465.335701 -1097.952452
v -760.420105 576.771546 -1287.645323
v -760.420105 585.089101 -1287.645323
v -1048.357208 723.478867 -1406.912657
v -1048.357208 715.216263 -1406.912657
v -1365.442322 824.998535 -1444.260679
v -1365.442322 832.818161 -1444.260679
v -1365.442322 824.989944 -1378.684996
v -1365.442322 832.815353 -1378.684996
v -1065.347000 719.860123 -1343.085997
v -1065.347000 728.160080 -1343.085997
v -793.437496 568.522199 -1230.457457
v -793.437496 576.870081 -1230.457457
v -559.901550 457.205002 -1051.258604
v -559.901550 465.151604 -1051.258604
v -380.703217 399.645966 -817.722655
v -380.703217 407.328766 -817.722655
v -268.054016 388.655960 -545.763975
v -268.054016 396.262787 -545.763975
v -233.383301 388.656235 -282.412413
v -233.383301 396.263062 -282.412413
v -233.383423 388.656357 -58.491072
v -233.383423 396.263184 -58.491072
v -167.913147 388.656143 -58.491072
v -167.913147 396.262970 -58.491072
v -167.913147 388.656204 -286.703215
v -167.913147 396.263031 -286.703215
v -204.269104 388.654556 -562.854918
v -204.269104 396.262314 -562.854918
v -323.515076 393.479141 -850.740172
v -323.515076 401.132080 -850.740172
v -513.207794 441.575058 -1097.952574
v -513.207794 449.495270 -1097.952574
v -760.420120 560.136435 -1287.645323
v -760.420120 568.453990 -1287.645323
v -676.273270 411.491547 -58.491064
v -676.273270 403.874573 -58.491064
v -615.724274 403.873367 -58.491064
v -615.724274 411.487442 -58.491064
v -615.724304 412.681610 -257.352385
v -615.724304 420.360794 -257.352385
v -640.554016 449.196167 -445.953032
v -640.554016 457.097794 -445.953032
v -714.677307 517.306122 -624.902525
v -714.677307 525.534832 -624.902525
v -832.590364 608.281380 -778.569823
v -832.590364 616.707638 -778.569823
v -986.257599 702.384674 -896.482847
v -986.257599 710.665451 -896.482847
v -1165.214813 773.887405 -970.609312
v -1165.214813 781.942993 -970.609312
v -1365.442322 840.630676 -996.557554
v -1365.442322 848.435913 -996.557554
v -1365.442322 840.638580 -935.886778
v -1365.442322 848.459290 -935.886778
v -1181.013519 777.024582 -911.615599
v -1181.013519 785.115082 -911.615599
v -1016.793671 709.221237 -843.593382
v -1016.793671 717.564758 -843.593382
v -875.774374 618.835178 -735.385679
v -875.774374 627.364475 -735.385679
v -767.566727 529.435181 -594.366759
v -767.566727 537.780022 -594.366759
v -699.544525 459.693336 -430.146635
v -699.544525 467.683510 -430.146635
v -676.273254 418.309021 -253.383879
v -676.273254 426.026886 -253.383879
v -676.273270 396.257599 -58.491072
v -676.273270 388.640625 -58.491072
v -615.724274 388.645218 -58.491072
v -615.724274 396.259293 -58.491072
v -615.724304 397.323227 -257.352385
v -615.724304 405.002411 -257.352385
v -640.554016 433.392899 -445.953032
v -640.554016 441.294525 -445.953032
v -714.677292 500.848694 -624.902525
v -714.677292 509.077408 -624.902525
v -832.590363 591.428861 -778.569823
v -832.590363 599.855120 -778.569823
v -986.257584 685.823120 -896.482847
v -986.257584 694.103897 -896.482847
v -1165.214813 757.776245 -970.609312
v -1165.214813 765.831833 -970.609312
v -1365.442322 825.020203 -996.557554
v -1365.442322 832.825439 -996.557554
v -1365.442322 824.997131 -935.886778
v -1365.442322 832.817856 -935.886778
v -1181.013550 760.843597 -911.615538
v -1181.013550 768.934097 -911.615538
v -1016.793655 692.534187 -843.593382
v -1016.793655 700.877708 -843.593382
v -875.774364 601.776585 -735.385679
v -875.774364 610.305882 -735.385679
v -767.566711 512.745499 -594.366759
v -767.566711 521.090340 -594.366759
v -699.544510 443.712982 -430.146635
v -699.544510 451.703156 -430.146635
v -676.273254 402.873291 -253.383879
v -676.273254 410.591156 -253.383879
v -676.273270 295.500793 -58.491064
v -676.273270 287.883820 -58.491057
v -615.724274 287.882538 -58.491057
v -615.724274 295.496613 -58.491064
v -615.724274 296.691071 -257.352385
v -615.724274 304.370270 -257.352385
v -640.554016 333.205429 -445.953032
v -640.554016 341.107056 -445.953032
v -714.677277 401.315399 -624.902464
v -714.677277 409.544113 -624.902464
v -832.590389 492.290512 -778.569700
v -832.590389 500.716774 -778.569700
v -986.257584 586.394037 -896.482847
v -986.257584 594.674813 -896.482847
v -1165.214783 657.896568 -970.609312
v -1165.214783 665.952148 -970.609312
v -1365.442322 724.640060 -996.557554
v -1365.442322 732.445297 -996.557554
v -1365.442322 724.647964 -935.886778
v -1365.442322 732.468689 -935.886778
v -1181.013489 661.033821 -911.615599
v -1181.013489 669.124321 -911.615599
v -1016.793686 593.230354 -843.593321
v -1016.793686 601.573877 -843.593321
v -875.774366 502.844345 -735.385679
v -875.774366 511.373642 -735.385679
v -767.566734 413.444443 -594.366759
v -767.566734 421.789276 -594.366759
v -699.544525 343.702576 -430.146635
v -699.544525 351.692749 -430.146635
v -676.273270 302.318359 -253.383879
v -676.273270 310.036224 -253.383879
v -676.273270 280.266815 -58.491057
v -676.273270 272.649841 -58.491049
v -615.724274 272.654388 -58.491049
v -615.724274 280.268463 -58.491057
v -615.724274 281.332672 -257.352385
v -615.724274 289.011871 -257.352385
v -640.554016 317.402161 -445.953032
v -640.554016 325.303802 -445.953032
v -714.677292 384.857986 -624.902464
v -714.677292 393.086700 -624.902464
v -832.590393 475.437988 -778.569700
v -832.590392 483.864250 -778.569700
v -986.257614 569.832484 -896.482786
v -986.257614 578.113261 -896.482786
v -1165.214783 641.785412 -970.609312
v -1165.214783 649.840988 -970.609312
v -1365.442322 709.029579 -996.557554
v -1365.442322 716.834824 -996.557554
v -1365.442322 709.006531 -935.886778
v -1365.442322 716.827255 -935.886778
v -1181.013489 644.852821 -911.615538
v -1181.013489 652.943321 -911.615538
v -1016.793686 576.543308 -843.593321
v -1016.793686 584.886831 -843.593321
v -875.774380 485.785751 -735.385679
v -875.774380 494.315048 -735.385679
v -767.566727 396.754761 -594.366759
v -767.566727 405.099594 -594.366759
v -699.544525 327.722229 -430.146635
v -699.544525 335.712402 -430.146635
v -676.273270 286.882599 -253.383879
v -676.273270 294.600464 -253.383879
v -676.273270 179.510284 -58.490935
v -676.273270 171.893311 -58.490935
v -615.724274 171.891968 -58.490935
v -615.724274 179.506042 -58.490935
v -615.724274 180.700623 -257.352324
v -615.724274 188.379791 -257.352324
v -640.554016 217.214600 -445.953093
v -640.554016 225.116241 -445.953093
v -714.677277 285.324738 -624.902525
v -714.677277 293.553467 -624.902525
v -832.590382 376.299759 -778.569762
v -832.590382 384.726013 -778.569762
v -986.257645 470.403481 -896.482786
v -986.257645 478.684258 -896.482786
v -1165.214783 541.906052 -970.609312
v -1165.214783 549.961628 -970.609312
v -1365.442383 608.649168 -996.557616
v -1365.442383 616.454407 -996.557616
v -1365.442383 608.656982 -935.886778
v -1365.442383 616.477703 -935.886778
v -1181.013550 545.042843 -911.615660
v -1181.013550 553.133343 -911.615660
v -1016.793686 477.239479 -843.593321
v -1016.793686 485.583000 -843.593321
v -875.774405 386.853546 -735.385618
v -875.774405 395.382843 -735.385618
v -767.566750 297.453705 -594.366759
v -767.566750 305.798553 -594.366759
v -699.544525 227.711823 -430.146635
v -699.544525 235.701996 -430.146635
v -676.273285 186.327667 -253.383818
v -676.273285 194.045532 -253.383818
v -676.273270 164.276306 -58.490927
v -676.273270 156.659332 -58.490927
v -615.724274 156.663818 -58.490927
v -615.724274 164.277893 -58.490927
v -615.724274 165.342255 -257.352324
v -615.724274 173.021423 -257.352324
v -640.554016 201.411346 -445.953093
v -640.554016 209.312988 -445.953093
v -714.677261 268.867310 -624.902525
v -714.677261 277.096039 -624.902525
v -832.590361 359.447235 -778.569762
v -832.590361 367.873489 -778.569762
v -986.257645 453.841919 -896.482847
v -986.257645 462.122696 -896.482847
v -1165.214783 525.794903 -970.609251
v -1165.214783 533.850479 -970.609251
v -1365.442383 593.038689 -996.557554
v -1365.442383 600.843927 -996.557554
v -1365.442383 593.015543 -935.886778
v -1365.442383 600.836264 -935.886778
v -1181.013550 528.861839 -911.615599
v -1181.013550 536.952339 -911.615599
v -1016.793671 460.552437 -843.593321
v -1016.793671 468.895958 -843.593321
v -875.774405 369.794952 -735.385618
v -875.774405 378.324249 -735.385618
v -767.566750 280.764008 -594.366759
v -767.566750 289.108856 -594.366759
v -699.544540 211.731476 -430.146635
v -699.544540 219.721649 -430.146635
v -676.273254 170.891907 -253.383818
v -676.273254 178.609772 -253.383818
v -408.664459 6.197479 -66.620970
v -440.443024 6.197479 -66.620970
v -440.443024 52.093964 -66.620970
v -408.664459 52.093964 -66.620970
v -440.437988 56.831940 -268.841215
v -408.663879 56.132355 -270.923796
v -469.675446 76.471832 -491.739714
v -438.894989 72.890869 -499.987303
v -561.159546 118.155487 -713.536009
v -534.179993 110.250031 -729.112669
v -707.049362 193.752350 -904.110838
v -685.272873 183.415588 -925.887327
v -897.605103 296.195038 -1050.033629
v -883.467705 287.904846 -1077.839293
v -1119.450134 404.609604 -1141.373595
v -1111.172760 401.622604 -1172.265196
v -1357.312317 488.755890 -1170.664000
v -1357.312317 488.755890 -1202.549010
v -1357.312317 442.859589 -1170.664000
v -1357.312317 442.859589 -1202.549010
v -1119.429474 358.705597 -1141.450743
v -1111.172760 355.726059 -1172.265196
v -897.552933 250.268066 -1050.124083
v -883.553516 242.058990 -1077.646055
v -706.893936 147.782074 -904.266234
v -685.428497 137.592957 -925.731688
v -561.159546 72.259033 -713.536009
v -534.179993 64.353546 -729.112669
v -469.675446 30.575287 -491.739714
v -438.894989 26.994354 -499.987303
v -440.435852 10.935394 -268.841337
v -408.666016 10.235931 -270.923674
v -1357.312317 952.718903 -1202.549010
v -1357.312317 952.718903 -1170.664000
v -1119.429474 868.565277 -1141.450743
v -1111.172760 865.585785 -1172.265196
v -897.552933 760.127197 -1050.124083
v -883.553513 751.918137 -1077.646055
v -706.893936 657.641632 -904.266234
v -685.428497 647.452522 -925.731688
v -561.159546 582.118399 -713.536009
v -534.179993 574.212961 -729.112669
v -469.675446 540.434834 -491.739714
v -438.894989 536.853863 -499.987303
v -440.435852 520.794559 -268.841337
v -408.666016 520.095146 -270.923674
v -440.443024 516.057259 -66.620970
v -408.664459 516.057289 -66.620970
v -440.443024 567.608747 -66.620970
v -408.664459 567.608782 -66.620970
v -440.437988 572.346025 -268.841215
v -408.663879 571.646528 -270.923796
v -469.675446 591.986293 -491.739714
v -438.894989 588.405323 -499.987303
v -561.159546 633.669849 -713.536009
v -534.179993 625.764416 -729.112669
v -707.049362 709.266869 -904.110838
v -685.272873 698.930115 -925.887327
v -897.605106 811.709030 -1050.033629
v -883.467693 803.418884 -1077.839293
v -1119.450165 920.124207 -1141.373595
v -1111.172760 917.137299 -1172.265196
v -1357.312317 1004.270355 -1170.664000
v -1357.312317 1004.270355 -1202.549010
v -408.611877 56.582611 -66.524069
v -440.390442 56.582611 -66.524069
v -408.458649 60.616974 -270.718687
v -440.232758 61.316437 -268.636107
v -438.207642 77.328003 -499.656126
v -468.988098 80.908966 -491.408568
v -532.794952 114.527924 -728.810911
v -559.774506 122.433380 -713.234251
v -683.350876 187.477325 -925.747862
v -705.127380 197.814056 -903.971373
v -881.423523 291.902985 -1077.832579
v -895.560913 300.193176 -1050.026915
v -1109.420837 405.765457 -1172.273131
v -1117.698212 408.752441 -1141.381529
v -1355.813995 492.988518 -1202.552794
v -1355.813995 492.988518 -1170.667784
v -1358.810608 948.486267 -1202.545225
v -1358.810608 948.486267 -1170.660216
v -1112.924591 861.442902 -1172.257506
v -1121.181305 864.422394 -1141.443053
v -885.597679 747.920013 -1077.652891
v -899.597103 756.129059 -1050.130919
v -687.349777 643.390411 -925.871763
v -708.815216 653.579514 -904.406309
v -535.564148 569.934946 -729.415159
v -562.543701 577.840372 -713.838499
v -439.582336 532.416733 -500.318480
v -470.362793 535.997700 -492.070860
v -408.871246 515.610626 -271.128783
v -440.641083 516.310036 -269.046446
v -408.717041 511.568642 -66.717863
v -440.495605 511.568611 -66.717863
vt 0.795409 0.551201
vt 0.794816 0.578701
vt 0.789068 0.578577
vt 0.789660 0.551077
vt 0.690121 0.007844
vt 0.676274 0.046496
vt 0.670524 0.046470
vt 0.684371 0.007818
vt 0.656680 0.085179
vt 0.650930 0.085153
vt 0.769949 0.729209
vt 0.764200 0.729085
vt 0.779961 0.690645
vt 0.785710 0.690769
vt 0.786871 0.652013
vt 0.792620 0.652137
vt 0.788320 0.613264
vt 0.794069 0.613388
vt 0.337917 0.119837
vt 0.332172 0.120063
vt 0.329446 0.096687
vt 0.335192 0.096461
vt 0.165064 0.829147
vt 0.157011 0.806624
vt 0.162761 0.806607
vt 0.170814 0.829130
vt 0.179391 0.851643
vt 0.173640 0.851660
vt 0.295261 0.007816
vt 0.307475 0.029889
vt 0.301730 0.030116
vt 0.289515 0.008042
vt 0.319543 0.051968
vt 0.313798 0.052195
vt 0.329140 0.074144
vt 0.323395 0.074371
vt 0.627327 0.868532
vt 0.627327 0.874081
vt 0.621577 0.874081
vt 0.621577 0.868532
vt 0.528680 0.419995
vt 0.523138 0.419895
vt 0.523501 0.396090
vt 0.529080 0.396499
vt 0.314585 0.487702
vt 0.309004 0.488081
vt 0.308769 0.464274
vt 0.314312 0.464205
vt 0.871589 0.951636
vt 0.871590 0.946087
vt 0.877340 0.946087
vt 0.877340 0.951636
vt 0.386515 0.579741
vt 0.388161 0.574383
vt 0.411777 0.577992
vt 0.411619 0.583534
vt 0.626628 0.301191
vt 0.626756 0.306733
vt 0.603121 0.310215
vt 0.601503 0.304848
vt 0.362932 0.569893
vt 0.365966 0.565125
vt 0.580877 0.319353
vt 0.577868 0.314569
vt 0.341062 0.554620
vt 0.345310 0.550748
vt 0.560144 0.333620
vt 0.555917 0.329725
vt 0.323525 0.534760
vt 0.328657 0.532056
vt 0.543390 0.352221
vt 0.538273 0.349490
vt 0.312589 0.511840
vt 0.318169 0.510465
vt 0.532786 0.373755
vt 0.527214 0.372351
vt 0.259179 0.491835
vt 0.253021 0.492260
vt 0.252810 0.464816
vt 0.258965 0.464778
vt 0.263612 0.524916
vt 0.257605 0.526506
vt 0.277624 0.559200
vt 0.272153 0.562242
vt 0.300665 0.589063
vt 0.295763 0.593350
vt 0.332572 0.612539
vt 0.329170 0.617842
vt 0.371278 0.627927
vt 0.369401 0.633879
vt 0.410022 0.639554
vt 0.410195 0.633397
vt 0.871591 0.896144
vt 0.871591 0.889979
vt 0.877342 0.889979
vt 0.877341 0.896145
vt 0.625333 0.245163
vt 0.625472 0.251321
vt 0.586526 0.256581
vt 0.584682 0.250619
vt 0.547737 0.271761
vt 0.544364 0.266440
vt 0.515705 0.295064
vt 0.510826 0.290752
vt 0.492504 0.324803
vt 0.487049 0.321732
vt 0.478308 0.359012
vt 0.472310 0.357389
vt 0.473697 0.392068
vt 0.467541 0.391610
vt 0.473338 0.419124
vt 0.467182 0.419053
vt 0.627327 0.924015
vt 0.627327 0.930180
vt 0.621577 0.930180
vt 0.621577 0.924015
vt 0.079172 0.097081
vt 0.081753 0.120474
vt 0.075298 0.120689
vt 0.072717 0.097296
vt 0.073258 0.074727
vt 0.066803 0.074942
vt 0.063799 0.052491
vt 0.057343 0.052706
vt 0.051867 0.030338
vt 0.045412 0.030552
vt 0.039788 0.008188
vt 0.033333 0.008403
vt 0.680681 0.474844
vt 0.689186 0.497384
vt 0.682727 0.497382
vt 0.674223 0.474842
vt 0.672701 0.452296
vt 0.666242 0.452294
vt 0.585932 0.920456
vt 0.585932 0.926005
vt 0.579473 0.926005
vt 0.579473 0.920456
vt 0.213331 0.864205
vt 0.213331 0.869754
vt 0.206873 0.869754
vt 0.206873 0.864205
vt 0.621287 0.085031
vt 0.641182 0.046501
vt 0.647640 0.046581
vt 0.627745 0.085110
vt 0.770144 0.317677
vt 0.754365 0.356110
vt 0.747908 0.355968
vt 0.763687 0.317535
vt 0.777072 0.279050
vt 0.770615 0.278907
vt 0.778539 0.240302
vt 0.772082 0.240159
vt 0.779303 0.205615
vt 0.772846 0.205472
vt 0.779909 0.178115
vt 0.773452 0.177973
vt 0.213331 0.919694
vt 0.213331 0.925859
vt 0.206873 0.925859
vt 0.206873 0.919694
vt 0.585932 0.864346
vt 0.585932 0.870512
vt 0.579472 0.870512
vt 0.579472 0.864346
vt 0.655328 0.007958
vt 0.661786 0.008038
vt 0.320704 0.120515
vt 0.318019 0.097138
vt 0.565789 0.690086
vt 0.554338 0.690074
vt 0.555435 0.666246
vt 0.566914 0.666259
vt 0.610099 0.874081
vt 0.610102 0.868532
vt 0.382909 0.258921
vt 0.394299 0.259030
vt 0.385589 0.282950
vt 0.374302 0.282842
vt 0.153781 0.829180
vt 0.145623 0.806657
vt 0.860201 0.951635
vt 0.860198 0.946086
vt 0.162447 0.851692
vt 0.376303 0.306862
vt 0.365100 0.306755
vt 0.290617 0.030554
vt 0.278330 0.008484
vt 0.529426 0.785673
vt 0.518223 0.785661
vt 0.530108 0.761676
vt 0.541251 0.761688
vt 0.302614 0.052636
vt 0.541438 0.737690
vt 0.552663 0.737702
vt 0.312072 0.074818
vt 0.549843 0.713701
vt 0.561202 0.713713
vt 0.701509 0.007896
vt 0.687482 0.046547
vt 0.196093 0.044741
vt 0.184892 0.044887
vt 0.171144 0.007966
vt 0.182531 0.007818
vt 0.860201 0.896144
vt 0.860202 0.889978
vt 0.215524 0.081640
vt 0.204336 0.081785
vt 0.667871 0.085230
vt 0.033120 0.640718
vt 0.021773 0.640748
vt 0.007812 0.603636
vt 0.019001 0.603607
vt 0.753012 0.728844
vt 0.768611 0.690400
vt 0.040478 0.677847
vt 0.029027 0.677877
vt 0.775412 0.651766
vt 0.041966 0.714991
vt 0.030487 0.715021
vt 0.776841 0.613017
vt 0.042053 0.748470
vt 0.030572 0.748500
vt 0.777589 0.578330
vt 0.042123 0.775572
vt 0.030643 0.775602
vt 0.778182 0.550830
vt 0.610097 0.930180
vt 0.610097 0.924015
vt 0.691763 0.084836
vt 0.711704 0.046340
vt 0.719587 0.046450
vt 0.699612 0.084946
vt 0.807033 0.768181
vt 0.791486 0.806772
vt 0.783637 0.806679
vt 0.798859 0.768085
vt 0.813674 0.729485
vt 0.805282 0.729386
vt 0.814762 0.690723
vt 0.806333 0.690624
vt 0.815171 0.656030
vt 0.806742 0.655931
vt 0.815495 0.628525
vt 0.807065 0.628426
vt 0.080331 0.016248
vt 0.074166 0.016248
vt 0.074166 0.007818
vt 0.080331 0.007818
vt 0.820966 0.152510
vt 0.821230 0.179611
vt 0.812801 0.179694
vt 0.812536 0.152593
vt 0.820639 0.119032
vt 0.812212 0.119114
vt 0.818855 0.081900
vt 0.810486 0.081981
vt 0.811128 0.044825
vt 0.802966 0.044905
vt 0.796586 0.007818
vt 0.788741 0.007894
vt 0.070003 0.195036
vt 0.089158 0.232073
vt 0.081313 0.232119
vt 0.062131 0.195082
vt 0.056891 0.158014
vt 0.048645 0.158062
vt 0.325328 0.016064
vt 0.319163 0.016064
vt 0.319163 0.007818
vt 0.325328 0.007819
vt 0.725733 0.007818
vt 0.733978 0.007933
vt 0.747706 0.409342
vt 0.749869 0.432780
vt 0.741448 0.432895
vt 0.739365 0.409456
vt 0.742125 0.386878
vt 0.733995 0.386989
vt 0.732964 0.364463
vt 0.725110 0.364571
vt 0.721396 0.342082
vt 0.713686 0.342187
vt 0.709826 0.319700
vt 0.701971 0.319807
vt 0.432347 0.474637
vt 0.440848 0.497144
vt 0.432993 0.497172
vt 0.424313 0.474665
vt 0.424385 0.452119
vt 0.416141 0.452148
vt 0.544188 0.034433
vt 0.538639 0.034430
vt 0.538639 0.026186
vt 0.544188 0.026183
vt 0.639446 0.479056
vt 0.647764 0.455070
vt 0.656014 0.455085
vt 0.647489 0.479070
vt 0.630513 0.503038
vt 0.638388 0.503052
vt 0.630071 0.359510
vt 0.617971 0.383329
vt 0.610097 0.383211
vt 0.622316 0.359393
vt 0.641898 0.335686
vt 0.633981 0.335567
vt 0.650906 0.311819
vt 0.642719 0.311696
vt 0.655914 0.288260
vt 0.647544 0.288134
vt 0.657400 0.264450
vt 0.648975 0.264323
vt 0.585021 0.016242
vt 0.579472 0.016245
vt 0.579472 0.007818
vt 0.585021 0.007821
vt 0.727491 0.207503
vt 0.747388 0.168983
vt 0.755272 0.169084
vt 0.735341 0.207603
vt 0.822184 0.329567
vt 0.806799 0.368223
vt 0.798949 0.368163
vt 0.814010 0.329505
vt 0.828663 0.290843
vt 0.820271 0.290779
vt 0.829589 0.252077
vt 0.821160 0.252013
vt 0.829852 0.217382
vt 0.821423 0.217318
vt 0.830061 0.189876
vt 0.821631 0.189812
vt 0.238559 0.016248
vt 0.232393 0.016248
vt 0.232393 0.007819
vt 0.238558 0.007818
vt 0.807022 0.510878
vt 0.807544 0.537975
vt 0.799115 0.538137
vt 0.798594 0.511040
vt 0.806376 0.477404
vt 0.797950 0.477567
vt 0.804243 0.440291
vt 0.795874 0.440452
vt 0.796165 0.403291
vt 0.788004 0.403448
vt 0.781273 0.366423
vt 0.773428 0.366574
vt 0.228491 0.044746
vt 0.247909 0.081647
vt 0.240063 0.081748
vt 0.220620 0.044847
vt 0.215118 0.007817
vt 0.206873 0.007924
vt 0.539701 0.016064
vt 0.533535 0.016064
vt 0.533535 0.007818
vt 0.539701 0.007819
vt 0.761373 0.130445
vt 0.769618 0.130550
vt 0.610097 0.084893
vt 0.629975 0.046363
vt 0.781494 0.317928
vt 0.765553 0.356357
vt 0.788532 0.279302
vt 0.790017 0.240554
vt 0.790781 0.205868
vt 0.791387 0.178368
vt 0.224812 0.919694
vt 0.224812 0.925859
vt 0.043946 0.480859
vt 0.044317 0.507959
vt 0.032837 0.508116
vt 0.032466 0.481016
vt 0.043486 0.447383
vt 0.032008 0.447540
vt 0.041559 0.410258
vt 0.030109 0.410414
vt 0.033687 0.373214
vt 0.022341 0.373369
vt 0.019000 0.336264
vt 0.007812 0.336417
vt 0.527397 0.044845
vt 0.546538 0.081889
vt 0.535349 0.081950
vt 0.516195 0.044906
vt 0.514300 0.007818
vt 0.502911 0.007880
vt 0.597321 0.864346
vt 0.597322 0.870512
vt 0.643940 0.007818
vt 0.090603 0.096701
vt 0.093224 0.120093
vt 0.084584 0.074351
vt 0.074986 0.052119
vt 0.062982 0.029968
vt 0.050976 0.007816
vt 0.691964 0.474847
vt 0.700379 0.497387
vt 0.684089 0.452299
vt 0.597324 0.920456
vt 0.597321 0.926005
vt 0.552609 0.380776
vt 0.560862 0.356766
vt 0.572253 0.356755
vt 0.563897 0.380765
vt 0.543744 0.404784
vt 0.554947 0.404773
vt 0.730568 0.726662
vt 0.718275 0.750382
vt 0.707075 0.750122
vt 0.719428 0.726403
vt 0.742589 0.702936
vt 0.731367 0.702675
vt 0.751791 0.679144
vt 0.740434 0.678880
vt 0.756990 0.655626
vt 0.745542 0.655361
vt 0.758670 0.631830
vt 0.747194 0.631563
vt 0.224808 0.864205
vt 0.224811 0.869754
vt 0.416566 0.097189
vt 0.418893 0.120611
vt 0.410474 0.120785
vt 0.408226 0.097361
vt 0.410827 0.074765
vt 0.402698 0.074934
vt 0.401509 0.052416
vt 0.393657 0.052578
vt 0.389785 0.030116
vt 0.382076 0.030276
vt 0.378058 0.007817
vt 0.370204 0.007979
vt 0.422139 0.030337
vt 0.430642 0.052845
vt 0.422786 0.052873
vt 0.414105 0.030366
vt 0.414177 0.007818
vt 0.405933 0.007847
vt 0.947413 0.016068
vt 0.941864 0.016065
vt 0.941864 0.007821
vt 0.947413 0.007818
vt 0.741529 0.237075
vt 0.749848 0.213087
vt 0.758098 0.213102
vt 0.749572 0.237089
vt 0.732596 0.261058
vt 0.740471 0.261073
vt 0.186012 0.762773
vt 0.173913 0.786591
vt 0.166040 0.786473
vt 0.178258 0.762656
vt 0.197839 0.738951
vt 0.189922 0.738831
vt 0.206846 0.715086
vt 0.198660 0.714962
vt 0.211854 0.691527
vt 0.203485 0.691401
vt 0.213340 0.667719
vt 0.204915 0.667592
vt 0.926996 0.016242
vt 0.921447 0.016245
vt 0.921447 0.007818
vt 0.926996 0.007821
vt 0.215174 0.179848
vt 0.255730 0.186267
vt 0.256848 0.187805
vt 0.214796 0.181064
vt 0.387051 0.216015
vt 0.346620 0.222771
vt 0.346260 0.221551
vt 0.388196 0.214471
vt 0.306760 0.239718
vt 0.306118 0.238620
vt 0.175907 0.161496
vt 0.175260 0.162588
vt 0.273888 0.265144
vt 0.273003 0.264232
vt 0.142554 0.136916
vt 0.141683 0.137842
vt 0.249220 0.295619
vt 0.248125 0.294971
vt 0.117599 0.106735
vt 0.116512 0.107395
vt 0.234704 0.331547
vt 0.233480 0.331208
vt 0.102639 0.070992
vt 0.101419 0.071345
vt 0.229292 0.365806
vt 0.228034 0.365693
vt 0.096878 0.036797
vt 0.095622 0.036923
vt 0.228581 0.393275
vt 0.227289 0.394504
vt 0.095887 0.009338
vt 0.094582 0.008123
vt 0.234740 0.393427
vt 0.235968 0.394718
vt 0.102042 0.009121
vt 0.103256 0.007818
vt 0.235435 0.366370
vt 0.236693 0.366484
vt 0.103015 0.036165
vt 0.104272 0.036039
vt 0.240656 0.333352
vt 0.241873 0.333721
vt 0.108571 0.069133
vt 0.109784 0.068753
vt 0.256185 0.299649
vt 0.257273 0.300301
vt 0.124427 0.102669
vt 0.125508 0.102006
vt 0.278860 0.269360
vt 0.279758 0.270263
vt 0.147468 0.132646
vt 0.148356 0.131735
vt 0.310633 0.245505
vt 0.311274 0.246603
vt 0.179312 0.156184
vt 0.179925 0.155069
vt 0.348696 0.228663
vt 0.349067 0.229881
vt 0.218122 0.171259
vt 0.218501 0.170050
vt 0.387382 0.222161
vt 0.388683 0.223267
vt 0.256376 0.180124
vt 0.257727 0.179093
vt 0.392413 0.650431
vt 0.386863 0.650744
vt 0.385598 0.649513
vt 0.393590 0.649104
vt 0.677746 0.653943
vt 0.683286 0.654096
vt 0.684512 0.655391
vt 0.676450 0.655167
vt 0.683984 0.630588
vt 0.685241 0.630717
vt 0.394010 0.673836
vt 0.395264 0.673713
vt 0.687965 0.607799
vt 0.689178 0.608181
vt 0.396822 0.696755
vt 0.398047 0.696402
vt 0.698077 0.585816
vt 0.699156 0.586490
vt 0.406944 0.718677
vt 0.408021 0.718002
vt 0.713958 0.566287
vt 0.714848 0.567194
vt 0.422820 0.738083
vt 0.423700 0.737165
vt 0.733788 0.550828
vt 0.734451 0.551913
vt 0.443012 0.753159
vt 0.443676 0.752079
vt 0.755662 0.540858
vt 0.756049 0.542069
vt 0.464640 0.763747
vt 0.465050 0.762542
vt 0.779089 0.536408
vt 0.780402 0.537485
vt 0.488087 0.768497
vt 0.489410 0.767433
vt 0.778731 0.530881
vt 0.779864 0.529318
vt 0.487676 0.774018
vt 0.488788 0.775600
vt 0.753813 0.535471
vt 0.753429 0.534258
vt 0.462703 0.769022
vt 0.462318 0.770234
vt 0.730548 0.546185
vt 0.729885 0.545101
vt 0.439285 0.758590
vt 0.438618 0.759673
vt 0.709459 0.562552
vt 0.708567 0.561648
vt 0.418442 0.741807
vt 0.417546 0.742708
vt 0.692853 0.583295
vt 0.691776 0.582619
vt 0.401664 0.721300
vt 0.400582 0.721969
vt 0.681955 0.606330
vt 0.680739 0.605956
vt 0.391266 0.698152
vt 0.390055 0.698537
vt 0.678403 0.630126
vt 0.677145 0.630014
vt 0.386774 0.674596
vt 0.385516 0.674717
vt 0.128847 0.179556
vt 0.169419 0.185870
vt 0.170541 0.187405
vt 0.128473 0.180773
vt 0.336211 0.181442
vt 0.295770 0.188153
vt 0.295412 0.186933
vt 0.337357 0.179899
vt 0.255891 0.205057
vt 0.255250 0.203959
vt 0.089534 0.161306
vt 0.088889 0.162399
vt 0.222990 0.230448
vt 0.222106 0.229535
vt 0.056117 0.136813
vt 0.055249 0.137741
vt 0.198288 0.260896
vt 0.197193 0.260247
vt 0.031085 0.106696
vt 0.029999 0.107359
vt 0.183732 0.296810
vt 0.182509 0.296470
vt 0.016033 0.070993
vt 0.014814 0.071348
vt 0.178282 0.331064
vt 0.177025 0.330950
vt 0.010183 0.036813
vt 0.008927 0.036943
vt 0.177542 0.358533
vt 0.176248 0.359761
vt 0.009120 0.009357
vt 0.007812 0.008146
vt 0.183700 0.358692
vt 0.184927 0.359984
vt 0.015275 0.009124
vt 0.016486 0.007818
vt 0.184425 0.331635
vt 0.185683 0.331750
vt 0.016318 0.036166
vt 0.017574 0.036035
vt 0.189682 0.298621
vt 0.190899 0.298992
vt 0.021960 0.069119
vt 0.023172 0.068735
vt 0.205248 0.264935
vt 0.206336 0.265587
vt 0.037902 0.102613
vt 0.038981 0.101947
vt 0.227958 0.234670
vt 0.228854 0.235573
vt 0.061020 0.132530
vt 0.061906 0.131616
vt 0.259757 0.210849
vt 0.260397 0.211947
vt 0.092925 0.155985
vt 0.093534 0.154869
vt 0.297841 0.194048
vt 0.298210 0.195266
vt 0.131773 0.170960
vt 0.132149 0.169749
vt 0.336535 0.187588
vt 0.337834 0.188696
vt 0.170049 0.179726
vt 0.171398 0.178691
vt 0.128383 0.285420
vt 0.168938 0.291844
vt 0.170055 0.293381
vt 0.128005 0.286636
vt 0.361640 0.198729
vt 0.321203 0.205462
vt 0.320844 0.204241
vt 0.362786 0.197186
vt 0.281332 0.222386
vt 0.280691 0.221288
vt 0.089118 0.267062
vt 0.088470 0.268154
vt 0.248444 0.247794
vt 0.247560 0.246882
vt 0.055768 0.242479
vt 0.054897 0.243404
vt 0.223758 0.278255
vt 0.222663 0.277606
vt 0.030817 0.212294
vt 0.029730 0.212954
vt 0.209220 0.314176
vt 0.207997 0.313836
vt 0.015862 0.176550
vt 0.014642 0.176902
vt 0.203788 0.348433
vt 0.202530 0.348319
vt 0.010105 0.142354
vt 0.008849 0.142480
vt 0.203061 0.375903
vt 0.201769 0.377131
vt 0.009117 0.114895
vt 0.007812 0.113680
vt 0.209220 0.376058
vt 0.210447 0.377349
vt 0.015272 0.114679
vt 0.016487 0.113375
vt 0.209931 0.349000
vt 0.211189 0.349115
vt 0.016242 0.141723
vt 0.017499 0.141596
vt 0.215171 0.315984
vt 0.216388 0.316354
vt 0.021794 0.174692
vt 0.023007 0.174311
vt 0.230720 0.282290
vt 0.231808 0.282942
vt 0.037645 0.208229
vt 0.038727 0.207566
vt 0.253414 0.252013
vt 0.254311 0.252916
vt 0.060683 0.238209
vt 0.061571 0.237298
vt 0.285202 0.228176
vt 0.285842 0.229274
vt 0.092524 0.261751
vt 0.093137 0.260636
vt 0.323276 0.211356
vt 0.323647 0.212573
vt 0.131331 0.276831
vt 0.131711 0.275622
vt 0.361967 0.204876
vt 0.363267 0.205983
vt 0.169584 0.285701
vt 0.170936 0.284670
vt 0.591412 0.604454
vt 0.585863 0.604781
vt 0.584595 0.603554
vt 0.592586 0.603125
vt 0.100981 0.771759
vt 0.106522 0.771908
vt 0.107749 0.773202
vt 0.099686 0.772984
vt 0.107202 0.748397
vt 0.108459 0.748525
vt 0.593068 0.627854
vt 0.594321 0.627728
vt 0.111166 0.725604
vt 0.112379 0.725984
vt 0.595936 0.650764
vt 0.597161 0.650408
vt 0.121262 0.703611
vt 0.122341 0.704285
vt 0.606112 0.672659
vt 0.607188 0.671982
vt 0.137129 0.684069
vt 0.138020 0.684975
vt 0.622036 0.692024
vt 0.622914 0.691105
vt 0.156949 0.668593
vt 0.157613 0.669677
vt 0.642265 0.707049
vt 0.642926 0.705967
vt 0.178817 0.658605
vt 0.179205 0.659816
vt 0.663917 0.717583
vt 0.664325 0.716376
vt 0.202243 0.654136
vt 0.203556 0.655212
vt 0.687375 0.722274
vt 0.688695 0.721207
vt 0.201881 0.648609
vt 0.203013 0.647045
vt 0.686977 0.727795
vt 0.688094 0.729375
vt 0.176964 0.653219
vt 0.176579 0.652006
vt 0.661994 0.722862
vt 0.661612 0.724075
vt 0.153705 0.663951
vt 0.153041 0.662868
vt 0.638551 0.712489
vt 0.637887 0.713574
vt 0.132627 0.680337
vt 0.131734 0.679432
vt 0.617668 0.695759
vt 0.616775 0.696662
vt 0.116035 0.701094
vt 0.114958 0.700419
vt 0.600839 0.675295
vt 0.599760 0.675967
vt 0.105154 0.724139
vt 0.103937 0.723766
vt 0.590385 0.652175
vt 0.589175 0.652563
vt 0.101620 0.747940
vt 0.100362 0.747829
vt 0.585833 0.628632
vt 0.584576 0.628756
vt 0.683302 0.358999
vt 0.677753 0.359321
vt 0.676487 0.358094
vt 0.684477 0.357670
vt 0.693058 0.220955
vt 0.698598 0.221108
vt 0.699824 0.222402
vt 0.691763 0.222179
vt 0.699293 0.197600
vt 0.700549 0.197729
vt 0.684941 0.382397
vt 0.686195 0.382272
vt 0.703270 0.174812
vt 0.704483 0.175194
vt 0.687793 0.405307
vt 0.689018 0.404952
vt 0.713379 0.152829
vt 0.714457 0.153504
vt 0.697953 0.427207
vt 0.699029 0.426530
vt 0.729256 0.133300
vt 0.730146 0.134207
vt 0.713862 0.446582
vt 0.714740 0.445663
vt 0.749084 0.117839
vt 0.749746 0.118923
vt 0.734077 0.461619
vt 0.734740 0.460538
vt 0.770955 0.107866
vt 0.771342 0.109077
vt 0.755721 0.472167
vt 0.756128 0.470961
vt 0.794380 0.103413
vt 0.795693 0.104490
vt 0.779172 0.476874
vt 0.780494 0.475808
vt 0.794021 0.097887
vt 0.795154 0.096324
vt 0.778771 0.482394
vt 0.779886 0.483975
vt 0.769105 0.102480
vt 0.768721 0.101267
vt 0.753794 0.477444
vt 0.753411 0.478656
vt 0.745843 0.113196
vt 0.745180 0.112112
vt 0.730360 0.467056
vt 0.729696 0.468140
vt 0.724757 0.129566
vt 0.723865 0.128661
vt 0.709491 0.450313
vt 0.708597 0.451215
vt 0.708155 0.150309
vt 0.707078 0.149634
vt 0.692679 0.429839
vt 0.691599 0.430510
vt 0.697260 0.173344
vt 0.696044 0.172971
vt 0.682241 0.406714
vt 0.681031 0.407101
vt 0.693712 0.197140
vt 0.692454 0.197028
vt 0.677707 0.383170
vt 0.676450 0.383293
vt 0.661497 0.903899
vt 0.660462 0.903891
vt 0.674439 0.864008
vt 0.675418 0.864016
vt 0.870923 0.579335
vt 0.869888 0.579322
vt 0.884077 0.539183
vt 0.885056 0.539195
vt 0.447139 0.898240
vt 0.446104 0.898231
vt 0.460192 0.858350
vt 0.461171 0.858358
vt 0.743321 0.598046
vt 0.742286 0.598034
vt 0.756425 0.558206
vt 0.757405 0.558219
vt 0.309323 0.733205
vt 0.308288 0.733197
vt 0.322323 0.693004
vt 0.323303 0.693012
vt 0.738073 0.901652
vt 0.737038 0.901643
vt 0.751125 0.861761
vt 0.752105 0.861769
vt 0.115360 0.903269
vt 0.114324 0.903260
vt 0.128302 0.863374
vt 0.129282 0.863382
vt 0.457502 0.504965
vt 0.456467 0.504953
vt 0.470667 0.464811
vt 0.471647 0.464823
vt 0.845260 0.881864
vt 0.844225 0.881855
vt 0.858313 0.841972
vt 0.859293 0.841980
vt 0.196664 0.209751
vt 0.197615 0.209751
vt 0.197616 0.217311
vt 0.196665 0.217311
vt 0.201769 0.191556
vt 0.202723 0.191556
vt 0.202723 0.199632
vt 0.201769 0.199632
vt 0.421245 0.202134
vt 0.422199 0.202134
vt 0.422199 0.209719
vt 0.421245 0.209719
vt 0.712179 0.199477
vt 0.713137 0.199477
vt 0.713137 0.207088
vt 0.712180 0.207088
vt 0.375308 0.192717
vt 0.376262 0.192717
vt 0.376262 0.200786
vt 0.375308 0.200786
vt 0.604993 0.200334
vt 0.605947 0.200334
vt 0.605947 0.207919
vt 0.604993 0.207919
vt 0.436557 0.208489
vt 0.437512 0.208489
vt 0.437512 0.216075
vt 0.436558 0.216075
vt 0.462078 0.192816
vt 0.463032 0.192816
vt 0.463032 0.200885
vt 0.462078 0.200885
vt 0.804053 0.208134
vt 0.805007 0.208134
vt 0.805007 0.215719
vt 0.804053 0.215719
vt 0.172081 0.470542
vt 0.170309 0.470534
vt 0.184074 0.430280
vt 0.185748 0.430287
vt 0.150727 0.509567
vt 0.152505 0.509575
vt 0.847388 0.330877
vt 0.831351 0.369565
vt 0.829574 0.369518
vt 0.845698 0.330832
vt 0.854551 0.291953
vt 0.852920 0.291910
vt 0.856212 0.252882
vt 0.854591 0.252839
vt 0.857142 0.217953
vt 0.855521 0.217910
vt 0.857909 0.189114
vt 0.856288 0.189071
vt 0.938381 0.064007
vt 0.938381 0.072693
vt 0.936760 0.072693
vt 0.936760 0.064007
vt 0.840098 0.520858
vt 0.841353 0.549110
vt 0.839733 0.549182
vt 0.838478 0.520930
vt 0.838623 0.487661
vt 0.837003 0.487733
vt 0.835584 0.450945
vt 0.833949 0.451018
vt 0.826647 0.414491
vt 0.824957 0.414567
vt 0.810930 0.378339
vt 0.809157 0.378418
vt 0.119769 0.331014
vt 0.139014 0.367664
vt 0.137240 0.367679
vt 0.117999 0.331029
vt 0.106463 0.293079
vt 0.104791 0.293093
vt 0.244274 0.026368
vt 0.244273 0.035069
vt 0.242602 0.035069
vt 0.242601 0.026368
vt 0.252810 0.093239
vt 0.254434 0.093239
vt 0.254435 0.101316
vt 0.252812 0.101316
vt 0.478117 0.863192
vt 0.480850 0.887748
vt 0.479228 0.887808
vt 0.476474 0.863253
vt 0.472076 0.841114
vt 0.470379 0.841177
vt 0.462478 0.819253
vt 0.460709 0.819318
vt 0.450441 0.797481
vt 0.448634 0.797548
vt 0.438326 0.775713
vt 0.436557 0.775779
vt 0.905701 0.306857
vt 0.914318 0.328998
vt 0.912549 0.329010
vt 0.903972 0.306870
vt 0.897601 0.283432
vt 0.895927 0.283444
vt 0.560733 0.090062
vt 0.560730 0.098153
vt 0.559056 0.098153
vt 0.559059 0.090062
vt 0.711001 0.612396
vt 0.719436 0.586823
vt 0.721111 0.586829
vt 0.712731 0.612403
vt 0.701971 0.636694
vt 0.703743 0.636702
vt 0.343828 0.763733
vt 0.331142 0.787600
vt 0.329371 0.787532
vt 0.342025 0.763665
vt 0.356166 0.739853
vt 0.354407 0.739786
vt 0.365657 0.715865
vt 0.363971 0.715801
vt 0.371163 0.692176
vt 0.369526 0.692114
vt 0.373229 0.667063
vt 0.371608 0.667002
vt 0.197748 0.465527
vt 0.195977 0.465512
vt 0.209895 0.425314
vt 0.211569 0.425328
vt 0.176248 0.504467
vt 0.178026 0.504481
vt 0.857596 0.557490
vt 0.841559 0.596178
vt 0.839782 0.596131
vt 0.855906 0.557445
vt 0.864759 0.518566
vt 0.863128 0.518523
vt 0.866420 0.479496
vt 0.864800 0.479453
vt 0.867350 0.444567
vt 0.865729 0.444524
vt 0.868117 0.415729
vt 0.866496 0.415685
vt 0.382033 0.067909
vt 0.382033 0.076595
vt 0.380412 0.076595
vt 0.380412 0.067909
vt 0.848921 0.150632
vt 0.849902 0.178899
vt 0.848281 0.178955
vt 0.847300 0.150688
vt 0.847769 0.117418
vt 0.846146 0.117474
vt 0.845088 0.080669
vt 0.843452 0.080726
vt 0.836505 0.044125
vt 0.834814 0.044184
vt 0.821139 0.007816
vt 0.819365 0.007878
vt 0.048337 0.283934
vt 0.067606 0.320573
vt 0.065832 0.320589
vt 0.046566 0.283950
vt 0.035005 0.246007
vt 0.033333 0.246022
vt 0.938434 0.026362
vt 0.938432 0.035067
vt 0.936760 0.035067
vt 0.936760 0.026362
vt 0.080517 0.433546
vt 0.078746 0.433524
vt 0.092833 0.393389
vt 0.094506 0.393410
vt 0.058854 0.472390
vt 0.060631 0.472413
vt 0.877825 0.300423
vt 0.861975 0.339191
vt 0.860198 0.339152
vt 0.876135 0.300386
vt 0.884799 0.261462
vt 0.883168 0.261426
vt 0.886270 0.222381
vt 0.884649 0.222346
vt 0.887030 0.187445
vt 0.885409 0.187409
vt 0.887657 0.158601
vt 0.886035 0.158566
vt 0.034955 0.046750
vt 0.034955 0.055440
vt 0.033333 0.055440
vt 0.033333 0.046750
vt 0.893505 0.492360
vt 0.894218 0.520632
vt 0.892597 0.520673
vt 0.891884 0.492401
vt 0.892666 0.459141
vt 0.891043 0.459182
vt 0.890333 0.422374
vt 0.888696 0.422415
vt 0.882097 0.385755
vt 0.880406 0.385798
vt 0.867076 0.349308
vt 0.865302 0.349352
vt 0.089167 0.316686
vt 0.108434 0.353320
vt 0.106660 0.353335
vt 0.087397 0.316701
vt 0.075838 0.278763
vt 0.074166 0.278778
vt 0.989475 0.007818
vt 0.989473 0.016523
vt 0.987801 0.016524
vt 0.987801 0.007818
vt 0.967384 0.103042
vt 0.969007 0.103042
vt 0.969007 0.111106
vt 0.967387 0.111106
vt 0.438371 0.832256
vt 0.441408 0.856781
vt 0.439786 0.856861
vt 0.436728 0.832338
vt 0.432056 0.810252
vt 0.430359 0.810337
vt 0.422186 0.788508
vt 0.420418 0.788596
vt 0.409878 0.766884
vt 0.408072 0.766974
vt 0.397493 0.745265
vt 0.395725 0.745352
vt 0.767874 0.403089
vt 0.776477 0.425247
vt 0.774706 0.425258
vt 0.766145 0.403099
vt 0.759791 0.379645
vt 0.758116 0.379655
vt 0.861875 0.089458
vt 0.861873 0.097550
vt 0.860198 0.097550
vt 0.860201 0.089458
vt 0.466208 0.534066
vt 0.474860 0.508573
vt 0.476534 0.508594
vt 0.467939 0.534088
vt 0.456974 0.558279
vt 0.458746 0.558302
vt 0.558099 0.783140
vt 0.545515 0.807061
vt 0.543744 0.807002
vt 0.556295 0.783080
vt 0.570334 0.759208
vt 0.568574 0.759149
vt 0.579722 0.735179
vt 0.578036 0.735123
vt 0.585126 0.711467
vt 0.583489 0.711412
vt 0.587084 0.686346
vt 0.585464 0.686291
vt 0.650930 0.095342
vt 0.652554 0.095342
vt 0.652554 0.103414
vt 0.650933 0.103414
vt 0.049677 0.857955
vt 0.052495 0.882504
vt 0.050872 0.882570
vt 0.048033 0.858022
vt 0.043559 0.835897
vt 0.041862 0.835966
vt 0.033885 0.814067
vt 0.032116 0.814139
vt 0.021772 0.792336
vt 0.019965 0.792410
vt 0.009581 0.770608
vt 0.007812 0.770680
vt 0.844384 0.403148
vt 0.852938 0.425330
vt 0.851167 0.425337
vt 0.842655 0.403155
vt 0.836352 0.379683
vt 0.834678 0.379689
vt 0.974167 0.084826
vt 0.974164 0.092922
vt 0.972488 0.092922
vt 0.972491 0.084826
vt 0.818235 0.584841
vt 0.826721 0.559301
vt 0.828395 0.559311
vt 0.819964 0.584851
vt 0.809157 0.609105
vt 0.810929 0.609116
vt 0.313102 0.774719
vt 0.300518 0.798640
vt 0.298747 0.798580
vt 0.311298 0.774658
vt 0.325337 0.750786
vt 0.323577 0.750726
vt 0.334726 0.726757
vt 0.333039 0.726700
vt 0.340129 0.703044
vt 0.338493 0.702989
vt 0.342088 0.677923
vt 0.340467 0.677868
vt 0.329289 0.289762
vt 0.315187 0.329952
vt 0.313416 0.329937
vt 0.327615 0.289747
vt 0.938433 0.053888
vt 0.936761 0.053888
vt 0.936760 0.045186
vt 0.938433 0.045186
vt 0.104584 0.217904
vt 0.102814 0.217912
vt 0.089478 0.179926
vt 0.091151 0.179918
vt 0.123708 0.254629
vt 0.121934 0.254636
vt 0.892142 0.044240
vt 0.890451 0.044286
vt 0.875510 0.007865
vt 0.877284 0.007817
vt 0.900297 0.080846
vt 0.898660 0.080890
vt 0.902660 0.117609
vt 0.901037 0.117653
vt 0.903561 0.150826
vt 0.901940 0.150870
vt 0.904330 0.179095
vt 0.902709 0.179139
vt 0.371826 0.055788
vt 0.370204 0.055788
vt 0.370204 0.047098
vt 0.371826 0.047098
vt 0.837271 0.659153
vt 0.835651 0.659099
vt 0.836602 0.630262
vt 0.838223 0.630316
vt 0.836119 0.694080
vt 0.834499 0.694026
vt 0.834236 0.733145
vt 0.832605 0.733091
vt 0.826983 0.772033
vt 0.825293 0.771977
vt 0.810934 0.810630
vt 0.809157 0.810572
vt 0.295420 0.368897
vt 0.293642 0.368882
vt 0.610008 0.323757
vt 0.595909 0.363940
vt 0.594138 0.363924
vt 0.608335 0.323742
vt 0.331045 0.034889
vt 0.329372 0.034889
vt 0.329371 0.026183
vt 0.331045 0.026183
vt 0.441773 0.109074
vt 0.440003 0.109097
vt 0.426349 0.071224
vt 0.428021 0.071203
vt 0.461204 0.145637
vt 0.459429 0.145660
vt 0.917585 0.044276
vt 0.915894 0.044318
vt 0.901031 0.007861
vt 0.902805 0.007817
vt 0.925660 0.080902
vt 0.924023 0.080943
vt 0.927941 0.117673
vt 0.926320 0.117714
vt 0.928772 0.150894
vt 0.927151 0.150935
vt 0.929479 0.179167
vt 0.927858 0.179208
vt 0.734217 0.057656
vt 0.732596 0.057656
vt 0.732596 0.048968
vt 0.734217 0.048968
vt 0.872099 0.678355
vt 0.870478 0.678312
vt 0.871258 0.649471
vt 0.872879 0.649514
vt 0.871155 0.713288
vt 0.869534 0.713244
vt 0.869504 0.752362
vt 0.867872 0.752318
vt 0.862482 0.791291
vt 0.860792 0.791245
vt 0.846663 0.829982
vt 0.844886 0.829934
vt 0.576146 0.402878
vt 0.574368 0.402863
vt 0.191505 0.185129
vt 0.177390 0.225316
vt 0.175618 0.225300
vt 0.189831 0.185114
vt 0.586249 0.035066
vt 0.584578 0.035066
vt 0.584576 0.026365
vt 0.586250 0.026365
vt 0.773540 0.045690
vt 0.771770 0.045712
vt 0.758116 0.007839
vt 0.759788 0.007818
vt 0.792970 0.082253
vt 0.791196 0.082275
vt 0.917577 0.225718
vt 0.915886 0.225760
vt 0.901031 0.189300
vt 0.902805 0.189256
vt 0.925644 0.262346
vt 0.924007 0.262386
vt 0.927919 0.299117
vt 0.926296 0.299158
vt 0.928741 0.332339
vt 0.927120 0.332379
vt 0.929441 0.360612
vt 0.927820 0.360652
vt 0.045162 0.075155
vt 0.043541 0.075155
vt 0.043541 0.066469
vt 0.045162 0.066469
vt 0.962625 0.805067
vt 0.961003 0.805037
vt 0.961527 0.776192
vt 0.963148 0.776221
vt 0.961990 0.840006
vt 0.960369 0.839976
vt 0.960687 0.879092
vt 0.959055 0.879062
vt 0.954011 0.918081
vt 0.952321 0.918050
vt 0.938537 0.956910
vt 0.936760 0.956878
vt 0.157609 0.264257
vt 0.155832 0.264241
vt 0.635617 0.103301
vt 0.635618 0.095229
vt 0.637242 0.095229
vt 0.637239 0.103301
vt 0.176890 0.701105
vt 0.175253 0.701042
vt 0.177306 0.675929
vt 0.178927 0.675991
vt 0.171507 0.724797
vt 0.169821 0.724732
vt 0.162201 0.748788
vt 0.160441 0.748721
vt 0.149970 0.772667
vt 0.148167 0.772598
vt 0.137186 0.796525
vt 0.135415 0.796457
vt 0.063000 0.409903
vt 0.064730 0.409917
vt 0.055521 0.434171
vt 0.053749 0.434157
vt 0.071685 0.384372
vt 0.073359 0.384386
vt 0.387194 0.094807
vt 0.385519 0.094807
vt 0.385516 0.086714
vt 0.387191 0.086714
vt 0.752831 0.045905
vt 0.751102 0.045925
vt 0.742804 0.022526
vt 0.744478 0.022508
vt 0.761677 0.068016
vt 0.759907 0.068036
vt 0.271910 0.804304
vt 0.270102 0.804371
vt 0.257914 0.782595
vt 0.259683 0.782530
vt 0.283845 0.826089
vt 0.282075 0.826155
vt 0.293241 0.847969
vt 0.291543 0.848031
vt 0.299127 0.870061
vt 0.297483 0.870122
vt 0.301802 0.894631
vt 0.300179 0.894691
vt 0.666242 0.103417
vt 0.666243 0.095349
vt 0.667866 0.095349
vt 0.667863 0.103417
vt 0.605377 0.734817
vt 0.603741 0.734759
vt 0.605726 0.709641
vt 0.607347 0.709699
vt 0.600058 0.758523
vt 0.598372 0.758463
vt 0.590817 0.782539
vt 0.589057 0.782476
vt 0.578651 0.806451
vt 0.576847 0.806386
vt 0.565931 0.830343
vt 0.564160 0.830279
vt 0.787814 0.142400
vt 0.789544 0.142416
vt 0.780305 0.166667
vt 0.778532 0.166651
vt 0.796531 0.116872
vt 0.798206 0.116888
vt 0.239174 0.099955
vt 0.237500 0.099955
vt 0.237497 0.091867
vt 0.239171 0.091867
vt 0.645480 0.166131
vt 0.643751 0.166138
vt 0.635617 0.142677
vt 0.637292 0.142670
vt 0.654171 0.188308
vt 0.652400 0.188315
vt 0.853912 0.029497
vt 0.852106 0.029576
vt 0.839782 0.007893
vt 0.841550 0.007816
vt 0.865983 0.051191
vt 0.864214 0.051268
vt 0.875517 0.072995
vt 0.873820 0.073069
vt 0.881545 0.095036
vt 0.879902 0.095107
vt 0.884379 0.119573
vt 0.882757 0.119644
vt 0.681554 0.103100
vt 0.681555 0.095028
vt 0.683179 0.095028
vt 0.683176 0.103100
vt 0.691087 0.764665
vt 0.689450 0.764625
vt 0.691157 0.739486
vt 0.692778 0.739526
vt 0.686031 0.788428
vt 0.684344 0.788386
vt 0.677056 0.812545
vt 0.675296 0.812501
vt 0.665156 0.836589
vt 0.663352 0.836545
vt 0.652702 0.860620
vt 0.650930 0.860577
vt 0.614215 0.489526
vt 0.615945 0.489537
vt 0.606765 0.513811
vt 0.604993 0.513799
vt 0.622869 0.463976
vt 0.624544 0.463988
vt 0.223862 0.099893
vt 0.222188 0.099893
vt 0.222185 0.091805
vt 0.223859 0.091805
vt 0.278057 0.147902
vt 0.276328 0.147915
vt 0.268122 0.124484
vt 0.269796 0.124472
vt 0.286817 0.170048
vt 0.285046 0.170061
vt 0.399586 0.803703
vt 0.397780 0.803777
vt 0.385516 0.782047
vt 0.387285 0.781975
vt 0.411596 0.825443
vt 0.409827 0.825515
vt 0.421068 0.847287
vt 0.419370 0.847356
vt 0.427031 0.869356
vt 0.425387 0.869422
vt 0.429791 0.893912
vt 0.428168 0.893978
vt 0.354892 0.137047
vt 0.355871 0.137047
vt 0.355873 0.145264
vt 0.354892 0.145264
vt 0.120104 0.140428
vt 0.121084 0.140428
vt 0.121083 0.148643
vt 0.120103 0.148643
vt 0.349788 0.118229
vt 0.350767 0.118229
vt 0.350767 0.126928
vt 0.349788 0.126928
vt 0.130311 0.299599
vt 0.131291 0.299587
vt 0.144931 0.337277
vt 0.143892 0.337290
vt 0.895927 0.604725
vt 0.896907 0.604717
vt 0.910278 0.642461
vt 0.909238 0.642470
vt 0.380412 0.427600
vt 0.381392 0.427587
vt 0.394976 0.465463
vt 0.393936 0.465476
vt 0.164347 0.373907
vt 0.163302 0.373920
vt 0.929536 0.679168
vt 0.928490 0.679177
vt 0.414385 0.502030
vt 0.413339 0.502043
vt 0.936760 0.545935
vt 0.937805 0.545908
vt 0.952707 0.582411
vt 0.951712 0.582437
vt 0.921447 0.594699
vt 0.922493 0.594671
vt 0.937503 0.631175
vt 0.936508 0.631201
vt 0.967384 0.007825
vt 0.968430 0.007818
vt 0.982670 0.044545
vt 0.981674 0.044551
vt 0.960877 0.619090
vt 0.959915 0.619115
vt 0.945746 0.667856
vt 0.944783 0.667881
vt 0.990156 0.081316
vt 0.989193 0.081322
vt 0.963214 0.655921
vt 0.962261 0.655946
vt 0.948108 0.704691
vt 0.947155 0.704716
vt 0.991784 0.118125
vt 0.990831 0.118131
vt 0.964081 0.689188
vt 0.963129 0.689212
vt 0.948979 0.737963
vt 0.948027 0.737988
vt 0.992002 0.151358
vt 0.991049 0.151365
vt 0.964812 0.717232
vt 0.963859 0.717256
vt 0.949715 0.766011
vt 0.948762 0.766036
vt 0.992188 0.179642
vt 0.991234 0.179648
vt 0.446766 0.190168
vt 0.447719 0.190168
vt 0.447719 0.198370
vt 0.446766 0.198370
vt 0.804053 0.189812
vt 0.805006 0.189812
vt 0.805006 0.198015
vt 0.804053 0.198015
vt 0.875510 0.129761
vt 0.876463 0.129761
vt 0.876463 0.138447
vt 0.875510 0.138447
vt 0.942278 0.776155
vt 0.943231 0.776178
vt 0.942539 0.804763
vt 0.941586 0.804740
vt 0.927038 0.700160
vt 0.927990 0.700182
vt 0.927315 0.728759
vt 0.926362 0.728737
vt 0.932053 0.414056
vt 0.933005 0.414079
vt 0.932326 0.442917
vt 0.931373 0.442895
vt 0.941696 0.839652
vt 0.940743 0.839629
vt 0.926490 0.763637
vt 0.925538 0.763615
vt 0.931503 0.477847
vt 0.930550 0.477824
vt 0.940148 0.878669
vt 0.939189 0.878646
vt 0.924953 0.802642
vt 0.923994 0.802619
vt 0.929972 0.516919
vt 0.929014 0.516896
vt 0.933180 0.917554
vt 0.932188 0.917530
vt 0.917941 0.841518
vt 0.916949 0.841494
vt 0.922995 0.555863
vt 0.922003 0.555840
vt 0.917385 0.956226
vt 0.916343 0.956201
vt 0.902072 0.880184
vt 0.901031 0.880159
vt 0.907177 0.594599
vt 0.906135 0.594575
vt 0.427391 0.937120
vt 0.426349 0.937111
vt 0.851032 0.618209
vt 0.849990 0.618196
vt 0.641764 0.942779
vt 0.640722 0.942771
vt 0.370204 0.143583
vt 0.371184 0.143583
vt 0.371185 0.151798
vt 0.370204 0.151798
vt 0.967385 0.140044
vt 0.968365 0.140044
vt 0.968365 0.148259
vt 0.967384 0.148259
vt 0.860198 0.107669
vt 0.861180 0.107669
vt 0.861180 0.116387
vt 0.860198 0.116387
vt 0.451870 0.597328
vt 0.452850 0.597319
vt 0.466340 0.635063
vt 0.465300 0.635072
vt 0.477390 0.604147
vt 0.478371 0.604139
vt 0.491746 0.641896
vt 0.490706 0.641905
vt 0.324267 0.436536
vt 0.325247 0.436524
vt 0.338806 0.474405
vt 0.337766 0.474417
vt 0.485610 0.671770
vt 0.484564 0.671779
vt 0.511011 0.678616
vt 0.509965 0.678624
vt 0.358191 0.510981
vt 0.357146 0.510994
vt 0.967384 0.577487
vt 0.968430 0.577480
vt 0.982618 0.614269
vt 0.981622 0.614276
vt 0.946968 0.395965
vt 0.948014 0.395941
vt 0.962905 0.432487
vt 0.961910 0.432510
vt 0.962280 0.165440
vt 0.963326 0.165416
vt 0.978163 0.201895
vt 0.977168 0.201918
vt 0.990070 0.651102
vt 0.989107 0.651109
vt 0.971029 0.469188
vt 0.970067 0.469210
vt 0.986251 0.238530
vt 0.985289 0.238552
vt 0.991687 0.687973
vt 0.990734 0.687980
vt 0.973274 0.506025
vt 0.972321 0.506047
vt 0.988484 0.275299
vt 0.987531 0.275321
vt 0.991904 0.721253
vt 0.990951 0.721259
vt 0.974039 0.539294
vt 0.973087 0.539316
vt 0.989248 0.308517
vt 0.988295 0.308538
vt 0.992087 0.749307
vt 0.991134 0.749313
vt 0.974685 0.567340
vt 0.973732 0.567362
vt 0.989898 0.336786
vt 0.988946 0.336808
vt 0.114999 0.191189
vt 0.115951 0.191189
vt 0.115951 0.199384
vt 0.114999 0.199384
vt 0.431453 0.183812
vt 0.432406 0.183812
vt 0.432406 0.192014
vt 0.431453 0.192014
vt 0.104791 0.121906
vt 0.105743 0.121906
vt 0.105743 0.130592
vt 0.104791 0.130592
vt 0.197090 0.771918
vt 0.198043 0.771941
vt 0.197349 0.800522
vt 0.196397 0.800499
vt 0.911867 0.414214
vt 0.912819 0.414237
vt 0.912122 0.442816
vt 0.911169 0.442792
vt 0.957327 0.215321
vt 0.958280 0.215342
vt 0.957640 0.244183
vt 0.956687 0.244162
vt 0.196503 0.835406
vt 0.195550 0.835383
vt 0.911270 0.477696
vt 0.910317 0.477673
vt 0.956865 0.279116
vt 0.955912 0.279094
vt 0.194952 0.874417
vt 0.193993 0.874394
vt 0.909702 0.516703
vt 0.908744 0.516680
vt 0.955388 0.318192
vt 0.954429 0.318171
vt 0.187981 0.913297
vt 0.186989 0.913273
vt 0.902660 0.555576
vt 0.901668 0.555552
vt 0.948463 0.357148
vt 0.947471 0.357126
vt 0.172186 0.951962
vt 0.171144 0.951937
vt 0.886760 0.594233
vt 0.885719 0.594208
vt 0.932697 0.395908
vt 0.931656 0.395885
vt 0.718325 0.940531
vt 0.717283 0.940523
vt 0.289580 0.772155
vt 0.288538 0.772146
vt 0.723429 0.636848
vt 0.722387 0.636835
vt 0.033333 0.139962
vt 0.034313 0.139962
vt 0.034314 0.148178
vt 0.033333 0.148178
vt 0.431454 0.132020
vt 0.432434 0.132020
vt 0.432434 0.140238
vt 0.431453 0.140238
vt 0.967385 0.121226
vt 0.968364 0.121226
vt 0.968364 0.129924
vt 0.967384 0.129924
vt 0.084374 0.516870
vt 0.085355 0.516861
vt 0.098849 0.554618
vt 0.097809 0.554627
vt 0.227289 0.505535
vt 0.228269 0.505523
vt 0.241766 0.543223
vt 0.240727 0.543236
vt 0.885719 0.316117
vt 0.886699 0.316105
vt 0.900283 0.353984
vt 0.899243 0.353997
vt 0.118126 0.591337
vt 0.117080 0.591346
vt 0.261147 0.579866
vt 0.260102 0.579878
vt 0.919694 0.390554
vt 0.918648 0.390567
vt 0.967384 0.323072
vt 0.968430 0.323065
vt 0.982619 0.359857
vt 0.981623 0.359864
vt 0.375308 0.805263
vt 0.376354 0.805239
vt 0.391245 0.841784
vt 0.390250 0.841807
vt 0.007812 0.808273
vt 0.008858 0.808249
vt 0.023697 0.844734
vt 0.022702 0.844757
vt 0.990071 0.396693
vt 0.989108 0.396699
vt 0.399369 0.878485
vt 0.398407 0.878507
vt 0.031785 0.881373
vt 0.030823 0.881396
vt 0.991689 0.433566
vt 0.990736 0.433573
vt 0.401613 0.915322
vt 0.400660 0.915344
vt 0.034017 0.918148
vt 0.033064 0.918170
vt 0.991906 0.466848
vt 0.990953 0.466854
vt 0.402379 0.948590
vt 0.401426 0.948612
vt 0.034780 0.951370
vt 0.033828 0.951392
vt 0.992089 0.494904
vt 0.991136 0.494911
vt 0.403025 0.976636
vt 0.402072 0.976657
vt 0.035430 0.979644
vt 0.034477 0.979666
vt 0.722387 0.168491
vt 0.723340 0.168491
vt 0.723340 0.176693
vt 0.722387 0.176693
vt 0.860198 0.163524
vt 0.861151 0.163524
vt 0.861151 0.171726
vt 0.860198 0.171726
vt 0.860198 0.126506
vt 0.861151 0.126506
vt 0.861151 0.135192
vt 0.860198 0.135192
vt 0.891803 0.651843
vt 0.892756 0.651869
vt 0.891975 0.680455
vt 0.891022 0.680429
vt 0.906916 0.699803
vt 0.907869 0.699827
vt 0.907148 0.728414
vt 0.906195 0.728390
vt 0.957402 0.033827
vt 0.958355 0.033849
vt 0.957704 0.062695
vt 0.956751 0.062673
vt 0.891023 0.715345
vt 0.890070 0.715319
vt 0.906268 0.763306
vt 0.905315 0.763282
vt 0.956915 0.097633
vt 0.955962 0.097611
vt 0.889352 0.754360
vt 0.888393 0.754334
vt 0.904668 0.802324
vt 0.903710 0.802300
vt 0.955422 0.136716
vt 0.954464 0.136695
vt 0.882261 0.793228
vt 0.881269 0.793201
vt 0.897592 0.841204
vt 0.896600 0.841179
vt 0.948481 0.175677
vt 0.947489 0.175654
vt 0.866344 0.831854
vt 0.865302 0.831826
vt 0.881656 0.879860
vt 0.880615 0.879834
vt 0.932697 0.214437
vt 0.931656 0.214414
vt 0.825511 0.920746
vt 0.824469 0.920737
vt 0.437600 0.543841
vt 0.436557 0.543828
vt 0.095624 0.942152
vt 0.094582 0.942143
vt 0.254200 0.712303
vt 0.255153 0.712341
vt 0.253055 0.737192
vt 0.252093 0.737153
vt 0.667043 0.738192
vt 0.667996 0.738225
vt 0.666038 0.763086
vt 0.665076 0.763053
vt 0.851110 0.731047
vt 0.852063 0.731083
vt 0.850023 0.756194
vt 0.849062 0.756158
vt 0.247571 0.760822
vt 0.246582 0.760782
vt 0.660647 0.786747
vt 0.659658 0.786713
vt 0.844583 0.779885
vt 0.843594 0.779847
vt 0.238141 0.784726
vt 0.237111 0.784684
vt 0.651286 0.810706
vt 0.650256 0.810671
vt 0.835184 0.803877
vt 0.834153 0.803838
vt 0.225816 0.808513
vt 0.224761 0.808470
vt 0.639062 0.834567
vt 0.638007 0.834531
vt 0.822906 0.827760
vt 0.821851 0.827721
vt 0.213013 0.832280
vt 0.211977 0.832238
vt 0.626446 0.858414
vt 0.625409 0.858379
vt 0.810194 0.851628
vt 0.809157 0.851589
vt 0.059890 0.918968
vt 0.058854 0.918961
vt 0.068027 0.894766
vt 0.069036 0.894773
vt 0.478427 0.940577
vt 0.477390 0.940570
vt 0.486506 0.916375
vt 0.487515 0.916382
vt 0.054787 0.689550
vt 0.053749 0.689537
vt 0.063058 0.665320
vt 0.064068 0.665333
vt 0.076618 0.869541
vt 0.077595 0.869547
vt 0.495033 0.891149
vt 0.496011 0.891156
vt 0.071791 0.639823
vt 0.072769 0.639836
vt 0.217081 0.194011
vt 0.218057 0.194011
vt 0.218060 0.201602
vt 0.217082 0.201602
vt 0.130314 0.193602
vt 0.131292 0.193602
vt 0.131291 0.201206
vt 0.130311 0.201206
vt 0.860199 0.145311
vt 0.861177 0.145311
vt 0.861178 0.153404
vt 0.860198 0.153404
vt 0.436557 0.684451
vt 0.437537 0.684441
vt 0.445796 0.707659
vt 0.444782 0.707669
vt 0.227289 0.879880
vt 0.228269 0.879873
vt 0.236400 0.903135
vt 0.235386 0.903142
vt 0.405933 0.649674
vt 0.406912 0.649664
vt 0.415157 0.673055
vt 0.414143 0.673066
vt 0.454565 0.729836
vt 0.453520 0.729847
vt 0.245048 0.925357
vt 0.244002 0.925364
vt 0.423910 0.695161
vt 0.422865 0.695172
vt 0.242601 0.805896
vt 0.243646 0.805860
vt 0.255777 0.827720
vt 0.254710 0.827757
vt 0.053749 0.785710
vt 0.054794 0.785674
vt 0.066883 0.807541
vt 0.065815 0.807578
vt 0.467182 0.784491
vt 0.468226 0.784450
vt 0.480435 0.806186
vt 0.479367 0.806228
vt 0.267693 0.849588
vt 0.266648 0.849624
vt 0.078848 0.829414
vt 0.077803 0.829450
vt 0.492473 0.827929
vt 0.491429 0.827970
vt 0.277104 0.871543
vt 0.276104 0.871577
vt 0.088351 0.851371
vt 0.087350 0.851406
vt 0.502030 0.849769
vt 0.501030 0.849809
vt 0.282989 0.893687
vt 0.282023 0.893720
vt 0.094305 0.873518
vt 0.093339 0.873552
vt 0.508052 0.871832
vt 0.507086 0.871870
vt 0.285614 0.918024
vt 0.284661 0.918057
vt 0.510814 0.896380
vt 0.509861 0.896418
vt 0.096957 0.897862
vt 0.096003 0.897895
vt 0.743439 0.739073
vt 0.744392 0.739105
vt 0.742451 0.763970
vt 0.741489 0.763937
vt 0.646701 0.734000
vt 0.647655 0.734034
vt 0.645683 0.758900
vt 0.644721 0.758866
vt 0.381540 0.721363
vt 0.382493 0.721399
vt 0.380452 0.746515
vt 0.379491 0.746479
vt 0.737116 0.787636
vt 0.736127 0.787602
vt 0.640278 0.782563
vt 0.639289 0.782529
vt 0.375011 0.770209
vt 0.374022 0.770172
vt 0.727836 0.811601
vt 0.726806 0.811565
vt 0.630902 0.806523
vt 0.629871 0.806487
vt 0.365611 0.794205
vt 0.364580 0.794167
vt 0.715661 0.835466
vt 0.714606 0.835430
vt 0.618662 0.830382
vt 0.617606 0.830346
vt 0.353331 0.818093
vt 0.352276 0.818054
vt 0.703008 0.859315
vt 0.701971 0.859279
vt 0.606030 0.854228
vt 0.604993 0.854192
vt 0.340616 0.841965
vt 0.339579 0.841926
vt 0.902068 0.933019
vt 0.901031 0.933014
vt 0.910140 0.908795
vt 0.911149 0.908799
vt 0.121140 0.942708
vt 0.120103 0.942704
vt 0.129160 0.918472
vt 0.130169 0.918476
vt 0.697904 0.810336
vt 0.696867 0.810329
vt 0.706018 0.786052
vt 0.707028 0.786059
vt 0.918664 0.883547
vt 0.919641 0.883551
vt 0.137624 0.893211
vt 0.138602 0.893215
vt 0.714585 0.760500
vt 0.715563 0.760506
vt 0.589681 0.197474
vt 0.590657 0.197474
vt 0.590660 0.205065
vt 0.589682 0.205065
vt 0.390623 0.195100
vt 0.391600 0.195100
vt 0.391599 0.202691
vt 0.390620 0.202691
vt 0.472287 0.149704
vt 0.473265 0.149704
vt 0.473266 0.157797
vt 0.472286 0.157797
vt 0.849990 0.360077
vt 0.850970 0.360070
vt 0.859164 0.383318
vt 0.858150 0.383325
vt 0.314059 0.894731
vt 0.315039 0.894725
vt 0.323169 0.917986
vt 0.322155 0.917993
vt 0.502911 0.608219
vt 0.503891 0.608210
vt 0.512126 0.631634
vt 0.511111 0.631643
vt 0.867872 0.405526
vt 0.866827 0.405534
vt 0.331818 0.940208
vt 0.330772 0.940215
vt 0.520871 0.653771
vt 0.519825 0.653781
vt 0.768324 0.809457
vt 0.769369 0.809424
vt 0.781440 0.831319
vt 0.780372 0.831353
vt 0.523327 0.800530
vt 0.524372 0.800495
vt 0.536441 0.822374
vt 0.535373 0.822410
vt 0.227289 0.834791
vt 0.228334 0.834773
vt 0.240052 0.856792
vt 0.238984 0.856809
vt 0.793295 0.853221
vt 0.792250 0.853254
vt 0.548387 0.844256
vt 0.547341 0.844291
vt 0.251600 0.878812
vt 0.250555 0.878830
vt 0.802645 0.875202
vt 0.801645 0.875234
vt 0.557870 0.866221
vt 0.556870 0.866255
vt 0.260664 0.900875
vt 0.259662 0.900892
vt 0.808468 0.897363
vt 0.807502 0.897394
vt 0.563805 0.888374
vt 0.562838 0.888406
vt 0.266186 0.923080
vt 0.265219 0.923096
vt 0.811026 0.921709
vt 0.810072 0.921739
vt 0.268392 0.947696
vt 0.267438 0.947712
vt 0.566435 0.912719
vt 0.565481 0.912751
vt 0.768753 0.739327
vt 0.769707 0.739358
vt 0.767807 0.764223
vt 0.766845 0.764191
vt 0.136803 0.712126
vt 0.137756 0.712164
vt 0.135676 0.737017
vt 0.134715 0.736979
vt 0.626534 0.724964
vt 0.627487 0.725000
vt 0.625447 0.750114
vt 0.624485 0.750078
vt 0.762513 0.787895
vt 0.761523 0.787863
vt 0.130171 0.760653
vt 0.129182 0.760614
vt 0.620006 0.773807
vt 0.619017 0.773770
vt 0.753274 0.811873
vt 0.752244 0.811839
vt 0.120692 0.784567
vt 0.119662 0.784527
vt 0.610606 0.797801
vt 0.609576 0.797763
vt 0.741140 0.835756
vt 0.740085 0.835721
vt 0.108352 0.808370
vt 0.107297 0.808328
vt 0.598327 0.821688
vt 0.597272 0.821648
vt 0.728528 0.859623
vt 0.727491 0.859589
vt 0.095619 0.832157
vt 0.094582 0.832116
vt 0.585613 0.845558
vt 0.584576 0.845519
vt 0.309992 0.393728
vt 0.308955 0.393714
vt 0.318291 0.369566
vt 0.319300 0.369580
vt 0.820402 0.889461
vt 0.819365 0.889450
vt 0.828577 0.865291
vt 0.829586 0.865302
vt 0.503948 0.775508
vt 0.502911 0.775494
vt 0.512215 0.751289
vt 0.513224 0.751303
vt 0.327051 0.344383
vt 0.328029 0.344396
vt 0.837204 0.840099
vt 0.838182 0.840109
vt 0.520943 0.725805
vt 0.521921 0.725818
vt 0.405933 0.197036
vt 0.406909 0.197036
vt 0.406912 0.204627
vt 0.405934 0.204627
vt 0.288541 0.065750
vt 0.289521 0.065750
vt 0.289520 0.073366
vt 0.288538 0.073366
vt 0.298747 0.157048
vt 0.299726 0.157048
vt 0.299727 0.165141
vt 0.298747 0.165141
vt 0.074166 0.556567
vt 0.075146 0.556558
vt 0.083409 0.579788
vt 0.082396 0.579798
vt 0.160936 0.519708
vt 0.161916 0.519693
vt 0.170229 0.542883
vt 0.169215 0.542897
vt 0.941864 0.486816
vt 0.942844 0.486801
vt 0.951195 0.510170
vt 0.950181 0.510185
vt 0.092183 0.601978
vt 0.091138 0.601988
vt 0.179052 0.565028
vt 0.178007 0.565043
vt 0.960049 0.532250
vt 0.959004 0.532265
vt 0.298747 0.808791
vt 0.299791 0.808756
vt 0.311907 0.830633
vt 0.310839 0.830669
vt 0.492703 0.785747
vt 0.493747 0.785712
vt 0.505817 0.807590
vt 0.504749 0.807626
vt 0.120103 0.815462
vt 0.121148 0.815435
vt 0.133080 0.837338
vt 0.132011 0.837366
vt 0.323807 0.852518
vt 0.322762 0.852553
vt 0.517762 0.829473
vt 0.516717 0.829509
vt 0.144842 0.859246
vt 0.143797 0.859273
vt 0.333202 0.874487
vt 0.332201 0.874521
vt 0.527247 0.851440
vt 0.526246 0.851473
vt 0.154120 0.881219
vt 0.153119 0.881245
vt 0.339068 0.896643
vt 0.338102 0.896675
vt 0.533181 0.873592
vt 0.532215 0.873625
vt 0.159858 0.903369
vt 0.158891 0.903394
vt 0.341673 0.920990
vt 0.340719 0.921022
vt 0.162304 0.927963
vt 0.161350 0.927988
vt 0.535811 0.897939
vt 0.534858 0.897971
vt 0.508973 0.198596
vt 0.551009 0.192008
vt 0.550785 0.192303
vt 0.509040 0.198832
vt 0.505127 0.187024
vt 0.463105 0.180458
vt 0.463172 0.180222
vt 0.504902 0.186730
vt 0.551387 0.200719
vt 0.551139 0.200503
vt 0.505500 0.178314
vt 0.505253 0.178530
vt 0.511689 0.206948
vt 0.511620 0.206713
vt 0.465819 0.172105
vt 0.465750 0.172340
vt 0.473673 0.223199
vt 0.473551 0.222986
vt 0.427801 0.155871
vt 0.427680 0.156084
vt 0.442079 0.246691
vt 0.441908 0.246516
vt 0.396191 0.132365
vt 0.396019 0.132540
vt 0.419277 0.276473
vt 0.419067 0.276348
vt 0.373378 0.102581
vt 0.373168 0.102706
vt 0.404476 0.310154
vt 0.404241 0.310086
vt 0.358559 0.068910
vt 0.358324 0.068977
vt 0.399689 0.342991
vt 0.399446 0.342972
vt 0.353762 0.036064
vt 0.353520 0.036083
vt 0.399304 0.371239
vt 0.399064 0.370993
vt 0.353366 0.007818
vt 0.353126 0.008064
vt 0.390620 0.371131
vt 0.390867 0.370891
vt 0.344683 0.007932
vt 0.344930 0.008172
vt 0.391019 0.342305
vt 0.391262 0.342324
vt 0.345092 0.036759
vt 0.345335 0.036740
vt 0.396055 0.307740
vt 0.396291 0.307803
vt 0.350140 0.071322
vt 0.350376 0.071259
vt 0.410632 0.271469
vt 0.410843 0.271594
vt 0.364723 0.107593
vt 0.364934 0.107468
vt 0.435411 0.240668
vt 0.435581 0.240844
vt 0.389521 0.138388
vt 0.389691 0.138212
vt 0.468672 0.215320
vt 0.468794 0.215533
vt 0.422807 0.163732
vt 0.422929 0.163520
vt 0.171893 0.410339
vt 0.213956 0.403696
vt 0.213732 0.403992
vt 0.171960 0.410574
vt 0.519891 0.598350
vt 0.477856 0.591646
vt 0.477924 0.591410
vt 0.519668 0.598055
vt 0.214344 0.412407
vt 0.214096 0.412191
vt 0.520292 0.589641
vt 0.520044 0.589856
vt 0.174616 0.418688
vt 0.174547 0.418452
vt 0.480594 0.583301
vt 0.480525 0.583536
vt 0.136619 0.434994
vt 0.136497 0.434782
vt 0.442629 0.566936
vt 0.442507 0.567148
vt 0.105068 0.458483
vt 0.104896 0.458308
vt 0.411110 0.543371
vt 0.410938 0.543546
vt 0.082296 0.488270
vt 0.082085 0.488145
vt 0.388388 0.513536
vt 0.388177 0.513661
vt 0.067537 0.521968
vt 0.067302 0.521901
vt 0.373680 0.479819
vt 0.373445 0.479885
vt 0.062786 0.554811
vt 0.062544 0.554792
vt 0.368986 0.446959
vt 0.368744 0.446978
vt 0.062433 0.583059
vt 0.062193 0.582813
vt 0.368678 0.418713
vt 0.368438 0.418959
vt 0.053749 0.582960
vt 0.053995 0.582720
vt 0.359996 0.418800
vt 0.360241 0.419041
vt 0.054116 0.554134
vt 0.054359 0.554153
vt 0.360314 0.447627
vt 0.360557 0.447609
vt 0.059114 0.519564
vt 0.059350 0.519628
vt 0.365253 0.482204
vt 0.365490 0.482141
vt 0.073667 0.483286
vt 0.073878 0.483410
vt 0.379740 0.518511
vt 0.379951 0.518387
vt 0.098400 0.452461
vt 0.098570 0.452637
vt 0.404429 0.549378
vt 0.404600 0.549203
vt 0.131594 0.427085
vt 0.131717 0.427297
vt 0.437597 0.574817
vt 0.437719 0.574605
vt 0.534433 0.215907
vt 0.576468 0.209303
vt 0.576244 0.209598
vt 0.534500 0.216143
vt 0.168350 0.398725
vt 0.126323 0.392179
vt 0.126390 0.391943
vt 0.168126 0.398430
vt 0.576849 0.218014
vt 0.576601 0.217798
vt 0.168720 0.390014
vt 0.168472 0.390230
vt 0.537152 0.224258
vt 0.537084 0.224023
vt 0.129033 0.383824
vt 0.128964 0.384059
vt 0.499142 0.240523
vt 0.499020 0.240311
vt 0.091006 0.367607
vt 0.090884 0.367820
vt 0.467555 0.264028
vt 0.467384 0.263853
vt 0.059382 0.344116
vt 0.059211 0.344291
vt 0.444764 0.293819
vt 0.444553 0.293694
vt 0.036554 0.314341
vt 0.036344 0.314466
vt 0.429975 0.327506
vt 0.429739 0.327439
vt 0.021718 0.280675
vt 0.021483 0.280743
vt 0.425199 0.360347
vt 0.424957 0.360328
vt 0.016905 0.247830
vt 0.016663 0.247849
vt 0.424824 0.388596
vt 0.424585 0.388350
vt 0.016495 0.219583
vt 0.016256 0.219829
vt 0.416141 0.388491
vt 0.416387 0.388251
vt 0.007812 0.219701
vt 0.008059 0.219940
vt 0.416529 0.359663
vt 0.416772 0.359682
vt 0.008235 0.248529
vt 0.008477 0.248510
vt 0.421552 0.325095
vt 0.421789 0.325159
vt 0.013299 0.283092
vt 0.013536 0.283028
vt 0.436116 0.288818
vt 0.436327 0.288943
vt 0.027901 0.319357
vt 0.028112 0.319232
vt 0.460884 0.258007
vt 0.461055 0.258183
vt 0.052715 0.350142
vt 0.052885 0.349965
vt 0.494137 0.232646
vt 0.494259 0.232859
vt 0.086015 0.375471
vt 0.086137 0.375259
vt 0.309801 0.406156
vt 0.351868 0.399537
vt 0.351644 0.399832
vt 0.309868 0.406392
vt 0.500121 0.457431
vt 0.458065 0.450881
vt 0.458132 0.450645
vt 0.499897 0.457136
vt 0.352251 0.408248
vt 0.352003 0.408032
vt 0.500491 0.448721
vt 0.500244 0.448937
vt 0.312519 0.414506
vt 0.312450 0.414271
vt 0.460772 0.442527
vt 0.460703 0.442762
vt 0.274513 0.430792
vt 0.274391 0.430579
vt 0.422750 0.426302
vt 0.422628 0.426514
vt 0.242949 0.454262
vt 0.242777 0.454087
vt 0.391147 0.402854
vt 0.390975 0.403029
vt 0.220160 0.484037
vt 0.219950 0.483912
vt 0.368317 0.373104
vt 0.368106 0.373229
vt 0.205383 0.517727
vt 0.205147 0.517660
vt 0.353486 0.339442
vt 0.353251 0.339510
vt 0.200613 0.550567
vt 0.200370 0.550548
vt 0.348672 0.306603
vt 0.348430 0.306622
vt 0.200243 0.578815
vt 0.200004 0.578569
vt 0.348261 0.278359
vt 0.348022 0.278605
vt 0.191560 0.578711
vt 0.191806 0.578471
vt 0.339579 0.278478
vt 0.339826 0.278718
vt 0.191943 0.549885
vt 0.192186 0.549904
vt 0.340003 0.307302
vt 0.340246 0.307283
vt 0.196960 0.515318
vt 0.197196 0.515382
vt 0.345069 0.341859
vt 0.345305 0.341795
vt 0.211533 0.479048
vt 0.211745 0.479172
vt 0.359687 0.378110
vt 0.359898 0.377985
vt 0.236284 0.448237
vt 0.236455 0.448413
vt 0.384488 0.408885
vt 0.384658 0.408709
vt 0.269493 0.422879
vt 0.269615 0.423092
vt 0.417746 0.434201
vt 0.417868 0.433988
vt 0.371495 0.238765
vt 0.413543 0.232258
vt 0.413319 0.232553
vt 0.371562 0.239001
vt 0.418466 0.186925
vt 0.376441 0.180385
vt 0.376508 0.180149
vt 0.418242 0.186630
vt 0.413904 0.240970
vt 0.413657 0.240753
vt 0.418835 0.178214
vt 0.418587 0.178430
vt 0.374195 0.247122
vt 0.374127 0.246887
vt 0.379150 0.172030
vt 0.379081 0.172266
vt 0.336148 0.263299
vt 0.336027 0.263087
vt 0.341123 0.155821
vt 0.341001 0.156033
vt 0.304509 0.286730
vt 0.304338 0.286555
vt 0.309499 0.132335
vt 0.309327 0.132511
vt 0.281649 0.316468
vt 0.281439 0.316342
vt 0.286667 0.102566
vt 0.286457 0.102692
vt 0.266783 0.350120
vt 0.266548 0.350052
vt 0.271827 0.068905
vt 0.271592 0.068973
vt 0.261932 0.382948
vt 0.261690 0.382928
vt 0.267010 0.036063
vt 0.266767 0.036082
vt 0.261493 0.411195
vt 0.261253 0.410949
vt 0.266596 0.007818
vt 0.266357 0.008064
vt 0.252810 0.411070
vt 0.253056 0.410831
vt 0.257914 0.007938
vt 0.258160 0.008177
vt 0.253264 0.382245
vt 0.253507 0.382264
vt 0.258340 0.036763
vt 0.258583 0.036744
vt 0.258367 0.347690
vt 0.258603 0.347754
vt 0.263410 0.071323
vt 0.263646 0.071259
vt 0.273014 0.311448
vt 0.273225 0.311572
vt 0.278016 0.107583
vt 0.278227 0.107459
vt 0.297852 0.280695
vt 0.298022 0.280871
vt 0.302833 0.138362
vt 0.303003 0.138186
vt 0.331162 0.255411
vt 0.331283 0.255624
vt 0.336134 0.163685
vt 0.336256 0.163472
vt 0.559752 0.233259
vt 0.601813 0.226604
vt 0.601590 0.226899
vt 0.559820 0.233494
vt 0.601657 0.187363
vt 0.559619 0.180683
vt 0.559687 0.180447
vt 0.601434 0.187067
vt 0.602204 0.235314
vt 0.601956 0.235098
vt 0.602053 0.178653
vt 0.601805 0.178869
vt 0.562478 0.241607
vt 0.562409 0.241371
vt 0.562352 0.172337
vt 0.562283 0.172572
vt 0.524486 0.257925
vt 0.524364 0.257712
vt 0.524379 0.155994
vt 0.524256 0.156206
vt 0.492943 0.281422
vt 0.492771 0.281247
vt 0.492847 0.132448
vt 0.492675 0.132623
vt 0.470180 0.311216
vt 0.469969 0.311091
vt 0.470108 0.102627
vt 0.469897 0.102752
vt 0.455431 0.344919
vt 0.455196 0.344851
vt 0.455381 0.068919
vt 0.455145 0.068986
vt 0.450690 0.377762
vt 0.450447 0.377744
vt 0.450668 0.036063
vt 0.450425 0.036082
vt 0.450345 0.406010
vt 0.450105 0.405765
vt 0.450344 0.007818
vt 0.450103 0.008063
vt 0.441661 0.405914
vt 0.441907 0.405674
vt 0.441661 0.007910
vt 0.441907 0.008151
vt 0.442020 0.377088
vt 0.442262 0.377107
vt 0.441996 0.036736
vt 0.442239 0.036717
vt 0.447007 0.342517
vt 0.447243 0.342581
vt 0.446956 0.071309
vt 0.447192 0.071246
vt 0.461549 0.306234
vt 0.461760 0.306359
vt 0.461463 0.107607
vt 0.461674 0.107483
vt 0.486273 0.275403
vt 0.486443 0.275579
vt 0.486169 0.138459
vt 0.486340 0.138284
vt 0.519459 0.250017
vt 0.519582 0.250229
vt 0.519351 0.163878
vt 0.519474 0.163666
vt 0.658985 0.399450
vt 0.650930 0.399150
vt 0.651181 0.398917
vt 0.658751 0.399199
vt 0.007812 0.508336
vt 0.015861 0.507894
vt 0.015632 0.508149
vt 0.008069 0.508565
vt 0.651809 0.374018
vt 0.652052 0.374041
vt 0.009246 0.533498
vt 0.009488 0.533473
vt 0.655509 0.350026
vt 0.655743 0.350098
vt 0.012678 0.557570
vt 0.012913 0.557499
vt 0.666615 0.326788
vt 0.666823 0.326918
vt 0.023517 0.580917
vt 0.023725 0.580789
vt 0.683257 0.305737
vt 0.683430 0.305911
vt 0.040069 0.602027
vt 0.040243 0.601855
vt 0.704507 0.289061
vt 0.704636 0.289269
vt 0.061238 0.618774
vt 0.061368 0.618566
vt 0.727943 0.277967
vt 0.728020 0.278200
vt 0.084702 0.629840
vt 0.084778 0.629607
vt 0.754345 0.272851
vt 0.754131 0.273154
vt 0.111106 0.634914
vt 0.110889 0.634611
vt 0.755029 0.280922
vt 0.754773 0.280719
vt 0.111695 0.626835
vt 0.111441 0.627041
vt 0.730788 0.286035
vt 0.730711 0.285803
vt 0.087385 0.622043
vt 0.087308 0.622276
vt 0.709139 0.295809
vt 0.709011 0.295601
vt 0.065856 0.612015
vt 0.065727 0.612223
vt 0.689675 0.311312
vt 0.689503 0.311138
vt 0.046331 0.596607
vt 0.046157 0.596780
vt 0.673982 0.330568
vt 0.673774 0.330439
vt 0.030861 0.577092
vt 0.030649 0.577215
vt 0.664208 0.352319
vt 0.663975 0.352245
vt 0.022073 0.554879
vt 0.021839 0.554951
vt 0.659887 0.374770
vt 0.659645 0.374742
vt 0.017311 0.532517
vt 0.017070 0.532550
vt 0.276171 0.772525
vt 0.268122 0.772213
vt 0.268373 0.771981
vt 0.275937 0.772273
vt 0.426349 0.589228
vt 0.434397 0.588784
vt 0.434169 0.589040
vt 0.426606 0.589457
vt 0.269039 0.747100
vt 0.269281 0.747123
vt 0.427785 0.614389
vt 0.428027 0.614365
vt 0.272771 0.723140
vt 0.273004 0.723213
vt 0.431225 0.638450
vt 0.431459 0.638379
vt 0.283888 0.699956
vt 0.284095 0.700086
vt 0.442056 0.661773
vt 0.442264 0.661644
vt 0.300541 0.678964
vt 0.300714 0.679138
vt 0.458609 0.682856
vt 0.458783 0.682683
vt 0.321820 0.662330
vt 0.321948 0.662538
vt 0.479806 0.699594
vt 0.479936 0.699386
vt 0.345288 0.651299
vt 0.345364 0.651532
vt 0.503301 0.710643
vt 0.503377 0.710410
vt 0.371703 0.646250
vt 0.371488 0.646553
vt 0.529729 0.715698
vt 0.529512 0.715395
vt 0.372367 0.654317
vt 0.372111 0.654114
vt 0.530311 0.707618
vt 0.530057 0.707824
vt 0.348107 0.659370
vt 0.348031 0.659137
vt 0.505974 0.702845
vt 0.505897 0.703078
vt 0.326425 0.669088
vt 0.326298 0.668879
vt 0.484412 0.692828
vt 0.484283 0.693036
vt 0.306910 0.684535
vt 0.306738 0.684361
vt 0.464850 0.677431
vt 0.464677 0.677604
vt 0.291232 0.703755
vt 0.291025 0.703625
vt 0.449388 0.657935
vt 0.449176 0.658058
vt 0.281458 0.725451
vt 0.281225 0.725377
vt 0.440603 0.635755
vt 0.440370 0.635827
vt 0.277109 0.747865
vt 0.276868 0.747837
vt 0.435849 0.613406
vt 0.435608 0.613439
vt 0.674297 0.206355
vt 0.666242 0.206070
vt 0.666493 0.205836
vt 0.674062 0.206104
vt 0.559056 0.008266
vt 0.567103 0.007817
vt 0.566874 0.008072
vt 0.559313 0.008495
vt 0.667078 0.180939
vt 0.667321 0.180962
vt 0.560511 0.033424
vt 0.560752 0.033400
vt 0.670736 0.156945
vt 0.670970 0.157017
vt 0.563963 0.057491
vt 0.564197 0.057420
vt 0.681801 0.133692
vt 0.682009 0.133821
vt 0.574820 0.080828
vt 0.575028 0.080699
vt 0.698404 0.112616
vt 0.698578 0.112789
vt 0.591388 0.101923
vt 0.591562 0.101750
vt 0.719622 0.095905
vt 0.719752 0.096113
vt 0.612570 0.118650
vt 0.612699 0.118442
vt 0.743036 0.084773
vt 0.743113 0.085005
vt 0.636041 0.129695
vt 0.636117 0.129462
vt 0.769425 0.079613
vt 0.769211 0.079916
vt 0.662447 0.134747
vt 0.662231 0.134445
vt 0.770123 0.087681
vt 0.769866 0.087479
vt 0.663030 0.126668
vt 0.662776 0.126874
vt 0.745894 0.092835
vt 0.745817 0.092603
vt 0.638717 0.121897
vt 0.638641 0.122130
vt 0.724266 0.102645
vt 0.724137 0.102436
vt 0.617181 0.111887
vt 0.617052 0.112095
vt 0.704831 0.118179
vt 0.704658 0.118005
vt 0.597645 0.096497
vt 0.597472 0.096670
vt 0.689173 0.137459
vt 0.688965 0.137330
vt 0.582161 0.076996
vt 0.581949 0.077120
vt 0.679438 0.159223
vt 0.679205 0.159149
vt 0.573354 0.054793
vt 0.573121 0.054865
vt 0.675156 0.181678
vt 0.674914 0.181650
vt 0.568574 0.032437
vt 0.568333 0.032470
vt 0.658987 0.639185
vt 0.650930 0.638890
vt 0.651181 0.638656
vt 0.658753 0.638934
vt 0.150727 0.008294
vt 0.158772 0.007817
vt 0.158545 0.008073
vt 0.150985 0.008522
vt 0.651797 0.613751
vt 0.652039 0.613774
vt 0.152271 0.033445
vt 0.152512 0.033419
vt 0.655483 0.589762
vt 0.655717 0.589835
vt 0.155812 0.057486
vt 0.156047 0.057414
vt 0.666563 0.566535
vt 0.666770 0.566665
vt 0.166741 0.080758
vt 0.166948 0.080629
vt 0.683189 0.545490
vt 0.683362 0.545664
vt 0.183381 0.101766
vt 0.183554 0.101593
vt 0.704453 0.528798
vt 0.704582 0.529006
vt 0.204645 0.118411
vt 0.204774 0.118203
vt 0.727920 0.517710
vt 0.727996 0.517943
vt 0.228183 0.129357
vt 0.228257 0.129124
vt 0.754348 0.512603
vt 0.754134 0.512905
vt 0.254627 0.134298
vt 0.254409 0.133997
vt 0.755029 0.520675
vt 0.754772 0.520472
vt 0.255174 0.126217
vt 0.254921 0.126424
vt 0.730757 0.525782
vt 0.730681 0.525549
vt 0.230821 0.121549
vt 0.230746 0.121782
vt 0.709076 0.535553
vt 0.708948 0.535344
vt 0.209221 0.111627
vt 0.209093 0.111835
vt 0.689574 0.551054
vt 0.689402 0.550880
vt 0.189598 0.096316
vt 0.189425 0.096490
vt 0.673922 0.570322
vt 0.673714 0.570193
vt 0.174055 0.076890
vt 0.173843 0.077014
vt 0.664183 0.592058
vt 0.663950 0.591984
vt 0.165177 0.054752
vt 0.164944 0.054824
vt 0.659876 0.614501
vt 0.659634 0.614474
vt 0.160329 0.032428
vt 0.160088 0.032462
vt 0.072013 0.759178
vt 0.063958 0.758887
vt 0.064209 0.758653
vt 0.071779 0.758926
vt 0.615201 0.140052
vt 0.623252 0.139632
vt 0.623022 0.139887
vt 0.615457 0.140282
vt 0.064810 0.733753
vt 0.065052 0.733776
vt 0.616563 0.165221
vt 0.616805 0.165198
vt 0.068484 0.709757
vt 0.068718 0.709830
vt 0.619927 0.189307
vt 0.620162 0.189236
vt 0.079565 0.686508
vt 0.079773 0.686637
vt 0.630700 0.212689
vt 0.630909 0.212561
vt 0.096185 0.665439
vt 0.096358 0.665612
vt 0.647194 0.233849
vt 0.647369 0.233677
vt 0.117416 0.648740
vt 0.117546 0.648947
vt 0.668319 0.250659
vt 0.668449 0.250451
vt 0.140841 0.637621
vt 0.140918 0.637853
vt 0.691754 0.261793
vt 0.691831 0.261561
vt 0.167237 0.632477
vt 0.167023 0.632780
vt 0.718148 0.266944
vt 0.717932 0.266641
vt 0.167930 0.640547
vt 0.167673 0.640344
vt 0.718760 0.258865
vt 0.718506 0.259070
vt 0.143694 0.645686
vt 0.143617 0.645454
vt 0.694460 0.254003
vt 0.694383 0.254236
vt 0.122056 0.655483
vt 0.121928 0.655275
vt 0.672956 0.243912
vt 0.672826 0.244119
vt 0.102608 0.671007
vt 0.102436 0.670833
vt 0.653473 0.228446
vt 0.653299 0.228618
vt 0.086936 0.690280
vt 0.086728 0.690151
vt 0.638057 0.208883
vt 0.637844 0.209006
vt 0.077185 0.712041
vt 0.076952 0.711967
vt 0.629330 0.186642
vt 0.629097 0.186713
vt 0.072889 0.734497
vt 0.072647 0.734469
vt 0.624632 0.164263
vt 0.624390 0.164295
vt 0.230242 0.760609
vt 0.222185 0.760322
vt 0.222436 0.760088
vt 0.230008 0.760358
vt 0.610097 0.573784
vt 0.618144 0.573336
vt 0.617915 0.573592
vt 0.610354 0.574012
vt 0.223028 0.735183
vt 0.223270 0.735205
vt 0.611545 0.598941
vt 0.611787 0.598916
vt 0.226690 0.711190
vt 0.226924 0.711262
vt 0.614996 0.622996
vt 0.615231 0.622925
vt 0.237747 0.687952
vt 0.237955 0.688082
vt 0.625837 0.646310
vt 0.626045 0.646181
vt 0.254353 0.666891
vt 0.254526 0.667064
vt 0.642398 0.667382
vt 0.642572 0.667209
vt 0.275600 0.650178
vt 0.275730 0.650386
vt 0.663600 0.684107
vt 0.663730 0.683900
vt 0.299056 0.639067
vt 0.299133 0.639300
vt 0.687097 0.695143
vt 0.687172 0.694910
vt 0.325480 0.633934
vt 0.325266 0.634237
vt 0.713523 0.700184
vt 0.713306 0.699882
vt 0.326168 0.642006
vt 0.325912 0.641803
vt 0.714101 0.692105
vt 0.713847 0.692311
vt 0.301902 0.647136
vt 0.301825 0.646904
vt 0.689765 0.687345
vt 0.689689 0.687578
vt 0.280230 0.656928
vt 0.280102 0.656719
vt 0.668202 0.677340
vt 0.668073 0.677548
vt 0.260744 0.672448
vt 0.260571 0.672274
vt 0.648635 0.661955
vt 0.648462 0.662128
vt 0.245110 0.691732
vt 0.244902 0.691603
vt 0.633166 0.642469
vt 0.632954 0.642593
vt 0.235393 0.713477
vt 0.235159 0.713403
vt 0.624372 0.620297
vt 0.624138 0.620369
vt 0.231107 0.735924
vt 0.230865 0.735897
vt 0.619607 0.597954
vt 0.619366 0.597987
vt 0.281872 0.464595
vt 0.285838 0.464556
vt 0.286092 0.489906
vt 0.282120 0.490200
vt 0.627327 0.897058
vt 0.627327 0.901039
vt 0.621577 0.901039
vt 0.621577 0.897058
vt 0.537514 0.581983
vt 0.533535 0.581940
vt 0.533788 0.556370
vt 0.537764 0.556672
vt 0.537832 0.527673
vt 0.541708 0.528718
vt 0.550268 0.498856
vt 0.553809 0.500769
vt 0.570754 0.473814
vt 0.573825 0.476480
vt 0.598396 0.454206
vt 0.600517 0.457645
vt 0.630046 0.441708
vt 0.631224 0.445553
vt 0.662690 0.437273
vt 0.662769 0.441264
vt 0.871590 0.923113
vt 0.871590 0.919118
vt 0.877341 0.919118
vt 0.877341 0.923113
vt 0.410957 0.606473
vt 0.410843 0.610461
vt 0.378272 0.605743
vt 0.379480 0.601920
vt 0.346761 0.592941
vt 0.348887 0.589560
vt 0.319245 0.573066
vt 0.322291 0.570460
vt 0.298751 0.547879
vt 0.302305 0.545972
vt 0.286195 0.518975
vt 0.290077 0.517934
vt 0.585932 0.893487
vt 0.585932 0.897482
vt 0.579472 0.897482
vt 0.579472 0.893487
vt 0.254648 0.148656
vt 0.254565 0.152647
vt 0.221993 0.148175
vt 0.223172 0.144341
vt 0.190452 0.135622
vt 0.192557 0.132220
vt 0.162807 0.116020
vt 0.165837 0.113395
vt 0.142183 0.091011
vt 0.145725 0.089103
vt 0.129601 0.062185
vt 0.133479 0.061145
vt 0.125469 0.033453
vt 0.129445 0.033156
vt 0.125207 0.007856
vt 0.129186 0.007818
vt 0.213331 0.892733
vt 0.213331 0.896715
vt 0.206873 0.896715
vt 0.206873 0.892733
vt 0.500209 0.419491
vt 0.496243 0.419430
vt 0.496629 0.393826
vt 0.500600 0.394142
vt 0.500858 0.365074
vt 0.504734 0.366136
vt 0.513570 0.336238
vt 0.517113 0.338164
vt 0.534177 0.311142
vt 0.537253 0.313803
vt 0.561808 0.291411
vt 0.563937 0.294838
vt 0.593401 0.278803
vt 0.594591 0.282642
vt 0.625997 0.274260
vt 0.626089 0.278248
vt 0.634388 0.519001
vt 0.665839 0.514423
vt 0.666504 0.537356
vt 0.641403 0.541165
vt 0.617792 0.551030
vt 0.603827 0.531295
vt 0.595822 0.566217
vt 0.577231 0.550237
vt 0.578041 0.585904
vt 0.557044 0.574399
vt 0.566655 0.608644
vt 0.544293 0.602073
vt 0.562520 0.632322
vt 0.539640 0.629923
vt 0.561570 0.656127
vt 0.538639 0.655213
vt 0.569481 0.123103
vt 0.594567 0.127014
vt 0.593809 0.149944
vt 0.562374 0.145248
vt 0.490117 0.007818
vt 0.490969 0.031627
vt 0.468080 0.033933
vt 0.467182 0.008639
vt 0.495008 0.055322
vt 0.472620 0.061802
vt 0.506301 0.078108
vt 0.485258 0.089527
vt 0.524003 0.097867
vt 0.505325 0.113790
vt 0.545911 0.113142
vt 0.531858 0.132832
vt 0.510638 0.545102
vt 0.510559 0.570683
vt 0.487598 0.570612
vt 0.487676 0.543531
vt 0.514556 0.516366
vt 0.492028 0.510361
vt 0.527280 0.487643
vt 0.506313 0.476072
vt 0.548219 0.462943
vt 0.529991 0.446579
vt 0.576216 0.443844
vt 0.562533 0.423880
vt 0.608055 0.431956
vt 0.601673 0.409579
vt 0.640734 0.405200
vt 0.640742 0.428154
vt 0.229616 0.614951
vt 0.262280 0.618945
vt 0.262137 0.641899
vt 0.223102 0.637290
vt 0.197860 0.602852
vt 0.184047 0.622759
vt 0.169985 0.583594
vt 0.151639 0.599870
vt 0.149169 0.558791
vt 0.128134 0.570238
vt 0.136614 0.529993
vt 0.114051 0.535866
vt 0.132866 0.501235
vt 0.109895 0.502671
vt 0.132937 0.475653
vt 0.109976 0.475590
vt 0.621015 0.901045
vt 0.621015 0.897064
vt 0.989514 0.780672
vt 0.988603 0.806241
vt 0.988042 0.806207
vt 0.988952 0.780651
vt 0.705604 0.954597
vt 0.706924 0.979895
vt 0.706362 0.979923
vt 0.705043 0.954639
vt 0.986211 0.835148
vt 0.985650 0.835089
vt 0.702496 0.926507
vt 0.701936 0.926572
vt 0.982279 0.866321
vt 0.981722 0.866230
vt 0.697603 0.896404
vt 0.697047 0.896503
vt 0.975851 0.898063
vt 0.975301 0.897941
vt 0.690381 0.865729
vt 0.689833 0.865858
vt 0.967932 0.931021
vt 0.967384 0.930895
vt 0.682101 0.834114
vt 0.681554 0.834247
vt 0.594785 0.069263
vt 0.609917 0.038820
vt 0.610436 0.039041
vt 0.595286 0.069518
vt 0.708041 0.383139
vt 0.722455 0.412832
vt 0.721953 0.413086
vt 0.707521 0.383359
vt 0.620967 0.007812
vt 0.621496 0.008001
vt 0.871028 0.923112
vt 0.871028 0.919117
vt 0.697397 0.353126
vt 0.696867 0.353314
vt 0.586494 0.893487
vt 0.586494 0.897482
vt 0.162050 0.197696
vt 0.151027 0.228758
vt 0.150508 0.228538
vt 0.161520 0.197507
vt 0.227757 0.561621
vt 0.217081 0.531636
vt 0.217611 0.531448
vt 0.228276 0.561401
vt 0.135917 0.259257
vt 0.135415 0.259003
vt 0.242204 0.591282
vt 0.242706 0.591026
vt 0.344683 0.978325
vt 0.352577 0.945371
vt 0.353127 0.945492
vt 0.345232 0.978451
vt 0.766644 0.864163
vt 0.758116 0.832607
vt 0.758661 0.832469
vt 0.767191 0.864030
vt 0.358978 0.913624
vt 0.359535 0.913715
vt 0.774097 0.894783
vt 0.774652 0.894681
vt 0.362865 0.882445
vt 0.363425 0.882503
vt 0.779210 0.924848
vt 0.779769 0.924779
vt 0.365208 0.853534
vt 0.365770 0.853568
vt 0.782515 0.952916
vt 0.783076 0.952870
vt 0.366071 0.827963
vt 0.366633 0.827983
vt 0.213894 0.892727
vt 0.213894 0.896708
vt 0.784008 0.978204
vt 0.784569 0.978172
vn 1.000000 -0.000000 0.000000
vn 0.997335 -0.000000 -0.072960
vn 0.997335 -0.000000 -0.072960
vn 1.000000 -0.000001 0.000000
vn 0.116977 0.000001 -0.993135
vn 0.262869 0.000000 -0.964832
vn 0.285149 -0.000000 -0.958483
vn 0.116977 -0.000000 -0.993135
vn 0.510047 -0.000000 -0.860147
vn 0.530807 -0.000000 -0.847493
vn 0.712617 -0.000000 -0.701554
vn 0.723527 -0.000000 -0.690297
vn 0.867346 -0.000000 -0.497705
vn 0.869756 -0.000000 -0.493482
vn 0.964078 -0.000000 -0.265621
vn 0.964186 -0.000000 -0.265227
vn -1.000000 0.000000 -0.000000
vn -1.000000 0.000000 -0.000000
vn -0.998086 0.000000 0.061843
vn -0.998346 0.000000 0.057498
vn -0.267612 0.000000 0.963527
vn -0.130476 0.000000 0.991452
vn -0.130476 0.000000 0.991451
vn -0.286867 0.000000 0.957970
vn -0.528748 0.000000 0.848779
vn -0.509244 -0.000000 0.860622
vn -0.734061 0.000000 0.679084
vn -0.715838 -0.000000 0.698266
vn -0.883369 0.000000 0.468678
vn -0.871811 0.000000 0.489843
vn -0.972350 0.000000 0.233527
vn -0.968142 0.000000 0.250403
vn 0.000000 0.000000 1.000000
vn 0.000000 0.000000 1.000000
vn -0.000000 -0.000000 1.000000
vn -0.000000 -0.000000 1.000000
vn 0.065062 0.996009 0.061105
vn 0.022139 0.998976 0.039468
vn 0.066021 0.993991 0.087315
vn 0.137323 0.983144 0.120712
vn -0.137316 -0.983145 -0.120712
vn -0.066021 -0.993991 -0.087316
vn -0.022139 -0.998975 -0.039471
vn -0.065056 -0.996009 -0.061108
vn -1.000000 -0.000000 -0.000000
vn -1.000000 -0.000000 -0.000000
vn -1.000000 0.000000 0.000000
vn -1.000000 0.000000 0.000000
vn -0.371720 -0.928334 0.004460
vn -0.347985 -0.937196 -0.023859
vn -0.332946 -0.942889 -0.010390
vn -0.332953 -0.942943 -0.000749
vn 0.332952 0.942944 0.000748
vn 0.332946 0.942889 0.010376
vn 0.347990 0.937195 0.023843
vn 0.371708 0.928339 -0.004460
vn -0.444316 -0.895753 -0.014495
vn -0.408413 -0.908966 -0.083547
vn 0.408421 0.908964 0.083531
vn 0.444310 0.895756 0.014498
vn -0.455775 -0.886529 -0.079601
vn -0.445314 -0.880251 -0.163869
vn 0.445320 0.880250 0.163861
vn 0.455774 0.886525 0.079644
vn -0.354409 -0.923684 -0.145608
vn -0.394155 -0.894321 -0.211737
vn 0.394159 0.894320 0.211734
vn 0.354381 0.923689 0.145647
vn -0.192594 -0.969613 -0.150859
vn -0.280341 -0.938304 -0.202472
vn 0.280344 0.938303 0.202472
vn 0.192595 0.969613 0.150860
vn -0.033963 -0.999333 -0.013418
vn -0.000000 -1.000000 -0.000000
vn -0.000000 -1.000000 -0.000000
vn -0.008860 -0.999933 -0.007512
vn -0.113441 -0.993460 -0.012985
vn -0.036022 -0.999351 -0.000123
vn -0.253078 -0.967411 -0.008189
vn -0.172500 -0.985007 -0.002086
vn -0.389370 -0.921064 -0.005695
vn -0.341174 -0.939811 -0.018848
vn -0.452657 -0.891614 -0.011277
vn -0.434639 -0.899329 -0.047910
vn -0.403282 -0.915019 -0.010205
vn -0.402222 -0.914961 -0.032610
vn -0.334973 -0.942227 0.001293
vn -0.334472 -0.942405 0.000902
vn -1.000000 -0.000000 0.000000
vn -1.000000 -0.000001 0.000000
vn -1.000000 0.000000 0.000000
vn -1.000000 0.000000 0.000000
vn 0.334969 0.942228 -0.001291
vn 0.334470 0.942406 -0.000901
vn 0.403269 0.915024 0.010215
vn 0.402220 0.914962 0.032613
vn 0.452651 0.891616 0.011288
vn 0.434640 0.899329 0.047911
vn 0.389334 0.921079 0.005695
vn 0.341174 0.939811 0.018846
vn 0.253038 0.967422 0.008191
vn 0.172498 0.985008 0.002087
vn 0.113440 0.993460 0.012985
vn 0.036020 0.999351 0.000124
vn 0.033962 0.999333 0.013416
vn 0.000002 1.000000 -0.000001
vn 0.008859 0.999933 0.007510
vn 0.000004 1.000000 -0.000000
vn 0.000000 0.000000 1.000000
vn 0.000000 0.000000 1.000000
vn -0.000000 -0.000000 1.000000
vn -0.000000 -0.000000 1.000000
vn -0.997841 0.000000 0.065670
vn -1.000000 0.000000 -0.000000
vn -1.000000 0.000000 -0.000000
vn -0.997540 -0.000000 0.070096
vn -0.964285 -0.000000 0.264868
vn -0.959489 -0.000000 0.281747
vn -0.861549 -0.000000 0.507675
vn -0.848648 0.000000 0.528958
vn -0.699746 0.000000 0.714392
vn -0.679178 0.000000 0.733974
vn -0.491598 0.000000 0.870822
vn -0.468645 -0.000000 0.883386
vn -0.250679 -0.000000 0.968070
vn -0.230082 -0.000001 0.973171
vn -0.130476 -0.000000 0.991452
vn -0.130476 -0.000001 0.991452
vn -1.000000 -0.000000 0.000000
vn -1.000000 -0.000000 0.000000
vn -1.000000 0.000000 0.000000
vn -1.000000 0.000000 0.000000
vn -0.000000 -0.000001 1.000000
vn 0.000000 -0.000000 1.000000
vn 0.000000 -0.000000 1.000000
vn 0.000000 0.000000 1.000000
vn 0.492131 0.000000 -0.870521
vn 0.242565 -0.000000 -0.970135
vn 0.216428 -0.000000 -0.976299
vn 0.470443 -0.000000 -0.882430
vn 0.703293 0.000000 -0.710900
vn 0.692443 -0.000000 -0.721472
vn 0.865159 0.000000 -0.501498
vn 0.862570 -0.000000 -0.505939
vn 0.963970 0.000000 -0.266012
vn 0.963835 -0.000000 -0.266500
vn 0.997335 0.000000 -0.072960
vn 0.997335 -0.000000 -0.072960
vn 1.000000 -0.000000 0.000000
vn 1.000000 -0.000000 0.000000
vn 0.000000 -0.000000 1.000000
vn -0.000000 -0.000001 1.000000
vn 0.000000 0.000000 1.000000
vn 0.000000 -0.000000 1.000000
vn -1.000000 0.000000 0.000000
vn -1.000000 0.000000 0.000000
vn -1.000000 0.000000 0.000000
vn -1.000000 0.000000 0.000000
vn 0.116976 -0.000000 -0.993135
vn 0.116976 -0.000000 -0.993135
vn -1.000000 0.000000 -0.000000
vn -0.997563 0.000000 0.069772
vn 0.998211 0.000000 -0.059796
vn 0.997576 0.000000 -0.069580
vn 1.000000 0.000000 0.000000
vn 1.000000 0.000000 0.000000
vn -0.000000 -0.000001 1.000000
vn -0.000000 -0.000001 1.000000
vn 0.128519 -0.000000 -0.991707
vn 0.128519 -0.000000 -0.991707
vn 0.228447 -0.000000 -0.973556
vn 0.285319 -0.000000 -0.958433
vn -0.229254 0.000000 0.973367
vn -0.130476 0.000000 0.991451
vn -1.000000 -0.000000 -0.000000
vn -1.000000 -0.000000 -0.000000
vn -0.468036 -0.000000 0.883709
vn 0.468649 -0.000000 -0.883385
vn 0.528038 -0.000000 -0.849221
vn -0.679223 -0.000000 0.733932
vn 0.680186 -0.000000 -0.733039
vn 0.733405 -0.000000 -0.679791
vn -0.849138 0.000000 0.528171
vn 0.850180 -0.000000 -0.526492
vn 0.882770 -0.000000 -0.469806
vn -0.959790 0.000000 0.280719
vn 0.960205 -0.000000 -0.279296
vn 0.971633 -0.000000 -0.236495
vn 0.116977 0.000001 -0.993135
vn 0.215721 0.000000 -0.976455
vn -0.285090 0.000001 0.958501
vn -0.215810 0.000002 0.976435
vn -0.117799 0.000002 0.993038
vn -0.117799 0.000002 0.993037
vn -1.000000 -0.000001 0.000000
vn -1.000000 -0.000001 0.000000
vn -0.531309 0.000001 0.847178
vn -0.471053 0.000001 0.882105
vn 0.470948 -0.000000 -0.882161
vn -0.724737 -0.000001 0.689026
vn -0.692072 -0.000000 0.721828
vn 0.693175 -0.000000 -0.720770
vn -0.871246 -0.000001 0.490847
vn -0.861647 -0.000001 0.507508
vn 0.862818 -0.000000 -0.505514
vn -0.964575 -0.000001 0.263807
vn -0.963754 -0.000001 0.266792
vn 0.963855 -0.000000 -0.266429
vn -0.997384 -0.000001 0.072283
vn -0.997384 -0.000001 0.072282
vn 0.997335 -0.000000 -0.072960
vn -1.000000 -0.000001 -0.000000
vn -1.000000 -0.000001 -0.000000
vn 1.000000 -0.000001 0.000000
vn -0.000000 -0.000001 1.000000
vn -0.000000 -0.000001 1.000000
vn 0.531827 -0.000000 -0.846853
vn 0.283378 -0.000000 -0.959008
vn 0.214721 -0.000000 -0.976675
vn 0.471592 -0.000000 -0.881817
vn 0.725184 -0.000000 -0.688555
vn 0.694164 -0.000000 -0.719817
vn 0.870323 -0.000000 -0.492482
vn 0.863140 -0.000000 -0.504965
vn 0.964230 -0.000000 -0.265066
vn 0.963879 -0.000000 -0.266339
vn 0.997335 -0.000000 -0.072959
vn 0.997335 -0.000000 -0.072959
vn 1.000000 -0.000000 0.000000
vn 1.000000 -0.000000 0.000000
vn -0.000000 0.000000 1.000000
vn -0.000000 0.000000 1.000000
vn -0.000000 0.000000 1.000000
vn -0.000000 0.000000 1.000000
vn -0.997384 0.000000 0.072282
vn -1.000000 0.000000 -0.000000
vn -1.000000 0.000000 -0.000000
vn -0.997384 0.000000 0.072280
vn -0.964624 0.000000 0.263631
vn -0.963793 0.000000 0.266650
vn -0.871651 0.000000 0.490127
vn -0.861985 0.000000 0.506933
vn -0.725836 0.000000 0.687867
vn -0.693030 0.000000 0.720909
vn -0.532003 0.000000 0.846742
vn -0.471698 0.000000 0.881760
vn -0.283842 0.000000 0.958871
vn -0.214801 0.000000 0.976658
vn -0.117800 0.000000 0.993037
vn -0.117800 0.000000 0.993037
vn -1.000000 0.000000 0.000000
vn -1.000000 0.000000 0.000000
vn -1.000000 0.000000 0.000000
vn -1.000000 0.000000 0.000000
vn 0.116977 -0.000000 -0.993135
vn 0.116977 -0.000000 -0.993135
vn -0.998386 0.000000 0.056796
vn -1.000000 0.000000 0.000000
vn -1.000000 0.000000 0.000000
vn -0.997588 0.000000 0.069410
vn -0.972891 0.000000 0.231266
vn -0.960135 0.000000 0.279536
vn -0.884267 0.000000 0.466981
vn -0.849701 0.000000 0.527265
vn -0.734015 0.000000 0.679134
vn -0.679221 0.000000 0.733934
vn -0.527455 0.000000 0.849583
vn -0.467323 0.000000 0.884087
vn -0.285103 0.000000 0.958497
vn -0.228314 0.000000 0.973588
vn -0.130477 0.000000 0.991452
vn -0.130477 0.000000 0.991451
vn -1.000000 0.000000 0.000000
vn -1.000000 0.000000 0.000000
vn -1.000000 0.000000 0.000000
vn -1.000000 0.000000 0.000000
vn 0.284126 -0.000000 -0.958787
vn 0.128519 -0.000000 -0.991707
vn 0.128519 -0.000000 -0.991707
vn 0.227534 -0.000000 -0.973770
vn 0.527231 -0.000000 -0.849722
vn 0.468013 -0.000000 -0.883721
vn 0.733461 -0.000000 -0.679732
vn 0.680265 -0.000000 -0.732966
vn 0.883418 -0.000000 -0.468586
vn 0.850756 -0.000000 -0.525560
vn 0.971992 -0.000000 -0.235016
vn 0.960523 -0.000000 -0.278202
vn 0.998235 -0.000000 -0.059388
vn 0.997597 -0.000000 -0.069283
vn 1.000000 -0.000000 0.000000
vn 1.000000 -0.000000 0.000000
vn 0.000000 0.000000 1.000000
vn 0.000000 0.000000 1.000000
vn 0.000000 0.000000 1.000000
vn 0.000000 0.000000 1.000000
vn 0.531827 -0.000000 -0.846853
vn 0.283376 -0.000000 -0.959009
vn 0.214720 -0.000000 -0.976676
vn 0.471590 -0.000000 -0.881818
vn 0.725184 -0.000000 -0.688555
vn 0.694164 -0.000000 -0.719817
vn 0.870323 -0.000000 -0.492482
vn 0.863140 -0.000000 -0.504965
vn 0.964230 -0.000000 -0.265066
vn 0.963879 -0.000000 -0.266339
vn 0.997335 -0.000000 -0.072959
vn 0.997335 -0.000000 -0.072959
vn 1.000000 -0.000000 0.000000
vn 1.000000 -0.000000 0.000000
vn 0.000000 0.000001 1.000000
vn 0.000000 0.000001 1.000000
vn 0.000000 0.000001 1.000000
vn 0.000000 0.000001 1.000000
vn -0.997384 -0.000000 0.072280
vn -1.000000 -0.000000 -0.000000
vn -1.000000 -0.000000 -0.000000
vn -0.997384 -0.000000 0.072282
vn -0.964624 -0.000000 0.263631
vn -0.963793 -0.000000 0.266650
vn -0.871650 0.000000 0.490129
vn -0.861987 0.000000 0.506931
vn -0.725837 0.000000 0.687867
vn -0.693030 0.000000 0.720909
vn -0.532003 0.000000 0.846743
vn -0.471698 0.000000 0.881760
vn -0.283842 0.000000 0.958871
vn -0.214801 0.000000 0.976658
vn -0.117800 0.000000 0.993037
vn -0.117800 0.000000 0.993037
vn -1.000000 0.000001 -0.000000
vn -1.000000 0.000001 -0.000000
vn -1.000000 0.000001 -0.000000
vn -1.000000 0.000001 -0.000000
vn 0.116977 -0.000000 -0.993135
vn 0.116977 -0.000000 -0.993135
vn 0.531220 0.000000 -0.847234
vn 0.284380 0.000000 -0.958712
vn 0.724253 0.000000 -0.689534
vn 0.870010 0.000000 -0.493035
vn 0.964206 0.000001 -0.265155
vn 0.997335 0.000000 -0.072960
vn 1.000000 -0.000000 0.000000
vn -0.000000 -0.000001 1.000000
vn -0.000000 -0.000001 1.000000
vn -0.997384 0.000002 0.072282
vn -1.000000 0.000002 -0.000000
vn -1.000000 0.000002 -0.000000
vn -0.997384 0.000002 0.072283
vn -0.964585 0.000001 0.263774
vn -0.963745 0.000001 0.266824
vn -0.871324 0.000001 0.490709
vn -0.861580 0.000001 0.507622
vn -0.724938 0.000001 0.688814
vn -0.691892 0.000000 0.722001
vn -0.531396 -0.000001 0.847123
vn -0.470895 -0.000001 0.882189
vn -0.284857 -0.000002 0.958570
vn -0.215974 -0.000002 0.976399
vn -0.117800 -0.000002 0.993037
vn -0.117800 -0.000002 0.993037
vn -1.000000 0.000000 0.000000
vn -1.000000 0.000000 0.000000
vn 0.116976 -0.000001 -0.993135
vn -0.998365 0.000000 0.057154
vn -1.000000 0.000000 -0.000000
vn -0.972610 -0.000000 0.232443
vn -0.883779 -0.000000 0.467904
vn -0.734016 0.000000 0.679132
vn -0.528155 0.000000 0.849148
vn -0.286040 0.000000 0.958218
vn -0.130477 0.000000 0.991452
vn -1.000000 -0.000000 0.000000
vn -1.000000 -0.000000 0.000000
vn 0.285035 0.000000 -0.958517
vn 0.128519 0.000000 -0.991707
vn 0.128519 0.000000 -0.991707
vn 0.228725 0.000000 -0.973491
vn 0.527852 0.000000 -0.849336
vn 0.468831 0.000000 -0.883288
vn 0.733388 0.000000 -0.679811
vn 0.680121 0.000000 -0.733100
vn 0.882915 0.000000 -0.469533
vn 0.850003 0.000000 -0.526778
vn 0.971726 -0.000000 -0.236113
vn 0.960110 -0.000000 -0.279623
vn 0.998217 -0.000000 -0.059684
vn 0.997570 -0.000000 -0.069674
vn 1.000000 -0.000001 -0.000000
vn 1.000000 -0.000001 -0.000000
vn -0.000000 -0.000001 1.000000
vn -0.000000 -0.000001 1.000000
vn -0.998386 0.000000 0.056796
vn -1.000000 0.000000 0.000000
vn -1.000000 0.000000 0.000000
vn -0.997588 0.000000 0.069410
vn -0.972891 -0.000000 0.231266
vn -0.960135 -0.000000 0.279536
vn -0.884267 -0.000000 0.466981
vn -0.849701 -0.000000 0.527265
vn -0.734015 -0.000000 0.679134
vn -0.679221 -0.000000 0.733934
vn -0.527455 0.000000 0.849583
vn -0.467322 0.000000 0.884087
vn -0.285102 0.000000 0.958497
vn -0.228313 0.000000 0.973588
vn -0.130477 0.000000 0.991452
vn -0.130477 0.000000 0.991452
vn -1.000000 0.000001 -0.000000
vn -1.000000 0.000001 -0.000000
vn -1.000000 0.000001 -0.000000
vn -1.000000 0.000001 -0.000000
vn 0.284126 -0.000000 -0.958787
vn 0.128519 -0.000000 -0.991707
vn 0.128519 -0.000000 -0.991707
vn 0.227534 -0.000000 -0.973770
vn 0.527231 -0.000000 -0.849722
vn 0.468014 -0.000000 -0.883721
vn 0.733461 -0.000000 -0.679731
vn 0.680265 -0.000000 -0.732966
vn 0.883418 0.000000 -0.468586
vn 0.850756 0.000000 -0.525560
vn 0.971992 0.000000 -0.235016
vn 0.960523 0.000000 -0.278202
vn 0.998235 -0.000000 -0.059388
vn 0.997597 -0.000000 -0.069283
vn 1.000000 -0.000000 0.000000
vn 1.000000 -0.000000 0.000000
vn 0.000000 0.000001 1.000000
vn 0.000000 0.000001 1.000000
vn 0.000000 0.000001 1.000000
vn 0.000000 0.000001 1.000000
vn -0.382902 -0.923430 -0.025762
vn -0.293389 -0.950313 0.104058
vn -0.297721 -0.948795 0.105594
vn -0.383055 -0.923348 -0.026402
vn 0.286503 0.952676 -0.101606
vn 0.378737 0.925104 0.027235
vn 0.378915 0.925011 0.027899
vn 0.290566 0.951290 -0.103047
vn 0.351713 0.915656 0.194607
vn 0.351911 0.915597 0.194527
vn -0.349519 -0.916899 -0.192697
vn -0.349743 -0.916830 -0.192618
vn 0.194829 0.965179 0.174560
vn 0.195275 0.965048 0.174783
vn -0.190336 -0.966841 -0.170269
vn -0.190764 -0.966718 -0.170485
vn 0.051235 0.996216 0.070206
vn 0.051281 0.996210 0.070263
vn -0.049373 -0.996491 -0.067580
vn -0.049415 -0.996486 -0.067631
vn 0.003276 0.999963 0.007912
vn 0.003276 0.999963 0.007912
vn -0.003083 -0.999968 -0.007441
vn -0.003083 -0.999968 -0.007441
vn 0.000001 1.000000 0.000006
vn 0.000001 1.000000 0.000006
vn 0.000001 -1.000000 0.000006
vn 0.000001 -1.000000 0.000006
vn 0.000000 1.000000 -0.000000
vn 0.000000 1.000000 -0.000000
vn -0.000000 -1.000000 -0.000000
vn -0.000000 -1.000000 -0.000000
vn 0.000002 1.000000 -0.000001
vn 0.000002 1.000000 -0.000001
vn -0.000002 -1.000000 0.000001
vn -0.000002 -1.000000 0.000001
vn 0.000001 1.000000 -0.000001
vn 0.000001 1.000000 -0.000001
vn -0.000001 -1.000000 0.000000
vn -0.000001 -1.000000 0.000000
vn 0.007730 0.999796 0.018663
vn 0.007730 0.999796 0.018662
vn -0.007405 -0.999813 -0.017876
vn -0.007404 -0.999813 -0.017875
vn 0.067543 0.993075 0.096130
vn 0.067461 0.993089 0.096036
vn -0.065559 -0.993486 -0.093205
vn -0.065484 -0.993499 -0.093119
vn 0.204525 0.960623 0.188078
vn 0.204197 0.960717 0.187953
vn -0.199983 -0.962411 -0.183771
vn -0.199671 -0.962499 -0.183650
vn 0.355675 0.913936 0.195489
vn 0.355422 0.914017 0.195571
vn -0.353393 -0.915242 -0.193510
vn -0.353112 -0.915334 -0.193589
vn 0.362096 0.913156 0.187169
vn 0.361793 0.913262 0.187238
vn -0.365835 -0.911133 -0.189738
vn -0.365563 -0.911227 -0.189815
vn 0.253519 0.952169 0.170596
vn 0.256318 0.951079 0.172479
vn -0.260119 -0.949581 -0.175023
vn -0.263122 -0.948379 -0.177045
vn -0.030258 -0.997917 -0.056970
vn 0.016066 -0.999286 -0.034188
vn 0.016071 -0.999286 -0.034200
vn -0.030288 -0.997913 -0.057025
vn -0.016721 0.999213 0.035981
vn 0.031801 0.997721 0.059516
vn 0.031834 0.997716 0.059579
vn -0.016727 0.999212 0.035995
vn 0.039168 0.987930 0.149865
vn 0.039170 0.987942 0.149791
vn -0.037575 -0.988881 -0.143883
vn -0.037576 -0.988891 -0.143817
vn 0.090634 0.954145 0.285293
vn 0.090444 0.954226 0.285084
vn -0.087908 -0.957057 -0.276250
vn -0.087730 -0.957131 -0.276051
vn 0.209209 0.913335 0.349359
vn 0.209004 0.913391 0.349333
vn -0.205973 -0.916474 -0.343001
vn -0.205758 -0.916536 -0.342965
vn 0.315777 0.894749 0.315768
vn 0.315777 0.894749 0.315768
vn -0.316330 -0.894740 -0.315238
vn -0.316312 -0.894741 -0.315253
vn 0.342464 0.916533 0.206607
vn 0.342408 0.916610 0.206357
vn -0.347275 -0.914117 -0.209261
vn -0.347223 -0.914194 -0.209012
vn 0.310705 0.935394 0.168819
vn 0.310693 0.935393 0.168847
vn -0.317151 -0.932567 -0.172436
vn -0.317139 -0.932566 -0.172464
vn 0.233437 0.959299 0.158914
vn 0.236974 0.958028 0.161328
vn -0.239069 -0.957234 -0.162937
vn -0.242849 -0.955841 -0.165507
vn 0.263930 0.960095 -0.092515
vn 0.268955 0.958528 -0.094269
vn -0.269900 -0.958245 0.094450
vn -0.275244 -0.956536 0.096327
vn 0.327162 0.944946 0.006446
vn 0.327157 0.944947 0.006553
vn -0.333575 -0.942703 -0.006201
vn -0.333569 -0.942704 -0.006308
vn 0.333945 0.920956 0.200800
vn 0.333990 0.920892 0.201020
vn -0.338000 -0.918997 -0.202982
vn -0.338041 -0.918933 -0.203200
vn 0.304396 0.902911 0.303472
vn 0.304410 0.902910 0.303459
vn -0.304418 -0.903219 -0.302532
vn -0.304449 -0.903216 -0.302509
vn 0.196705 0.924403 0.326781
vn 0.196917 0.924342 0.326827
vn -0.193436 -0.927274 -0.320538
vn -0.193654 -0.927210 -0.320593
vn 0.081773 0.964005 0.252996
vn 0.081937 0.963938 0.253200
vn -0.079290 -0.966292 -0.244936
vn -0.079443 -0.966230 -0.245128
vn 0.004782 0.993040 0.117681
vn 0.004801 0.993034 0.117734
vn -0.004712 -0.993599 -0.112871
vn -0.004729 -0.993593 -0.112919
vn -0.382902 -0.923430 -0.025762
vn -0.293388 -0.950313 0.104058
vn -0.297720 -0.948795 0.105594
vn -0.383055 -0.923348 -0.026401
vn 0.286499 0.952678 -0.101606
vn 0.378737 0.925104 0.027235
vn 0.378915 0.925011 0.027898
vn 0.290561 0.951291 -0.103048
vn 0.351716 0.915655 0.194606
vn 0.351914 0.915596 0.194526
vn -0.349521 -0.916899 -0.192696
vn -0.349744 -0.916830 -0.192618
vn 0.194829 0.965179 0.174560
vn 0.195276 0.965048 0.174783
vn -0.190337 -0.966841 -0.170269
vn -0.190764 -0.966718 -0.170485
vn 0.051237 0.996216 0.070210
vn 0.051283 0.996209 0.070267
vn -0.049371 -0.996492 -0.067574
vn -0.049413 -0.996486 -0.067626
vn 0.003277 0.999963 0.007912
vn 0.003277 0.999963 0.007912
vn -0.003082 -0.999968 -0.007440
vn -0.003082 -0.999968 -0.007440
vn -0.000000 1.000000 0.000000
vn -0.000000 1.000000 0.000000
vn 0.000000 -1.000000 0.000000
vn 0.000000 -1.000000 0.000000
vn 0.000000 1.000000 0.000000
vn 0.000000 1.000000 0.000000
vn -0.000000 -1.000000 -0.000001
vn -0.000000 -1.000000 -0.000001
vn -0.000002 1.000000 0.000000
vn -0.000002 1.000000 0.000000
vn 0.000002 -1.000000 -0.000001
vn 0.000002 -1.000000 -0.000001
vn 0.000004 1.000000 0.000034
vn 0.000004 1.000000 0.000034
vn 0.000008 -1.000000 0.000034
vn 0.000008 -1.000000 0.000034
vn 0.007723 0.999796 0.018665
vn 0.007722 0.999796 0.018664
vn -0.007411 -0.999813 -0.017875
vn -0.007410 -0.999813 -0.017874
vn 0.067531 0.993078 0.096104
vn 0.067450 0.993092 0.096011
vn -0.065570 -0.993483 -0.093233
vn -0.065495 -0.993496 -0.093146
vn 0.204525 0.960623 0.188078
vn 0.204197 0.960717 0.187952
vn -0.199984 -0.962411 -0.183772
vn -0.199671 -0.962499 -0.183651
vn 0.355676 0.913936 0.195488
vn 0.355423 0.914017 0.195570
vn -0.353389 -0.915243 -0.193509
vn -0.353108 -0.915335 -0.193588
vn 0.362099 0.913155 0.187168
vn 0.361796 0.913261 0.187237
vn -0.365828 -0.911136 -0.189739
vn -0.365556 -0.911229 -0.189816
vn 0.253522 0.952168 0.170595
vn 0.256321 0.951079 0.172478
vn -0.260113 -0.949583 -0.175024
vn -0.263116 -0.948380 -0.177045
vn -0.382898 -0.923431 -0.025761
vn -0.293384 -0.950314 0.104060
vn -0.297715 -0.948797 0.105595
vn -0.383051 -0.923350 -0.026401
vn 0.286498 0.952678 -0.101610
vn 0.378733 0.925105 0.027233
vn 0.378911 0.925013 0.027896
vn 0.290560 0.951291 -0.103051
vn 0.351712 0.915657 0.194607
vn 0.351910 0.915597 0.194527
vn -0.349517 -0.916900 -0.192698
vn -0.349740 -0.916831 -0.192619
vn 0.194829 0.965179 0.174560
vn 0.195276 0.965048 0.174783
vn -0.190334 -0.966841 -0.170268
vn -0.190761 -0.966719 -0.170485
vn 0.051237 0.996215 0.070211
vn 0.051283 0.996209 0.070268
vn -0.049371 -0.996492 -0.067575
vn -0.049412 -0.996486 -0.067626
vn 0.003278 0.999963 0.007913
vn 0.003278 0.999963 0.007913
vn -0.003082 -0.999968 -0.007441
vn -0.003082 -0.999968 -0.007441
vn -0.000000 1.000000 -0.000000
vn -0.000000 1.000000 -0.000000
vn 0.000000 -1.000000 0.000000
vn 0.000000 -1.000000 0.000000
vn 0.000000 1.000000 0.000000
vn 0.000000 1.000000 0.000000
vn -0.000000 -1.000000 -0.000000
vn -0.000000 -1.000000 -0.000000
vn 0.000001 1.000000 -0.000001
vn 0.000001 1.000000 -0.000001
vn -0.000001 -1.000000 0.000000
vn -0.000001 -1.000000 0.000000
vn 0.000006 1.000000 0.000034
vn 0.000006 1.000000 0.000034
vn 0.000006 -1.000000 0.000035
vn 0.000006 -1.000000 0.000035
vn 0.007724 0.999796 0.018665
vn 0.007723 0.999796 0.018664
vn -0.007411 -0.999813 -0.017875
vn -0.007411 -0.999813 -0.017874
vn 0.067533 0.993078 0.096104
vn 0.067451 0.993092 0.096010
vn -0.065569 -0.993483 -0.093233
vn -0.065494 -0.993496 -0.093146
vn 0.204525 0.960623 0.188077
vn 0.204197 0.960717 0.187952
vn -0.199982 -0.962411 -0.183771
vn -0.199670 -0.962499 -0.183650
vn 0.355675 0.913936 0.195488
vn 0.355422 0.914017 0.195571
vn -0.353394 -0.915242 -0.193509
vn -0.353111 -0.915334 -0.193588
vn 0.362097 0.913156 0.187169
vn 0.361794 0.913262 0.187238
vn -0.365838 -0.911132 -0.189739
vn -0.365566 -0.911225 -0.189816
vn 0.253521 0.952168 0.170596
vn 0.256320 0.951079 0.172479
vn -0.260122 -0.949580 -0.175025
vn -0.263126 -0.948377 -0.177046
vn -0.030258 -0.997917 -0.056970
vn 0.016066 -0.999286 -0.034187
vn 0.016071 -0.999286 -0.034199
vn -0.030287 -0.997913 -0.057025
vn -0.016721 0.999213 0.035980
vn 0.031800 0.997721 0.059516
vn 0.031833 0.997716 0.059579
vn -0.016727 0.999212 0.035994
vn 0.039168 0.987930 0.149865
vn 0.039169 0.987942 0.149791
vn -0.037574 -0.988881 -0.143884
vn -0.037575 -0.988891 -0.143817
vn 0.090633 0.954145 0.285293
vn 0.090443 0.954226 0.285084
vn -0.087908 -0.957057 -0.276250
vn -0.087730 -0.957131 -0.276051
vn 0.209208 0.913335 0.349359
vn 0.209003 0.913391 0.349333
vn -0.205973 -0.916475 -0.343001
vn -0.205758 -0.916536 -0.342965
vn 0.315776 0.894749 0.315769
vn 0.315776 0.894749 0.315769
vn -0.316330 -0.894740 -0.315239
vn -0.316313 -0.894741 -0.315254
vn 0.342461 0.916534 0.206608
vn 0.342405 0.916611 0.206358
vn -0.347275 -0.914117 -0.209262
vn -0.347223 -0.914194 -0.209012
vn 0.310703 0.935395 0.168819
vn 0.310691 0.935394 0.168847
vn -0.317150 -0.932568 -0.172435
vn -0.317138 -0.932566 -0.172463
vn 0.233435 0.959299 0.158913
vn 0.236972 0.958028 0.161327
vn -0.239067 -0.957235 -0.162936
vn -0.242848 -0.955842 -0.165505
vn 0.263927 0.960095 -0.092516
vn 0.268952 0.958529 -0.094270
vn -0.269897 -0.958246 0.094450
vn -0.275241 -0.956537 0.096328
vn 0.327162 0.944946 0.006445
vn 0.327157 0.944947 0.006552
vn -0.333575 -0.942703 -0.006201
vn -0.333569 -0.942705 -0.006307
vn 0.333947 0.920956 0.200799
vn 0.333992 0.920891 0.201019
vn -0.338000 -0.918997 -0.202981
vn -0.338041 -0.918933 -0.203200
vn 0.304398 0.902911 0.303471
vn 0.304412 0.902910 0.303458
vn -0.304418 -0.903219 -0.302530
vn -0.304449 -0.903217 -0.302507
vn 0.196707 0.924403 0.326781
vn 0.196920 0.924341 0.326827
vn -0.193438 -0.927274 -0.320537
vn -0.193656 -0.927210 -0.320593
vn 0.081774 0.964005 0.252996
vn 0.081938 0.963938 0.253200
vn -0.079291 -0.966291 -0.244937
vn -0.079444 -0.966230 -0.245129
vn 0.004782 0.993040 0.117681
vn 0.004802 0.993034 0.117734
vn -0.004712 -0.993599 -0.112871
vn -0.004730 -0.993593 -0.112918
vn -0.030258 -0.997917 -0.056969
vn 0.016066 -0.999286 -0.034188
vn 0.016071 -0.999286 -0.034200
vn -0.030288 -0.997913 -0.057025
vn -0.016721 0.999213 0.035982
vn 0.031801 0.997721 0.059515
vn 0.031834 0.997716 0.059578
vn -0.016727 0.999212 0.035996
vn 0.039168 0.987930 0.149864
vn 0.039170 0.987942 0.149790
vn -0.037574 -0.988881 -0.143883
vn -0.037576 -0.988891 -0.143816
vn 0.090636 0.954145 0.285293
vn 0.090445 0.954226 0.285083
vn -0.087909 -0.957057 -0.276249
vn -0.087731 -0.957131 -0.276050
vn 0.209210 0.913334 0.349358
vn 0.209006 0.913391 0.349333
vn -0.205976 -0.916474 -0.343000
vn -0.205760 -0.916536 -0.342965
vn 0.315777 0.894749 0.315768
vn 0.315777 0.894749 0.315768
vn -0.316333 -0.894740 -0.315238
vn -0.316315 -0.894741 -0.315253
vn 0.342462 0.916533 0.206606
vn 0.342406 0.916611 0.206357
vn -0.347276 -0.914117 -0.209261
vn -0.347224 -0.914193 -0.209011
vn 0.310705 0.935394 0.168819
vn 0.310693 0.935393 0.168847
vn -0.317151 -0.932567 -0.172436
vn -0.317139 -0.932566 -0.172465
vn 0.233437 0.959298 0.158915
vn 0.236975 0.958027 0.161329
vn -0.239068 -0.957235 -0.162938
vn -0.242849 -0.955841 -0.165508
vn 0.263930 0.960095 -0.092514
vn 0.268955 0.958528 -0.094268
vn -0.269897 -0.958246 0.094449
vn -0.275241 -0.956537 0.096327
vn 0.327160 0.944947 0.006446
vn 0.327155 0.944948 0.006554
vn -0.333572 -0.942704 -0.006201
vn -0.333567 -0.942705 -0.006308
vn 0.333944 0.920956 0.200800
vn 0.333990 0.920892 0.201021
vn -0.337998 -0.918997 -0.202982
vn -0.338039 -0.918934 -0.203201
vn 0.304400 0.902910 0.303471
vn 0.304414 0.902909 0.303458
vn -0.304419 -0.903219 -0.302531
vn -0.304450 -0.903216 -0.302508
vn 0.196709 0.924402 0.326781
vn 0.196921 0.924341 0.326827
vn -0.193438 -0.927274 -0.320538
vn -0.193656 -0.927209 -0.320593
vn 0.081774 0.964006 0.252995
vn 0.081938 0.963938 0.253199
vn -0.079291 -0.966291 -0.244936
vn -0.079443 -0.966230 -0.245128
vn 0.004782 0.993040 0.117680
vn 0.004801 0.993034 0.117733
vn -0.004712 -0.993599 -0.112870
vn -0.004729 -0.993593 -0.112918
vn 0.217306 -0.000000 -0.976103
vn 0.284826 -0.000000 -0.958579
vn 0.116980 -0.000000 -0.993134
vn 0.116980 -0.000000 -0.993134
vn 0.216994 -0.000000 -0.976173
vn 0.284379 -0.000000 -0.958712
vn 0.116977 -0.000000 -0.993135
vn 0.116977 -0.000000 -0.993135
vn 0.217206 -0.000000 -0.976126
vn 0.284956 -0.000000 -0.958541
vn 0.116980 -0.000000 -0.993134
vn 0.116980 -0.000000 -0.993134
vn 0.217298 -0.000000 -0.976105
vn 0.284817 -0.000000 -0.958582
vn 0.116974 -0.000000 -0.993135
vn 0.116974 -0.000000 -0.993135
vn 0.216994 -0.000000 -0.976173
vn 0.284379 -0.000000 -0.958712
vn 0.116977 -0.000000 -0.993135
vn 0.116977 -0.000000 -0.993135
vn 0.217208 -0.000000 -0.976125
vn 0.284959 -0.000000 -0.958540
vn 0.116980 -0.000000 -0.993134
vn 0.116980 -0.000000 -0.993134
vn 0.217297 -0.000000 -0.976106
vn 0.284818 -0.000000 -0.958582
vn 0.116968 -0.000000 -0.993136
vn 0.116968 -0.000000 -0.993136
vn 0.216992 -0.000000 -0.976173
vn 0.284376 -0.000000 -0.958713
vn 0.116977 -0.000000 -0.993135
vn 0.116977 -0.000000 -0.993135
vn 0.217206 -0.000000 -0.976126
vn 0.284960 -0.000000 -0.958539
vn 0.116974 -0.000000 -0.993135
vn 0.116974 -0.000000 -0.993135
vn -0.000000 0.000000 1.000000
vn -0.000000 0.000000 1.000000
vn -0.000000 0.000000 1.000000
vn -0.000000 0.000000 1.000000
vn -0.000000 -0.000001 1.000000
vn -0.000000 -0.000001 1.000000
vn -0.000000 -0.000001 1.000000
vn -0.000000 -0.000001 1.000000
vn -0.000000 0.000000 1.000000
vn -0.000000 0.000000 1.000000
vn -0.000000 0.000000 1.000000
vn -0.000000 0.000000 1.000000
vn -0.000000 0.000001 1.000000
vn -0.000000 0.000001 1.000000
vn -0.000000 0.000001 1.000000
vn -0.000000 0.000001 1.000000
vn 0.000000 -0.000000 1.000000
vn 0.000000 -0.000000 1.000000
vn 0.000000 -0.000000 1.000000
vn 0.000000 -0.000000 1.000000
vn 0.000000 0.000001 1.000000
vn 0.000000 0.000001 1.000000
vn 0.000000 0.000001 1.000000
vn 0.000000 0.000001 1.000000
vn -0.000000 0.000000 1.000000
vn -0.000000 0.000000 1.000000
vn -0.000000 0.000000 1.000000
vn -0.000000 0.000000 1.000000
vn 0.000000 0.000001 1.000000
vn 0.000000 0.000001 1.000000
vn 0.000000 0.000001 1.000000
vn 0.000000 0.000001 1.000000
vn 0.000000 -0.000000 1.000000
vn 0.000000 -0.000000 1.000000
vn 0.000000 -0.000000 1.000000
vn 0.000000 -0.000000 1.000000
vn 0.217072 -0.000000 -0.976156
vn 0.284196 -0.000000 -0.958766
vn 0.116975 -0.000000 -0.993135
vn 0.116975 -0.000000 -0.993135
vn 0.529397 -0.000000 -0.848374
vn 0.469253 -0.000000 -0.883064
vn 0.721579 -0.000000 -0.692333
vn 0.690389 -0.000000 -0.723438
vn 0.869079 -0.000000 -0.494673
vn 0.861840 -0.000000 -0.507180
vn 0.964108 -0.000000 -0.265509
vn 0.963752 -0.000000 -0.266799
vn 0.997430 0.000001 -0.071651
vn 0.997430 0.000001 -0.071651
vn 1.000000 0.000002 0.000000
vn 1.000000 0.000002 0.000000
vn 0.000000 0.000001 1.000000
vn 0.000000 0.000001 1.000000
vn 0.000000 0.000001 1.000000
vn 0.000000 0.000001 1.000000
vn -0.997500 0.000000 0.070664
vn -1.000000 0.000000 -0.000000
vn -1.000000 0.000000 -0.000000
vn -0.997500 0.000000 0.070664
vn -0.964504 0.000000 0.264069
vn -0.963652 0.000000 0.267160
vn -0.870460 0.000000 0.492239
vn -0.860572 0.000000 0.509329
vn -0.722703 0.000000 0.691158
vn -0.689189 0.000000 0.724582
vn -0.530122 0.000000 0.847921
vn -0.468948 0.000000 0.883226
vn -0.284925 0.000000 0.958550
vn -0.216403 0.000000 0.976304
vn -0.117798 0.000000 0.993038
vn -0.117798 0.000000 0.993038
vn -1.000000 0.000000 0.000000
vn -1.000000 0.000000 0.000000
vn -1.000000 0.000000 0.000000
vn -1.000000 0.000000 0.000000
vn 0.000000 0.000001 1.000000
vn 0.000000 0.000001 1.000000
vn 0.000000 0.000001 1.000000
vn 0.000000 0.000001 1.000000
vn -0.998417 -0.000000 0.056241
vn -1.000000 -0.000001 0.000000
vn -1.000000 -0.000001 0.000000
vn -0.997620 -0.000000 0.068958
vn -0.971990 0.000000 0.235022
vn -0.958705 0.000000 0.284403
vn -0.882784 0.000000 0.469780
vn -0.847232 0.000000 0.531223
vn -0.734382 0.000000 0.678737
vn -0.678767 0.000000 0.734354
vn -0.530164 0.000000 0.847895
vn -0.469647 0.000000 0.882854
vn -0.284577 0.000000 0.958653
vn -0.228854 0.000000 0.973461
vn -0.130478 0.000000 0.991451
vn -0.130478 0.000000 0.991451
vn -1.000000 0.000000 0.000000
vn -1.000000 0.000000 0.000000
vn -1.000000 0.000000 0.000000
vn -1.000000 0.000000 0.000000
vn 0.283227 -0.000000 -0.959053
vn 0.128520 -0.000000 -0.991707
vn 0.128520 -0.000000 -0.991707
vn 0.228988 -0.000000 -0.973429
vn 0.529045 -0.000002 -0.848594
vn 0.470882 -0.000001 -0.882196
vn 0.732917 -0.000002 -0.680319
vn 0.680197 -0.000002 -0.733030
vn 0.881383 -0.000001 -0.472403
vn 0.848622 -0.000001 -0.529000
vn 0.970849 -0.000000 -0.239693
vn 0.959193 -0.000000 -0.282753
vn 0.998245 0.000001 -0.059217
vn 0.997613 0.000001 -0.069051
vn 1.000000 0.000002 0.000000
vn 1.000000 0.000002 0.000000
vn 0.217071 0.000000 -0.976156
vn 0.284195 0.000000 -0.958767
vn 0.116976 0.000000 -0.993135
vn 0.116976 0.000000 -0.993135
vn 0.529396 0.000000 -0.848375
vn 0.469252 0.000000 -0.883065
vn 0.721579 -0.000000 -0.692332
vn 0.690389 -0.000000 -0.723439
vn 0.869075 0.000001 -0.494680
vn 0.861836 0.000001 -0.507187
vn 0.964108 -0.000000 -0.265510
vn 0.963752 -0.000000 -0.266799
vn 0.997430 -0.000002 -0.071647
vn 0.997430 -0.000002 -0.071647
vn 1.000000 -0.000002 0.000000
vn 1.000000 -0.000002 0.000000
vn 0.000000 0.000001 1.000000
vn 0.000000 0.000001 1.000000
vn 0.000000 0.000001 1.000000
vn 0.000000 0.000001 1.000000
vn -0.997499 0.000000 0.070686
vn -1.000000 0.000000 -0.000000
vn -1.000000 0.000000 -0.000000
vn -0.997499 0.000000 0.070687
vn -0.964504 0.000000 0.264068
vn -0.963652 0.000000 0.267160
vn -0.870482 0.000001 0.492201
vn -0.860595 0.000001 0.509291
vn -0.722702 0.000001 0.691159
vn -0.689188 0.000001 0.724583
vn -0.530122 0.000000 0.847921
vn -0.468950 0.000000 0.883225
vn -0.284930 0.000000 0.958548
vn -0.216407 0.000000 0.976303
vn -0.117802 0.000000 0.993037
vn -0.117802 0.000000 0.993037
vn -1.000000 0.000000 0.000000
vn -1.000000 0.000000 0.000000
vn -1.000000 0.000000 0.000000
vn -1.000000 0.000000 0.000000
vn 0.217078 -0.000000 -0.976154
vn 0.284201 -0.000000 -0.958765
vn 0.116982 -0.000000 -0.993134
vn 0.116982 -0.000000 -0.993134
vn 0.529401 -0.000000 -0.848372
vn 0.469257 -0.000000 -0.883062
vn 0.721580 -0.000000 -0.692331
vn 0.690392 -0.000000 -0.723436
vn 0.869075 -0.000000 -0.494680
vn 0.861836 -0.000000 -0.507186
vn 0.964109 -0.000001 -0.265509
vn 0.963752 -0.000001 -0.266799
vn 0.997430 -0.000002 -0.071647
vn 0.997430 -0.000002 -0.071647
vn 1.000000 -0.000004 0.000000
vn 1.000000 -0.000004 0.000000
vn -0.000000 -0.000001 1.000000
vn -0.000000 -0.000001 1.000000
vn -0.000000 -0.000001 1.000000
vn -0.000000 -0.000001 1.000000
vn -0.997499 0.000000 0.070686
vn -1.000000 0.000000 -0.000001
vn -1.000000 0.000000 -0.000001
vn -0.997499 0.000000 0.070687
vn -0.964504 0.000000 0.264069
vn -0.963652 0.000000 0.267160
vn -0.870482 0.000001 0.492201
vn -0.860595 0.000001 0.509290
vn -0.722703 0.000001 0.691159
vn -0.689188 0.000001 0.724582
vn -0.530122 0.000000 0.847921
vn -0.468948 0.000000 0.883226
vn -0.284926 -0.000002 0.958550
vn -0.216403 -0.000003 0.976304
vn -0.117798 -0.000005 0.993038
vn -0.117798 -0.000005 0.993038
vn -1.000000 0.000000 0.000000
vn -1.000000 0.000000 0.000000
vn -1.000000 0.000000 0.000000
vn -1.000000 0.000000 0.000000
vn -0.000000 -0.000001 1.000000
vn -0.000000 -0.000001 1.000000
vn -0.000000 -0.000001 1.000000
vn -0.000000 -0.000001 1.000000
vn -0.998417 -0.000002 0.056241
vn -1.000000 -0.000002 -0.000000
vn -1.000000 -0.000002 -0.000000
vn -0.997620 -0.000002 0.068958
vn -0.971990 -0.000001 0.235022
vn -0.958705 -0.000001 0.284403
vn -0.882784 0.000000 0.469780
vn -0.847233 0.000000 0.531222
vn -0.734383 0.000000 0.678736
vn -0.678769 0.000000 0.734352
vn -0.530166 0.000000 0.847894
vn -0.469647 0.000000 0.882854
vn -0.284575 0.000000 0.958654
vn -0.228852 0.000000 0.973461
vn -0.130477 0.000000 0.991451
vn -0.130477 0.000000 0.991451
vn -1.000000 0.000000 0.000000
vn -1.000000 0.000000 0.000000
vn -1.000000 0.000000 0.000000
vn -1.000000 0.000000 0.000000
vn 0.283226 0.000000 -0.959053
vn 0.128520 -0.000000 -0.991707
vn 0.128520 -0.000000 -0.991707
vn 0.228986 0.000000 -0.973430
vn 0.529043 0.000000 -0.848595
vn 0.470880 0.000001 -0.882197
vn 0.732917 0.000000 -0.680318
vn 0.680197 0.000000 -0.733029
vn 0.881383 -0.000000 -0.472402
vn 0.848623 -0.000000 -0.528999
vn 0.970849 -0.000000 -0.239693
vn 0.959193 -0.000000 -0.282754
vn 0.998245 0.000000 -0.059217
vn 0.997613 0.000000 -0.069051
vn 1.000000 0.000001 -0.000000
vn 1.000000 0.000001 -0.000000
vn -0.000000 0.000001 1.000000
vn -0.000000 0.000001 1.000000
vn -0.000000 0.000001 1.000000
vn -0.000000 0.000001 1.000000
vn -0.998417 0.000001 0.056241
vn -1.000000 0.000001 0.000000
vn -1.000000 0.000001 0.000000
vn -0.997620 0.000001 0.068958
vn -0.971990 0.000000 0.235022
vn -0.958705 0.000000 0.284403
vn -0.882784 -0.000000 0.469780
vn -0.847233 -0.000000 0.531222
vn -0.734382 -0.000000 0.678737
vn -0.678768 -0.000000 0.734353
vn -0.530164 -0.000000 0.847895
vn -0.469646 -0.000001 0.882855
vn -0.284576 -0.000000 0.958654
vn -0.228853 -0.000000 0.973461
vn -0.130479 0.000000 0.991451
vn -0.130479 0.000000 0.991451
vn -1.000000 0.000000 0.000000
vn -1.000000 0.000000 0.000000
vn -1.000000 0.000000 0.000000
vn -1.000000 0.000000 0.000000
vn 0.283227 -0.000000 -0.959053
vn 0.128521 -0.000000 -0.991707
vn 0.128521 -0.000000 -0.991707
vn 0.228988 -0.000000 -0.973429
vn 0.529045 -0.000000 -0.848594
vn 0.470882 -0.000000 -0.882196
vn 0.732916 -0.000000 -0.680319
vn 0.680197 -0.000000 -0.733030
vn 0.881383 -0.000000 -0.472402
vn 0.848622 -0.000000 -0.529000
vn 0.970849 -0.000000 -0.239693
vn 0.959193 -0.000000 -0.282753
vn 0.998245 -0.000000 -0.059217
vn 0.997613 -0.000000 -0.069051
vn 1.000000 -0.000001 0.000000
vn 1.000000 -0.000001 0.000000
vn 0.116976 -0.000000 -0.993135
vn 0.216847 0.000000 -0.976206
vn 0.284510 0.000000 -0.958673
vn 0.116976 -0.000000 -0.993135
vn -1.000000 0.000000 0.000000
vn -1.000000 0.000000 0.000000
vn -1.000000 0.000000 0.000000
vn -1.000000 0.000000 0.000000
vn -0.285269 0.000002 0.958447
vn -0.216166 0.000003 0.976357
vn -0.117800 0.000004 0.993037
vn -0.117800 0.000004 0.993037
vn -0.529996 -0.000000 0.848000
vn -0.469185 -0.000000 0.883100
vn -0.722399 0.000000 0.691477
vn -0.689453 0.000000 0.724330
vn -0.870364 0.000000 0.492408
vn -0.860695 0.000000 0.509121
vn -0.964490 -0.000002 0.264118
vn -0.963665 -0.000002 0.267113
vn -0.997499 -0.000002 0.070687
vn -0.997499 -0.000002 0.070686
vn -1.000000 0.000000 -0.000000
vn -1.000000 0.000000 -0.000000
vn 0.000000 0.000001 1.000000
vn 0.000000 0.000001 1.000000
vn 0.000000 0.000001 1.000000
vn 0.000000 0.000001 1.000000
vn 0.997430 0.000002 -0.071647
vn 0.997430 0.000002 -0.071647
vn 1.000000 0.000005 0.000000
vn 1.000000 0.000005 0.000000
vn 0.964101 0.000002 -0.265538
vn 0.963760 0.000002 -0.266771
vn 0.868970 0.000002 -0.494865
vn 0.861928 0.000002 -0.507031
vn 0.721283 -0.000000 -0.692641
vn 0.690646 -0.000000 -0.723193
vn 0.529283 0.000000 -0.848445
vn 0.469477 0.000000 -0.882945
vn 0.116976 -0.000000 -0.993135
vn 0.216846 -0.000000 -0.976206
vn 0.284509 -0.000000 -0.958674
vn 0.116976 -0.000000 -0.993135
vn -1.000000 0.000000 0.000000
vn -1.000000 0.000000 0.000000
vn -1.000000 0.000000 0.000000
vn -1.000000 0.000000 0.000000
vn -0.285267 0.000000 0.958448
vn -0.216165 0.000000 0.976357
vn -0.117800 0.000000 0.993037
vn -0.117800 0.000000 0.993037
vn -0.529995 0.000000 0.848001
vn -0.469183 0.000000 0.883101
vn -0.722399 0.000000 0.691477
vn -0.689453 0.000000 0.724330
vn -0.870343 0.000000 0.492447
vn -0.860674 0.000000 0.509157
vn -0.964490 0.000000 0.264118
vn -0.963665 0.000000 0.267113
vn -0.997500 -0.000002 0.070665
vn -0.997500 -0.000002 0.070665
vn -1.000000 -0.000005 -0.000000
vn -1.000000 -0.000005 -0.000000
vn -0.000000 0.000001 1.000000
vn -0.000000 0.000001 1.000000
vn -0.000000 0.000001 1.000000
vn -0.000000 0.000001 1.000000
vn 0.997430 0.000002 -0.071651
vn 0.997430 0.000002 -0.071651
vn 1.000000 0.000005 0.000000
vn 1.000000 0.000005 0.000000
vn 0.964101 -0.000000 -0.265538
vn 0.963760 -0.000000 -0.266771
vn 0.868974 -0.000000 -0.494858
vn 0.861932 -0.000000 -0.507024
vn 0.721283 -0.000000 -0.692641
vn 0.690646 -0.000000 -0.723193
vn 0.529284 -0.000000 -0.848445
vn 0.469476 -0.000000 -0.882945
vn 0.116973 -0.000000 -0.993135
vn 0.216843 -0.000000 -0.976207
vn 0.284505 -0.000000 -0.958675
vn 0.116973 -0.000000 -0.993135
vn -1.000000 0.000000 0.000000
vn -1.000000 0.000000 0.000000
vn -1.000000 0.000000 0.000000
vn -1.000000 0.000000 0.000000
vn -0.285266 0.000000 0.958449
vn -0.216162 0.000000 0.976358
vn -0.117796 0.000000 0.993038
vn -0.117796 0.000000 0.993038
vn -0.529996 0.000000 0.848000
vn -0.469184 0.000000 0.883101
vn -0.722399 0.000000 0.691476
vn -0.689454 0.000000 0.724329
vn -0.870364 0.000000 0.492408
vn -0.860695 0.000000 0.509121
vn -0.964490 0.000000 0.264118
vn -0.963665 0.000000 0.267113
vn -0.997499 0.000002 0.070687
vn -0.997499 0.000002 0.070686
vn -1.000000 0.000005 -0.000001
vn -1.000000 0.000005 -0.000001
vn 0.000000 -0.000001 1.000000
vn 0.000000 -0.000001 1.000000
vn 0.000000 -0.000001 1.000000
vn 0.000000 -0.000001 1.000000
vn 0.997430 -0.000000 -0.071647
vn 0.997430 -0.000000 -0.071647
vn 1.000000 -0.000005 0.000000
vn 1.000000 -0.000005 0.000000
vn 0.964101 0.000002 -0.265537
vn 0.963760 0.000002 -0.266771
vn 0.868970 -0.000000 -0.494865
vn 0.861928 -0.000000 -0.507031
vn 0.721282 -0.000000 -0.692642
vn 0.690645 -0.000000 -0.723194
vn 0.529280 -0.000000 -0.848448
vn 0.469472 -0.000000 -0.882947
vn -0.000000 -0.000001 1.000000
vn -0.000000 -0.000001 1.000000
vn -0.000000 -0.000001 1.000000
vn -0.000000 -0.000001 1.000000
vn 0.998236 -0.000001 -0.059375
vn 0.997622 -0.000001 -0.068917
vn 1.000000 -0.000001 -0.000000
vn 1.000000 -0.000001 -0.000000
vn 0.970711 -0.000000 -0.240248
vn 0.959330 -0.000000 -0.282287
vn 0.881169 -0.000000 -0.472802
vn 0.848876 -0.000000 -0.528592
vn 0.732942 0.000000 -0.680291
vn 0.680290 0.000000 -0.732943
vn 0.529315 0.000000 -0.848426
vn 0.470611 0.000000 -0.882341
vn 0.283628 -0.000000 -0.958934
vn 0.228584 -0.000000 -0.973524
vn 0.128519 -0.000000 -0.991707
vn 0.128519 -0.000000 -0.991707
vn -1.000000 0.000000 0.000000
vn -1.000000 0.000000 0.000000
vn -1.000000 0.000000 0.000000
vn -1.000000 0.000000 0.000000
vn -0.285031 0.000000 0.958518
vn -0.228393 0.000000 0.973569
vn -0.130477 0.000000 0.991451
vn -0.130477 0.000000 0.991451
vn -0.530493 0.000000 0.847689
vn -0.469308 0.000000 0.883034
vn -0.734448 0.000000 0.678665
vn -0.678839 0.000000 0.734287
vn -0.882565 0.000000 0.470190
vn -0.847509 0.000000 0.530781
vn -0.971835 0.000000 0.235663
vn -0.958868 0.000000 0.283854
vn -0.998406 0.000000 0.056446
vn -0.997632 0.000000 0.068786
vn -1.000000 0.000000 -0.000000
vn -1.000000 0.000000 -0.000000
vn 0.000000 0.000001 1.000000
vn 0.000000 0.000001 1.000000
vn 0.000000 0.000001 1.000000
vn 0.000000 0.000001 1.000000
vn 0.998236 0.000001 -0.059375
vn 0.997622 0.000001 -0.068917
vn 1.000000 0.000001 0.000000
vn 1.000000 0.000001 0.000000
vn 0.970711 -0.000000 -0.240248
vn 0.959330 -0.000000 -0.282287
vn 0.881169 -0.000001 -0.472802
vn 0.848876 -0.000000 -0.528592
vn 0.732942 -0.000000 -0.680291
vn 0.680290 -0.000000 -0.732943
vn 0.529314 -0.000000 -0.848426
vn 0.470610 -0.000000 -0.882341
vn 0.283625 -0.000000 -0.958935
vn 0.228581 -0.000000 -0.973525
vn 0.128516 -0.000000 -0.991708
vn 0.128516 -0.000000 -0.991707
vn -1.000000 0.000000 0.000000
vn -1.000000 0.000000 0.000000
vn -1.000000 0.000000 0.000000
vn -1.000000 0.000000 0.000000
vn -0.285033 0.000000 0.958518
vn -0.228394 0.000000 0.973569
vn -0.130477 0.000000 0.991451
vn -0.130477 0.000000 0.991451
vn -0.530494 0.000000 0.847689
vn -0.469310 0.000000 0.883034
vn -0.734448 0.000000 0.678665
vn -0.678839 0.000000 0.734287
vn -0.882566 0.000000 0.470189
vn -0.847509 0.000000 0.530781
vn -0.971835 0.000000 0.235663
vn -0.958868 0.000000 0.283853
vn -0.998406 0.000000 0.056446
vn -0.997632 0.000000 0.068786
vn -1.000000 0.000000 0.000000
vn -1.000000 0.000000 0.000000
vn 0.000000 0.000001 1.000000
vn 0.000000 0.000001 1.000000
vn 0.000000 0.000001 1.000000
vn 0.000000 0.000001 1.000000
vn 0.998236 0.000001 -0.059375
vn 0.997622 0.000001 -0.068917
vn 1.000000 0.000001 0.000000
vn 1.000000 0.000001 0.000000
vn 0.970712 -0.000000 -0.240248
vn 0.959330 -0.000000 -0.282287
vn 0.881169 -0.000000 -0.472801
vn 0.848876 -0.000000 -0.528591
vn 0.732942 -0.000000 -0.680291
vn 0.680290 -0.000000 -0.732943
vn 0.529314 -0.000000 -0.848426
vn 0.470610 -0.000001 -0.882342
vn 0.283625 -0.000001 -0.958935
vn 0.228581 -0.000000 -0.973525
vn 0.128516 -0.000000 -0.991708
vn 0.128516 -0.000000 -0.991708
vn -1.000000 0.000000 0.000000
vn -1.000000 0.000000 0.000000
vn -1.000000 0.000000 0.000000
vn -1.000000 0.000000 0.000000
vn -0.285032 0.000000 0.958518
vn -0.228393 0.000000 0.973569
vn -0.130477 0.000000 0.991451
vn -0.130477 0.000000 0.991451
vn -0.530492 0.000000 0.847690
vn -0.469308 0.000000 0.883034
vn -0.734447 -0.000000 0.678666
vn -0.678837 -0.000000 0.734289
vn -0.882565 -0.000000 0.470190
vn -0.847508 -0.000000 0.530783
vn -0.971835 0.000000 0.235663
vn -0.958868 0.000000 0.283854
vn -0.998406 -0.000000 0.056446
vn -0.997631 -0.000000 0.068786
vn -1.000000 -0.000001 0.000000
vn -1.000000 -0.000001 0.000000
vn -1.000000 0.000000 0.000000
vn -1.000000 0.000000 0.000000
vn -1.000000 0.000000 0.000000
vn -1.000000 0.000000 0.000000
vn -1.000000 0.000000 0.000000
vn -1.000000 0.000000 0.000000
vn -1.000000 0.000000 0.000000
vn -1.000000 0.000000 0.000000
vn -1.000000 0.000000 0.000000
vn -1.000000 0.000000 0.000000
vn -1.000000 0.000000 0.000000
vn -1.000000 0.000000 0.000000
vn -0.117797 0.000000 0.993038
vn -0.117797 0.000000 0.993038
vn -0.285780 0.000000 0.958295
vn -0.216791 0.000000 0.976218
vn -0.117797 0.000000 0.993038
vn -0.117797 0.000000 0.993038
vn -0.285632 0.000000 0.958340
vn -0.216898 0.000000 0.976194
vn -0.117806 0.000000 0.993037
vn -0.117806 0.000000 0.993037
vn -0.285247 0.000000 0.958454
vn -0.216445 0.000000 0.976295
vn -0.530045 0.000000 0.847969
vn -0.469232 0.000000 0.883075
vn -0.530098 0.000000 0.847936
vn -0.469133 0.000000 0.883128
vn -0.530122 0.000000 0.847921
vn -0.469138 0.000000 0.883125
vn -0.722420 0.000000 0.691454
vn -0.689362 0.000000 0.724417
vn -0.722552 0.000000 0.691317
vn -0.689249 0.000000 0.724525
vn -0.722514 0.000000 0.691356
vn -0.689279 0.000000 0.724496
vn -0.870352 0.000000 0.492430
vn -0.860636 0.000000 0.509221
vn -0.870403 0.000000 0.492340
vn -0.860592 0.000000 0.509295
vn -0.870387 0.000000 0.492369
vn -0.860606 0.000000 0.509271
vn -0.964486 0.000000 0.264132
vn -0.963655 0.000000 0.267149
vn -0.964492 0.000000 0.264113
vn -0.963649 0.000000 0.267171
vn -0.964495 0.000000 0.264100
vn -0.963657 0.000000 0.267143
vn -0.997478 0.000000 0.070973
vn -0.997478 0.000000 0.070973
vn -0.997478 0.000000 0.070973
vn -0.997478 0.000000 0.070973
vn -0.997500 0.000000 0.070665
vn -0.997500 0.000000 0.070665
vn -1.000000 0.000000 0.000000
vn -1.000000 0.000000 0.000000
vn -1.000000 0.000000 0.000000
vn -1.000000 0.000000 0.000000
vn -1.000000 0.000000 0.000000
vn -1.000000 0.000000 0.000000
vn 0.000000 -0.000000 1.000000
vn 0.000000 -0.000000 1.000000
vn 0.000000 -0.000000 1.000000
vn 0.000000 -0.000000 1.000000
vn 0.000000 -0.000000 1.000000
vn 0.000000 -0.000000 1.000000
vn 0.000000 -0.000000 1.000000
vn 0.000000 -0.000000 1.000000
vn -0.000000 0.000001 1.000000
vn -0.000000 0.000001 1.000000
vn -0.000000 0.000001 1.000000
vn -0.000000 0.000001 1.000000
vn 1.000000 -0.000000 0.000000
vn 1.000000 -0.000000 0.000000
vn 0.997412 -0.000000 -0.071898
vn 0.997412 -0.000000 -0.071898
vn 1.000000 -0.000000 0.000000
vn 1.000000 -0.000000 0.000000
vn 0.997412 -0.000000 -0.071898
vn 0.997412 -0.000000 -0.071898
vn 1.000000 -0.000000 0.000000
vn 1.000000 -0.000000 0.000000
vn 0.997430 -0.000000 -0.071651
vn 0.997430 -0.000000 -0.071651
vn 0.964110 -0.000000 -0.265502
vn 0.963765 -0.000000 -0.266754
vn 0.964114 -0.000000 -0.265490
vn 0.963762 -0.000000 -0.266765
vn 0.964107 -0.000000 -0.265515
vn 0.963758 -0.000000 -0.266777
vn 0.869040 -0.000000 -0.494742
vn 0.861929 -0.000000 -0.507030
vn 0.869084 -0.000000 -0.494665
vn 0.861890 -0.000000 -0.507095
vn 0.869055 -0.000000 -0.494716
vn 0.861914 -0.000000 -0.507055
vn 0.721474 -0.000000 -0.692442
vn 0.690628 -0.000000 -0.723210
vn 0.721599 -0.000000 -0.692311
vn 0.690521 -0.000000 -0.723313
vn 0.721509 -0.000000 -0.692405
vn 0.690594 -0.000000 -0.723243
vn 0.529489 -0.000000 -0.848317
vn 0.469506 -0.000000 -0.882929
vn 0.529537 -0.000000 -0.848287
vn 0.469417 -0.000000 -0.882977
vn 0.529463 -0.000000 -0.848333
vn 0.469500 -0.000000 -0.882932
vn -1.000000 0.000000 0.000000
vn -1.000000 0.000000 0.000000
vn -1.000000 0.000000 0.000000
vn -1.000000 0.000000 0.000000
vn -1.000000 0.000000 0.000000
vn -1.000000 0.000000 0.000000
vn -1.000000 0.000000 0.000000
vn -1.000000 0.000000 0.000000
vn -1.000000 0.000000 0.000000
vn -1.000000 0.000000 0.000000
vn -1.000000 0.000000 0.000000
vn -1.000000 0.000000 0.000000
vn -0.117803 0.000000 0.993037
vn -0.117803 0.000000 0.993037
vn -0.285779 0.000000 0.958296
vn -0.216793 0.000000 0.976218
vn -0.117797 0.000000 0.993038
vn -0.117797 0.000000 0.993038
vn -0.285628 0.000000 0.958341
vn -0.216896 0.000000 0.976195
vn -0.117800 0.000000 0.993037
vn -0.117800 0.000000 0.993037
vn -0.285245 0.000000 0.958455
vn -0.216442 0.000000 0.976296
vn -0.530046 0.000000 0.847969
vn -0.469230 0.000000 0.883076
vn -0.530096 0.000000 0.847937
vn -0.469130 0.000000 0.883129
vn -0.530123 0.000000 0.847921
vn -0.469139 0.000000 0.883125
vn -0.722421 0.000000 0.691453
vn -0.689363 0.000000 0.724416
vn -0.722552 0.000000 0.691317
vn -0.689248 0.000000 0.724525
vn -0.722515 0.000000 0.691356
vn -0.689279 0.000000 0.724496
vn -0.870352 0.000000 0.492430
vn -0.860635 0.000000 0.509222
vn -0.870404 0.000000 0.492339
vn -0.860593 0.000000 0.509294
vn -0.870386 0.000000 0.492369
vn -0.860606 0.000000 0.509272
vn -0.964486 0.000000 0.264133
vn -0.963655 0.000000 0.267150
vn -0.964492 0.000000 0.264111
vn -0.963650 0.000000 0.267169
vn -0.964495 0.000000 0.264101
vn -0.963657 0.000000 0.267144
vn -0.997478 0.000000 0.070973
vn -0.997478 0.000000 0.070973
vn -0.997478 0.000000 0.070973
vn -0.997478 0.000000 0.070973
vn -0.997500 0.000000 0.070665
vn -0.997500 0.000000 0.070665
vn -1.000000 0.000000 0.000000
vn -1.000000 0.000000 0.000000
vn -1.000000 0.000000 -0.000000
vn -1.000000 0.000000 -0.000000
vn -1.000000 0.000000 -0.000000
vn -1.000000 0.000000 -0.000000
vn -0.000000 0.000001 1.000000
vn -0.000000 0.000001 1.000000
vn -0.000000 0.000001 1.000000
vn -0.000000 0.000001 1.000000
vn -0.000000 0.000001 1.000000
vn -0.000000 0.000001 1.000000
vn -0.000000 0.000001 1.000000
vn -0.000000 0.000001 1.000000
vn 0.000000 -0.000000 1.000000
vn 0.000000 -0.000000 1.000000
vn 0.000000 -0.000000 1.000000
vn 0.000000 -0.000000 1.000000
vn 1.000000 -0.000000 0.000000
vn 1.000000 -0.000000 0.000000
vn 0.997412 -0.000000 -0.071898
vn 0.997412 -0.000000 -0.071898
vn 1.000000 -0.000000 0.000000
vn 1.000000 -0.000000 0.000000
vn 0.997412 -0.000000 -0.071898
vn 0.997412 -0.000000 -0.071898
vn 1.000000 -0.000000 0.000000
vn 1.000000 -0.000000 0.000000
vn 0.997430 -0.000000 -0.071651
vn 0.997430 -0.000000 -0.071651
vn 0.964110 -0.000000 -0.265502
vn 0.963765 -0.000000 -0.266754
vn 0.964114 -0.000000 -0.265490
vn 0.963761 -0.000000 -0.266766
vn 0.964107 -0.000000 -0.265515
vn 0.963758 -0.000000 -0.266777
vn 0.869040 -0.000000 -0.494742
vn 0.861929 -0.000000 -0.507030
vn 0.869084 -0.000000 -0.494665
vn 0.861890 -0.000000 -0.507095
vn 0.869055 -0.000000 -0.494715
vn 0.861914 -0.000000 -0.507054
vn 0.721474 -0.000000 -0.692441
vn 0.690628 -0.000000 -0.723210
vn 0.721599 -0.000000 -0.692311
vn 0.690521 -0.000000 -0.723313
vn 0.721509 -0.000000 -0.692405
vn 0.690594 -0.000000 -0.723243
vn 0.529491 -0.000000 -0.848316
vn 0.469509 -0.000000 -0.882928
vn 0.529534 -0.000000 -0.848289
vn 0.469411 -0.000000 -0.882980
vn 0.529463 -0.000000 -0.848333
vn 0.469500 -0.000000 -0.882932
vn -1.000000 0.000000 0.000000
vn -1.000000 0.000000 0.000000
vn -1.000000 0.000000 0.000000
vn -1.000000 0.000000 0.000000
vn -1.000000 0.000000 0.000000
vn -1.000000 0.000000 0.000000
vn -1.000000 0.000000 0.000000
vn -1.000000 0.000000 0.000000
vn -1.000000 0.000000 0.000000
vn -1.000000 0.000000 0.000000
vn -1.000000 0.000000 0.000000
vn -1.000000 0.000000 0.000000
vn -0.117796 0.000000 0.993038
vn -0.117797 0.000000 0.993038
vn -0.285784 0.000000 0.958294
vn -0.216793 0.000000 0.976218
vn -0.117803 0.000000 0.993037
vn -0.117803 0.000000 0.993037
vn -0.285638 0.000000 0.958338
vn -0.216904 0.000000 0.976193
vn -0.117793 0.000000 0.993038
vn -0.117793 0.000000 0.993038
vn -0.285239 0.000000 0.958457
vn -0.216435 0.000000 0.976297
vn -0.530050 0.000000 0.847966
vn -0.469237 0.000000 0.883072
vn -0.530101 0.000000 0.847934
vn -0.469137 0.000000 0.883126
vn -0.530122 0.000000 0.847921
vn -0.469136 0.000000 0.883126
vn -0.722421 0.000000 0.691453
vn -0.689363 0.000000 0.724416
vn -0.722552 0.000000 0.691317
vn -0.689249 0.000000 0.724525
vn -0.722516 0.000000 0.691355
vn -0.689281 0.000000 0.724494
vn -0.870352 0.000000 0.492429
vn -0.860636 0.000000 0.509221
vn -0.870403 0.000000 0.492340
vn -0.860592 0.000000 0.509296
vn -0.870387 0.000000 0.492368
vn -0.860606 0.000000 0.509271
vn -0.964486 0.000000 0.264132
vn -0.963655 0.000000 0.267149
vn -0.964492 0.000000 0.264111
vn -0.963650 0.000000 0.267170
vn -0.964495 0.000000 0.264100
vn -0.963657 0.000000 0.267143
vn -0.997478 0.000000 0.070973
vn -0.997478 0.000000 0.070973
vn -0.997478 0.000000 0.070973
vn -0.997478 0.000000 0.070973
vn -0.997500 0.000004 0.070664
vn -0.997500 0.000004 0.070664
vn -1.000000 0.000000 -0.000001
vn -1.000000 0.000000 -0.000001
vn -1.000000 0.000000 -0.000001
vn -1.000000 0.000000 -0.000001
vn -1.000000 0.000009 -0.000001
vn -1.000000 0.000009 -0.000001
vn 0.000000 -0.000000 1.000000
vn 0.000000 -0.000000 1.000000
vn 0.000000 -0.000000 1.000000
vn 0.000000 -0.000000 1.000000
vn 0.000000 -0.000000 1.000000
vn 0.000000 -0.000000 1.000000
vn 0.000000 -0.000000 1.000000
vn 0.000000 -0.000000 1.000000
vn -0.000000 -0.000001 1.000000
vn -0.000000 -0.000001 1.000000
vn -0.000000 -0.000001 1.000000
vn -0.000000 -0.000001 1.000000
vn 1.000000 -0.000000 0.000000
vn 1.000000 -0.000000 0.000000
vn 0.997412 -0.000000 -0.071898
vn 0.997412 -0.000000 -0.071898
vn 1.000000 -0.000000 0.000000
vn 1.000000 -0.000000 0.000000
vn 0.997412 -0.000000 -0.071898
vn 0.997412 -0.000000 -0.071898
vn 1.000000 -0.000000 0.000000
vn 1.000000 -0.000000 0.000000
vn 0.997430 -0.000000 -0.071651
vn 0.997430 -0.000000 -0.071651
vn 0.964110 -0.000000 -0.265503
vn 0.963764 -0.000000 -0.266755
vn 0.964113 -0.000000 -0.265491
vn 0.963761 -0.000000 -0.266766
vn 0.964107 -0.000000 -0.265514
vn 0.963759 -0.000000 -0.266776
vn 0.869039 -0.000000 -0.494744
vn 0.861928 -0.000000 -0.507031
vn 0.869084 -0.000000 -0.494665
vn 0.861890 -0.000000 -0.507096
vn 0.869055 -0.000000 -0.494715
vn 0.861914 -0.000000 -0.507054
vn 0.721475 -0.000000 -0.692440
vn 0.690630 -0.000000 -0.723208
vn 0.721600 -0.000000 -0.692310
vn 0.690523 -0.000000 -0.723311
vn 0.721511 -0.000000 -0.692403
vn 0.690596 -0.000000 -0.723240
vn 0.529495 -0.000000 -0.848313
vn 0.469513 -0.000000 -0.882925
vn 0.529538 -0.000000 -0.848286
vn 0.469416 -0.000000 -0.882977
vn 0.529464 -0.000000 -0.848332
vn 0.469499 -0.000000 -0.882933
vn 1.000000 -0.000000 -0.000000
vn 1.000000 -0.000000 -0.000000
vn 0.998227 -0.000000 -0.059526
vn 0.997604 -0.000000 -0.069190
vn 1.000000 -0.000000 -0.000000
vn 1.000000 -0.000000 -0.000000
vn 0.998231 -0.000000 -0.059460
vn 0.997600 -0.000000 -0.069246
vn 1.000000 -0.000003 -0.000000
vn 1.000000 -0.000003 -0.000000
vn 0.998244 -0.000001 -0.059240
vn 0.997622 -0.000001 -0.068930
vn 0.970812 -0.000000 -0.239843
vn 0.959330 -0.000000 -0.282287
vn 0.970869 -0.000000 -0.239611
vn 0.959272 -0.000000 -0.282483
vn 0.970817 -0.000000 -0.239820
vn 0.959303 -0.000000 -0.282380
vn 0.881332 -0.000000 -0.472498
vn 0.848834 -0.000000 -0.528659
vn 0.881421 -0.000000 -0.472331
vn 0.848728 -0.000000 -0.528830
vn 0.881337 -0.000000 -0.472487
vn 0.848818 -0.000000 -0.528685
vn 0.732997 -0.000000 -0.680232
vn 0.680214 -0.000000 -0.733014
vn 0.732988 -0.000000 -0.680242
vn 0.680177 -0.000000 -0.733048
vn 0.732931 -0.000000 -0.680303
vn 0.680255 -0.000000 -0.732976
vn 0.529360 -0.000000 -0.848397
vn 0.470672 -0.000000 -0.882308
vn 0.529245 -0.000000 -0.848469
vn 0.470793 -0.000000 -0.882244
vn 0.529235 -0.000000 -0.848475
vn 0.470803 -0.000000 -0.882238
vn 0.284338 -0.000000 -0.958724
vn 0.229165 -0.000000 -0.973388
vn 0.284167 -0.000000 -0.958775
vn 0.229343 -0.000000 -0.973346
vn 0.283471 -0.000000 -0.958981
vn 0.228832 -0.000000 -0.973466
vn 0.128520 -0.000000 -0.991707
vn 0.128520 -0.000000 -0.991707
vn 0.128520 -0.000000 -0.991707
vn 0.128520 -0.000000 -0.991707
vn 0.128522 -0.000000 -0.991707
vn 0.128522 -0.000000 -0.991707
vn -1.000000 0.000000 0.000000
vn -1.000000 0.000000 0.000000
vn -1.000000 0.000000 0.000000
vn -1.000000 0.000000 0.000000
vn -1.000000 0.000000 0.000000
vn -1.000000 0.000000 0.000000
vn -1.000000 0.000000 0.000000
vn -1.000000 0.000000 0.000000
vn -1.000000 0.000000 0.000000
vn -1.000000 0.000000 0.000000
vn -1.000000 0.000000 0.000000
vn -1.000000 0.000000 0.000000
vn -0.130475 0.000000 0.991452
vn -0.130475 0.000000 0.991452
vn -0.285873 0.000000 0.958268
vn -0.229381 0.000000 0.973337
vn -0.130475 0.000000 0.991452
vn -0.130475 0.000000 0.991452
vn -0.285670 0.000000 0.958328
vn -0.229589 0.000000 0.973288
vn -0.130472 0.000000 0.991452
vn -0.130472 0.000000 0.991452
vn -0.285046 0.000000 0.958514
vn -0.228867 0.000000 0.973458
vn -0.530520 0.000000 0.847672
vn -0.469679 0.000000 0.882837
vn -0.530372 0.000000 0.847765
vn -0.469830 0.000000 0.882757
vn -0.530519 0.000000 0.847673
vn -0.469672 0.000000 0.882841
vn -0.734357 0.000000 0.678763
vn -0.678893 0.000000 0.734237
vn -0.734329 0.000000 0.678794
vn -0.678863 0.000000 0.734265
vn -0.734411 0.000000 0.678705
vn -0.678809 0.000000 0.734315
vn -0.882551 0.000000 0.470218
vn -0.847440 0.000000 0.530891
vn -0.882645 0.000000 0.470041
vn -0.847320 0.000000 0.531082
vn -0.882643 0.000000 0.470045
vn -0.847336 0.000000 0.531057
vn -0.971829 0.000000 0.235687
vn -0.958795 0.000000 0.284099
vn -0.971897 0.000000 0.235409
vn -0.958724 0.000000 0.284338
vn -0.971890 0.000000 0.235436
vn -0.958757 0.000000 0.284226
vn -0.998387 0.000000 0.056782
vn -0.997600 0.000000 0.069245
vn -0.998392 0.000000 0.056693
vn -0.997594 0.000000 0.069320
vn -0.998410 0.000001 0.056373
vn -0.997623 0.000001 0.068905
vn -1.000000 0.000000 -0.000000
vn -1.000000 0.000000 -0.000000
vn -1.000000 0.000001 -0.000000
vn -1.000000 0.000001 -0.000000
vn -1.000000 0.000000 -0.000000
vn -1.000000 0.000000 -0.000000
vn 1.000000 -0.000000 0.000000
vn 1.000000 -0.000000 0.000000
vn 0.998227 -0.000000 -0.059526
vn 0.997604 -0.000000 -0.069190
vn 1.000000 -0.000000 0.000000
vn 1.000000 -0.000000 0.000000
vn 0.998231 -0.000000 -0.059460
vn 0.997600 -0.000000 -0.069246
vn 1.000000 -0.000000 0.000000
vn 1.000000 -0.000000 0.000000
vn 0.998244 -0.000000 -0.059240
vn 0.997622 -0.000000 -0.068930
vn 0.970812 -0.000000 -0.239843
vn 0.959330 -0.000000 -0.282288
vn 0.970869 -0.000000 -0.239611
vn 0.959272 -0.000000 -0.282483
vn 0.970817 -0.000000 -0.239820
vn 0.959303 -0.000000 -0.282380
vn 0.881331 -0.000000 -0.472499
vn 0.848833 -0.000000 -0.528661
vn 0.881421 -0.000000 -0.472332
vn 0.848727 -0.000000 -0.528831
vn 0.881338 -0.000000 -0.472486
vn 0.848819 -0.000000 -0.528683
vn 0.732996 -0.000000 -0.680233
vn 0.680213 -0.000000 -0.733014
vn 0.732988 -0.000000 -0.680242
vn 0.680178 -0.000000 -0.733047
vn 0.732934 -0.000000 -0.680300
vn 0.680258 -0.000000 -0.732973
vn 0.529359 -0.000000 -0.848398
vn 0.470670 -0.000000 -0.882309
vn 0.529247 -0.000000 -0.848468
vn 0.470794 -0.000000 -0.882243
vn 0.529238 -0.000000 -0.848474
vn 0.470805 -0.000000 -0.882237
vn 0.284335 -0.000000 -0.958725
vn 0.229163 -0.000000 -0.973388
vn 0.284167 -0.000000 -0.958775
vn 0.229343 -0.000000 -0.973346
vn 0.283471 -0.000000 -0.958981
vn 0.228832 -0.000000 -0.973466
vn 0.128520 -0.000000 -0.991707
vn 0.128520 -0.000000 -0.991707
vn 0.128520 -0.000000 -0.991707
vn 0.128520 -0.000000 -0.991707
vn 0.128522 -0.000000 -0.991707
vn 0.128522 -0.000000 -0.991707
vn -1.000000 0.000000 0.000000
vn -1.000000 0.000000 0.000000
vn -1.000000 0.000000 0.000000
vn -1.000000 0.000000 0.000000
vn -1.000000 0.000000 0.000000
vn -1.000000 0.000000 0.000000
vn -1.000000 0.000000 0.000000
vn -1.000000 0.000000 0.000000
vn -1.000000 0.000000 0.000000
vn -1.000000 0.000000 0.000000
vn -1.000000 0.000000 0.000000
vn -1.000000 0.000000 0.000000
vn -0.130475 0.000000 0.991452
vn -0.130475 0.000000 0.991452
vn -0.285875 0.000000 0.958267
vn -0.229382 0.000000 0.973336
vn -0.130475 0.000000 0.991452
vn -0.130475 0.000000 0.991452
vn -0.285672 0.000000 0.958328
vn -0.229590 0.000000 0.973288
vn -0.130477 0.000000 0.991451
vn -0.130477 0.000000 0.991451
vn -0.285049 0.000000 0.958513
vn -0.228871 0.000000 0.973457
vn -0.530521 0.000000 0.847672
vn -0.469680 0.000000 0.882837
vn -0.530375 0.000000 0.847763
vn -0.469833 0.000000 0.882756
vn -0.530520 0.000000 0.847673
vn -0.469673 0.000000 0.882840
vn -0.734358 0.000000 0.678762
vn -0.678894 0.000000 0.734237
vn -0.734330 0.000000 0.678792
vn -0.678865 0.000000 0.734263
vn -0.734410 0.000000 0.678706
vn -0.678809 0.000000 0.734315
vn -0.882551 0.000000 0.470217
vn -0.847441 0.000000 0.530890
vn -0.882645 0.000000 0.470040
vn -0.847321 0.000000 0.531081
vn -0.882643 0.000000 0.470045
vn -0.847336 0.000000 0.531057
vn -0.971829 0.000000 0.235687
vn -0.958795 0.000000 0.284099
vn -0.971897 0.000000 0.235408
vn -0.958724 0.000000 0.284337
vn -0.971890 0.000000 0.235436
vn -0.958758 0.000000 0.284226
vn -0.998387 0.000001 0.056782
vn -0.997600 0.000001 0.069245
vn -0.998392 0.000001 0.056693
vn -0.997594 0.000001 0.069320
vn -0.998410 0.000000 0.056373
vn -0.997623 0.000000 0.068904
vn -1.000000 0.000001 0.000000
vn -1.000000 0.000001 0.000000
vn -1.000000 0.000000 0.000000
vn -1.000000 0.000000 0.000000
vn -1.000000 0.000001 0.000000
vn -1.000000 0.000001 0.000000
vn 1.000000 -0.000000 0.000000
vn 1.000000 -0.000000 0.000000
vn 0.998227 -0.000000 -0.059526
vn 0.997604 -0.000000 -0.069190
vn 1.000000 -0.000000 0.000000
vn 1.000000 -0.000000 0.000000
vn 0.998231 -0.000000 -0.059460
vn 0.997600 -0.000000 -0.069246
vn 1.000000 -0.000000 0.000000
vn 1.000000 -0.000000 0.000000
vn 0.998244 -0.000000 -0.059240
vn 0.997622 -0.000000 -0.068930
vn 0.970812 -0.000000 -0.239843
vn 0.959330 -0.000000 -0.282287
vn 0.970869 -0.000000 -0.239610
vn 0.959273 -0.000000 -0.282482
vn 0.970817 -0.000000 -0.239820
vn 0.959302 -0.000000 -0.282381
vn 0.881331 -0.000000 -0.472499
vn 0.848833 -0.000000 -0.528661
vn 0.881422 -0.000000 -0.472331
vn 0.848728 -0.000000 -0.528829
vn 0.881338 -0.000000 -0.472487
vn 0.848819 -0.000000 -0.528684
vn 0.732997 -0.000000 -0.680232
vn 0.680215 -0.000000 -0.733013
vn 0.732987 -0.000000 -0.680243
vn 0.680175 -0.000000 -0.733050
vn 0.732933 -0.000000 -0.680300
vn 0.680257 -0.000000 -0.732974
vn 0.529364 -0.000000 -0.848395
vn 0.470676 -0.000000 -0.882306
vn 0.529241 -0.000000 -0.848471
vn 0.470789 -0.000000 -0.882246
vn 0.529237 -0.000000 -0.848474
vn 0.470804 -0.000000 -0.882238
vn 0.284341 -0.000000 -0.958723
vn 0.229167 -0.000000 -0.973387
vn 0.284163 -0.000000 -0.958776
vn 0.229338 -0.000000 -0.973347
vn 0.283469 -0.000000 -0.958982
vn 0.228829 -0.000000 -0.973467
vn 0.128520 -0.000000 -0.991707
vn 0.128520 -0.000000 -0.991707
vn 0.128515 -0.000000 -0.991708
vn 0.128515 -0.000000 -0.991708
vn 0.128517 -0.000000 -0.991707
vn 0.128517 -0.000000 -0.991707
vn -1.000000 0.000000 0.000000
vn -1.000000 0.000000 0.000000
vn -1.000000 0.000000 0.000000
vn -1.000000 0.000000 0.000000
vn -1.000000 0.000000 0.000000
vn -1.000000 0.000000 0.000000
vn -1.000000 0.000000 0.000000
vn -1.000000 0.000000 0.000000
vn -1.000000 0.000000 0.000000
vn -1.000000 0.000000 0.000000
vn -1.000000 0.000000 0.000000
vn -1.000000 0.000000 0.000000
vn -0.130475 0.000000 0.991452
vn -0.130475 0.000000 0.991452
vn -0.285873 0.000000 0.958268
vn -0.229381 0.000000 0.973337
vn -0.130478 0.000000 0.991451
vn -0.130478 0.000000 0.991451
vn -0.285675 0.000000 0.958326
vn -0.229593 0.000000 0.973287
vn -0.130477 0.000000 0.991451
vn -0.130477 0.000000 0.991451
vn -0.285050 0.000000 0.958513
vn -0.228872 0.000000 0.973457
vn -0.530520 0.000000 0.847672
vn -0.469679 0.000000 0.882837
vn -0.530374 0.000000 0.847764
vn -0.469834 0.000000 0.882755
vn -0.530521 0.000000 0.847672
vn -0.469675 0.000000 0.882840
vn -0.734358 0.000000 0.678762
vn -0.678894 0.000000 0.734237
vn -0.734330 0.000000 0.678793
vn -0.678863 0.000000 0.734265
vn -0.734411 0.000000 0.678705
vn -0.678809 0.000000 0.734315
vn -0.882551 0.000000 0.470218
vn -0.847441 0.000000 0.530890
vn -0.882645 0.000000 0.470040
vn -0.847321 0.000000 0.531081
vn -0.882643 0.000000 0.470044
vn -0.847336 0.000000 0.531057
vn -0.971829 0.000000 0.235687
vn -0.958795 0.000000 0.284099
vn -0.971897 0.000000 0.235409
vn -0.958724 0.000000 0.284337
vn -0.971890 0.000000 0.235435
vn -0.958758 0.000000 0.284225
vn -0.998387 0.000000 0.056782
vn -0.997600 0.000000 0.069245
vn -0.998392 0.000000 0.056693
vn -0.997595 0.000000 0.069320
vn -0.998410 0.000001 0.056373
vn -0.997623 0.000001 0.068904
vn -1.000000 0.000000 -0.000000
vn -1.000000 0.000000 -0.000000
vn -1.000000 0.000001 0.000000
vn -1.000000 0.000001 0.000000
vn -1.000000 0.000000 0.000000
vn -1.000000 0.000000 0.000000
vn 0.377456 0.925633 0.027034
vn 0.284748 0.953267 -0.101002
vn 0.280339 0.954736 -0.099439
vn 0.377277 0.925725 0.026370
vn -0.283669 -0.953627 0.100633
vn -0.376808 -0.925890 -0.027254
vn -0.376625 -0.925984 -0.026587
vn -0.279305 -0.955076 0.099086
vn 0.252291 0.952648 0.169738
vn 0.249208 0.953826 0.167663
vn -0.251212 -0.953063 -0.169011
vn -0.248164 -0.954222 -0.166959
vn 0.362389 0.912911 0.187797
vn 0.362697 0.912803 0.187729
vn -0.361757 -0.913247 -0.187383
vn -0.362069 -0.913137 -0.187316
vn 0.355540 0.914023 0.195327
vn 0.355809 0.913937 0.195244
vn -0.355889 -0.913821 -0.195638
vn -0.356153 -0.913736 -0.195555
vn 0.202980 0.961205 0.186770
vn 0.203305 0.961113 0.186895
vn -0.203708 -0.960919 -0.187453
vn -0.204035 -0.960825 -0.187578
vn 0.066869 0.993214 0.095153
vn 0.066948 0.993200 0.095244
vn -0.067184 -0.993148 -0.095618
vn -0.067265 -0.993134 -0.095710
vn 0.007619 0.999802 0.018391
vn 0.007619 0.999802 0.018392
vn -0.007670 -0.999799 -0.018521
vn -0.007671 -0.999799 -0.018522
vn -0.000000 1.000000 -0.000000
vn -0.000000 1.000000 -0.000000
vn 0.000000 -1.000000 0.000001
vn 0.000000 -1.000000 0.000001
vn 0.000000 1.000000 -0.000002
vn 0.000000 1.000000 -0.000002
vn -0.000000 -1.000000 0.000003
vn -0.000000 -1.000000 0.000003
vn 0.000000 1.000000 -0.000001
vn 0.000000 1.000000 -0.000001
vn -0.000000 -1.000000 0.000002
vn -0.000000 -1.000000 0.000002
vn 0.000000 1.000000 0.000001
vn 0.000000 1.000000 0.000001
vn -0.000000 -1.000000 -0.000002
vn -0.000000 -1.000000 -0.000002
vn 0.003185 0.999965 0.007688
vn 0.003185 0.999965 0.007688
vn -0.003214 -0.999965 -0.007760
vn -0.003214 -0.999965 -0.007760
vn 0.050321 0.996353 0.068909
vn 0.050276 0.996359 0.068855
vn -0.050607 -0.996311 -0.069314
vn -0.050562 -0.996317 -0.069259
vn 0.192754 0.965982 0.172409
vn 0.192316 0.966108 0.172190
vn -0.193443 -0.965726 -0.173070
vn -0.193003 -0.965854 -0.172849
vn 0.349967 0.916632 0.193155
vn 0.349760 0.916695 0.193233
vn -0.350285 -0.916450 -0.193440
vn -0.350083 -0.916511 -0.193519
vn 0.378754 0.925115 0.026591
vn 0.286913 0.952539 -0.101734
vn 0.282416 0.954051 -0.100138
vn 0.378583 0.925204 0.025937
vn -0.285837 -0.952902 0.101365
vn -0.378118 -0.925369 -0.026815
vn -0.377943 -0.925459 -0.026158
vn -0.281384 -0.954393 0.099786
vn 0.254406 0.951825 0.171194
vn 0.251254 0.953040 0.169074
vn -0.253330 -0.952242 -0.170467
vn -0.250212 -0.953439 -0.168370
vn 0.363619 0.912249 0.188633
vn 0.363918 0.912145 0.188562
vn -0.362988 -0.912586 -0.188221
vn -0.363291 -0.912480 -0.188151
vn 0.354840 0.914426 0.194717
vn 0.355116 0.914336 0.194636
vn -0.355190 -0.914224 -0.195025
vn -0.355461 -0.914136 -0.194943
vn 0.201538 0.961775 0.185397
vn 0.201860 0.961683 0.185520
vn -0.202267 -0.961489 -0.186084
vn -0.202592 -0.961396 -0.186209
vn 0.066237 0.993346 0.094215
vn 0.066316 0.993332 0.094305
vn -0.066554 -0.993280 -0.094682
vn -0.066633 -0.993266 -0.094773
vn 0.007515 0.999807 0.018143
vn 0.007515 0.999807 0.018144
vn -0.007567 -0.999805 -0.018264
vn -0.007567 -0.999805 -0.018265
vn -0.000000 1.000000 -0.000000
vn -0.000000 1.000000 -0.000000
vn 0.000000 -1.000000 -0.000000
vn 0.000000 -1.000000 -0.000000
vn 0.000000 1.000000 0.000000
vn 0.000000 1.000000 0.000000
vn -0.000000 -1.000000 -0.000003
vn -0.000000 -1.000000 -0.000003
vn 0.000000 1.000000 0.000001
vn 0.000000 1.000000 0.000001
vn -0.000000 -1.000000 -0.000003
vn -0.000000 -1.000000 -0.000003
vn -0.000001 1.000000 -0.000002
vn -0.000001 1.000000 -0.000002
vn 0.000000 -1.000000 0.000001
vn 0.000000 -1.000000 0.000001
vn 0.003126 0.999967 0.007546
vn 0.003125 0.999967 0.007546
vn -0.003155 -0.999966 -0.007617
vn -0.003155 -0.999966 -0.007617
vn 0.049747 0.996437 0.068112
vn 0.049704 0.996442 0.068059
vn -0.050037 -0.996395 -0.068515
vn -0.049993 -0.996400 -0.068462
vn 0.191357 0.966493 0.171094
vn 0.190926 0.966617 0.170877
vn -0.192051 -0.966238 -0.171757
vn -0.191616 -0.966363 -0.171539
vn 0.349316 0.917003 0.192572
vn 0.349100 0.917069 0.192651
vn -0.349645 -0.916816 -0.192864
vn -0.349433 -0.916881 -0.192943
vn 0.377466 0.925629 0.027032
vn 0.284759 0.953264 -0.100995
vn 0.280351 0.954734 -0.099432
vn 0.377287 0.925721 0.026372
vn -0.283681 -0.953624 0.100627
vn -0.376798 -0.925894 -0.027253
vn -0.376616 -0.925988 -0.026589
vn -0.279316 -0.955073 0.099081
vn 0.252270 0.952653 0.169739
vn 0.249188 0.953831 0.167665
vn -0.251230 -0.953058 -0.169011
vn -0.248183 -0.954217 -0.166959
vn 0.362388 0.912912 0.187797
vn 0.362696 0.912803 0.187728
vn -0.361787 -0.913236 -0.187380
vn -0.362101 -0.913125 -0.187312
vn 0.355549 0.914020 0.195326
vn 0.355818 0.913933 0.195244
vn -0.355904 -0.913816 -0.195635
vn -0.356168 -0.913731 -0.195552
vn 0.202982 0.961206 0.186767
vn 0.203306 0.961113 0.186892
vn -0.203703 -0.960920 -0.187454
vn -0.204030 -0.960826 -0.187579
vn 0.066870 0.993215 0.095148
vn 0.066951 0.993200 0.095242
vn -0.067186 -0.993149 -0.095613
vn -0.067268 -0.993134 -0.095708
vn 0.007618 0.999802 0.018392
vn 0.007619 0.999802 0.018393
vn -0.007671 -0.999799 -0.018516
vn -0.007671 -0.999799 -0.018517
vn -0.000000 1.000000 -0.000001
vn -0.000000 1.000000 -0.000001
vn 0.000000 -1.000000 0.000000
vn 0.000000 -1.000000 0.000000
vn 0.000000 1.000000 -0.000000
vn 0.000000 1.000000 -0.000000
vn -0.000000 -1.000000 -0.000002
vn -0.000000 -1.000000 -0.000002
vn 0.000000 1.000000 0.000000
vn 0.000000 1.000000 0.000000
vn -0.000000 -1.000000 -0.000002
vn -0.000000 -1.000000 -0.000002
vn 0.000000 1.000000 0.000001
vn 0.000000 1.000000 0.000001
vn -0.000000 -1.000000 -0.000003
vn -0.000000 -1.000000 -0.000003
vn 0.003185 0.999965 0.007690
vn 0.003185 0.999965 0.007690
vn -0.003214 -0.999965 -0.007762
vn -0.003214 -0.999965 -0.007761
vn 0.050321 0.996353 0.068912
vn 0.050276 0.996359 0.068858
vn -0.050607 -0.996310 -0.069315
vn -0.050562 -0.996316 -0.069260
vn 0.192753 0.965983 0.172407
vn 0.192315 0.966109 0.172187
vn -0.193430 -0.965729 -0.173069
vn -0.192990 -0.965856 -0.172848
vn 0.349973 0.916632 0.193146
vn 0.349766 0.916694 0.193225
vn -0.350260 -0.916460 -0.193437
vn -0.350058 -0.916521 -0.193516
vn 0.378750 0.925117 0.026591
vn 0.286895 0.952545 -0.101729
vn 0.282398 0.954057 -0.100133
vn 0.378578 0.925206 0.025937
vn -0.285819 -0.952908 0.101361
vn -0.378103 -0.925375 -0.026811
vn -0.377928 -0.925465 -0.026154
vn -0.281366 -0.954399 0.099782
vn 0.254372 0.951833 0.171199
vn 0.251220 0.953048 0.169079
vn -0.253334 -0.952240 -0.170471
vn -0.250217 -0.953437 -0.168374
vn 0.363595 0.912258 0.188637
vn 0.363896 0.912153 0.188565
vn -0.363007 -0.912579 -0.188220
vn -0.363312 -0.912472 -0.188149
vn 0.354839 0.914427 0.194713
vn 0.355117 0.914336 0.194631
vn -0.355206 -0.914218 -0.195024
vn -0.355479 -0.914129 -0.194942
vn 0.201548 0.961773 0.185393
vn 0.201870 0.961682 0.185517
vn -0.202267 -0.961488 -0.186088
vn -0.202592 -0.961396 -0.186213
vn 0.066242 0.993345 0.094217
vn 0.066321 0.993332 0.094308
vn -0.066555 -0.993280 -0.094688
vn -0.066635 -0.993266 -0.094780
vn 0.007515 0.999807 0.018142
vn 0.007515 0.999807 0.018144
vn -0.007567 -0.999804 -0.018267
vn -0.007567 -0.999805 -0.018268
vn -0.000000 1.000000 0.000000
vn -0.000000 1.000000 0.000000
vn 0.000000 -1.000000 0.000001
vn 0.000000 -1.000000 0.000001
vn 0.000000 1.000000 -0.000002
vn 0.000000 1.000000 -0.000002
vn -0.000000 -1.000000 0.000000
vn -0.000000 -1.000000 0.000000
vn 0.000000 1.000000 -0.000001
vn 0.000000 1.000000 -0.000001
vn -0.000000 -1.000000 -0.000001
vn -0.000000 -1.000000 -0.000001
vn -0.000001 1.000000 -0.000003
vn -0.000001 1.000000 -0.000003
vn 0.000000 -1.000000 0.000001
vn 0.000000 -1.000000 0.000001
vn 0.003125 0.999967 0.007544
vn 0.003125 0.999967 0.007544
vn -0.003155 -0.999966 -0.007615
vn -0.003155 -0.999966 -0.007615
vn 0.049751 0.996437 0.068107
vn 0.049708 0.996443 0.068054
vn -0.050038 -0.996395 -0.068508
vn -0.049994 -0.996401 -0.068454
vn 0.191365 0.966492 0.171093
vn 0.190932 0.966616 0.170875
vn -0.192056 -0.966239 -0.171748
vn -0.191621 -0.966364 -0.171529
vn 0.349328 0.916998 0.192574
vn 0.349112 0.917064 0.192653
vn -0.349648 -0.916817 -0.192857
vn -0.349436 -0.916881 -0.192936
vn 0.377446 0.925637 0.027029
vn 0.284748 0.953266 -0.101007
vn 0.280340 0.954736 -0.099443
vn 0.377268 0.925729 0.026367
vn -0.283670 -0.953627 0.100634
vn -0.376799 -0.925894 -0.027253
vn -0.376616 -0.925988 -0.026588
vn -0.279305 -0.955076 0.099087
vn 0.252270 0.952653 0.169740
vn 0.249188 0.953831 0.167666
vn -0.251230 -0.953057 -0.169011
vn -0.248183 -0.954217 -0.166959
vn 0.362387 0.912911 0.187799
vn 0.362696 0.912803 0.187730
vn -0.361776 -0.913239 -0.187382
vn -0.362089 -0.913129 -0.187314
vn 0.355544 0.914021 0.195331
vn 0.355812 0.913934 0.195248
vn -0.355888 -0.913821 -0.195640
vn -0.356152 -0.913736 -0.195557
vn 0.202975 0.961207 0.186770
vn 0.203299 0.961114 0.186894
vn -0.203696 -0.960921 -0.187456
vn -0.204023 -0.960827 -0.187581
vn 0.066869 0.993215 0.095147
vn 0.066949 0.993200 0.095240
vn -0.067185 -0.993149 -0.095611
vn -0.067267 -0.993134 -0.095705
vn 0.007618 0.999802 0.018392
vn 0.007619 0.999802 0.018393
vn -0.007670 -0.999799 -0.018516
vn -0.007671 -0.999799 -0.018517
vn -0.000000 1.000000 -0.000001
vn -0.000000 1.000000 -0.000001
vn 0.000000 -1.000000 0.000001
vn 0.000000 -1.000000 0.000001
vn 0.000001 1.000000 -0.000000
vn 0.000001 1.000000 -0.000000
vn -0.000001 -1.000000 -0.000002
vn -0.000001 -1.000000 -0.000002
vn 0.000001 1.000000 0.000000
vn 0.000001 1.000000 0.000000
vn -0.000001 -1.000000 -0.000002
vn -0.000001 -1.000000 -0.000002
vn 0.000000 1.000000 0.000000
vn 0.000000 1.000000 0.000000
vn -0.000000 -1.000000 -0.000003
vn -0.000000 -1.000000 -0.000003
vn 0.003185 0.999965 0.007687
vn 0.003185 0.999965 0.007686
vn -0.003214 -0.999965 -0.007760
vn -0.003214 -0.999965 -0.007760
vn 0.050320 0.996353 0.068911
vn 0.050277 0.996359 0.068858
vn -0.050603 -0.996311 -0.069316
vn -0.050559 -0.996316 -0.069262
vn 0.192741 0.965984 0.172414
vn 0.192305 0.966110 0.172195
vn -0.193439 -0.965726 -0.173073
vn -0.193000 -0.965854 -0.172852
vn 0.349947 0.916640 0.193154
vn 0.349740 0.916702 0.193233
vn -0.350276 -0.916454 -0.193441
vn -0.350073 -0.916515 -0.193520
vn 0.378739 0.925121 0.026598
vn 0.286902 0.952543 -0.101731
vn 0.282405 0.954055 -0.100134
vn 0.378567 0.925210 0.025941
vn -0.285807 -0.952910 0.101370
vn -0.378093 -0.925379 -0.026814
vn -0.377917 -0.925470 -0.026154
vn -0.281355 -0.954401 0.099790
vn 0.254386 0.951830 0.171195
vn 0.251234 0.953045 0.169075
vn -0.253349 -0.952238 -0.170464
vn -0.250231 -0.953434 -0.168367
vn 0.363619 0.912250 0.188632
vn 0.363918 0.912145 0.188560
vn -0.363009 -0.912579 -0.188213
vn -0.363313 -0.912472 -0.188143
vn 0.354841 0.914426 0.194714
vn 0.355119 0.914335 0.194632
vn -0.355185 -0.914227 -0.195021
vn -0.355458 -0.914138 -0.194939
vn 0.201527 0.961777 0.185396
vn 0.201849 0.961686 0.185520
vn -0.202246 -0.961493 -0.186083
vn -0.202571 -0.961401 -0.186208
vn 0.066240 0.993346 0.094217
vn 0.066318 0.993332 0.094308
vn -0.066553 -0.993280 -0.094683
vn -0.066632 -0.993266 -0.094774
vn 0.007514 0.999807 0.018142
vn 0.007515 0.999807 0.018144
vn -0.007567 -0.999805 -0.018265
vn -0.007567 -0.999805 -0.018267
vn -0.000000 1.000000 -0.000001
vn -0.000000 1.000000 -0.000001
vn 0.000000 -1.000000 0.000001
vn 0.000000 -1.000000 0.000001
vn 0.000001 1.000000 -0.000000
vn 0.000001 1.000000 -0.000000
vn -0.000001 -1.000000 -0.000000
vn -0.000001 -1.000000 -0.000000
vn 0.000001 1.000000 0.000001
vn 0.000001 1.000000 0.000001
vn -0.000001 -1.000000 -0.000001
vn -0.000001 -1.000000 -0.000001
vn -0.000001 1.000000 -0.000003
vn -0.000001 1.000000 -0.000003
vn 0.000000 -1.000000 0.000001
vn 0.000000 -1.000000 0.000001
vn 0.003126 0.999967 0.007546
vn 0.003126 0.999967 0.007546
vn -0.003155 -0.999966 -0.007616
vn -0.003155 -0.999966 -0.007616
vn 0.049745 0.996437 0.068108
vn 0.049703 0.996443 0.068057
vn -0.050031 -0.996395 -0.068510
vn -0.049989 -0.996401 -0.068458
vn 0.191360 0.966492 0.171095
vn 0.190933 0.966615 0.170879
vn -0.192051 -0.966239 -0.171755
vn -0.191620 -0.966362 -0.171538
vn 0.349313 0.917002 0.192583
vn 0.349098 0.917067 0.192661
vn -0.349642 -0.916817 -0.192868
vn -0.349431 -0.916880 -0.192946
vn 0.029744 0.997998 0.055819
vn -0.015674 0.999314 0.033557
vn -0.015668 0.999314 0.033544
vn 0.029711 0.998002 0.055758
vn 0.015779 -0.999304 -0.033806
vn -0.029963 -0.997969 -0.056210
vn -0.029929 -0.997974 -0.056147
vn 0.015772 -0.999304 -0.033792
vn 0.004712 0.993448 0.114189
vn 0.004694 0.993454 0.114138
vn -0.004727 -0.993365 -0.114904
vn -0.004708 -0.993371 -0.114852
vn 0.080517 0.965241 0.248652
vn 0.080361 0.965304 0.248456
vn -0.080899 -0.964893 -0.249874
vn -0.080741 -0.964957 -0.249676
vn 0.194619 0.926292 0.322657
vn 0.194407 0.926354 0.322607
vn -0.195118 -0.925857 -0.323600
vn -0.194907 -0.925919 -0.323552
vn 0.303070 0.903954 0.301689
vn 0.303049 0.903955 0.301706
vn -0.303062 -0.903907 -0.301836
vn -0.303044 -0.903908 -0.301851
vn 0.334132 0.920846 0.200993
vn 0.334089 0.920909 0.200775
vn -0.333472 -0.921160 -0.200651
vn -0.333427 -0.921224 -0.200433
vn 0.325229 0.945614 0.006352
vn 0.325232 0.945614 0.006226
vn -0.324217 -0.945962 -0.006369
vn -0.324219 -0.945961 -0.006244
vn 0.259359 0.961497 -0.090866
vn 0.254068 0.963081 -0.089015
vn -0.258435 -0.961771 0.090597
vn -0.253194 -0.963334 0.088767
vn 0.229758 0.960587 0.156475
vn 0.225964 0.961904 0.153888
vn -0.228855 -0.960912 -0.155798
vn -0.225101 -0.962210 -0.153236
vn 0.311896 0.934864 0.169557
vn 0.311915 0.934864 0.169524
vn -0.310816 -0.935332 -0.168960
vn -0.310835 -0.935332 -0.168927
vn 0.346148 0.914715 0.208512
vn 0.346203 0.914637 0.208765
vn -0.345318 -0.915131 -0.208065
vn -0.345374 -0.915052 -0.208318
vn 0.317526 0.893668 0.317073
vn 0.317533 0.893668 0.317066
vn -0.317437 -0.893670 -0.317156
vn -0.317441 -0.893670 -0.317152
vn 0.208690 0.913814 0.348415
vn 0.208903 0.913754 0.348445
vn -0.209211 -0.913303 -0.349440
vn -0.209423 -0.913244 -0.349469
vn 0.089740 0.955014 0.282656
vn 0.089929 0.954935 0.282865
vn -0.090176 -0.954540 -0.284115
vn -0.090366 -0.954459 -0.284326
vn 0.038201 0.988527 0.146133
vn 0.038200 0.988516 0.146206
vn -0.038454 -0.988376 -0.147087
vn -0.038453 -0.988365 -0.147162
vn 0.029306 0.998054 0.055040
vn -0.015464 0.999334 0.033061
vn -0.015458 0.999334 0.033048
vn 0.029275 0.998058 0.054982
vn 0.015569 -0.999324 -0.033311
vn -0.029525 -0.998026 -0.055432
vn -0.029493 -0.998030 -0.055372
vn 0.015563 -0.999324 -0.033298
vn 0.004682 0.993612 0.112757
vn 0.004664 0.993617 0.112708
vn -0.004697 -0.993530 -0.113473
vn -0.004678 -0.993536 -0.113423
vn 0.079762 0.965930 0.246205
vn 0.079609 0.965992 0.246013
vn -0.080139 -0.965586 -0.247429
vn -0.079984 -0.965649 -0.247235
vn 0.193628 0.927156 0.320765
vn 0.193413 0.927219 0.320713
vn -0.194124 -0.926724 -0.321711
vn -0.193910 -0.926787 -0.321660
vn 0.303068 0.904050 0.301401
vn 0.303042 0.904052 0.301421
vn -0.303061 -0.904005 -0.301546
vn -0.303037 -0.904006 -0.301565
vn 0.335425 0.920225 0.201682
vn 0.335384 0.920288 0.201466
vn -0.334766 -0.920540 -0.201341
vn -0.334724 -0.920603 -0.201124
vn 0.327242 0.944919 0.006315
vn 0.327245 0.944919 0.006189
vn -0.326232 -0.945269 -0.006336
vn -0.326235 -0.945268 -0.006210
vn 0.261206 0.960945 -0.091407
vn 0.255814 0.962573 -0.089512
vn -0.260283 -0.961222 0.091134
vn -0.254942 -0.962828 0.089261
vn 0.231579 0.959926 0.157839
vn 0.227702 0.961282 0.155204
vn -0.230677 -0.960254 -0.157166
vn -0.226841 -0.961590 -0.154555
vn 0.314060 0.933921 0.170756
vn 0.314078 0.933921 0.170722
vn -0.312983 -0.934391 -0.170163
vn -0.313002 -0.934391 -0.170129
vn 0.347792 0.913887 0.209406
vn 0.347845 0.913809 0.209659
vn -0.346965 -0.914304 -0.208961
vn -0.347019 -0.914225 -0.209214
vn 0.317699 0.893665 0.316909
vn 0.317711 0.893664 0.316897
vn -0.317610 -0.893667 -0.316992
vn -0.317619 -0.893666 -0.316983
vn 0.207644 0.914833 0.346360
vn 0.207860 0.914771 0.346393
vn -0.208172 -0.914323 -0.347388
vn -0.208386 -0.914262 -0.347420
vn 0.088860 0.955958 0.279730
vn 0.089044 0.955880 0.279936
vn -0.089302 -0.955487 -0.281194
vn -0.089489 -0.955408 -0.281402
vn 0.037692 0.988827 0.144223
vn 0.037691 0.988817 0.144294
vn -0.037945 -0.988678 -0.145178
vn -0.037944 -0.988667 -0.145250
vn 0.029744 0.997998 0.055818
vn -0.015674 0.999314 0.033556
vn -0.015668 0.999314 0.033543
vn 0.029712 0.998002 0.055756
vn 0.015779 -0.999304 -0.033807
vn -0.029963 -0.997969 -0.056210
vn -0.029930 -0.997974 -0.056147
vn 0.015773 -0.999304 -0.033793
vn 0.004711 0.993448 0.114188
vn 0.004692 0.993454 0.114137
vn -0.004727 -0.993365 -0.114904
vn -0.004708 -0.993371 -0.114852
vn 0.080516 0.965241 0.248650
vn 0.080360 0.965305 0.248454
vn -0.080899 -0.964893 -0.249873
vn -0.080741 -0.964957 -0.249676
vn 0.194611 0.926293 0.322656
vn 0.194399 0.926355 0.322606
vn -0.195111 -0.925859 -0.323601
vn -0.194899 -0.925920 -0.323552
vn 0.303047 0.903960 0.301693
vn 0.303026 0.903961 0.301710
vn -0.303048 -0.903912 -0.301836
vn -0.303030 -0.903913 -0.301851
vn 0.334113 0.920852 0.200997
vn 0.334069 0.920916 0.200779
vn -0.333470 -0.921161 -0.200649
vn -0.333426 -0.921225 -0.200430
vn 0.325232 0.945613 0.006350
vn 0.325235 0.945613 0.006225
vn -0.324229 -0.945957 -0.006365
vn -0.324231 -0.945957 -0.006240
vn 0.259373 0.961493 -0.090864
vn 0.254082 0.963078 -0.089013
vn -0.258448 -0.961768 0.090596
vn -0.253207 -0.963331 0.088766
vn 0.229758 0.960586 0.156478
vn 0.225963 0.961903 0.153891
vn -0.228848 -0.960915 -0.155792
vn -0.225094 -0.962213 -0.153230
vn 0.311896 0.934864 0.169560
vn 0.311915 0.934864 0.169526
vn -0.310812 -0.935334 -0.168958
vn -0.310830 -0.935334 -0.168924
vn 0.346148 0.914715 0.208514
vn 0.346203 0.914636 0.208768
vn -0.345318 -0.915130 -0.208068
vn -0.345374 -0.915051 -0.208322
vn 0.317525 0.893667 0.317075
vn 0.317532 0.893667 0.317068
vn -0.317436 -0.893669 -0.317158
vn -0.317440 -0.893669 -0.317154
vn 0.208695 0.913812 0.348416
vn 0.208908 0.913752 0.348446
vn -0.209216 -0.913301 -0.349442
vn -0.209427 -0.913242 -0.349471
vn 0.089744 0.955014 0.282656
vn 0.089932 0.954934 0.282865
vn -0.090179 -0.954540 -0.284116
vn -0.090369 -0.954459 -0.284326
vn 0.038199 0.988527 0.146132
vn 0.038198 0.988517 0.146205
vn -0.038453 -0.988376 -0.147087
vn -0.038452 -0.988365 -0.147162
vn 0.029307 0.998054 0.055045
vn -0.015465 0.999334 0.033066
vn -0.015459 0.999334 0.033053
vn 0.029275 0.998058 0.054986
vn 0.015569 -0.999324 -0.033311
vn -0.029526 -0.998026 -0.055432
vn -0.029494 -0.998030 -0.055372
vn 0.015563 -0.999324 -0.033299
vn 0.004681 0.993612 0.112756
vn 0.004664 0.993617 0.112707
vn -0.004696 -0.993530 -0.113473
vn -0.004678 -0.993536 -0.113423
vn 0.079762 0.965931 0.246203
vn 0.079609 0.965992 0.246011
vn -0.080139 -0.965586 -0.247428
vn -0.079985 -0.965649 -0.247234
vn 0.193618 0.927157 0.320767
vn 0.193404 0.927220 0.320714
vn -0.194119 -0.926726 -0.321708
vn -0.193906 -0.926789 -0.321657
vn 0.303067 0.904049 0.301405
vn 0.303042 0.904051 0.301425
vn -0.303065 -0.904004 -0.301545
vn -0.303041 -0.904005 -0.301563
vn 0.335433 0.920222 0.201686
vn 0.335391 0.920284 0.201469
vn -0.334766 -0.920540 -0.201342
vn -0.334723 -0.920603 -0.201124
vn 0.327242 0.944920 0.006317
vn 0.327245 0.944919 0.006191
vn -0.326223 -0.945272 -0.006336
vn -0.326226 -0.945271 -0.006210
vn 0.261206 0.960946 -0.091406
vn 0.255814 0.962573 -0.089511
vn -0.260283 -0.961222 0.091133
vn -0.254941 -0.962828 0.089260
vn 0.231578 0.959925 0.157846
vn 0.227701 0.961282 0.155210
vn -0.230670 -0.960256 -0.157160
vn -0.226834 -0.961593 -0.154549
vn 0.314064 0.933919 0.170762
vn 0.314082 0.933919 0.170728
vn -0.312983 -0.934391 -0.170161
vn -0.313002 -0.934391 -0.170127
vn 0.347797 0.913885 0.209407
vn 0.347850 0.913807 0.209661
vn -0.346969 -0.914301 -0.208962
vn -0.347023 -0.914223 -0.209216
vn 0.317700 0.893665 0.316907
vn 0.317713 0.893664 0.316896
vn -0.317611 -0.893667 -0.316991
vn -0.317620 -0.893666 -0.316982
vn 0.207644 0.914833 0.346359
vn 0.207861 0.914771 0.346392
vn -0.208167 -0.914324 -0.347388
vn -0.208382 -0.914263 -0.347419
vn 0.088859 0.955958 0.279730
vn 0.089043 0.955880 0.279936
vn -0.089297 -0.955487 -0.281193
vn -0.089483 -0.955409 -0.281401
vn 0.037691 0.988827 0.144222
vn 0.037690 0.988817 0.144293
vn -0.037946 -0.988678 -0.145178
vn -0.037945 -0.988667 -0.145250
vn 0.029744 0.997998 0.055820
vn -0.015674 0.999314 0.033560
vn -0.015668 0.999314 0.033547
vn 0.029711 0.998002 0.055759
vn 0.015779 -0.999304 -0.033806
vn -0.029963 -0.997969 -0.056208
vn -0.029929 -0.997974 -0.056146
vn 0.015773 -0.999304 -0.033793
vn 0.004712 0.993448 0.114188
vn 0.004693 0.993454 0.114137
vn -0.004725 -0.993365 -0.114905
vn -0.004706 -0.993371 -0.114853
vn 0.080517 0.965241 0.248650
vn 0.080361 0.965304 0.248455
vn -0.080898 -0.964893 -0.249876
vn -0.080739 -0.964957 -0.249679
vn 0.194620 0.926293 0.322653
vn 0.194407 0.926355 0.322604
vn -0.195119 -0.925856 -0.323603
vn -0.194907 -0.925918 -0.323555
vn 0.303061 0.903957 0.301687
vn 0.303041 0.903958 0.301704
vn -0.303054 -0.903911 -0.301834
vn -0.303036 -0.903912 -0.301848
vn 0.334109 0.920854 0.200996
vn 0.334066 0.920917 0.200778
vn -0.333457 -0.921166 -0.200647
vn -0.333413 -0.921229 -0.200430
vn 0.325227 0.945615 0.006351
vn 0.325230 0.945615 0.006225
vn -0.324222 -0.945960 -0.006370
vn -0.324225 -0.945959 -0.006243
vn 0.259376 0.961492 -0.090865
vn 0.254087 0.963076 -0.089015
vn -0.258451 -0.961767 0.090594
vn -0.253212 -0.963330 0.088765
vn 0.229763 0.960585 0.156476
vn 0.225968 0.961902 0.153890
vn -0.228853 -0.960914 -0.155794
vn -0.225100 -0.962211 -0.153232
vn 0.311907 0.934861 0.169557
vn 0.311926 0.934861 0.169523
vn -0.310818 -0.935332 -0.168957
vn -0.310837 -0.935332 -0.168924
vn 0.346147 0.914716 0.208510
vn 0.346202 0.914638 0.208763
vn -0.345322 -0.915130 -0.208062
vn -0.345378 -0.915051 -0.208316
vn 0.317517 0.893672 0.317071
vn 0.317524 0.893671 0.317065
vn -0.317437 -0.893671 -0.317153
vn -0.317441 -0.893671 -0.317149
vn 0.208695 0.913813 0.348415
vn 0.208908 0.913753 0.348445
vn -0.209216 -0.913302 -0.349441
vn -0.209427 -0.913242 -0.349469
vn 0.089744 0.955014 0.282657
vn 0.089932 0.954934 0.282867
vn -0.090180 -0.954539 -0.284116
vn -0.090371 -0.954459 -0.284327
vn 0.038199 0.988527 0.146132
vn 0.038198 0.988516 0.146206
vn -0.038454 -0.988376 -0.147086
vn -0.038453 -0.988365 -0.147161
vn 0.029306 0.998054 0.055039
vn -0.015465 0.999334 0.033062
vn -0.015459 0.999334 0.033050
vn 0.029275 0.998058 0.054980
vn 0.015570 -0.999324 -0.033311
vn -0.029525 -0.998026 -0.055430
vn -0.029493 -0.998030 -0.055370
vn 0.015564 -0.999324 -0.033298
vn 0.004681 0.993612 0.112755
vn 0.004663 0.993617 0.112706
vn -0.004696 -0.993530 -0.113473
vn -0.004678 -0.993536 -0.113423
vn 0.079762 0.965931 0.246201
vn 0.079609 0.965993 0.246009
vn -0.080140 -0.965586 -0.247428
vn -0.079985 -0.965649 -0.247234
vn 0.193629 0.927156 0.320764
vn 0.193414 0.927219 0.320712
vn -0.194125 -0.926725 -0.321709
vn -0.193912 -0.926787 -0.321658
vn 0.303070 0.904049 0.301402
vn 0.303044 0.904051 0.301422
vn -0.303071 -0.904001 -0.301545
vn -0.303048 -0.904003 -0.301563
vn 0.335413 0.920228 0.201688
vn 0.335371 0.920291 0.201471
vn -0.334771 -0.920537 -0.201344
vn -0.334728 -0.920600 -0.201126
vn 0.327227 0.944925 0.006315
vn 0.327230 0.944924 0.006189
vn -0.326225 -0.945271 -0.006334
vn -0.326228 -0.945271 -0.006208
vn 0.261205 0.960946 -0.091407
vn 0.255813 0.962573 -0.089512
vn -0.260282 -0.961222 0.091135
vn -0.254940 -0.962828 0.089262
vn 0.231583 0.959925 0.157841
vn 0.227706 0.961281 0.155205
vn -0.230667 -0.960257 -0.157160
vn -0.226831 -0.961594 -0.154549
vn 0.314065 0.933919 0.170759
vn 0.314084 0.933919 0.170725
vn -0.312984 -0.934391 -0.170160
vn -0.313002 -0.934391 -0.170126
vn 0.347786 0.913889 0.209407
vn 0.347839 0.913811 0.209660
vn -0.346972 -0.914301 -0.208959
vn -0.347026 -0.914223 -0.209213
vn 0.317691 0.893668 0.316906
vn 0.317703 0.893668 0.316895
vn -0.317611 -0.893668 -0.316987
vn -0.317620 -0.893668 -0.316978
vn 0.207645 0.914834 0.346357
vn 0.207861 0.914772 0.346390
vn -0.208168 -0.914325 -0.347384
vn -0.208383 -0.914264 -0.347416
vn 0.088859 0.955958 0.279728
vn 0.089044 0.955881 0.279934
vn -0.089297 -0.955488 -0.281193
vn -0.089483 -0.955409 -0.281400
vn 0.037690 0.988828 0.144221
vn 0.037689 0.988817 0.144292
vn -0.037945 -0.988678 -0.145177
vn -0.037944 -0.988667 -0.145249
vn -0.011378 -0.999871 -0.011319
vn -0.012066 -0.999400 -0.032464
vn -0.050822 -0.995894 -0.074919
vn -0.044929 -0.998761 -0.021413
vn 0.000000 0.000000 1.000000
vn 0.000000 0.000000 1.000000
vn -0.000000 -0.000310 1.000000
vn -0.000000 -0.000305 1.000000
vn 0.011710 0.999699 0.021583
vn 0.011710 0.999699 0.021583
vn 0.047648 0.997756 0.047044
vn 0.047630 0.997757 0.047031
vn 0.154961 0.985170 0.073670
vn 0.155937 0.985012 0.073720
vn 0.305988 0.949666 0.067131
vn 0.311367 0.947964 0.066443
vn 0.425433 0.904411 0.032354
vn 0.430806 0.901982 0.028906
vn 0.455629 0.890169 0.001627
vn 0.454804 0.890590 0.001326
vn 0.392170 0.919891 -0.001803
vn 0.389220 0.921143 -0.001754
vn 0.333701 0.942679 -0.000854
vn 0.333701 0.942679 -0.000854
vn -0.999989 0.004768 0.000000
vn -0.999989 0.004773 0.000000
vn -1.000000 0.000000 0.000000
vn -1.000000 0.000000 0.000000
vn -0.333089 -0.942895 0.000947
vn -0.334229 -0.942492 0.000777
vn -0.400165 -0.916440 -0.002348
vn -0.379893 -0.924992 0.008403
vn -0.458639 -0.888622 0.000387
vn -0.454688 -0.890642 -0.003979
vn -0.411145 -0.911564 -0.003165
vn -0.448749 -0.891420 -0.063205
vn -0.286585 -0.957909 -0.016686
vn -0.335071 -0.934150 -0.122846
vn -0.142339 -0.989530 -0.023899
vn -0.171733 -0.976685 -0.128821
vn -0.999991 0.004251 0.000000
vn -0.999991 0.004256 0.000000
vn -1.000000 0.000000 0.000000
vn -1.000000 0.000000 0.000000
vn -0.333701 -0.942678 0.000853
vn -0.333701 -0.942678 0.000853
vn -0.391971 -0.919976 0.001737
vn -0.389065 -0.921209 0.001692
vn -0.455607 -0.890180 -0.001653
vn -0.454774 -0.890606 -0.001356
vn -0.425046 -0.904583 -0.032648
vn -0.430595 -0.902077 -0.029078
vn -0.305194 -0.949904 -0.067372
vn -0.311070 -0.948048 -0.066632
vn -0.154737 -0.985206 -0.073659
vn -0.156151 -0.984978 -0.073731
vn -0.047599 -0.997760 -0.047007
vn -0.047701 -0.997752 -0.047079
vn -0.011709 -0.999699 -0.021580
vn -0.011709 -0.999699 -0.021580
vn -0.000000 -0.000276 1.000000
vn -0.000000 -0.000272 1.000000
vn -0.000000 0.000000 1.000000
vn -0.000000 0.000000 1.000000
vn 0.012064 0.999400 0.032460
vn 0.011376 0.999871 0.011317
vn 0.044928 0.998761 0.021413
vn 0.050820 0.995894 0.074919
vn 0.142338 0.989530 0.023900
vn 0.171731 0.976685 0.128822
vn 0.286595 0.957906 0.016690
vn 0.335093 0.934149 0.122796
vn 0.411149 0.911563 0.003170
vn 0.448757 0.891420 0.063149
vn 0.458641 0.888622 -0.000379
vn 0.454689 0.890642 0.003965
vn 0.400152 0.916446 0.002347
vn 0.379915 0.924983 -0.008407
vn 0.334227 0.942492 -0.000777
vn 0.333089 0.942895 -0.000946
vn 0.377785 0.925840 -0.009925
vn 0.332949 0.942944 -0.000969
vn 0.332949 0.942944 -0.000969
vn 0.375735 0.926678 -0.009512
vn 0.449752 0.893152 0.001534
vn 0.454662 0.890653 0.004550
vn 0.457460 0.886955 0.063572
vn 0.452611 0.888902 0.070682
vn 0.347990 0.927978 0.133267
vn 0.340191 0.930568 0.135325
vn 0.177250 0.973935 0.141540
vn 0.175175 0.974370 0.141130
vn 0.051520 0.995415 0.080588
vn 0.051451 0.995425 0.080507
vn 0.012130 0.999334 0.034416
vn 0.012130 0.999334 0.034416
vn -0.375750 -0.926672 0.009509
vn -0.332950 -0.942944 0.000968
vn -0.332950 -0.942944 0.000968
vn -0.377806 -0.925831 0.009923
vn -0.012128 -0.999334 -0.034412
vn -0.051518 -0.995415 -0.080587
vn -0.051449 -0.995425 -0.080507
vn -0.012128 -0.999334 -0.034412
vn -0.177249 -0.973935 -0.141540
vn -0.175174 -0.974370 -0.141131
vn -0.348025 -0.927971 -0.133226
vn -0.340253 -0.930552 -0.135280
vn -0.457459 -0.886958 -0.063533
vn -0.452616 -0.888904 -0.070633
vn -0.449757 -0.893150 -0.001538
vn -0.454669 -0.890649 -0.004556
vn 0.044524 0.998854 0.017587
vn 0.011322 0.999890 0.009600
vn 0.011322 0.999890 0.009600
vn 0.044504 0.998855 0.017582
vn 0.140669 0.989905 0.017363
vn 0.140099 0.989984 0.017421
vn 0.284078 0.958747 0.010247
vn 0.280161 0.959898 0.010293
vn 0.409310 0.912395 -0.000541
vn 0.403540 0.914962 0.000566
vn 0.459029 0.888421 -0.000640
vn 0.458026 0.888937 -0.001837
vn 0.401202 0.915985 0.002892
vn 0.404882 0.914364 0.003096
vn 0.334299 0.942467 -0.000767
vn 0.334299 0.942467 -0.000767
vn -0.401235 -0.915971 -0.002885
vn -0.334298 -0.942467 0.000767
vn -0.334298 -0.942467 0.000767
vn -0.404898 -0.914357 -0.003088
vn -0.459029 -0.888421 0.000647
vn -0.458030 -0.888935 0.001838
vn -0.409357 -0.912374 0.000539
vn -0.403577 -0.914946 -0.000569
vn -0.284142 -0.958728 -0.010246
vn -0.280205 -0.959885 -0.010292
vn -0.140668 -0.989905 -0.017363
vn -0.140098 -0.989984 -0.017422
vn -0.044523 -0.998854 -0.017586
vn -0.044502 -0.998855 -0.017581
vn -0.011320 -0.999890 -0.009598
vn -0.011320 -0.999890 -0.009598
vn -0.000000 -0.021583 0.999767
vn -0.000000 -0.021583 0.999767
vn 0.999588 -0.028714 -0.000191
vn 0.995449 -0.061782 -0.072561
vn 0.995470 -0.061688 -0.072353
vn 0.999588 -0.028714 -0.000191
vn -0.995524 0.061325 0.071918
vn -0.999588 0.028705 0.000270
vn -0.999588 0.028705 0.000270
vn -0.995464 0.061592 0.072507
vn 0.950492 -0.140750 -0.277046
vn 0.950486 -0.140756 -0.277064
vn -0.950889 0.139966 0.276080
vn -0.949779 0.141096 0.279305
vn 0.817475 -0.221074 -0.531847
vn 0.817386 -0.221107 -0.531969
vn -0.817392 0.220105 0.532377
vn -0.814954 0.221015 0.535725
vn 0.619128 -0.246085 -0.745737
vn 0.619089 -0.246082 -0.745770
vn -0.618508 0.245251 0.746525
vn -0.616797 0.245123 0.747982
vn 0.415524 -0.192900 -0.888893
vn 0.415514 -0.192895 -0.888898
vn -0.413838 0.192084 0.889855
vn -0.413912 0.192118 0.889813
vn 0.214283 -0.096533 -0.971990
vn 0.214247 -0.096515 -0.972000
vn -0.213810 0.096306 0.972116
vn -0.214324 0.096563 0.971978
vn 0.106961 -0.042896 -0.993337
vn 0.106961 -0.042896 -0.993337
vn -0.942679 0.333702 0.000000
vn -0.942679 0.333702 0.000000
vn -0.107062 0.042935 0.993325
vn -0.107062 0.042935 0.993325
vn -0.942678 0.333703 0.000000
vn -0.942678 0.333703 0.000000
vn 0.107103 -0.042918 -0.993321
vn 0.214831 -0.096743 -0.971848
vn 0.214865 -0.096760 -0.971839
vn 0.107103 -0.042918 -0.993321
vn -0.214368 0.096556 0.971969
vn -0.106894 0.042845 0.993347
vn -0.106894 0.042845 0.993347
vn -0.213856 0.096299 0.972107
vn 0.415808 -0.192936 -0.888752
vn 0.415817 -0.192940 -0.888746
vn -0.413671 0.191899 0.889973
vn -0.413595 0.191865 0.890015
vn 0.617995 -0.245348 -0.746918
vn 0.618040 -0.245351 -0.746880
vn -0.616097 0.244567 0.748740
vn -0.617808 0.244694 0.747287
vn 0.816053 -0.220303 -0.534344
vn 0.816143 -0.220269 -0.534222
vn -0.814040 0.220425 0.537356
vn -0.816456 0.219521 0.534051
vn 0.949876 -0.140417 -0.279318
vn 0.949884 -0.140409 -0.279296
vn -0.949145 0.140751 0.281627
vn -0.950264 0.139626 0.278395
vn 0.995371 -0.061607 -0.073769
vn 0.995349 -0.061701 -0.073977
vn -0.995363 0.061515 0.073954
vn -0.995423 0.061248 0.073358
vn 0.999588 -0.028688 -0.000948
vn 0.999588 -0.028688 -0.000948
vn -0.000000 -0.021581 0.999767
vn -0.000000 -0.021581 0.999767
vn -0.999588 0.028684 0.001014
vn -0.999588 0.028684 0.001014
s 1
g polySurface60 polySurface59 curva_sinistra_bassa
usemtl lambert1SG
f 17/1/1 20/2/2 19/3/3 18/4/4
f 21/5/5 24/6/6 23/7/7 22/8/8
f 23/7/7 24/6/6 26/9/9 25/10/10
f 25/11/10 26/12/9 28/13/11 27/14/12
f 27/14/12 28/13/11 30/15/13 29/16/14
f 29/16/14 30/15/13 32/17/15 31/18/16
f 31/18/16 32/17/15 19/3/3 20/2/2
s 3
f 1/19/17 2/20/18 16/21/19 5/22/20
f 11/23/21 4/24/22 3/25/23 10/26/24
f 10/26/24 9/27/25 12/28/26 11/23/21
f 9/29/25 8/30/27 13/31/28 12/32/26
f 8/30/27 7/33/29 14/34/30 13/31/28
f 7/33/29 6/35/31 15/36/32 14/34/30
f 6/35/31 5/22/20 16/21/19 15/36/32
s 5
f 1/37/33 49/38/34 64/39/35 2/40/36
s 6
f 65/41/37 68/42/38 67/43/39 66/44/40
s 7
f 5/45/41 50/46/42 49/47/43 1/48/44
s 8
f 4/49/45 57/50/46 56/51/47 3/52/48
s 7
f 55/53/49 10/54/50 3/55/51 56/56/52
s 6
f 69/57/53 72/58/54 71/59/55 70/60/56
s 7
f 10/54/50 55/53/49 54/61/57 9/62/58
s 6
f 73/63/59 74/64/60 70/60/56 71/59/55
s 7
f 9/62/58 54/61/57 53/65/61 8/66/62
s 6
f 75/67/63 76/68/64 74/64/60 73/63/59
s 7
f 8/66/62 53/65/61 52/69/65 7/70/66
s 6
f 77/71/67 78/72/68 76/68/64 75/67/63
s 7
f 7/70/66 52/69/65 51/73/69 6/74/70
s 6
f 79/75/71 80/76/72 78/72/68 77/71/67
s 7
f 6/74/70 51/73/69 50/46/42 5/45/41
s 6
f 66/44/40 67/43/39 80/76/72 79/75/71
s 7
f 34/77/73 20/78/74 17/79/75 33/80/76
f 35/81/77 31/82/78 20/78/74 34/77/73
f 36/83/79 29/84/80 31/82/78 35/81/77
f 37/85/81 27/86/82 29/84/80 36/83/79
f 38/87/83 25/88/84 27/86/82 37/85/81
f 39/89/85 23/90/86 25/88/84 38/87/83
f 22/91/87 23/90/86 39/89/85 40/92/88
s 8
f 41/93/89 21/94/90 22/95/91 40/96/92
s 6
f 82/97/93 84/98/94 83/99/95 81/100/96
f 85/101/97 86/102/98 81/100/96 83/99/95
f 87/103/99 88/104/100 86/102/98 85/101/97
f 89/105/101 90/106/102 88/104/100 87/103/99
f 91/107/103 92/108/104 90/106/102 89/105/101
f 93/109/105 94/110/106 92/108/104 91/107/103
f 95/111/107 96/112/108 94/110/106 93/109/105
s 5
f 33/113/109 17/114/110 18/115/111 48/116/112
s 15
f 98/117/113 97/118/114 65/119/115 66/120/116
f 99/121/117 98/117/113 66/120/116 79/122/118
f 100/123/119 99/121/117 79/122/118 77/124/120
f 101/125/121 100/123/119 77/124/120 75/126/122
f 102/127/123 101/125/121 75/126/122 73/128/124
f 103/129/125 102/130/123 73/131/124 71/132/126
f 104/133/127 103/129/125 71/132/126 72/134/128
s 16
f 105/135/129 104/136/130 72/137/131 69/138/132
s 17
f 97/139/133 112/140/134 68/141/135 65/142/136
s 18
f 114/143/137 113/144/138 81/145/139 86/146/140
f 115/147/141 114/148/137 86/149/140 88/150/142
f 116/151/143 115/147/141 88/150/142 90/152/144
f 117/153/145 116/151/143 90/152/144 92/154/146
f 118/155/147 117/153/145 92/154/146 94/156/148
f 119/157/149 118/155/147 94/156/148 96/158/150
s 17
f 120/159/151 119/160/152 96/161/153 95/162/154
s 16
f 128/163/155 127/164/156 84/165/157 82/166/158
s 18
f 113/144/138 128/167/159 82/168/160 81/145/139
s 3
f 2/20/18 290/169/161 291/170/162 16/21/19
s 21
f 63/171/163 317/172/164 319/173/165 64/174/166
s 5
f 64/39/35 319/175/167 290/176/168 2/40/36
s 21
f 57/177/169 305/178/170 307/179/171 58/180/172
s 3
f 11/23/21 301/181/173 303/182/174 4/24/22
s 8
f 4/49/45 303/183/175 305/184/176 57/50/46
s 3
f 12/28/26 299/185/177 301/181/173 11/23/21
s 21
f 58/180/172 307/179/171 309/186/178 59/187/179
s 3
f 13/31/28 297/188/180 299/189/177 12/32/26
s 21
f 59/190/179 309/191/178 311/192/181 60/193/182
s 3
f 14/34/30 295/194/183 297/188/180 13/31/28
s 21
f 60/193/182 311/192/181 313/195/184 61/196/185
s 3
f 15/36/32 293/197/186 295/194/183 14/34/30
s 21
f 61/196/185 313/195/184 315/198/187 62/199/188
s 3
f 16/21/19 291/170/162 293/197/186 15/36/32
s 21
f 62/199/188 315/198/187 317/172/164 63/171/163
s 1
f 21/5/5 223/200/189 194/201/190 24/6/6
s 23
f 42/202/191 219/203/192 221/204/193 41/205/194
s 8
f 41/93/89 221/206/195 223/207/196 21/94/90
s 23
f 43/208/197 217/209/198 219/203/192 42/202/191
s 1
f 24/6/6 194/201/190 195/210/199 26/9/9
s 23
f 44/211/200 215/212/201 217/213/198 43/214/197
s 1
f 26/12/9 195/215/199 197/216/202 28/13/11
s 23
f 45/217/203 213/218/204 215/212/201 44/211/200
s 1
f 28/13/11 197/216/202 199/219/205 30/15/13
s 23
f 46/220/206 211/221/207 213/218/204 45/217/203
s 1
f 30/15/13 199/219/205 201/222/208 32/17/15
s 23
f 47/223/209 209/224/210 211/221/207 46/220/206
s 1
f 32/17/15 201/222/208 203/225/211 19/3/3
s 23
f 48/226/212 207/227/213 209/224/210 47/223/209
s 1
f 19/3/3 203/225/211 205/228/214 18/4/4
s 5
f 18/115/111 205/229/215 207/230/216 48/116/112
s 24
f 131/231/217 129/232/218 226/233/219 227/234/220
f 133/235/221 131/236/217 227/237/220 229/238/222
f 135/239/223 133/235/221 229/238/222 231/240/224
f 137/241/225 135/239/223 231/240/224 233/242/226
f 139/243/227 137/241/225 233/242/226 235/244/228
f 141/245/229 139/243/227 235/244/228 237/246/230
s off
f 143/247/231 141/248/232 237/249/233 239/250/234
s 25
f 145/251/235 143/252/236 239/253/237 241/254/238
f 147/255/239 145/251/235 241/254/238 243/256/240
f 149/257/241 147/255/239 243/256/240 245/258/242
f 151/259/243 149/257/241 245/258/242 247/260/244
f 153/261/245 151/259/243 247/260/244 249/262/246
f 155/263/247 153/264/245 249/265/246 251/266/248
f 157/267/249 155/263/247 251/266/248 253/268/250
s off
f 159/269/251 157/270/252 253/271/253 255/272/254
s 24
f 129/232/218 159/273/255 255/274/256 226/233/219
s 26
f 163/275/257 161/276/258 258/277/259 259/278/260
f 165/279/261 163/275/257 259/278/260 261/280/262
f 167/281/263 165/279/261 261/280/262 263/282/264
f 169/283/265 167/281/263 263/282/264 265/284/266
f 171/285/267 169/283/265 265/284/266 267/286/268
f 173/287/269 171/288/267 267/289/268 269/290/270
f 175/291/271 173/287/269 269/290/270 271/292/272
s off
f 177/293/273 175/294/274 271/295/275 273/296/276
s 27
f 179/297/277 177/298/278 273/299/279 275/300/280
f 181/301/281 179/297/277 275/300/280 277/302/282
f 183/303/283 181/304/281 277/305/282 279/306/284
f 185/307/285 183/303/283 279/306/284 281/308/286
f 187/309/287 185/307/285 281/308/286 283/310/288
f 189/311/289 187/309/287 283/310/288 285/312/290
f 191/313/291 189/311/289 285/312/290 287/314/292
s off
f 161/315/293 191/316/294 287/317/295 258/318/296
s 28
f 196/319/297 193/320/298 130/321/299 132/322/300
f 198/323/301 196/324/297 132/325/300 134/326/302
f 200/327/303 198/323/301 134/326/302 136/328/304
f 202/329/305 200/327/303 136/328/304 138/330/306
f 204/331/307 202/329/305 138/330/306 140/332/308
f 206/333/309 204/331/307 140/332/308 142/334/310
s off
f 208/335/311 206/336/312 142/337/313 144/338/314
s 29
f 210/339/315 208/340/316 144/341/317 146/342/318
f 212/343/319 210/339/315 146/342/318 148/344/320
f 214/345/321 212/343/319 148/344/320 150/346/322
f 216/347/323 214/345/321 150/346/322 152/348/324
f 218/349/325 216/347/323 152/348/324 154/350/326
f 220/351/327 218/352/325 154/353/326 156/354/328
f 222/355/329 220/351/327 156/354/328 158/356/330
s off
f 224/357/331 222/358/332 158/359/333 160/360/334
s 28
f 193/320/298 224/361/335 160/362/336 130/321/299
s 18
f 228/363/337 225/364/338 113/144/138 114/143/137
f 230/365/339 228/366/337 114/148/137 115/147/141
f 232/367/340 230/365/339 115/147/141 116/151/143
f 234/368/341 232/367/340 116/151/143 117/153/145
f 236/369/342 234/368/341 117/153/145 118/155/147
f 238/370/343 236/369/342 118/155/147 119/157/149
s 17
f 240/371/344 238/372/345 119/160/152 120/159/151
s 30
f 242/373/346 240/374/347 120/375/348 121/376/349
f 244/377/350 242/373/346 121/376/349 122/378/351
f 246/379/352 244/377/350 122/378/351 123/380/353
f 248/381/354 246/379/352 123/380/353 124/382/355
f 250/383/356 248/381/354 124/382/355 125/384/357
f 252/385/358 250/386/356 125/387/357 126/388/359
f 254/389/360 252/385/358 126/388/359 127/390/361
s 16
f 256/391/362 254/392/363 127/164/156 128/163/155
s 18
f 225/364/338 256/393/364 128/167/159 113/144/138
s 15
f 260/394/365 257/395/366 97/118/114 98/117/113
f 262/396/367 260/394/365 98/117/113 99/121/117
f 264/397/368 262/396/367 99/121/117 100/123/119
f 266/398/369 264/397/368 100/123/119 101/125/121
f 268/399/370 266/398/369 101/125/121 102/127/123
f 270/400/371 268/401/370 102/130/123 103/129/125
f 272/402/372 270/400/371 103/129/125 104/133/127
s 16
f 274/403/373 272/404/374 104/136/130 105/135/129
s 31
f 276/405/375 274/406/376 105/407/377 106/408/378
f 278/409/379 276/405/375 106/408/378 107/410/380
f 280/411/381 278/412/379 107/413/380 108/414/382
f 282/415/383 280/411/381 108/414/382 109/416/384
f 284/417/385 282/415/383 109/416/384 110/418/386
f 286/419/387 284/417/385 110/418/386 111/420/388
f 288/421/389 286/419/387 111/420/388 112/422/390
s 17
f 257/423/391 288/424/392 112/140/134 97/139/133
s 32
f 292/425/393 289/426/394 162/427/395 164/428/396
f 294/429/397 292/425/393 164/428/396 166/430/398
f 296/431/399 294/429/397 166/430/398 168/432/400
f 298/433/401 296/431/399 168/432/400 170/434/402
f 300/435/403 298/433/401 170/434/402 172/436/404
f 302/437/405 300/438/403 172/439/404 174/440/406
f 304/441/407 302/437/405 174/440/406 176/442/408
s off
f 306/443/409 304/444/410 176/445/411 178/446/412
s 33
f 308/447/413 306/448/414 178/449/415 180/450/416
f 310/451/417 308/447/413 180/450/416 182/452/418
f 312/453/419 310/454/417 182/455/418 184/456/420
f 314/457/421 312/453/419 184/456/420 186/458/422
f 316/459/423 314/457/421 186/458/422 188/460/424
f 318/461/425 316/459/423 188/460/424 190/462/426
f 320/463/427 318/461/425 190/462/426 192/464/428
s off
f 289/465/429 320/466/430 192/467/431 162/468/432
s 34
f 130/469/433 160/470/434 323/471/435 322/472/436
s 35
f 159/473/437 129/474/438 321/475/439 324/476/440
f 129/474/438 131/477/441 325/478/442 321/475/439
s 34
f 132/479/443 130/469/433 322/472/436 326/480/444
s 35
f 131/477/441 133/481/445 327/482/446 325/478/442
s 34
f 134/483/447 132/479/443 326/480/444 328/484/448
s 35
f 133/481/445 135/485/449 329/486/450 327/482/446
s 34
f 136/487/451 134/483/447 328/484/448 330/488/452
s 35
f 135/485/449 137/489/453 331/490/454 329/486/450
s 34
f 138/491/455 136/487/451 330/488/452 332/492/456
s 35
f 137/489/453 139/493/457 333/494/458 331/490/454
s 34
f 140/495/459 138/491/455 332/492/456 334/496/460
s 35
f 139/493/457 141/497/461 335/498/462 333/494/458
s 34
f 142/499/463 140/495/459 334/496/460 336/500/464
s 35
f 141/497/461 143/501/465 337/502/466 335/498/462
s 34
f 144/503/467 142/499/463 336/500/464 338/504/468
s 35
f 143/501/465 145/505/469 339/506/470 337/502/466
s 34
f 146/507/471 144/503/467 338/504/468 340/508/472
s 35
f 145/505/469 147/509/473 341/510/474 339/506/470
s 34
f 148/511/475 146/507/471 340/508/472 342/512/476
s 35
f 147/509/473 149/513/477 343/514/478 341/510/474
s 34
f 150/515/479 148/511/475 342/512/476 344/516/480
s 35
f 149/513/477 151/517/481 345/518/482 343/514/478
s 34
f 152/519/483 150/515/479 344/516/480 346/520/484
s 35
f 151/517/481 153/521/485 347/522/486 345/518/482
s 34
f 154/523/487 152/519/483 346/520/484 348/524/488
s 35
f 153/521/485 155/525/489 349/526/490 347/522/486
s 34
f 156/527/491 154/523/487 348/524/488 350/528/492
s 35
f 155/525/489 157/529/493 351/530/494 349/526/490
s 34
f 158/531/495 156/527/491 350/528/492 352/532/496
s 35
f 157/529/493 159/473/437 324/476/440 351/530/494
s 34
f 160/470/434 158/531/495 352/532/496 323/471/435
s 36
f 162/533/497 192/534/498 355/535/499 354/536/500
s 37
f 191/537/501 161/538/502 353/539/503 356/540/504
f 161/538/502 163/541/505 357/542/506 353/539/503
s 36
f 164/543/507 162/533/497 354/536/500 358/544/508
s 37
f 163/541/505 165/545/509 359/546/510 357/542/506
s 36
f 166/547/511 164/543/507 358/544/508 360/548/512
s 37
f 165/545/509 167/549/513 361/550/514 359/546/510
s 36
f 168/551/515 166/547/511 360/548/512 362/552/516
s 37
f 167/549/513 169/553/517 363/554/518 361/550/514
s 36
f 170/555/519 168/551/515 362/552/516 364/556/520
s 37
f 169/553/517 171/557/521 365/558/522 363/554/518
s 36
f 172/559/523 170/555/519 364/556/520 366/560/524
s 37
f 171/557/521 173/561/525 367/562/526 365/558/522
s 36
f 174/563/527 172/559/523 366/560/524 368/564/528
s 37
f 173/561/525 175/565/529 369/566/530 367/562/526
s 36
f 176/567/531 174/563/527 368/564/528 370/568/532
s 37
f 175/565/529 177/569/533 371/570/534 369/566/530
s 36
f 178/571/535 176/567/531 370/568/532 372/572/536
s 37
f 177/569/533 179/573/537 373/574/538 371/570/534
s 36
f 180/575/539 178/571/535 372/572/536 374/576/540
s 37
f 179/573/537 181/577/541 375/578/542 373/574/538
s 36
f 182/579/543 180/575/539 374/576/540 376/580/544
s 37
f 181/577/541 183/581/545 377/582/546 375/578/542
s 36
f 184/583/547 182/579/543 376/580/544 378/584/548
s 37
f 183/581/545 185/585/549 379/586/550 377/582/546
s 36
f 186/587/551 184/583/547 378/584/548 380/588/552
s 37
f 185/585/549 187/589/553 381/590/554 379/586/550
s 36
f 188/591/555 186/587/551 380/588/552 382/592/556
s 37
f 187/589/553 189/593/557 383/594/558 381/590/554
s 36
f 190/595/559 188/591/555 382/592/556 384/596/560
s 37
f 189/593/557 191/537/501 356/540/504 383/594/558
s 36
f 192/534/498 190/595/559 384/596/560 355/535/499
s 38
f 194/597/561 223/598/562 387/599/563 386/600/564
s 39
f 224/601/565 193/602/566 385/603/567 388/604/568
f 193/602/566 196/605/569 389/606/570 385/603/567
s 38
f 195/607/571 194/597/561 386/600/564 390/608/572
s 39
f 196/605/569 198/609/573 391/610/574 389/606/570
s 38
f 197/611/575 195/607/571 390/608/572 392/612/576
s 39
f 198/609/573 200/613/577 393/614/578 391/610/574
s 38
f 199/615/579 197/611/575 392/612/576 394/616/580
s 39
f 200/613/577 202/617/581 395/618/582 393/614/578
s 38
f 201/619/583 199/615/579 394/616/580 396/620/584
s 39
f 202/617/581 204/621/585 397/622/586 395/618/582
s 38
f 203/623/587 201/619/583 396/620/584 398/624/588
s 39
f 204/621/585 206/625/589 399/626/590 397/622/586
s 38
f 205/627/591 203/623/587 398/624/588 400/628/592
s 39
f 206/625/589 208/629/593 401/630/594 399/626/590
s 38
f 207/631/595 205/627/591 400/628/592 402/632/596
s 39
f 208/629/593 210/633/597 403/634/598 401/630/594
s 38
f 209/635/599 207/631/595 402/632/596 404/636/600
s 39
f 210/633/597 212/637/601 405/638/602 403/634/598
s 38
f 211/639/603 209/635/599 404/636/600 406/640/604
s 39
f 212/637/601 214/641/605 407/642/606 405/638/602
s 38
f 213/643/607 211/639/603 406/640/604 408/644/608
s 39
f 214/641/605 216/645/609 409/646/610 407/642/606
s 38
f 215/647/611 213/643/607 408/644/608 410/648/612
s 39
f 216/645/609 218/649/613 411/650/614 409/646/610
s 38
f 217/651/615 215/647/611 410/648/612 412/652/616
s 39
f 218/649/613 220/653/617 413/654/618 411/650/614
s 38
f 219/655/619 217/651/615 412/652/616 414/656/620
s 39
f 220/653/617 222/657/621 415/658/622 413/654/618
s 38
f 221/659/623 219/655/619 414/656/620 416/660/624
s 39
f 222/657/621 224/601/565 388/604/568 415/658/622
s 38
f 223/598/562 221/659/623 416/660/624 387/599/563
s 40
f 226/661/625 255/662/626 419/663/627 418/664/628
s 41
f 256/665/629 225/666/630 417/667/631 420/668/632
f 225/666/630 228/669/633 421/670/634 417/667/631
s 40
f 227/671/635 226/661/625 418/664/628 422/672/636
s 41
f 228/669/633 230/673/637 423/674/638 421/670/634
s 40
f 229/675/639 227/671/635 422/672/636 424/676/640
s 41
f 230/673/637 232/677/641 425/678/642 423/674/638
s 40
f 231/679/643 229/675/639 424/676/640 426/680/644
s 41
f 232/677/641 234/681/645 427/682/646 425/678/642
s 40
f 233/683/647 231/679/643 426/680/644 428/684/648
s 41
f 234/681/645 236/685/649 429/686/650 427/682/646
s 40
f 235/687/651 233/683/647 428/684/648 430/688/652
s 41
f 236/685/649 238/689/653 431/690/654 429/686/650
s 40
f 237/691/655 235/687/651 430/688/652 432/692/656
s 41
f 238/689/653 240/693/657 433/694/658 431/690/654
s 40
f 239/695/659 237/691/655 432/692/656 434/696/660
s 41
f 240/693/657 242/697/661 435/698/662 433/694/658
s 40
f 241/699/663 239/695/659 434/696/660 436/700/664
s 41
f 242/697/661 244/701/665 437/702/666 435/698/662
s 40
f 243/703/667 241/699/663 436/700/664 438/704/668
s 41
f 244/701/665 246/705/669 439/706/670 437/702/666
s 40
f 245/707/671 243/703/667 438/704/668 440/708/672
s 41
f 246/705/669 248/709/673 441/710/674 439/706/670
s 40
f 247/711/675 245/707/671 440/708/672 442/712/676
s 41
f 248/709/673 250/713/677 443/714/678 441/710/674
s 40
f 249/715/679 247/711/675 442/712/676 444/716/680
s 41
f 250/713/677 252/717/681 445/718/682 443/714/678
s 40
f 251/719/683 249/715/679 444/716/680 446/720/684
s 41
f 252/717/681 254/721/685 447/722/686 445/718/682
s 40
f 253/723/687 251/719/683 446/720/684 448/724/688
s 41
f 254/721/685 256/665/629 420/668/632 447/722/686
s 40
f 255/662/626 253/723/687 448/724/688 419/663/627
s 42
f 258/725/689 287/726/690 451/727/691 450/728/692
s 43
f 288/729/693 257/730/694 449/731/695 452/732/696
f 257/730/694 260/733/697 453/734/698 449/731/695
s 42
f 259/735/699 258/725/689 450/728/692 454/736/700
s 43
f 260/733/697 262/737/701 455/738/702 453/734/698
s 42
f 261/739/703 259/735/699 454/736/700 456/740/704
s 43
f 262/737/701 264/741/705 457/742/706 455/738/702
s 42
f 263/743/707 261/739/703 456/740/704 458/744/708
s 43
f 264/741/705 266/745/709 459/746/710 457/742/706
s 42
f 265/747/711 263/743/707 458/744/708 460/748/712
s 43
f 266/745/709 268/749/713 461/750/714 459/746/710
s 42
f 267/751/715 265/747/711 460/748/712 462/752/716
s 43
f 268/749/713 270/753/717 463/754/718 461/750/714
s 42
f 269/755/719 267/751/715 462/752/716 464/756/720
s 43
f 270/753/717 272/757/721 465/758/722 463/754/718
s 42
f 271/759/723 269/755/719 464/756/720 466/760/724
s 43
f 272/757/721 274/761/725 467/762/726 465/758/722
s 42
f 273/763/727 271/759/723 466/760/724 468/764/728
s 43
f 274/761/725 276/765/729 469/766/730 467/762/726
s 42
f 275/767/731 273/763/727 468/764/728 470/768/732
s 43
f 276/765/729 278/769/733 471/770/734 469/766/730
s 42
f 277/771/735 275/767/731 470/768/732 472/772/736
s 43
f 278/769/733 280/773/737 473/774/738 471/770/734
s 42
f 279/775/739 277/771/735 472/772/736 474/776/740
s 43
f 280/773/737 282/777/741 475/778/742 473/774/738
s 42
f 281/779/743 279/775/739 474/776/740 476/780/744
s 43
f 282/777/741 284/781/745 477/782/746 475/778/742
s 42
f 283/783/747 281/779/743 476/780/744 478/784/748
s 43
f 284/781/745 286/785/749 479/786/750 477/782/746
s 42
f 285/787/751 283/783/747 478/784/748 480/788/752
s 43
f 286/785/749 288/729/693 452/732/696 479/786/750
s 42
f 287/726/690 285/787/751 480/788/752 451/727/691
s 44
f 290/789/753 319/790/754 483/791/755 482/792/756
s 45
f 320/793/757 289/794/758 481/795/759 484/796/760
f 289/794/758 292/797/761 485/798/762 481/795/759
s 44
f 291/799/763 290/789/753 482/792/756 486/800/764
s 45
f 292/797/761 294/801/765 487/802/766 485/798/762
s 44
f 293/803/767 291/799/763 486/800/764 488/804/768
s 45
f 294/801/765 296/805/769 489/806/770 487/802/766
s 44
f 295/807/771 293/803/767 488/804/768 490/808/772
s 45
f 296/805/769 298/809/773 491/810/774 489/806/770
s 44
f 297/811/775 295/807/771 490/808/772 492/812/776
s 45
f 298/809/773 300/813/777 493/814/778 491/810/774
s 44
f 299/815/779 297/811/775 492/812/776 494/816/780
s 45
f 300/813/777 302/817/781 495/818/782 493/814/778
s 44
f 301/819/783 299/815/779 494/816/780 496/820/784
s 45
f 302/817/781 304/821/785 497/822/786 495/818/782
s 44
f 303/823/787 301/819/783 496/820/784 498/824/788
s 45
f 304/821/785 306/825/789 499/826/790 497/822/786
s 44
f 305/827/791 303/823/787 498/824/788 500/828/792
s 45
f 306/825/789 308/829/793 501/830/794 499/826/790
s 44
f 307/831/795 305/827/791 500/828/792 502/832/796
s 45
f 308/829/793 310/833/797 503/834/798 501/830/794
s 44
f 309/835/799 307/831/795 502/832/796 504/836/800
s 45
f 310/833/797 312/837/801 505/838/802 503/834/798
s 44
f 311/839/803 309/835/799 504/836/800 506/840/804
s 45
f 312/837/801 314/841/805 507/842/806 505/838/802
s 44
f 313/843/807 311/839/803 506/840/804 508/844/808
s 45
f 314/841/805 316/845/809 509/846/810 507/842/806
s 44
f 315/847/811 313/843/807 508/844/808 510/848/812
s 45
f 316/845/809 318/849/813 511/850/814 509/846/810
s 44
f 317/851/815 315/847/811 510/848/812 512/852/816
s 45
f 318/849/813 320/793/757 484/796/760 511/850/814
s 44
f 319/790/754 317/851/815 512/852/816 483/791/755
s 46
f 897/853/817 898/854/818 899/855/819 900/856/820
s 47
f 515/857/821 514/858/822 519/859/823 518/860/824
s 48
f 929/861/825 930/862/826 931/863/827 932/864/828
s 49
f 961/865/829 962/866/830 963/867/831 964/868/832
s 50
f 579/869/833 578/870/834 583/871/835 582/872/836
s 51
f 993/873/837 994/874/838 995/875/839 996/876/840
s 52
f 1025/877/841 1026/878/842 1027/879/843 1028/880/844
s 53
f 643/881/845 642/882/846 647/883/847 646/884/848
s 54
f 1057/885/849 1058/886/850 1059/887/851 1060/888/852
s off
f 1089/889/853 1090/890/854 1091/891/855 1092/892/856
f 707/893/857 706/894/858 711/895/859 710/896/860
f 1121/897/861 1122/898/862 1123/899/863 1124/900/864
f 1153/901/865 1154/902/866 1155/903/867 1156/904/868
f 771/905/869 770/906/870 775/907/871 774/908/872
f 1185/909/873 1186/910/874 1187/911/875 1188/912/876
f 1217/913/877 1218/914/878 1219/915/879 1220/916/880
f 835/917/881 834/918/882 839/919/883 838/920/884
f 1249/921/885 1250/922/886 1251/923/887 1252/924/888
s 55
f 321/925/889 580/926/890 581/927/891 324/928/892
f 637/929/893 580/926/890 321/925/889 325/930/894
f 633/931/895 637/932/893 325/933/894 327/934/896
f 629/935/897 633/931/895 327/934/896 329/936/898
f 625/937/899 629/935/897 329/936/898 331/938/900
f 621/939/901 625/937/899 331/938/900 333/940/902
f 617/941/903 621/939/901 333/940/902 335/942/904
s off
f 613/943/905 617/944/906 335/945/907 337/946/908
s 56
f 609/947/909 613/948/910 337/949/911 339/950/912
f 605/951/913 609/947/909 339/950/912 341/952/914
f 601/953/915 605/951/913 341/952/914 343/954/916
f 597/955/917 601/953/915 343/954/916 345/956/918
f 593/957/919 597/955/917 345/956/918 347/958/920
f 589/959/921 593/960/919 347/961/920 349/962/922
f 585/963/923 589/959/921 349/962/922 351/964/924
s off
f 581/965/925 585/966/926 351/967/927 324/968/928
f 353/969/929 772/970/930 773/971/931 356/972/932
s 57
f 829/973/933 772/974/934 353/975/935 357/976/936
f 825/977/937 829/973/933 357/976/936 359/978/938
f 821/979/939 825/977/937 359/978/938 361/980/940
f 817/981/941 821/979/939 361/980/940 363/982/942
f 813/983/943 817/981/941 363/982/942 365/984/944
f 809/985/945 813/986/943 365/987/944 367/988/946
f 805/989/947 809/985/945 367/988/946 369/990/948
s off
f 801/991/949 805/992/950 369/993/951 371/994/952
s 58
f 797/995/953 801/996/954 371/997/955 373/998/956
f 793/999/957 797/995/953 373/998/956 375/1000/958
f 789/1001/959 793/1002/957 375/1003/958 377/1004/960
f 785/1005/961 789/1001/959 377/1004/960 379/1006/962
f 781/1007/963 785/1005/961 379/1006/962 381/1008/964
f 777/1009/965 781/1007/963 381/1008/964 383/1010/966
f 773/1011/967 777/1009/965 383/1010/966 356/1012/968
s 59
f 385/1013/969 516/1014/970 517/1015/971 388/1016/972
f 573/1017/973 516/1014/970 385/1013/969 389/1018/974
f 569/1019/975 573/1020/973 389/1021/974 391/1022/976
f 565/1023/977 569/1019/975 391/1022/976 393/1024/978
f 561/1025/979 565/1023/977 393/1024/978 395/1026/980
f 557/1027/981 561/1025/979 395/1026/980 397/1028/982
f 553/1029/983 557/1027/981 397/1028/982 399/1030/984
s off
f 549/1031/985 553/1032/986 399/1033/987 401/1034/988
s 60
f 545/1035/989 549/1036/990 401/1037/991 403/1038/992
f 541/1039/993 545/1035/989 403/1038/992 405/1040/994
f 537/1041/995 541/1039/993 405/1040/994 407/1042/996
f 533/1043/997 537/1041/995 407/1042/996 409/1044/998
f 529/1045/999 533/1043/997 409/1044/998 411/1046/1000
f 525/1047/1001 529/1048/999 411/1049/1000 413/1050/1002
f 521/1051/1003 525/1047/1001 413/1050/1002 415/1052/1004
s off
f 517/1053/1005 521/1054/1006 415/1055/1007 388/1056/1008
s 61
f 417/1057/1009 644/1058/1010 645/1059/1011 420/1060/1012
f 701/1061/1013 644/1058/1010 417/1057/1009 421/1062/1014
f 697/1063/1015 701/1064/1013 421/1065/1014 423/1066/1016
f 693/1067/1017 697/1063/1015 423/1066/1016 425/1068/1018
f 689/1069/1019 693/1067/1017 425/1068/1018 427/1070/1020
f 685/1071/1021 689/1069/1019 427/1070/1020 429/1072/1022
f 681/1073/1023 685/1071/1021 429/1072/1022 431/1074/1024
s off
f 677/1075/1025 681/1076/1026 431/1077/1027 433/1078/1028
s 62
f 673/1079/1029 677/1080/1030 433/1081/1031 435/1082/1032
f 669/1083/1033 673/1079/1029 435/1082/1032 437/1084/1034
f 665/1085/1035 669/1083/1033 437/1084/1034 439/1086/1036
f 661/1087/1037 665/1085/1035 439/1086/1036 441/1088/1038
f 657/1089/1039 661/1087/1037 441/1088/1038 443/1090/1040
f 653/1091/1041 657/1092/1039 443/1093/1040 445/1094/1042
f 649/1095/1043 653/1091/1041 445/1094/1042 447/1096/1044
s off
f 645/1097/1045 649/1098/1046 447/1099/1047 420/1100/1048
f 449/1101/1049 708/1102/1050 709/1103/1051 452/1104/1052
s 63
f 765/1105/1053 708/1106/1054 449/1107/1055 453/1108/1056
f 761/1109/1057 765/1105/1053 453/1108/1056 455/1110/1058
f 757/1111/1059 761/1109/1057 455/1110/1058 457/1112/1060
f 753/1113/1061 757/1111/1059 457/1112/1060 459/1114/1062
f 749/1115/1063 753/1113/1061 459/1114/1062 461/1116/1064
f 745/1117/1065 749/1118/1063 461/1119/1064 463/1120/1066
f 741/1121/1067 745/1117/1065 463/1120/1066 465/1122/1068
s off
f 737/1123/1069 741/1124/1070 465/1125/1071 467/1126/1072
s 64
f 733/1127/1073 737/1128/1074 467/1129/1075 469/1130/1076
f 729/1131/1077 733/1127/1073 469/1130/1076 471/1132/1078
f 725/1133/1079 729/1134/1077 471/1135/1078 473/1136/1080
f 721/1137/1081 725/1133/1079 473/1136/1080 475/1138/1082
f 717/1139/1083 721/1137/1081 475/1138/1082 477/1140/1084
f 713/1141/1085 717/1139/1083 477/1140/1084 479/1142/1086
f 709/1143/1087 713/1141/1085 479/1142/1086 452/1144/1088
s off
f 481/1145/1089 836/1146/1090 837/1147/1091 484/1148/1092
s 65
f 893/1149/1093 836/1150/1094 481/1151/1095 485/1152/1096
f 889/1153/1097 893/1149/1093 485/1152/1096 487/1154/1098
f 885/1155/1099 889/1153/1097 487/1154/1098 489/1156/1100
f 881/1157/1101 885/1155/1099 489/1156/1100 491/1158/1102
f 877/1159/1103 881/1157/1101 491/1158/1102 493/1160/1104
f 873/1161/1105 877/1162/1103 493/1163/1104 495/1164/1106
f 869/1165/1107 873/1161/1105 495/1164/1106 497/1166/1108
s off
f 865/1167/1109 869/1168/1110 497/1169/1111 499/1170/1112
s 66
f 861/1171/1113 865/1172/1114 499/1173/1115 501/1174/1116
f 857/1175/1117 861/1171/1113 501/1174/1116 503/1176/1118
f 853/1177/1119 857/1178/1117 503/1179/1118 505/1180/1120
f 849/1181/1121 853/1177/1119 505/1180/1120 507/1182/1122
f 845/1183/1123 849/1181/1121 507/1182/1122 509/1184/1124
f 841/1185/1125 845/1183/1123 509/1184/1124 511/1186/1126
f 837/1187/1127 841/1185/1125 511/1186/1126 484/1188/1128
s 67
f 520/1189/1129 513/1190/1130 386/1191/1131 387/1192/1132
s off
f 416/1193/1133 524/1194/1134 520/1195/1135 387/1196/1136
s 68
f 414/1197/1137 528/1198/1138 524/1199/1139 416/1200/1140
f 412/1201/1141 532/1202/1142 528/1198/1138 414/1197/1137
f 410/1203/1143 536/1204/1144 532/1205/1142 412/1206/1141
f 408/1207/1145 540/1208/1146 536/1204/1144 410/1203/1143
f 406/1209/1147 544/1210/1148 540/1208/1146 408/1207/1145
f 404/1211/1149 548/1212/1150 544/1210/1148 406/1209/1147
f 402/1213/1151 552/1214/1152 548/1212/1150 404/1211/1149
s off
f 400/1215/1153 556/1216/1154 552/1217/1155 402/1218/1156
s 67
f 398/1219/1157 560/1220/1158 556/1221/1159 400/1222/1160
f 396/1223/1161 564/1224/1162 560/1220/1158 398/1219/1157
f 394/1225/1163 568/1226/1164 564/1224/1162 396/1223/1161
f 392/1227/1165 572/1228/1166 568/1226/1164 394/1225/1163
f 390/1229/1167 576/1230/1168 572/1228/1166 392/1227/1165
f 386/1191/1131 513/1190/1130 576/1231/1168 390/1232/1167
s 70
f 584/1233/1169 577/1234/1170 322/1235/1171 323/1236/1172
s off
f 352/1237/1173 588/1238/1174 584/1239/1175 323/1240/1176
s 71
f 350/1241/1177 592/1242/1178 588/1243/1179 352/1244/1180
f 348/1245/1181 596/1246/1182 592/1242/1178 350/1241/1177
f 346/1247/1183 600/1248/1184 596/1249/1182 348/1250/1181
f 344/1251/1185 604/1252/1186 600/1248/1184 346/1247/1183
f 342/1253/1187 608/1254/1188 604/1252/1186 344/1251/1185
f 340/1255/1189 612/1256/1190 608/1254/1188 342/1253/1187
f 338/1257/1191 616/1258/1192 612/1256/1190 340/1255/1189
s off
f 336/1259/1193 620/1260/1194 616/1261/1195 338/1262/1196
s 70
f 334/1263/1197 624/1264/1198 620/1265/1199 336/1266/1200
f 332/1267/1201 628/1268/1202 624/1264/1198 334/1263/1197
f 330/1269/1203 632/1270/1204 628/1268/1202 332/1267/1201
f 328/1271/1205 636/1272/1206 632/1270/1204 330/1269/1203
f 326/1273/1207 640/1274/1208 636/1272/1206 328/1271/1205
f 322/1235/1171 577/1234/1170 640/1275/1208 326/1276/1207
s 73
f 648/1277/1209 641/1278/1210 418/1279/1211 419/1280/1212
s off
f 448/1281/1213 652/1282/1214 648/1283/1215 419/1284/1216
s 74
f 446/1285/1217 656/1286/1218 652/1287/1219 448/1288/1220
f 444/1289/1221 660/1290/1222 656/1286/1218 446/1285/1217
f 442/1291/1223 664/1292/1224 660/1293/1222 444/1294/1221
f 440/1295/1225 668/1296/1226 664/1292/1224 442/1291/1223
f 438/1297/1227 672/1298/1228 668/1296/1226 440/1295/1225
f 436/1299/1229 676/1300/1230 672/1298/1228 438/1297/1227
f 434/1301/1231 680/1302/1232 676/1300/1230 436/1299/1229
s off
f 432/1303/1233 684/1304/1234 680/1305/1235 434/1306/1236
s 73
f 430/1307/1237 688/1308/1238 684/1309/1239 432/1310/1240
f 428/1311/1241 692/1312/1242 688/1308/1238 430/1307/1237
f 426/1313/1243 696/1314/1244 692/1312/1242 428/1311/1241
f 424/1315/1245 700/1316/1246 696/1314/1244 426/1313/1243
f 422/1317/1247 704/1318/1248 700/1316/1246 424/1315/1245
f 418/1279/1211 641/1278/1210 704/1319/1248 422/1320/1247
s off
f 712/1321/1249 705/1322/1250 450/1323/1251 451/1324/1252
s 76
f 480/1325/1253 716/1326/1254 712/1327/1255 451/1328/1256
f 478/1329/1257 720/1330/1258 716/1326/1254 480/1325/1253
f 476/1331/1259 724/1332/1260 720/1330/1258 478/1329/1257
f 474/1333/1261 728/1334/1262 724/1332/1260 476/1331/1259
f 472/1335/1263 732/1336/1264 728/1334/1262 474/1333/1261
f 470/1337/1265 736/1338/1266 732/1339/1264 472/1340/1263
f 468/1341/1267 740/1342/1268 736/1338/1266 470/1337/1265
s off
f 466/1343/1269 744/1344/1270 740/1345/1271 468/1346/1272
s 77
f 464/1347/1273 748/1348/1274 744/1349/1275 466/1350/1276
f 462/1351/1277 752/1352/1278 748/1348/1274 464/1347/1273
f 460/1353/1279 756/1354/1280 752/1355/1278 462/1356/1277
f 458/1357/1281 760/1358/1282 756/1354/1280 460/1353/1279
f 456/1359/1283 764/1360/1284 760/1358/1282 458/1357/1281
f 454/1361/1285 768/1362/1286 764/1360/1284 456/1359/1283
f 450/1363/1287 705/1364/1288 768/1362/1286 454/1361/1285
s off
f 776/1365/1289 769/1366/1290 354/1367/1291 355/1368/1292
s 78
f 384/1369/1293 780/1370/1294 776/1371/1295 355/1372/1296
f 382/1373/1297 784/1374/1298 780/1370/1294 384/1369/1293
f 380/1375/1299 788/1376/1300 784/1374/1298 382/1373/1297
f 378/1377/1301 792/1378/1302 788/1376/1300 380/1375/1299
f 376/1379/1303 796/1380/1304 792/1378/1302 378/1377/1301
f 374/1381/1305 800/1382/1306 796/1383/1304 376/1384/1303
f 372/1385/1307 804/1386/1308 800/1382/1306 374/1381/1305
s off
f 370/1387/1309 808/1388/1310 804/1389/1311 372/1390/1312
s 79
f 368/1391/1313 812/1392/1314 808/1393/1315 370/1394/1316
f 366/1395/1317 816/1396/1318 812/1392/1314 368/1391/1313
f 364/1397/1319 820/1398/1320 816/1399/1318 366/1400/1317
f 362/1401/1321 824/1402/1322 820/1398/1320 364/1397/1319
f 360/1403/1323 828/1404/1324 824/1402/1322 362/1401/1321
f 358/1405/1325 832/1406/1326 828/1404/1324 360/1403/1323
f 354/1407/1327 769/1408/1328 832/1406/1326 358/1405/1325
s off
f 840/1409/1329 833/1410/1330 482/1411/1331 483/1412/1332
s 80
f 512/1413/1333 844/1414/1334 840/1415/1335 483/1416/1336
f 510/1417/1337 848/1418/1338 844/1414/1334 512/1413/1333
f 508/1419/1339 852/1420/1340 848/1418/1338 510/1417/1337
f 506/1421/1341 856/1422/1342 852/1420/1340 508/1419/1339
f 504/1423/1343 860/1424/1344 856/1422/1342 506/1421/1341
f 502/1425/1345 864/1426/1346 860/1427/1344 504/1428/1343
f 500/1429/1347 868/1430/1348 864/1426/1346 502/1425/1345
s off
f 498/1431/1349 872/1432/1350 868/1433/1351 500/1434/1352
s 81
f 496/1435/1353 876/1436/1354 872/1437/1355 498/1438/1356
f 494/1439/1357 880/1440/1358 876/1436/1354 496/1435/1353
f 492/1441/1359 884/1442/1360 880/1443/1358 494/1444/1357
f 490/1445/1361 888/1446/1362 884/1442/1360 492/1441/1359
f 488/1447/1363 892/1448/1364 888/1446/1362 490/1445/1361
f 486/1449/1365 896/1450/1366 892/1448/1364 488/1447/1363
f 482/1451/1367 833/1452/1368 896/1450/1366 486/1449/1365
s off
f 932/1453/1369 931/1454/1370 933/1455/1371 934/1456/1372
f 900/1457/1373 899/1458/1374 901/1459/1375 902/1460/1376
f 518/1461/1377 519/1462/1378 523/1463/1379 522/1464/1380
s 82
f 934/1465/1381 933/1466/1382 935/1467/1383 936/1468/1384
s 83
f 902/1469/1385 901/1470/1386 903/1471/1387 904/1472/1388
s 84
f 522/1473/1389 523/1474/1390 527/1475/1391 526/1476/1392
s 82
f 936/1468/1384 935/1467/1383 937/1477/1393 938/1478/1394
s 83
f 904/1472/1388 903/1471/1387 905/1479/1395 906/1480/1396
s 84
f 526/1476/1392 527/1475/1391 531/1481/1397 530/1482/1398
s 82
f 938/1483/1394 937/1484/1393 939/1485/1399 940/1486/1400
s 83
f 906/1487/1396 905/1488/1395 907/1489/1401 908/1490/1402
s 84
f 530/1491/1398 531/1492/1397 535/1493/1403 534/1494/1404
s 82
f 940/1486/1400 939/1485/1399 941/1495/1405 942/1496/1406
s 83
f 908/1490/1402 907/1489/1401 909/1497/1407 910/1498/1408
s 84
f 534/1494/1404 535/1493/1403 539/1499/1409 538/1500/1410
s 82
f 942/1496/1406 941/1495/1405 943/1501/1411 944/1502/1412
s 83
f 910/1498/1408 909/1497/1407 911/1503/1413 912/1504/1414
s 84
f 538/1500/1410 539/1499/1409 543/1505/1415 542/1506/1416
s 82
f 944/1502/1412 943/1501/1411 945/1507/1417 946/1508/1418
s 83
f 912/1504/1414 911/1503/1413 913/1509/1419 914/1510/1420
s 84
f 542/1506/1416 543/1505/1415 547/1511/1421 546/1512/1422
s 82
f 946/1508/1418 945/1507/1417 947/1513/1423 948/1514/1424
s 83
f 914/1510/1420 913/1509/1419 915/1515/1425 916/1516/1426
s 84
f 546/1512/1422 547/1511/1421 551/1517/1427 550/1518/1428
s off
f 948/1519/1429 947/1520/1430 949/1521/1431 950/1522/1432
f 916/1523/1433 915/1524/1434 917/1525/1435 918/1526/1436
f 550/1527/1437 551/1528/1438 555/1529/1439 554/1530/1440
s 48
f 950/1531/1441 949/1532/1442 951/1533/1443 952/1534/1444
s 46
f 918/1535/1445 917/1536/1446 919/1537/1447 920/1538/1448
s 47
f 554/1539/1449 555/1540/1450 559/1541/1451 558/1542/1452
s 48
f 952/1534/1444 951/1533/1443 953/1543/1453 954/1544/1454
s 46
f 920/1538/1448 919/1537/1447 921/1545/1455 922/1546/1456
s 47
f 558/1542/1452 559/1541/1451 563/1547/1457 562/1548/1458
s 48
f 954/1544/1454 953/1543/1453 955/1549/1459 956/1550/1460
s 46
f 922/1546/1456 921/1545/1455 923/1551/1461 924/1552/1462
s 47
f 562/1548/1458 563/1547/1457 567/1553/1463 566/1554/1464
s 48
f 956/1550/1460 955/1549/1459 957/1555/1465 958/1556/1466
s 46
f 924/1552/1462 923/1551/1461 925/1557/1467 926/1558/1468
s 47
f 566/1554/1464 567/1553/1463 571/1559/1469 570/1560/1470
s 48
f 958/1556/1466 957/1555/1465 959/1561/1471 960/1562/1472
s 46
f 926/1558/1468 925/1557/1467 927/1563/1473 928/1564/1474
s 47
f 570/1560/1470 571/1559/1469 575/1565/1475 574/1566/1476
s 48
f 930/862/826 929/861/825 960/1567/1472 959/1568/1471
s 47
f 514/858/822 515/857/821 574/1569/1476 575/1570/1475
s 46
f 898/854/818 897/853/817 928/1571/1474 927/1572/1473
s off
f 996/1573/1477 995/1574/1478 997/1575/1479 998/1576/1480
f 964/1577/1481 963/1578/1482 965/1579/1483 966/1580/1484
f 582/1581/1485 583/1582/1486 587/1583/1487 586/1584/1488
s 88
f 998/1585/1489 997/1586/1490 999/1587/1491 1000/1588/1492
s 89
f 966/1589/1493 965/1590/1494 967/1591/1495 968/1592/1496
s 90
f 586/1593/1497 587/1594/1498 591/1595/1499 590/1596/1500
s 88
f 1000/1588/1492 999/1587/1491 1001/1597/1501 1002/1598/1502
s 89
f 968/1592/1496 967/1591/1495 969/1599/1503 970/1600/1504
s 90
f 590/1596/1500 591/1595/1499 595/1601/1505 594/1602/1506
s 88
f 1002/1603/1502 1001/1604/1501 1003/1605/1507 1004/1606/1508
s 89
f 970/1607/1504 969/1608/1503 971/1609/1509 972/1610/1510
s 90
f 594/1611/1506 595/1612/1505 599/1613/1511 598/1614/1512
s 88
f 1004/1606/1508 1003/1605/1507 1005/1615/1513 1006/1616/1514
s 89
f 972/1610/1510 971/1609/1509 973/1617/1515 974/1618/1516
s 90
f 598/1614/1512 599/1613/1511 603/1619/1517 602/1620/1518
s 88
f 1006/1616/1514 1005/1615/1513 1007/1621/1519 1008/1622/1520
s 89
f 974/1618/1516 973/1617/1515 975/1623/1521 976/1624/1522
s 90
f 602/1620/1518 603/1619/1517 607/1625/1523 606/1626/1524
s 88
f 1008/1622/1520 1007/1621/1519 1009/1627/1525 1010/1628/1526
s 89
f 976/1624/1522 975/1623/1521 977/1629/1527 978/1630/1528
s 90
f 606/1626/1524 607/1625/1523 611/1631/1529 610/1632/1530
s 88
f 1010/1628/1526 1009/1627/1525 1011/1633/1531 1012/1634/1532
s 89
f 978/1630/1528 977/1629/1527 979/1635/1533 980/1636/1534
s 90
f 610/1632/1530 611/1631/1529 615/1637/1535 614/1638/1536
s off
f 1012/1639/1537 1011/1640/1538 1013/1641/1539 1014/1642/1540
f 980/1643/1541 979/1644/1542 981/1645/1543 982/1646/1544
f 614/1647/1545 615/1648/1546 619/1649/1547 618/1650/1548
s 51
f 1014/1651/1549 1013/1652/1550 1015/1653/1551 1016/1654/1552
s 49
f 982/1655/1553 981/1656/1554 983/1657/1555 984/1658/1556
s 50
f 618/1659/1557 619/1660/1558 623/1661/1559 622/1662/1560
s 51
f 1016/1654/1552 1015/1653/1551 1017/1663/1561 1018/1664/1562
s 49
f 984/1658/1556 983/1657/1555 985/1665/1563 986/1666/1564
s 50
f 622/1662/1560 623/1661/1559 627/1667/1565 626/1668/1566
s 51
f 1018/1664/1562 1017/1663/1561 1019/1669/1567 1020/1670/1568
s 49
f 986/1666/1564 985/1665/1563 987/1671/1569 988/1672/1570
s 50
f 626/1668/1566 627/1667/1565 631/1673/1571 630/1674/1572
s 51
f 1020/1670/1568 1019/1669/1567 1021/1675/1573 1022/1676/1574
s 49
f 988/1672/1570 987/1671/1569 989/1677/1575 990/1678/1576
s 50
f 630/1674/1572 631/1673/1571 635/1679/1577 634/1680/1578
s 51
f 1022/1676/1574 1021/1675/1573 1023/1681/1579 1024/1682/1580
s 49
f 990/1678/1576 989/1677/1575 991/1683/1581 992/1684/1582
s 50
f 634/1680/1578 635/1679/1577 639/1685/1583 638/1686/1584
s 51
f 994/874/838 993/873/837 1024/1687/1580 1023/1688/1579
s 50
f 578/870/834 579/869/833 638/1689/1584 639/1690/1583
s 49
f 962/866/830 961/865/829 992/1691/1582 991/1692/1581
s off
f 1060/1693/1585 1059/1694/1586 1061/1695/1587 1062/1696/1588
f 1028/1697/1589 1027/1698/1590 1029/1699/1591 1030/1700/1592
f 646/1701/1593 647/1702/1594 651/1703/1595 650/1704/1596
s 94
f 1062/1705/1597 1061/1706/1598 1063/1707/1599 1064/1708/1600
s 95
f 1030/1709/1601 1029/1710/1602 1031/1711/1603 1032/1712/1604
s 96
f 650/1713/1605 651/1714/1606 655/1715/1607 654/1716/1608
s 94
f 1064/1708/1600 1063/1707/1599 1065/1717/1609 1066/1718/1610
s 95
f 1032/1712/1604 1031/1711/1603 1033/1719/1611 1034/1720/1612
s 96
f 654/1716/1608 655/1715/1607 659/1721/1613 658/1722/1614
s 94
f 1066/1723/1610 1065/1724/1609 1067/1725/1615 1068/1726/1616
s 95
f 1034/1727/1612 1033/1728/1611 1035/1729/1617 1036/1730/1618
s 96
f 658/1731/1614 659/1732/1613 663/1733/1619 662/1734/1620
s 94
f 1068/1726/1616 1067/1725/1615 1069/1735/1621 1070/1736/1622
s 95
f 1036/1730/1618 1035/1729/1617 1037/1737/1623 1038/1738/1624
s 96
f 662/1734/1620 663/1733/1619 667/1739/1625 666/1740/1626
s 94
f 1070/1736/1622 1069/1735/1621 1071/1741/1627 1072/1742/1628
s 95
f 1038/1738/1624 1037/1737/1623 1039/1743/1629 1040/1744/1630
s 96
f 666/1740/1626 667/1739/1625 671/1745/1631 670/1746/1632
s 94
f 1072/1742/1628 1071/1741/1627 1073/1747/1633 1074/1748/1634
s 95
f 1040/1744/1630 1039/1743/1629 1041/1749/1635 1042/1750/1636
s 96
f 670/1746/1632 671/1745/1631 675/1751/1637 674/1752/1638
s 94
f 1074/1748/1634 1073/1747/1633 1075/1753/1639 1076/1754/1640
s 95
f 1042/1750/1636 1041/1749/1635 1043/1755/1641 1044/1756/1642
s 96
f 674/1752/1638 675/1751/1637 679/1757/1643 678/1758/1644
s off
f 1076/1759/1645 1075/1760/1646 1077/1761/1647 1078/1762/1648
f 1044/1763/1649 1043/1764/1650 1045/1765/1651 1046/1766/1652
f 678/1767/1653 679/1768/1654 683/1769/1655 682/1770/1656
s 54
f 1078/1771/1657 1077/1772/1658 1079/1773/1659 1080/1774/1660
s 52
f 1046/1775/1661 1045/1776/1662 1047/1777/1663 1048/1778/1664
s 53
f 682/1779/1665 683/1780/1666 687/1781/1667 686/1782/1668
s 54
f 1080/1774/1660 1079/1773/1659 1081/1783/1669 1082/1784/1670
s 52
f 1048/1778/1664 1047/1777/1663 1049/1785/1671 1050/1786/1672
s 53
f 686/1782/1668 687/1781/1667 691/1787/1673 690/1788/1674
s 54
f 1082/1784/1670 1081/1783/1669 1083/1789/1675 1084/1790/1676
s 52
f 1050/1786/1672 1049/1785/1671 1051/1791/1677 1052/1792/1678
s 53
f 690/1788/1674 691/1787/1673 695/1793/1679 694/1794/1680
s 54
f 1084/1790/1676 1083/1789/1675 1085/1795/1681 1086/1796/1682
s 52
f 1052/1792/1678 1051/1791/1677 1053/1797/1683 1054/1798/1684
s 53
f 694/1794/1680 695/1793/1679 699/1799/1685 698/1800/1686
s 54
f 1086/1796/1682 1085/1795/1681 1087/1801/1687 1088/1802/1688
s 52
f 1054/1798/1684 1053/1797/1683 1055/1803/1689 1056/1804/1690
s 53
f 698/1800/1686 699/1799/1685 703/1805/1691 702/1806/1692
s 54
f 1058/886/850 1057/885/849 1088/1807/1688 1087/1808/1687
s 53
f 642/882/846 643/881/845 702/1809/1692 703/1810/1691
s 52
f 1026/878/842 1025/877/841 1056/1811/1690 1055/1812/1689
s 100
f 1124/1813/1693 1123/1814/1694 1125/1815/1695 1126/1816/1696
s 101
f 1092/1817/1697 1091/1818/1698 1093/1819/1699 1094/1820/1700
s 102
f 710/1821/1701 711/1822/1702 715/1823/1703 714/1824/1704
s 100
f 1126/1816/1696 1125/1815/1695 1127/1825/1705 1128/1826/1706
s 101
f 1094/1820/1700 1093/1819/1699 1095/1827/1707 1096/1828/1708
s 102
f 714/1824/1704 715/1823/1703 719/1829/1709 718/1830/1710
s 100
f 1128/1826/1706 1127/1825/1705 1129/1831/1711 1130/1832/1712
s 101
f 1096/1828/1708 1095/1827/1707 1097/1833/1713 1098/1834/1714
s 102
f 718/1830/1710 719/1829/1709 723/1835/1715 722/1836/1716
s 100
f 1130/1832/1712 1129/1831/1711 1131/1837/1717 1132/1838/1718
s 101
f 1098/1834/1714 1097/1833/1713 1099/1839/1719 1100/1840/1720
s 102
f 722/1836/1716 723/1835/1715 727/1841/1721 726/1842/1722
s 100
f 1132/1838/1718 1131/1837/1717 1133/1843/1723 1134/1844/1724
s 101
f 1100/1840/1720 1099/1839/1719 1101/1845/1725 1102/1846/1726
s 102
f 726/1842/1722 727/1841/1721 731/1847/1727 730/1848/1728
s 100
f 1134/1849/1724 1133/1850/1723 1135/1851/1729 1136/1852/1730
s 101
f 1102/1853/1726 1101/1854/1725 1103/1855/1731 1104/1856/1732
s 102
f 730/1857/1728 731/1858/1727 735/1859/1733 734/1860/1734
s 100
f 1136/1852/1730 1135/1851/1729 1137/1861/1735 1138/1862/1736
s 101
f 1104/1856/1732 1103/1855/1731 1105/1863/1737 1106/1864/1738
s 102
f 734/1860/1734 735/1859/1733 739/1865/1739 738/1866/1740
s off
f 1138/1867/1741 1137/1868/1742 1139/1869/1743 1140/1870/1744
f 1106/1871/1745 1105/1872/1746 1107/1873/1747 1108/1874/1748
f 738/1875/1749 739/1876/1750 743/1877/1751 742/1878/1752
s 103
f 1140/1879/1753 1139/1880/1754 1141/1881/1755 1142/1882/1756
s 104
f 1108/1883/1757 1107/1884/1758 1109/1885/1759 1110/1886/1760
s 105
f 742/1887/1761 743/1888/1762 747/1889/1763 746/1890/1764
s 103
f 1142/1882/1756 1141/1881/1755 1143/1891/1765 1144/1892/1766
s 104
f 1110/1886/1760 1109/1885/1759 1111/1893/1767 1112/1894/1768
s 105
f 746/1890/1764 747/1889/1763 751/1895/1769 750/1896/1770
s 103
f 1144/1897/1766 1143/1898/1765 1145/1899/1771 1146/1900/1772
s 104
f 1112/1901/1768 1111/1902/1767 1113/1903/1773 1114/1904/1774
s 105
f 750/1905/1770 751/1906/1769 755/1907/1775 754/1908/1776
s 103
f 1146/1900/1772 1145/1899/1771 1147/1909/1777 1148/1910/1778
s 104
f 1114/1904/1774 1113/1903/1773 1115/1911/1779 1116/1912/1780
s 105
f 754/1908/1776 755/1907/1775 759/1913/1781 758/1914/1782
s 103
f 1148/1910/1778 1147/1909/1777 1149/1915/1783 1150/1916/1784
s 104
f 1116/1912/1780 1115/1911/1779 1117/1917/1785 1118/1918/1786
s 105
f 758/1914/1782 759/1913/1781 763/1919/1787 762/1920/1788
s 103
f 1150/1916/1784 1149/1915/1783 1151/1921/1789 1152/1922/1790
s 104
f 1118/1918/1786 1117/1917/1785 1119/1923/1791 1120/1924/1792
s 105
f 762/1920/1788 763/1919/1787 767/1925/1793 766/1926/1794
s 103
f 1122/1927/1795 1121/1928/1796 1152/1922/1790 1151/1921/1789
s 105
f 706/1929/1797 707/1930/1798 766/1926/1794 767/1925/1793
s 104
f 1090/1931/1799 1089/1932/1800 1120/1924/1792 1119/1923/1791
s 106
f 1188/1933/1801 1187/1934/1802 1189/1935/1803 1190/1936/1804
s 107
f 1156/1937/1805 1155/1938/1806 1157/1939/1807 1158/1940/1808
s 108
f 774/1941/1809 775/1942/1810 779/1943/1811 778/1944/1812
s 106
f 1190/1936/1804 1189/1935/1803 1191/1945/1813 1192/1946/1814
s 107
f 1158/1940/1808 1157/1939/1807 1159/1947/1815 1160/1948/1816
s 108
f 778/1944/1812 779/1943/1811 783/1949/1817 782/1950/1818
s 106
f 1192/1946/1814 1191/1945/1813 1193/1951/1819 1194/1952/1820
s 107
f 1160/1948/1816 1159/1947/1815 1161/1953/1821 1162/1954/1822
s 108
f 782/1950/1818 783/1949/1817 787/1955/1823 786/1956/1824
s 106
f 1194/1952/1820 1193/1951/1819 1195/1957/1825 1196/1958/1826
s 107
f 1162/1954/1822 1161/1953/1821 1163/1959/1827 1164/1960/1828
s 108
f 786/1956/1824 787/1955/1823 791/1961/1829 790/1962/1830
s 106
f 1196/1958/1826 1195/1957/1825 1197/1963/1831 1198/1964/1832
s 107
f 1164/1960/1828 1163/1959/1827 1165/1965/1833 1166/1966/1834
s 108
f 790/1962/1830 791/1961/1829 795/1967/1835 794/1968/1836
s 106
f 1198/1969/1832 1197/1970/1831 1199/1971/1837 1200/1972/1838
s 107
f 1166/1973/1834 1165/1974/1833 1167/1975/1839 1168/1976/1840
s 108
f 794/1977/1836 795/1978/1835 799/1979/1841 798/1980/1842
s 106
f 1200/1972/1838 1199/1971/1837 1201/1981/1843 1202/1982/1844
s 107
f 1168/1976/1840 1167/1975/1839 1169/1983/1845 1170/1984/1846
s 108
f 798/1980/1842 799/1979/1841 803/1985/1847 802/1986/1848
s off
f 1202/1987/1849 1201/1988/1850 1203/1989/1851 1204/1990/1852
f 1170/1991/1853 1169/1992/1854 1171/1993/1855 1172/1994/1856
f 802/1995/1857 803/1996/1858 807/1997/1859 806/1998/1860
s 109
f 1204/1999/1861 1203/2000/1862 1205/2001/1863 1206/2002/1864
s 110
f 1172/2003/1865 1171/2004/1866 1173/2005/1867 1174/2006/1868
s 111
f 806/2007/1869 807/2008/1870 811/2009/1871 810/2010/1872
s 109
f 1206/2002/1864 1205/2001/1863 1207/2011/1873 1208/2012/1874
s 110
f 1174/2006/1868 1173/2005/1867 1175/2013/1875 1176/2014/1876
s 111
f 810/2010/1872 811/2009/1871 815/2015/1877 814/2016/1878
s 109
f 1208/2017/1874 1207/2018/1873 1209/2019/1879 1210/2020/1880
s 110
f 1176/2021/1876 1175/2022/1875 1177/2023/1881 1178/2024/1882
s 111
f 814/2025/1878 815/2026/1877 819/2027/1883 818/2028/1884
s 109
f 1210/2020/1880 1209/2019/1879 1211/2029/1885 1212/2030/1886
s 110
f 1178/2024/1882 1177/2023/1881 1179/2031/1887 1180/2032/1888
s 111
f 818/2028/1884 819/2027/1883 823/2033/1889 822/2034/1890
s 109
f 1212/2030/1886 1211/2029/1885 1213/2035/1891 1214/2036/1892
s 110
f 1180/2032/1888 1179/2031/1887 1181/2037/1893 1182/2038/1894
s 111
f 822/2034/1890 823/2033/1889 827/2039/1895 826/2040/1896
s 109
f 1214/2036/1892 1213/2035/1891 1215/2041/1897 1216/2042/1898
s 110
f 1182/2038/1894 1181/2037/1893 1183/2043/1899 1184/2044/1900
s 111
f 826/2040/1896 827/2039/1895 831/2045/1901 830/2046/1902
s 109
f 1186/2047/1903 1185/2048/1904 1216/2042/1898 1215/2041/1897
s 111
f 770/2049/1905 771/2050/1906 830/2046/1902 831/2045/1901
s 110
f 1154/2051/1907 1153/2052/1908 1184/2044/1900 1183/2043/1899
s 112
f 1252/2053/1909 1251/2054/1910 1253/2055/1911 1254/2056/1912
s 113
f 1220/2057/1913 1219/2058/1914 1221/2059/1915 1222/2060/1916
s 114
f 838/2061/1917 839/2062/1918 843/2063/1919 842/2064/1920
s 112
f 1254/2056/1912 1253/2055/1911 1255/2065/1921 1256/2066/1922
s 113
f 1222/2060/1916 1221/2059/1915 1223/2067/1923 1224/2068/1924
s 114
f 842/2064/1920 843/2063/1919 847/2069/1925 846/2070/1926
s 112
f 1256/2066/1922 1255/2065/1921 1257/2071/1927 1258/2072/1928
s 113
f 1224/2068/1924 1223/2067/1923 1225/2073/1929 1226/2074/1930
s 114
f 846/2070/1926 847/2069/1925 851/2075/1931 850/2076/1932
s 112
f 1258/2072/1928 1257/2071/1927 1259/2077/1933 1260/2078/1934
s 113
f 1226/2074/1930 1225/2073/1929 1227/2079/1935 1228/2080/1936
s 114
f 850/2076/1932 851/2075/1931 855/2081/1937 854/2082/1938
s 112
f 1260/2078/1934 1259/2077/1933 1261/2083/1939 1262/2084/1940
s 113
f 1228/2080/1936 1227/2079/1935 1229/2085/1941 1230/2086/1942
s 114
f 854/2082/1938 855/2081/1937 859/2087/1943 858/2088/1944
s 112
f 1262/2089/1940 1261/2090/1939 1263/2091/1945 1264/2092/1946
s 113
f 1230/2093/1942 1229/2094/1941 1231/2095/1947 1232/2096/1948
s 114
f 858/2097/1944 859/2098/1943 863/2099/1949 862/2100/1950
s 112
f 1264/2092/1946 1263/2091/1945 1265/2101/1951 1266/2102/1952
s 113
f 1232/2096/1948 1231/2095/1947 1233/2103/1953 1234/2104/1954
s 114
f 862/2100/1950 863/2099/1949 867/2105/1955 866/2106/1956
s off
f 1266/2107/1957 1265/2108/1958 1267/2109/1959 1268/2110/1960
f 1234/2111/1961 1233/2112/1962 1235/2113/1963 1236/2114/1964
f 866/2115/1965 867/2116/1966 871/2117/1967 870/2118/1968
s 115
f 1268/2119/1969 1267/2120/1970 1269/2121/1971 1270/2122/1972
s 116
f 1236/2123/1973 1235/2124/1974 1237/2125/1975 1238/2126/1976
s 117
f 870/2127/1977 871/2128/1978 875/2129/1979 874/2130/1980
s 115
f 1270/2122/1972 1269/2121/1971 1271/2131/1981 1272/2132/1982
s 116
f 1238/2126/1976 1237/2125/1975 1239/2133/1983 1240/2134/1984
s 117
f 874/2130/1980 875/2129/1979 879/2135/1985 878/2136/1986
s 115
f 1272/2137/1982 1271/2138/1981 1273/2139/1987 1274/2140/1988
s 116
f 1240/2141/1984 1239/2142/1983 1241/2143/1989 1242/2144/1990
s 117
f 878/2145/1986 879/2146/1985 883/2147/1991 882/2148/1992
s 115
f 1274/2140/1988 1273/2139/1987 1275/2149/1993 1276/2150/1994
s 116
f 1242/2144/1990 1241/2143/1989 1243/2151/1995 1244/2152/1996
s 117
f 882/2148/1992 883/2147/1991 887/2153/1997 886/2154/1998
s 115
f 1276/2150/1994 1275/2149/1993 1277/2155/1999 1278/2156/2000
s 116
f 1244/2152/1996 1243/2151/1995 1245/2157/2001 1246/2158/2002
s 117
f 886/2154/1998 887/2153/1997 891/2159/2003 890/2160/2004
s 115
f 1278/2156/2000 1277/2155/1999 1279/2161/2005 1280/2162/2006
s 116
f 1246/2158/2002 1245/2157/2001 1247/2163/2007 1248/2164/2008
s 117
f 890/2160/2004 891/2159/2003 895/2165/2009 894/2166/2010
s 115
f 1250/2167/2011 1249/2168/2012 1280/2162/2006 1279/2161/2005
s 117
f 834/2169/2013 835/2170/2014 894/2166/2010 895/2165/2009
s 116
f 1218/2171/2015 1217/2172/2016 1248/2164/2008 1247/2163/2007
s 118
f 515/2173/2017 518/2174/2018 899/2175/2019 898/2176/2020
s 119
f 517/2177/2021 516/2178/2022 897/2179/2023 900/2180/2024
s 118
f 518/2174/2018 522/2181/2025 901/2182/2026 899/2175/2019
s 119
f 521/2183/2027 517/2177/2021 900/2180/2024 902/2184/2028
s 118
f 522/2181/2025 526/2185/2029 903/2186/2030 901/2182/2026
s 119
f 525/2187/2031 521/2183/2027 902/2184/2028 904/2188/2032
s 118
f 526/2185/2029 530/2189/2033 905/2190/2034 903/2186/2030
s 119
f 529/2191/2035 525/2187/2031 904/2188/2032 906/2192/2036
s 118
f 530/2189/2033 534/2193/2037 907/2194/2038 905/2190/2034
s 119
f 533/2195/2039 529/2191/2035 906/2192/2036 908/2196/2040
s 118
f 534/2193/2037 538/2197/2041 909/2198/2042 907/2194/2038
s 119
f 537/2199/2043 533/2195/2039 908/2196/2040 910/2200/2044
s 118
f 538/2197/2041 542/2201/2045 911/2202/2046 909/2198/2042
s 119
f 541/2203/2047 537/2199/2043 910/2200/2044 912/2204/2048
s 118
f 542/2201/2045 546/2205/2049 913/2206/2050 911/2202/2046
s 119
f 545/2207/2051 541/2203/2047 912/2204/2048 914/2208/2052
s 118
f 546/2205/2049 550/2209/2053 915/2210/2054 913/2206/2050
s 119
f 549/2211/2055 545/2207/2051 914/2208/2052 916/2212/2056
s 118
f 550/2209/2053 554/2213/2057 917/2214/2058 915/2210/2054
s 119
f 553/2215/2059 549/2211/2055 916/2212/2056 918/2216/2060
s 118
f 554/2213/2057 558/2217/2061 919/2218/2062 917/2214/2058
s 119
f 557/2219/2063 553/2215/2059 918/2216/2060 920/2220/2064
s 118
f 558/2217/2061 562/2221/2065 921/2222/2066 919/2218/2062
s 119
f 561/2223/2067 557/2219/2063 920/2220/2064 922/2224/2068
s 118
f 562/2221/2065 566/2225/2069 923/2226/2070 921/2222/2066
s 119
f 565/2227/2071 561/2223/2067 922/2224/2068 924/2228/2072
s 118
f 566/2225/2069 570/2229/2073 925/2230/2074 923/2226/2070
s 119
f 569/2231/2075 565/2227/2071 924/2228/2072 926/2232/2076
s 118
f 570/2229/2073 574/2233/2077 927/2234/2078 925/2230/2074
s 119
f 573/2235/2079 569/2231/2075 926/2232/2076 928/2236/2080
f 516/2178/2022 573/2235/2079 928/2236/2080 897/2179/2023
s 118
f 574/2233/2077 515/2173/2017 898/2176/2020 927/2234/2078
s 120
f 513/2237/2081 520/2238/2082 931/2239/2083 930/2240/2084
s 121
f 519/2241/2085 514/2242/2086 929/2243/2087 932/2244/2088
s 120
f 520/2238/2082 524/2245/2089 933/2246/2090 931/2239/2083
s 121
f 523/2247/2091 519/2241/2085 932/2244/2088 934/2248/2092
s 120
f 524/2245/2089 528/2249/2093 935/2250/2094 933/2246/2090
s 121
f 527/2251/2095 523/2247/2091 934/2248/2092 936/2252/2096
s 120
f 528/2249/2093 532/2253/2097 937/2254/2098 935/2250/2094
s 121
f 531/2255/2099 527/2251/2095 936/2252/2096 938/2256/2100
s 120
f 532/2253/2097 536/2257/2101 939/2258/2102 937/2254/2098
s 121
f 535/2259/2103 531/2255/2099 938/2256/2100 940/2260/2104
s 120
f 536/2257/2101 540/2261/2105 941/2262/2106 939/2258/2102
s 121
f 539/2263/2107 535/2259/2103 940/2260/2104 942/2264/2108
s 120
f 540/2261/2105 544/2265/2109 943/2266/2110 941/2262/2106
s 121
f 543/2267/2111 539/2263/2107 942/2264/2108 944/2268/2112
s 120
f 544/2265/2109 548/2269/2113 945/2270/2114 943/2266/2110
s 121
f 547/2271/2115 543/2267/2111 944/2268/2112 946/2272/2116
s 120
f 548/2269/2113 552/2273/2117 947/2274/2118 945/2270/2114
s 121
f 551/2275/2119 547/2271/2115 946/2272/2116 948/2276/2120
s 120
f 552/2273/2117 556/2277/2121 949/2278/2122 947/2274/2118
s 121
f 555/2279/2123 551/2275/2119 948/2276/2120 950/2280/2124
s 120
f 556/2277/2121 560/2281/2125 951/2282/2126 949/2278/2122
s 121
f 559/2283/2127 555/2279/2123 950/2280/2124 952/2284/2128
s 120
f 560/2281/2125 564/2285/2129 953/2286/2130 951/2282/2126
s 121
f 563/2287/2131 559/2283/2127 952/2284/2128 954/2288/2132
s 120
f 564/2285/2129 568/2289/2133 955/2290/2134 953/2286/2130
s 121
f 567/2291/2135 563/2287/2131 954/2288/2132 956/2292/2136
s 120
f 568/2289/2133 572/2293/2137 957/2294/2138 955/2290/2134
s 121
f 571/2295/2139 567/2291/2135 956/2292/2136 958/2296/2140
s 120
f 572/2293/2137 576/2297/2141 959/2298/2142 957/2294/2138
s 121
f 575/2299/2143 571/2295/2139 958/2296/2140 960/2300/2144
f 514/2242/2086 575/2299/2143 960/2300/2144 929/2243/2087
s 120
f 576/2297/2141 513/2237/2081 930/2240/2084 959/2298/2142
s 122
f 579/2301/2145 582/2302/2146 963/2303/2147 962/2304/2148
s 123
f 581/2305/2149 580/2306/2150 961/2307/2151 964/2308/2152
s 122
f 582/2302/2146 586/2309/2153 965/2310/2154 963/2303/2147
s 123
f 585/2311/2155 581/2305/2149 964/2308/2152 966/2312/2156
s 122
f 586/2309/2153 590/2313/2157 967/2314/2158 965/2310/2154
s 123
f 589/2315/2159 585/2311/2155 966/2312/2156 968/2316/2160
s 122
f 590/2313/2157 594/2317/2161 969/2318/2162 967/2314/2158
s 123
f 593/2319/2163 589/2315/2159 968/2316/2160 970/2320/2164
s 122
f 594/2317/2161 598/2321/2165 971/2322/2166 969/2318/2162
s 123
f 597/2323/2167 593/2319/2163 970/2320/2164 972/2324/2168
s 122
f 598/2321/2165 602/2325/2169 973/2326/2170 971/2322/2166
s 123
f 601/2327/2171 597/2323/2167 972/2324/2168 974/2328/2172
s 122
f 602/2325/2169 606/2329/2173 975/2330/2174 973/2326/2170
s 123
f 605/2331/2175 601/2327/2171 974/2328/2172 976/2332/2176
s 122
f 606/2329/2173 610/2333/2177 977/2334/2178 975/2330/2174
s 123
f 609/2335/2179 605/2331/2175 976/2332/2176 978/2336/2180
s 122
f 610/2333/2177 614/2337/2181 979/2338/2182 977/2334/2178
s 123
f 613/2339/2183 609/2335/2179 978/2336/2180 980/2340/2184
s 122
f 614/2337/2181 618/2341/2185 981/2342/2186 979/2338/2182
s 123
f 617/2343/2187 613/2339/2183 980/2340/2184 982/2344/2188
s 122
f 618/2341/2185 622/2345/2189 983/2346/2190 981/2342/2186
s 123
f 621/2347/2191 617/2343/2187 982/2344/2188 984/2348/2192
s 122
f 622/2345/2189 626/2349/2193 985/2350/2194 983/2346/2190
s 123
f 625/2351/2195 621/2347/2191 984/2348/2192 986/2352/2196
s 122
f 626/2349/2193 630/2353/2197 987/2354/2198 985/2350/2194
s 123
f 629/2355/2199 625/2351/2195 986/2352/2196 988/2356/2200
s 122
f 630/2353/2197 634/2357/2201 989/2358/2202 987/2354/2198
s 123
f 633/2359/2203 629/2355/2199 988/2356/2200 990/2360/2204
s 122
f 634/2357/2201 638/2361/2205 991/2362/2206 989/2358/2202
s 123
f 637/2363/2207 633/2359/2203 990/2360/2204 992/2364/2208
f 580/2306/2150 637/2363/2207 992/2364/2208 961/2307/2151
s 122
f 638/2361/2205 579/2301/2145 962/2304/2148 991/2362/2206
s 124
f 577/2365/2209 584/2366/2210 995/2367/2211 994/2368/2212
s 125
f 583/2369/2213 578/2370/2214 993/2371/2215 996/2372/2216
s 124
f 584/2366/2210 588/2373/2217 997/2374/2218 995/2367/2211
s 125
f 587/2375/2219 583/2369/2213 996/2372/2216 998/2376/2220
s 124
f 588/2373/2217 592/2377/2221 999/2378/2222 997/2374/2218
s 125
f 591/2379/2223 587/2375/2219 998/2376/2220 1000/2380/2224
s 124
f 592/2377/2221 596/2381/2225 1001/2382/2226 999/2378/2222
s 125
f 595/2383/2227 591/2379/2223 1000/2380/2224 1002/2384/2228
s 124
f 596/2381/2225 600/2385/2229 1003/2386/2230 1001/2382/2226
s 125
f 599/2387/2231 595/2383/2227 1002/2384/2228 1004/2388/2232
s 124
f 600/2385/2229 604/2389/2233 1005/2390/2234 1003/2386/2230
s 125
f 603/2391/2235 599/2387/2231 1004/2388/2232 1006/2392/2236
s 124
f 604/2389/2233 608/2393/2237 1007/2394/2238 1005/2390/2234
s 125
f 607/2395/2239 603/2391/2235 1006/2392/2236 1008/2396/2240
s 124
f 608/2393/2237 612/2397/2241 1009/2398/2242 1007/2394/2238
s 125
f 611/2399/2243 607/2395/2239 1008/2396/2240 1010/2400/2244
s 124
f 612/2397/2241 616/2401/2245 1011/2402/2246 1009/2398/2242
s 125
f 615/2403/2247 611/2399/2243 1010/2400/2244 1012/2404/2248
s 124
f 616/2401/2245 620/2405/2249 1013/2406/2250 1011/2402/2246
s 125
f 619/2407/2251 615/2403/2247 1012/2404/2248 1014/2408/2252
s 124
f 620/2405/2249 624/2409/2253 1015/2410/2254 1013/2406/2250
s 125
f 623/2411/2255 619/2407/2251 1014/2408/2252 1016/2412/2256
s 124
f 624/2409/2253 628/2413/2257 1017/2414/2258 1015/2410/2254
s 125
f 627/2415/2259 623/2411/2255 1016/2412/2256 1018/2416/2260
s 124
f 628/2413/2257 632/2417/2261 1019/2418/2262 1017/2414/2258
s 125
f 631/2419/2263 627/2415/2259 1018/2416/2260 1020/2420/2264
s 124
f 632/2417/2261 636/2421/2265 1021/2422/2266 1019/2418/2262
s 125
f 635/2423/2267 631/2419/2263 1020/2420/2264 1022/2424/2268
s 124
f 636/2421/2265 640/2425/2269 1023/2426/2270 1021/2422/2266
s 125
f 639/2427/2271 635/2423/2267 1022/2424/2268 1024/2428/2272
f 578/2370/2214 639/2427/2271 1024/2428/2272 993/2371/2215
s 124
f 640/2425/2269 577/2365/2209 994/2368/2212 1023/2426/2270
s 126
f 643/2429/2273 646/2430/2274 1027/2431/2275 1026/2432/2276
s 127
f 645/2433/2277 644/2434/2278 1025/2435/2279 1028/2436/2280
s 126
f 646/2430/2274 650/2437/2281 1029/2438/2282 1027/2431/2275
s 127
f 649/2439/2283 645/2433/2277 1028/2436/2280 1030/2440/2284
s 126
f 650/2437/2281 654/2441/2285 1031/2442/2286 1029/2438/2282
s 127
f 653/2443/2287 649/2439/2283 1030/2440/2284 1032/2444/2288
s 126
f 654/2441/2285 658/2445/2289 1033/2446/2290 1031/2442/2286
s 127
f 657/2447/2291 653/2443/2287 1032/2444/2288 1034/2448/2292
s 126
f 658/2445/2289 662/2449/2293 1035/2450/2294 1033/2446/2290
s 127
f 661/2451/2295 657/2447/2291 1034/2448/2292 1036/2452/2296
s 126
f 662/2449/2293 666/2453/2297 1037/2454/2298 1035/2450/2294
s 127
f 665/2455/2299 661/2451/2295 1036/2452/2296 1038/2456/2300
s 126
f 666/2453/2297 670/2457/2301 1039/2458/2302 1037/2454/2298
s 127
f 669/2459/2303 665/2455/2299 1038/2456/2300 1040/2460/2304
s 126
f 670/2457/2301 674/2461/2305 1041/2462/2306 1039/2458/2302
s 127
f 673/2463/2307 669/2459/2303 1040/2460/2304 1042/2464/2308
s 126
f 674/2461/2305 678/2465/2309 1043/2466/2310 1041/2462/2306
s 127
f 677/2467/2311 673/2463/2307 1042/2464/2308 1044/2468/2312
s 126
f 678/2465/2309 682/2469/2313 1045/2470/2314 1043/2466/2310
s 127
f 681/2471/2315 677/2467/2311 1044/2468/2312 1046/2472/2316
s 126
f 682/2469/2313 686/2473/2317 1047/2474/2318 1045/2470/2314
s 127
f 685/2475/2319 681/2471/2315 1046/2472/2316 1048/2476/2320
s 126
f 686/2473/2317 690/2477/2321 1049/2478/2322 1047/2474/2318
s 127
f 689/2479/2323 685/2475/2319 1048/2476/2320 1050/2480/2324
s 126
f 690/2477/2321 694/2481/2325 1051/2482/2326 1049/2478/2322
s 127
f 693/2483/2327 689/2479/2323 1050/2480/2324 1052/2484/2328
s 126
f 694/2481/2325 698/2485/2329 1053/2486/2330 1051/2482/2326
s 127
f 697/2487/2331 693/2483/2327 1052/2484/2328 1054/2488/2332
s 126
f 698/2485/2329 702/2489/2333 1055/2490/2334 1053/2486/2330
s 127
f 701/2491/2335 697/2487/2331 1054/2488/2332 1056/2492/2336
f 644/2434/2278 701/2491/2335 1056/2492/2336 1025/2435/2279
s 126
f 702/2489/2333 643/2429/2273 1026/2432/2276 1055/2490/2334
s 128
f 641/2493/2337 648/2494/2338 1059/2495/2339 1058/2496/2340
s 129
f 647/2497/2341 642/2498/2342 1057/2499/2343 1060/2500/2344
s 128
f 648/2494/2338 652/2501/2345 1061/2502/2346 1059/2495/2339
s 129
f 651/2503/2347 647/2497/2341 1060/2500/2344 1062/2504/2348
s 128
f 652/2501/2345 656/2505/2349 1063/2506/2350 1061/2502/2346
s 129
f 655/2507/2351 651/2503/2347 1062/2504/2348 1064/2508/2352
s 128
f 656/2505/2349 660/2509/2353 1065/2510/2354 1063/2506/2350
s 129
f 659/2511/2355 655/2507/2351 1064/2508/2352 1066/2512/2356
s 128
f 660/2509/2353 664/2513/2357 1067/2514/2358 1065/2510/2354
s 129
f 663/2515/2359 659/2511/2355 1066/2512/2356 1068/2516/2360
s 128
f 664/2513/2357 668/2517/2361 1069/2518/2362 1067/2514/2358
s 129
f 667/2519/2363 663/2515/2359 1068/2516/2360 1070/2520/2364
s 128
f 668/2517/2361 672/2521/2365 1071/2522/2366 1069/2518/2362
s 129
f 671/2523/2367 667/2519/2363 1070/2520/2364 1072/2524/2368
s 128
f 672/2521/2365 676/2525/2369 1073/2526/2370 1071/2522/2366
s 129
f 675/2527/2371 671/2523/2367 1072/2524/2368 1074/2528/2372
s 128
f 676/2525/2369 680/2529/2373 1075/2530/2374 1073/2526/2370
s 129
f 679/2531/2375 675/2527/2371 1074/2528/2372 1076/2532/2376
s 128
f 680/2529/2373 684/2533/2377 1077/2534/2378 1075/2530/2374
s 129
f 683/2535/2379 679/2531/2375 1076/2532/2376 1078/2536/2380
s 128
f 684/2533/2377 688/2537/2381 1079/2538/2382 1077/2534/2378
s 129
f 687/2539/2383 683/2535/2379 1078/2536/2380 1080/2540/2384
s 128
f 688/2537/2381 692/2541/2385 1081/2542/2386 1079/2538/2382
s 129
f 691/2543/2387 687/2539/2383 1080/2540/2384 1082/2544/2388
s 128
f 692/2541/2385 696/2545/2389 1083/2546/2390 1081/2542/2386
s 129
f 695/2547/2391 691/2543/2387 1082/2544/2388 1084/2548/2392
s 128
f 696/2545/2389 700/2549/2393 1085/2550/2394 1083/2546/2390
s 129
f 699/2551/2395 695/2547/2391 1084/2548/2392 1086/2552/2396
s 128
f 700/2549/2393 704/2553/2397 1087/2554/2398 1085/2550/2394
s 129
f 703/2555/2399 699/2551/2395 1086/2552/2396 1088/2556/2400
f 642/2498/2342 703/2555/2399 1088/2556/2400 1057/2499/2343
s 128
f 704/2553/2397 641/2493/2337 1058/2496/2340 1087/2554/2398
s 130
f 707/2557/2401 710/2558/2402 1091/2559/2403 1090/2560/2404
s 131
f 709/2561/2405 708/2562/2406 1089/2563/2407 1092/2564/2408
s 130
f 710/2558/2402 714/2565/2409 1093/2566/2410 1091/2559/2403
s 131
f 713/2567/2411 709/2561/2405 1092/2564/2408 1094/2568/2412
s 130
f 714/2565/2409 718/2569/2413 1095/2570/2414 1093/2566/2410
s 131
f 717/2571/2415 713/2567/2411 1094/2568/2412 1096/2572/2416
s 130
f 718/2569/2413 722/2573/2417 1097/2574/2418 1095/2570/2414
s 131
f 721/2575/2419 717/2571/2415 1096/2572/2416 1098/2576/2420
s 130
f 722/2573/2417 726/2577/2421 1099/2578/2422 1097/2574/2418
s 131
f 725/2579/2423 721/2575/2419 1098/2576/2420 1100/2580/2424
s 130
f 726/2577/2421 730/2581/2425 1101/2582/2426 1099/2578/2422
s 131
f 729/2583/2427 725/2579/2423 1100/2580/2424 1102/2584/2428
s 130
f 730/2581/2425 734/2585/2429 1103/2586/2430 1101/2582/2426
s 131
f 733/2587/2431 729/2583/2427 1102/2584/2428 1104/2588/2432
s 130
f 734/2585/2429 738/2589/2433 1105/2590/2434 1103/2586/2430
s 131
f 737/2591/2435 733/2587/2431 1104/2588/2432 1106/2592/2436
s 130
f 738/2589/2433 742/2593/2437 1107/2594/2438 1105/2590/2434
s 131
f 741/2595/2439 737/2591/2435 1106/2592/2436 1108/2596/2440
s 130
f 742/2593/2437 746/2597/2441 1109/2598/2442 1107/2594/2438
s 131
f 745/2599/2443 741/2595/2439 1108/2596/2440 1110/2600/2444
s 130
f 746/2597/2441 750/2601/2445 1111/2602/2446 1109/2598/2442
s 131
f 749/2603/2447 745/2599/2443 1110/2600/2444 1112/2604/2448
s 130
f 750/2601/2445 754/2605/2449 1113/2606/2450 1111/2602/2446
s 131
f 753/2607/2451 749/2603/2447 1112/2604/2448 1114/2608/2452
s 130
f 754/2605/2449 758/2609/2453 1115/2610/2454 1113/2606/2450
s 131
f 757/2611/2455 753/2607/2451 1114/2608/2452 1116/2612/2456
s 130
f 758/2609/2453 762/2613/2457 1117/2614/2458 1115/2610/2454
s 131
f 761/2615/2459 757/2611/2455 1116/2612/2456 1118/2616/2460
s 130
f 762/2613/2457 766/2617/2461 1119/2618/2462 1117/2614/2458
s 131
f 765/2619/2463 761/2615/2459 1118/2616/2460 1120/2620/2464
f 708/2562/2406 765/2619/2463 1120/2620/2464 1089/2563/2407
s 130
f 766/2617/2461 707/2557/2401 1090/2560/2404 1119/2618/2462
s 132
f 705/2621/2465 712/2622/2466 1123/2623/2467 1122/2624/2468
s 133
f 711/2625/2469 706/2626/2470 1121/2627/2471 1124/2628/2472
s 132
f 712/2622/2466 716/2629/2473 1125/2630/2474 1123/2623/2467
s 133
f 715/2631/2475 711/2625/2469 1124/2628/2472 1126/2632/2476
s 132
f 716/2629/2473 720/2633/2477 1127/2634/2478 1125/2630/2474
s 133
f 719/2635/2479 715/2631/2475 1126/2632/2476 1128/2636/2480
s 132
f 720/2633/2477 724/2637/2481 1129/2638/2482 1127/2634/2478
s 133
f 723/2639/2483 719/2635/2479 1128/2636/2480 1130/2640/2484
s 132
f 724/2637/2481 728/2641/2485 1131/2642/2486 1129/2638/2482
s 133
f 727/2643/2487 723/2639/2483 1130/2640/2484 1132/2644/2488
s 132
f 728/2641/2485 732/2645/2489 1133/2646/2490 1131/2642/2486
s 133
f 731/2647/2491 727/2643/2487 1132/2644/2488 1134/2648/2492
s 132
f 732/2645/2489 736/2649/2493 1135/2650/2494 1133/2646/2490
s 133
f 735/2651/2495 731/2647/2491 1134/2648/2492 1136/2652/2496
s 132
f 736/2649/2493 740/2653/2497 1137/2654/2498 1135/2650/2494
s 133
f 739/2655/2499 735/2651/2495 1136/2652/2496 1138/2656/2500
s 132
f 740/2653/2497 744/2657/2501 1139/2658/2502 1137/2654/2498
s 133
f 743/2659/2503 739/2655/2499 1138/2656/2500 1140/2660/2504
s 132
f 744/2657/2501 748/2661/2505 1141/2662/2506 1139/2658/2502
s 133
f 747/2663/2507 743/2659/2503 1140/2660/2504 1142/2664/2508
s 132
f 748/2661/2505 752/2665/2509 1143/2666/2510 1141/2662/2506
s 133
f 751/2667/2511 747/2663/2507 1142/2664/2508 1144/2668/2512
s 132
f 752/2665/2509 756/2669/2513 1145/2670/2514 1143/2666/2510
s 133
f 755/2671/2515 751/2667/2511 1144/2668/2512 1146/2672/2516
s 132
f 756/2669/2513 760/2673/2517 1147/2674/2518 1145/2670/2514
s 133
f 759/2675/2519 755/2671/2515 1146/2672/2516 1148/2676/2520
s 132
f 760/2673/2517 764/2677/2521 1149/2678/2522 1147/2674/2518
s 133
f 763/2679/2523 759/2675/2519 1148/2676/2520 1150/2680/2524
s 132
f 764/2677/2521 768/2681/2525 1151/2682/2526 1149/2678/2522
s 133
f 767/2683/2527 763/2679/2523 1150/2680/2524 1152/2684/2528
f 706/2626/2470 767/2683/2527 1152/2684/2528 1121/2627/2471
s 132
f 768/2681/2525 705/2621/2465 1122/2624/2468 1151/2682/2526
s 134
f 771/2685/2529 774/2686/2530 1155/2687/2531 1154/2688/2532
s 135
f 773/2689/2533 772/2690/2534 1153/2691/2535 1156/2692/2536
s 134
f 774/2686/2530 778/2693/2537 1157/2694/2538 1155/2687/2531
s 135
f 777/2695/2539 773/2689/2533 1156/2692/2536 1158/2696/2540
s 134
f 778/2693/2537 782/2697/2541 1159/2698/2542 1157/2694/2538
s 135
f 781/2699/2543 777/2695/2539 1158/2696/2540 1160/2700/2544
s 134
f 782/2697/2541 786/2701/2545 1161/2702/2546 1159/2698/2542
s 135
f 785/2703/2547 781/2699/2543 1160/2700/2544 1162/2704/2548
s 134
f 786/2701/2545 790/2705/2549 1163/2706/2550 1161/2702/2546
s 135
f 789/2707/2551 785/2703/2547 1162/2704/2548 1164/2708/2552
s 134
f 790/2705/2549 794/2709/2553 1165/2710/2554 1163/2706/2550
s 135
f 793/2711/2555 789/2707/2551 1164/2708/2552 1166/2712/2556
s 134
f 794/2709/2553 798/2713/2557 1167/2714/2558 1165/2710/2554
s 135
f 797/2715/2559 793/2711/2555 1166/2712/2556 1168/2716/2560
s 134
f 798/2713/2557 802/2717/2561 1169/2718/2562 1167/2714/2558
s 135
f 801/2719/2563 797/2715/2559 1168/2716/2560 1170/2720/2564
s 134
f 802/2717/2561 806/2721/2565 1171/2722/2566 1169/2718/2562
s 135
f 805/2723/2567 801/2719/2563 1170/2720/2564 1172/2724/2568
s 134
f 806/2721/2565 810/2725/2569 1173/2726/2570 1171/2722/2566
s 135
f 809/2727/2571 805/2723/2567 1172/2724/2568 1174/2728/2572
s 134
f 810/2725/2569 814/2729/2573 1175/2730/2574 1173/2726/2570
s 135
f 813/2731/2575 809/2727/2571 1174/2728/2572 1176/2732/2576
s 134
f 814/2729/2573 818/2733/2577 1177/2734/2578 1175/2730/2574
s 135
f 817/2735/2579 813/2731/2575 1176/2732/2576 1178/2736/2580
s 134
f 818/2733/2577 822/2737/2581 1179/2738/2582 1177/2734/2578
s 135
f 821/2739/2583 817/2735/2579 1178/2736/2580 1180/2740/2584
s 134
f 822/2737/2581 826/2741/2585 1181/2742/2586 1179/2738/2582
s 135
f 825/2743/2587 821/2739/2583 1180/2740/2584 1182/2744/2588
s 134
f 826/2741/2585 830/2745/2589 1183/2746/2590 1181/2742/2586
s 135
f 829/2747/2591 825/2743/2587 1182/2744/2588 1184/2748/2592
f 772/2690/2534 829/2747/2591 1184/2748/2592 1153/2691/2535
s 134
f 830/2745/2589 771/2685/2529 1154/2688/2532 1183/2746/2590
s 136
f 769/2749/2593 776/2750/2594 1187/2751/2595 1186/2752/2596
s 137
f 775/2753/2597 770/2754/2598 1185/2755/2599 1188/2756/2600
s 136
f 776/2750/2594 780/2757/2601 1189/2758/2602 1187/2751/2595
s 137
f 779/2759/2603 775/2753/2597 1188/2756/2600 1190/2760/2604
s 136
f 780/2757/2601 784/2761/2605 1191/2762/2606 1189/2758/2602
s 137
f 783/2763/2607 779/2759/2603 1190/2760/2604 1192/2764/2608
s 136
f 784/2761/2605 788/2765/2609 1193/2766/2610 1191/2762/2606
s 137
f 787/2767/2611 783/2763/2607 1192/2764/2608 1194/2768/2612
s 136
f 788/2765/2609 792/2769/2613 1195/2770/2614 1193/2766/2610
s 137
f 791/2771/2615 787/2767/2611 1194/2768/2612 1196/2772/2616
s 136
f 792/2769/2613 796/2773/2617 1197/2774/2618 1195/2770/2614
s 137
f 795/2775/2619 791/2771/2615 1196/2772/2616 1198/2776/2620
s 136
f 796/2773/2617 800/2777/2621 1199/2778/2622 1197/2774/2618
s 137
f 799/2779/2623 795/2775/2619 1198/2776/2620 1200/2780/2624
s 136
f 800/2777/2621 804/2781/2625 1201/2782/2626 1199/2778/2622
s 137
f 803/2783/2627 799/2779/2623 1200/2780/2624 1202/2784/2628
s 136
f 804/2781/2625 808/2785/2629 1203/2786/2630 1201/2782/2626
s 137
f 807/2787/2631 803/2783/2627 1202/2784/2628 1204/2788/2632
s 136
f 808/2785/2629 812/2789/2633 1205/2790/2634 1203/2786/2630
s 137
f 811/2791/2635 807/2787/2631 1204/2788/2632 1206/2792/2636
s 136
f 812/2789/2633 816/2793/2637 1207/2794/2638 1205/2790/2634
s 137
f 815/2795/2639 811/2791/2635 1206/2792/2636 1208/2796/2640
s 136
f 816/2793/2637 820/2797/2641 1209/2798/2642 1207/2794/2638
s 137
f 819/2799/2643 815/2795/2639 1208/2796/2640 1210/2800/2644
s 136
f 820/2797/2641 824/2801/2645 1211/2802/2646 1209/2798/2642
s 137
f 823/2803/2647 819/2799/2643 1210/2800/2644 1212/2804/2648
s 136
f 824/2801/2645 828/2805/2649 1213/2806/2650 1211/2802/2646
s 137
f 827/2807/2651 823/2803/2647 1212/2804/2648 1214/2808/2652
s 136
f 828/2805/2649 832/2809/2653 1215/2810/2654 1213/2806/2650
s 137
f 831/2811/2655 827/2807/2651 1214/2808/2652 1216/2812/2656
f 770/2754/2598 831/2811/2655 1216/2812/2656 1185/2755/2599
s 136
f 832/2809/2653 769/2749/2593 1186/2752/2596 1215/2810/2654
s 138
f 835/2813/2657 838/2814/2658 1219/2815/2659 1218/2816/2660
s 139
f 837/2817/2661 836/2818/2662 1217/2819/2663 1220/2820/2664
s 138
f 838/2814/2658 842/2821/2665 1221/2822/2666 1219/2815/2659
s 139
f 841/2823/2667 837/2817/2661 1220/2820/2664 1222/2824/2668
s 138
f 842/2821/2665 846/2825/2669 1223/2826/2670 1221/2822/2666
s 139
f 845/2827/2671 841/2823/2667 1222/2824/2668 1224/2828/2672
s 138
f 846/2825/2669 850/2829/2673 1225/2830/2674 1223/2826/2670
s 139
f 849/2831/2675 845/2827/2671 1224/2828/2672 1226/2832/2676
s 138
f 850/2829/2673 854/2833/2677 1227/2834/2678 1225/2830/2674
s 139
f 853/2835/2679 849/2831/2675 1226/2832/2676 1228/2836/2680
s 138
f 854/2833/2677 858/2837/2681 1229/2838/2682 1227/2834/2678
s 139
f 857/2839/2683 853/2835/2679 1228/2836/2680 1230/2840/2684
s 138
f 858/2837/2681 862/2841/2685 1231/2842/2686 1229/2838/2682
s 139
f 861/2843/2687 857/2839/2683 1230/2840/2684 1232/2844/2688
s 138
f 862/2841/2685 866/2845/2689 1233/2846/2690 1231/2842/2686
s 139
f 865/2847/2691 861/2843/2687 1232/2844/2688 1234/2848/2692
s 138
f 866/2845/2689 870/2849/2693 1235/2850/2694 1233/2846/2690
s 139
f 869/2851/2695 865/2847/2691 1234/2848/2692 1236/2852/2696
s 138
f 870/2849/2693 874/2853/2697 1237/2854/2698 1235/2850/2694
s 139
f 873/2855/2699 869/2851/2695 1236/2852/2696 1238/2856/2700
s 138
f 874/2853/2697 878/2857/2701 1239/2858/2702 1237/2854/2698
s 139
f 877/2859/2703 873/2855/2699 1238/2856/2700 1240/2860/2704
s 138
f 878/2857/2701 882/2861/2705 1241/2862/2706 1239/2858/2702
s 139
f 881/2863/2707 877/2859/2703 1240/2860/2704 1242/2864/2708
s 138
f 882/2861/2705 886/2865/2709 1243/2866/2710 1241/2862/2706
s 139
f 885/2867/2711 881/2863/2707 1242/2864/2708 1244/2868/2712
s 138
f 886/2865/2709 890/2869/2713 1245/2870/2714 1243/2866/2710
s 139
f 889/2871/2715 885/2867/2711 1244/2868/2712 1246/2872/2716
s 138
f 890/2869/2713 894/2873/2717 1247/2874/2718 1245/2870/2714
s 139
f 893/2875/2719 889/2871/2715 1246/2872/2716 1248/2876/2720
f 836/2818/2662 893/2875/2719 1248/2876/2720 1217/2819/2663
s 138
f 894/2873/2717 835/2813/2657 1218/2816/2660 1247/2874/2718
s 140
f 833/2877/2721 840/2878/2722 1251/2879/2723 1250/2880/2724
s 141
f 839/2881/2725 834/2882/2726 1249/2883/2727 1252/2884/2728
s 140
f 840/2878/2722 844/2885/2729 1253/2886/2730 1251/2879/2723
s 141
f 843/2887/2731 839/2881/2725 1252/2884/2728 1254/2888/2732
s 140
f 844/2885/2729 848/2889/2733 1255/2890/2734 1253/2886/2730
s 141
f 847/2891/2735 843/2887/2731 1254/2888/2732 1256/2892/2736
s 140
f 848/2889/2733 852/2893/2737 1257/2894/2738 1255/2890/2734
s 141
f 851/2895/2739 847/2891/2735 1256/2892/2736 1258/2896/2740
s 140
f 852/2893/2737 856/2897/2741 1259/2898/2742 1257/2894/2738
s 141
f 855/2899/2743 851/2895/2739 1258/2896/2740 1260/2900/2744
s 140
f 856/2897/2741 860/2901/2745 1261/2902/2746 1259/2898/2742
s 141
f 859/2903/2747 855/2899/2743 1260/2900/2744 1262/2904/2748
s 140
f 860/2901/2745 864/2905/2749 1263/2906/2750 1261/2902/2746
s 141
f 863/2907/2751 859/2903/2747 1262/2904/2748 1264/2908/2752
s 140
f 864/2905/2749 868/2909/2753 1265/2910/2754 1263/2906/2750
s 141
f 867/2911/2755 863/2907/2751 1264/2908/2752 1266/2912/2756
s 140
f 868/2909/2753 872/2913/2757 1267/2914/2758 1265/2910/2754
s 141
f 871/2915/2759 867/2911/2755 1266/2912/2756 1268/2916/2760
s 140
f 872/2913/2757 876/2917/2761 1269/2918/2762 1267/2914/2758
s 141
f 875/2919/2763 871/2915/2759 1268/2916/2760 1270/2920/2764
s 140
f 876/2917/2761 880/2921/2765 1271/2922/2766 1269/2918/2762
s 141
f 879/2923/2767 875/2919/2763 1270/2920/2764 1272/2924/2768
s 140
f 880/2921/2765 884/2925/2769 1273/2926/2770 1271/2922/2766
s 141
f 883/2927/2771 879/2923/2767 1272/2924/2768 1274/2928/2772
s 140
f 884/2925/2769 888/2929/2773 1275/2930/2774 1273/2926/2770
s 141
f 887/2931/2775 883/2927/2771 1274/2928/2772 1276/2932/2776
s 140
f 888/2929/2773 892/2933/2777 1277/2934/2778 1275/2930/2774
s 141
f 891/2935/2779 887/2931/2775 1276/2932/2776 1278/2936/2780
s 140
f 892/2933/2777 896/2937/2781 1279/2938/2782 1277/2934/2778
s 141
f 895/2939/2783 891/2935/2779 1278/2936/2780 1280/2940/2784
f 834/2882/2726 895/2939/2783 1280/2940/2784 1249/2883/2727
s 140
f 896/2937/2781 833/2877/2721 1250/2880/2724 1279/2938/2782
s 7
f 1281/2941/2785 1282/2942/2786 1311/2943/2787 1312/2944/2788
s 5
f 1282/2945/2789 1281/2946/2790 1284/2947/2791 1283/2948/2792
s 142
f 1346/2949/2793 1345/2950/2794 1347/2951/2795 1348/2952/2796
f 1348/2952/2796 1347/2951/2795 1349/2953/2797 1350/2954/2798
f 1350/2954/2798 1349/2953/2797 1351/2955/2799 1352/2956/2800
f 1352/2956/2800 1351/2955/2799 1353/2957/2801 1354/2958/2802
f 1354/2958/2802 1353/2957/2801 1355/2959/2803 1356/2960/2804
f 1356/2960/2804 1355/2959/2803 1357/2961/2805 1358/2962/2806
f 1358/2962/2806 1357/2961/2805 1359/2963/2807 1360/2964/2808
s 8
f 1297/2965/2809 1298/2966/2810 1300/2967/2811 1299/2968/2812
s 7
f 1299/2969/2813 1300/2970/2814 1302/2971/2815 1301/2972/2816
f 1301/2972/2816 1302/2971/2815 1304/2973/2817 1303/2974/2818
f 1303/2974/2818 1304/2973/2817 1306/2975/2819 1305/2976/2820
f 1305/2976/2820 1306/2975/2819 1308/2977/2821 1307/2978/2822
f 1307/2978/2822 1308/2977/2821 1310/2979/2823 1309/2980/2824
f 1309/2980/2824 1310/2979/2823 1312/2944/2788 1311/2943/2787
s 16
f 1313/2981/2825 1314/2982/2826 1343/2983/2827 1344/2984/2828
s 145
f 1362/2985/2829 1361/2986/2830 1363/2987/2831 1364/2988/2832
f 1364/2988/2832 1363/2987/2831 1365/2989/2833 1366/2990/2834
f 1366/2990/2834 1365/2989/2833 1367/2991/2835 1368/2992/2836
f 1368/2992/2836 1367/2991/2835 1369/2993/2837 1370/2994/2838
f 1370/2994/2838 1369/2993/2837 1371/2995/2839 1372/2996/2840
f 1372/2996/2840 1371/2995/2839 1373/2997/2841 1374/2998/2842
f 1374/2998/2842 1373/2997/2841 1375/2999/2843 1376/3000/2844
s 17
f 1327/3001/2845 1328/3002/2846 1330/3003/2847 1329/3004/2848
s 6
f 1329/3005/2849 1330/3006/2850 1332/3007/2851 1331/3008/2852
f 1331/3008/2852 1332/3007/2851 1334/3009/2853 1333/3010/2854
f 1333/3010/2854 1334/3009/2853 1336/3011/2855 1335/3012/2856
f 1335/3012/2856 1336/3011/2855 1338/3013/2857 1337/3014/2858
f 1337/3014/2858 1338/3013/2857 1340/3015/2859 1339/3016/2860
f 1339/3016/2860 1340/3015/2859 1342/3017/2861 1341/3018/2862
f 1341/3018/2862 1342/3017/2861 1344/3019/2863 1343/3020/2864
s 7
f 50/46/42 1311/2943/2787 1282/2942/2786 49/47/43
f 51/73/69 1309/2980/2824 1311/2943/2787 50/46/42
f 52/69/65 1307/2978/2822 1309/2980/2824 51/73/69
f 53/65/61 1305/2976/2820 1307/2978/2822 52/69/65
f 54/61/57 1303/2974/2818 1305/2976/2820 53/65/61
f 55/53/49 1301/2972/2816 1303/2974/2818 54/61/57
f 1299/2969/2813 1301/2972/2816 55/53/49 56/56/52
s 8
f 57/50/46 1297/2965/2809 1299/2968/2812 56/51/47
s 147
f 1295/3021/2865 1297/3022/2866 57/3023/2867 58/3024/2868
f 59/3025/2869 1293/3026/2870 1295/3021/2865 58/3024/2868
f 60/3027/2871 1291/3028/2872 1293/3026/2870 59/3025/2869
f 61/3029/2873 1289/3030/2874 1291/3028/2872 60/3027/2871
f 62/3031/2875 1287/3032/2876 1289/3030/2874 61/3029/2873
f 63/3033/2877 1285/3034/2878 1287/3032/2876 62/3031/2875
f 64/3035/2879 1283/3036/2880 1285/3034/2878 63/3033/2877
s 5
f 49/38/34 1282/2945/2789 1283/2948/2792 64/39/35
s 148
f 106/3037/2881 105/3038/2882 1314/3039/2883 1315/3040/2884
s 6
f 69/57/53 70/60/56 1341/3018/2862 1343/3020/2864
s 16
f 105/135/129 69/138/132 1343/2983/2827 1314/2982/2826
s 6
f 70/60/56 74/64/60 1339/3016/2860 1341/3018/2862
f 74/64/60 76/68/64 1337/3014/2858 1339/3016/2860
f 76/68/64 78/72/68 1335/3012/2856 1337/3014/2858
f 78/72/68 80/76/72 1333/3010/2854 1335/3012/2856
f 80/76/72 67/43/39 1331/3008/2852 1333/3010/2854
f 67/43/39 68/42/38 1329/3005/2849 1331/3008/2852
s 17
f 68/141/135 112/140/134 1327/3001/2845 1329/3004/2848
s 148
f 112/3041/2885 111/3042/2886 1325/3043/2887 1327/3044/2888
f 111/3042/2886 110/3045/2889 1323/3046/2890 1325/3043/2887
f 110/3045/2889 109/3047/2891 1321/3048/2892 1323/3046/2890
f 109/3047/2891 108/3049/2893 1319/3050/2894 1321/3048/2892
f 108/3049/2893 107/3051/2895 1317/3052/2896 1319/3050/2894
f 107/3051/2895 106/3037/2881 1315/3040/2884 1317/3052/2896
s 5
f 1284/2947/2791 1281/2946/2790 33/113/109 48/116/112
s 150
f 1286/3053/2897 1284/3054/2898 48/3055/2899 47/3056/2900
f 1288/3057/2901 1286/3053/2897 47/3056/2900 46/3058/2902
f 1290/3059/2903 1288/3057/2901 46/3058/2902 45/3060/2904
f 1292/3061/2905 1290/3059/2903 45/3060/2904 44/3062/2906
f 1294/3063/2907 1292/3061/2905 44/3062/2906 43/3064/2908
f 1296/3065/2909 1294/3063/2907 43/3064/2908 42/3066/2910
f 41/3067/2911 1298/3068/2912 1296/3065/2909 42/3066/2910
s 8
f 1300/2967/2811 1298/2966/2810 41/93/89 40/96/92
s 7
f 39/89/85 1302/2971/2815 1300/2970/2814 40/92/88
f 1304/2973/2817 1302/2971/2815 39/89/85 38/87/83
f 1306/2975/2819 1304/2973/2817 38/87/83 37/85/81
f 1308/2977/2821 1306/2975/2819 37/85/81 36/83/79
f 1310/2979/2823 1308/2977/2821 36/83/79 35/81/77
f 1312/2944/2788 1310/2979/2823 35/81/77 34/77/73
f 1281/2941/2785 1312/2944/2788 34/77/73 33/80/76
s 151
f 1316/3069/2913 1313/3070/2914 127/3071/2915 126/3072/2916
f 1318/3073/2917 1316/3069/2913 126/3072/2916 125/3074/2918
f 1320/3075/2919 1318/3073/2917 125/3074/2918 124/3076/2920
f 1322/3077/2921 1320/3075/2919 124/3076/2920 123/3078/2922
f 1324/3079/2923 1322/3077/2921 123/3078/2922 122/3080/2924
f 1326/3081/2925 1324/3079/2923 122/3080/2924 121/3082/2926
f 1328/3083/2927 1326/3081/2925 121/3082/2926 120/3084/2928
s 17
f 1330/3003/2847 1328/3002/2846 120/159/151 95/162/154
s 6
f 1332/3007/2851 1330/3006/2850 95/111/107 93/109/105
f 1334/3009/2853 1332/3007/2851 93/109/105 91/107/103
f 1336/3011/2855 1334/3009/2853 91/107/103 89/105/101
f 1338/3013/2857 1336/3011/2855 89/105/101 87/103/99
f 1340/3015/2859 1338/3013/2857 87/103/99 85/101/97
f 1342/3017/2861 1340/3015/2859 85/101/97 83/99/95
f 1344/3019/2863 1342/3017/2861 83/99/95 84/98/94
s 16
f 1313/2981/2825 1344/2984/2828 84/165/157 127/164/156
s 5
f 1283/2948/2792 1284/2947/2791 1345/3085/2929 1346/3086/2930
s 152
f 1284/3087/2931 1286/3088/2932 1347/3089/2933 1345/3090/2934
s 153
f 1285/3091/2935 1283/3092/2936 1346/3093/2937 1348/3094/2938
s 152
f 1286/3088/2932 1288/3095/2939 1349/3096/2940 1347/3089/2933
s 153
f 1287/3097/2941 1285/3091/2935 1348/3094/2938 1350/3098/2942
s 152
f 1288/3095/2939 1290/3099/2943 1351/3100/2944 1349/3096/2940
s 153
f 1289/3101/2945 1287/3097/2941 1350/3098/2942 1352/3102/2946
s 152
f 1290/3099/2943 1292/3103/2947 1353/3104/2948 1351/3100/2944
s 153
f 1291/3105/2949 1289/3101/2945 1352/3102/2946 1354/3106/2950
s 152
f 1292/3103/2947 1294/3107/2951 1355/3108/2952 1353/3104/2948
s 153
f 1293/3109/2953 1291/3105/2949 1354/3106/2950 1356/3110/2954
s 152
f 1294/3111/2951 1296/3112/2955 1357/3113/2956 1355/3114/2952
s 153
f 1295/3115/2957 1293/3116/2953 1356/3117/2954 1358/3118/2958
s 152
f 1296/3112/2955 1298/3119/2959 1359/3120/2960 1357/3113/2956
s 8
f 1298/2966/2810 1297/2965/2809 1360/3121/2961 1359/3122/2962
s 153
f 1297/3123/2963 1295/3115/2957 1358/3118/2958 1360/3124/2964
s 16
f 1314/2982/2826 1313/2981/2825 1361/3125/2965 1362/3126/2966
s 154
f 1313/3127/2967 1316/3128/2968 1363/3129/2969 1361/3130/2970
s 155
f 1315/3131/2971 1314/3132/2972 1362/3133/2973 1364/3134/2974
s 154
f 1316/3128/2968 1318/3135/2975 1365/3136/2976 1363/3129/2969
s 155
f 1317/3137/2977 1315/3131/2971 1364/3134/2974 1366/3138/2978
s 154
f 1318/3139/2975 1320/3140/2979 1367/3141/2980 1365/3142/2976
s 155
f 1319/3143/2981 1317/3144/2977 1366/3145/2978 1368/3146/2982
s 154
f 1320/3140/2979 1322/3147/2983 1369/3148/2984 1367/3141/2980
s 155
f 1321/3149/2985 1319/3143/2981 1368/3146/2982 1370/3150/2986
s 154
f 1322/3147/2983 1324/3151/2987 1371/3152/2988 1369/3148/2984
s 155
f 1323/3153/2989 1321/3149/2985 1370/3150/2986 1372/3154/2990
s 154
f 1324/3151/2987 1326/3155/2991 1373/3156/2992 1371/3152/2988
s 155
f 1325/3157/2993 1323/3153/2989 1372/3154/2990 1374/3158/2994
s 154
f 1326/3155/2991 1328/3159/2995 1375/3160/2996 1373/3156/2992
s 17
f 1328/3002/2846 1327/3001/2845 1376/3161/2997 1375/3162/2998
s 155
f 1327/3163/2999 1325/3157/2993 1374/3158/2994 1376/3164/3000
