# This file uses meters as units for non-parametric coordinates.

mtllib curva sinistra segreta.mtl
g default
v -706.928833 -69.357315 -904.406311
v -685.463379 -59.168213 -925.871765
v -533.677734 14.287252 -729.415161
v -560.657227 6.381826 -713.838501
v -437.695923 51.805466 -500.318481
v -468.476379 48.224499 -492.070862
v -646.588379 22.986042 -443.830627
v -719.892456 -44.960175 -620.802368
v -559.273193 2.103799 -713.536011
v -467.789062 43.787365 -491.739716
v -836.502319 -135.836731 -772.771362
v -705.007568 -73.419434 -904.266235
v -532.293579 10.009237 -729.112671
v -683.542114 -63.230324 -925.731689
v -552.216797 -0.893475 -1057.057129
v -371.715088 57.061245 -821.822693
v -437.008545 47.368336 -499.987305
v -258.246948 68.165276 -547.886353
vt 0.392664 0.882227
vt 0.393259 0.882185
vt 0.398473 0.914025
vt 0.397856 0.914071
vt 0.382485 0.854901
vt 0.383050 0.854881
vt 0.203954 0.067592
vt 0.204571 0.067638
vt 0.198752 0.098476
vt 0.198157 0.098434
vt 0.188220 0.124976
vt 0.187655 0.124956
vt 0.047778 0.078103
vt 0.066551 0.053644
vt 0.070014 0.055643
vt 0.050533 0.080858
vt 0.078383 0.025180
vt 0.082333 0.026239
vt 0.082403 0.392869
vt 0.105596 0.399083
vt 0.093729 0.427853
vt 0.072895 0.415824
vt 0.074826 0.452593
vt 0.057769 0.435537
vt 0.027115 0.037072
vt 0.047608 0.048904
vt 0.024572 0.078925
vt 0.007812 0.062165
vt 0.039275 0.007831
vt 0.062089 0.013944
vn -0.387074 0.920305 -0.056674
vn -0.311069 0.948049 -0.066632
vn -0.305194 0.949904 -0.067372
vn -0.387074 0.920305 -0.056674
vn -0.224956 0.971315 -0.077088
vn -0.224956 0.971315 -0.077088
vn -0.255649 0.953997 -0.156629
vn -0.255649 0.953997 -0.156629
vn -0.340253 0.930552 -0.135280
vn -0.348025 0.927970 -0.133226
vn -0.423276 0.898991 -0.112484
vn -0.423276 0.898991 -0.112484
vn -0.284142 0.958728 -0.010246
vn -0.280205 0.959885 -0.010292
vn -0.357182 0.933988 -0.009351
vn -0.357182 0.933988 -0.009351
vn -0.200501 0.979630 -0.011173
vn -0.200501 0.979630 -0.011173
vn 0.719208 0.250660 -0.648004
vn 0.719208 0.250660 -0.648005
vn 0.816141 0.220274 -0.534222
vn 0.816051 0.220308 -0.534345
vn -0.814046 -0.220406 0.537354
vn -0.816463 -0.219501 0.534048
vn -0.718223 -0.250184 0.649279
vn -0.718223 -0.250184 0.649279
vn 0.896115 0.183625 -0.404055
vn 0.896115 0.183625 -0.404055
vn -0.895577 -0.183375 0.405359
vn -0.895577 -0.183375 0.405359
s 1
g polySurface56 curva_sinistra_segreta
usemtl lambert1SG
f 1/13/1 4/14/2 3/15/3 2/16/4
f 4/14/2 6/17/5 5/18/6 3/15/3
s 2
f 7/19/7 10/20/8 9/21/9 8/22/10
f 8/22/10 9/21/9 12/23/11 11/24/12
s 3
f 13/25/13 16/26/14 15/27/15 14/28/16
f 17/29/17 18/30/18 16/26/14 13/25/13
s 4
f 14/5/19 2/6/20 3/2/21 13/1/22
s 5
f 9/10/23 4/9/24 1/11/25 12/12/26
s 4
f 13/1/22 3/2/21 5/3/27 17/4/28
s 5
f 10/7/29 6/8/30 4/9/24 9/10/23
g default
v -779.585072 -1197.561254 -438.561306
v -329.585072 -1197.561254 -438.561306
v -779.585072 -1097.561254 -438.561306
v -329.585072 -1097.561254 -438.561306
v -779.585072 -1097.561254 -838.561306
v -329.585072 -1097.561254 -838.561306
v -779.585072 -1197.561254 -838.561306
v -329.585072 -1197.561254 -838.561306
v -554.585072 -1197.561254 -438.561306
v -554.585072 -1097.561254 -438.561306
v -554.585072 -1097.561254 -838.561306
v -554.585072 -1197.561254 -838.561306
v -779.585072 -1097.561254 -638.561306
v -779.585072 -1197.561254 -638.561306
v -329.585072 -1097.561254 -638.561306
v -329.585072 -1197.561254 -638.561306
v -532.085072 -1197.561254 -438.561306
v -532.085072 -1097.561254 -438.561306
v -532.085072 -1097.561254 -838.561306
v -532.085072 -1197.561254 -838.561306
v -735.418446 -742.560888 -440.311184
v -690.754872 -383.566350 -442.080776
v -522.075062 -375.156957 -467.187404
v -500.132435 -730.075902 -459.206264
v -495.699574 -373.427007 -474.081325
v -472.426991 -728.036352 -459.321255
v -282.550038 -362.958501 -510.642055
v -305.281971 -717.989477 -475.805660
v -357.390003 -369.558141 -759.509914
v -343.920277 -722.230321 -700.917812
v -477.415150 -403.592046 -983.645107
v -404.386708 -746.414770 -911.973293
v -634.800282 -430.324285 -897.844997
v -580.687977 -781.837682 -866.613186
v -657.087757 -435.541448 -883.182766
v -602.635609 -787.224096 -859.478664
v -819.369740 -461.357976 -792.574673
v -796.717640 -823.592077 -818.758022
v -738.830189 -414.100164 -626.436489
v -760.636219 -779.788732 -632.923916
v -836.502308 -187.388769 -772.771389
v -836.502308 -187.388769 -772.771389
v -719.892445 -96.512182 -620.802395
v -719.892445 -96.512182 -620.802395
v -646.588368 -28.566015 -443.830654
v -646.588368 -28.566015 -443.830654
v -552.216786 -52.445531 -1057.057094
v -552.216786 -52.445531 -1057.057094
v -371.715077 5.509181 -821.822719
v -371.715077 5.509181 -821.822719
v -258.246937 16.613246 -547.886379
v -258.246937 16.613246 -547.886379
v -467.789051 -7.764680 -491.739742
v -467.789051 -7.764680 -491.739742
v -437.008534 -4.183710 -499.987331
v -437.008534 -4.183710 -499.987331
v -705.162953 -125.045255 -904.110866
v -705.162953 -125.045255 -904.110866
v -683.386463 -114.708501 -925.887356
v -683.386463 -114.708501 -925.887356
vt 0.722189 0.457799
vt 0.722189 0.445256
vt 0.750410 0.445256
vt 0.750410 0.457799
vt 0.012869 0.656521
vt 0.012869 0.643810
vt 0.041469 0.643810
vt 0.041469 0.656521
vt 0.561207 0.532918
vt 0.535481 0.532918
vt 0.535481 0.520055
vt 0.561207 0.520055
vt 0.758975 0.627105
vt 0.732180 0.627105
vt 0.732180 0.613707
vt 0.758975 0.613707
vt 0.753232 0.445256
vt 0.753232 0.457799
vt 0.044329 0.643810
vt 0.044329 0.656521
vt 0.785771 0.613707
vt 0.785771 0.627105
vt 0.586933 0.520055
vt 0.586933 0.532918
vt 0.778632 0.445256
vt 0.778632 0.457799
vt 0.070068 0.643810
vt 0.070068 0.656521
vt 0.732414 0.674667
vt 0.758220 0.669679
vt 0.757351 0.718673
vt 0.732651 0.722764
vt 0.733331 0.355699
vt 0.754488 0.354645
vt 0.757240 0.399162
vt 0.727728 0.400728
vt 0.757796 0.354428
vt 0.760715 0.398906
vt 0.784532 0.353114
vt 0.781680 0.397646
vt 0.577662 0.627410
vt 0.545650 0.626561
vt 0.553186 0.581197
vt 0.582143 0.581742
vt 0.516819 0.622183
vt 0.526038 0.578086
vt 0.051278 0.744731
vt 0.031273 0.741333
vt 0.038151 0.696652
vt 0.060561 0.701155
vt 0.028440 0.740670
vt 0.035361 0.695968
vt 0.007812 0.737388
vt 0.010692 0.691345
vt 0.779610 0.712342
vt 0.783118 0.663811
vt 0.697210 0.965401
vt 0.697965 0.922852
vt 0.720224 0.916520
vt 0.717571 0.953226
vt 0.732886 0.770326
vt 0.756596 0.761223
vt 0.764958 0.223383
vt 0.762154 0.181783
vt 0.764118 0.182482
vt 0.767875 0.224768
vt 0.761297 0.308562
vt 0.738870 0.311172
vt 0.391238 0.664886
vt 0.387481 0.622601
vt 0.398976 0.626182
vt 0.408812 0.673228
vt 0.761297 0.308562
vt 0.765158 0.308113
vt 0.765158 0.308113
vt 0.787580 0.305505
vt 0.539960 0.987491
vt 0.522363 0.979138
vt 0.525016 0.942433
vt 0.537156 0.945891
vt 0.537634 0.674806
vt 0.507376 0.667351
vt 0.572871 0.676234
vt 0.537634 0.674806
vn 0.000000 0.000000 -1.000000
vn -0.031147 -0.019670 -0.999321
vn -0.029542 -0.022439 -0.999312
vn 0.000000 0.000000 -1.000000
vn 0.070974 0.009326 0.997435
vn 0.000000 0.000000 1.000000
vn 0.000000 0.000000 1.000000
vn 0.073532 0.016832 0.997151
vn -0.995438 -0.020941 0.093085
vn -0.989616 -0.075470 0.122329
vn -1.000000 0.000000 0.000000
vn -1.000000 0.000000 0.000000
vn 0.997790 -0.037079 -0.055139
vn 0.996546 -0.071451 -0.042312
vn 1.000000 0.000000 0.000000
vn 1.000000 0.000000 0.000000
vn -0.027874 -0.053517 -0.998178
vn 0.000000 0.000000 -1.000000
vn 0.000000 0.000000 1.000000
vn 0.082155 0.126557 0.988551
vn 1.000000 0.000000 0.000000
vn 0.997670 0.000697 -0.068228
vn -1.000000 0.000000 0.000000
vn -0.997249 0.019830 0.071428
vn -0.033174 -0.056552 -0.997848
vn 0.000000 0.000000 -1.000000
vn 0.000000 0.000000 1.000000
vn 0.075310 0.124406 0.989369
vn 0.988120 -0.090728 -0.124042
vn 0.984670 -0.042878 -0.169077
vn 0.943943 -0.038704 -0.327832
vn 0.966713 -0.088298 -0.240143
vn -0.148054 -0.009147 -0.988937
vn -0.159904 -0.011832 -0.987062
vn -0.072384 -0.021560 -0.997144
vn -0.068047 -0.019183 -0.997498
vn -0.173205 -0.060049 -0.983054
vn -0.083423 -0.068448 -0.994161
vn -0.174511 -0.063827 -0.982584
vn -0.091940 -0.070746 -0.993248
vn -0.956265 0.050600 0.288092
vn -0.922437 0.016692 0.385786
vn -0.975222 -0.014854 0.220730
vn -0.986387 0.034199 0.160847
vn -0.874400 -0.017238 0.484900
vn -0.955646 -0.064334 0.287407
vn 0.439289 0.212008 0.872971
vn 0.442272 0.202986 0.873609
vn 0.220994 0.176235 0.959220
vn 0.217783 0.183942 0.958507
vn 0.464149 0.061593 0.883613
vn 0.236130 0.034370 0.971113
vn 0.451370 0.048446 0.891021
vn 0.217967 0.023065 0.975684
vn 0.917111 0.017282 -0.398256
vn 0.980743 0.007459 -0.195160
vn 0.845840 0.020341 -0.533049
vn 0.845840 0.020341 -0.533049
vn 0.951263 -0.087542 -0.295694
vn 0.951263 -0.087542 -0.295694
vn 0.596910 0.153741 0.787441
vn 0.596910 0.153741 0.787441
vn -0.205013 -0.007695 -0.978729
vn -0.205013 -0.007695 -0.978729
vn 0.540818 0.223469 0.810911
vn 0.540818 0.223469 0.810911
vn -0.253611 -0.027337 -0.966920
vn -0.253611 -0.027337 -0.966920
vn -0.205753 -0.059572 -0.976789
vn -0.205753 -0.059572 -0.976789
vn 0.588717 0.067232 0.805538
vn 0.588717 0.067232 0.805538
vn -0.836794 -0.000370 0.547518
vn -0.836794 -0.000370 0.547518
vn -0.939922 0.056838 0.336625
vn -0.939922 0.056838 0.336625
s 1
g curva_sinistra_segreta polySurface64 polySurface54
usemtl initialShadingGroup
f 19/31/31 21/32/32 28/33/33 27/34/34
s 2
f 23/35/35 25/36/36 30/37/37 29/38/38
s 3
f 33/39/39 24/40/40 26/41/41 34/42/42
s 4
f 31/43/43 21/44/44 19/45/45 32/46/46
s 1
f 28/33/33 36/47/47 35/48/48 27/34/34
s 2
f 30/37/37 38/49/49 37/50/50 29/38/38
s 4
f 25/51/51 23/52/52 31/43/43 32/46/46
s 3
f 20/53/53 22/54/54 33/39/39 34/42/42
s 1
f 36/47/47 22/55/55 20/56/56 35/48/48
s 2
f 38/49/49 26/57/57 24/58/58 37/50/50
s 4
usemtl lambert1SG
f 39/59/59 58/60/60 57/61/61 40/62/62
s 1
f 40/63/63 41/64/64 42/65/65 39/66/66
usemtl initialShadingGroup lambert1SG
f 41/64/64 43/67/67 44/68/68 42/65/65
f 43/67/67 45/69/69 46/70/70 44/68/68
s 3
f 45/71/71 47/72/72 48/73/73 46/74/74
f 47/72/72 49/75/75 50/76/76 48/73/73
s 2
usemtl lambert1SG
f 49/77/77 51/78/78 52/79/79 50/80/80
f 51/78/78 53/81/81 54/82/82 52/79/79
usemtl initialShadingGroup lambert1SG
f 53/81/81 55/83/83 56/84/84 54/82/82
s 4
usemtl lambert1SG
f 55/85/85 57/61/61 58/60/60 56/86/86
f 62/87/87 57/88/61 55/89/85 60/90/88
f 64/91/89 40/62/62 57/61/61 61/92/90
s 2
f 76/93/91 53/94/81 51/95/78 78/96/92
s 1
f 72/97/93 41/64/64 40/63/63 63/98/94
s 2
f 77/99/95 51/100/78 49/101/77 66/102/96
s 1
usemtl initialShadingGroup lambert1SG
f 71/103/97 74/104/98 43/67/67 41/64/64
f 73/105/99 70/106/100 45/69/69 43/67/67
s 2
f 75/107/101 59/108/102 55/109/83 53/110/81
s 3
f 68/111/103 65/112/104 49/75/75 47/72/72
f 69/113/105 67/114/106 47/72/72 45/71/71
s 1
usemtl lambert1SG
f 42/65/65 28/33/33 21/32/32 39/66/66
usemtl initialShadingGroup lambert1SG
f 44/68/68 36/47/47 28/33/33 42/65/65
f 46/70/70 22/55/55 36/47/47 44/68/68
s 3
f 48/73/73 33/39/39 22/54/54 46/74/74
f 50/76/76 24/40/40 33/39/39 48/73/73
s 2
usemtl lambert1SG
f 52/79/79 37/50/50 24/58/58 50/80/80
f 54/82/82 29/38/38 37/50/50 52/79/79
usemtl initialShadingGroup lambert1SG
f 56/84/84 23/35/35 29/38/38 54/82/82
s 4
usemtl lambert1SG
f 58/60/60 31/43/43 23/52/52 56/86/86
f 39/59/59 21/44/44 31/43/43 58/60/60
g default
v -666.256825 578.024134 -66.620998
v -666.256825 532.127650 -66.620998
v -1355.426014 141.362025 -943.016933
v -1355.426014 95.465541 -943.016933
v -666.256825 563.640162 -253.916652
v -689.737294 522.392054 -432.268917
v -758.578724 452.827571 -598.466823
v -868.089588 363.520106 -741.184109
v -1010.807118 273.041163 -850.694973
v -1177.004872 205.111598 -919.536403
v -1177.004872 159.214991 -919.536403
v -1010.807118 227.144740 -850.694973
v -868.089588 317.623500 -741.184109
v -758.578724 406.931056 -598.466823
v -689.737294 476.495600 -432.268917
v -666.256825 517.743678 -253.916652
v -174.156727 578.024134 -66.620998
v -174.156727 532.127650 -66.620998
v -174.156727 532.127589 -286.170620
v -174.156727 578.024073 -286.170620
v -1355.426014 95.465602 -1435.117031
v -1355.426014 141.362025 -1435.117031
v -1048.540760 250.480860 -1398.970424
v -1048.540760 204.584376 -1398.970424
v -762.633778 405.477503 -1280.543667
v -762.633778 359.581019 -1280.543667
v -517.119740 524.634730 -1092.154140
v -517.119740 478.738246 -1092.154140
v -328.730213 573.132289 -846.640041
v -328.730213 527.235804 -846.640041
v -210.303578 578.024073 -560.732815
v -210.303578 532.127589 -560.732815
v -223.366810 578.024134 -66.620998
v -223.366688 578.024073 -282.945217
v -258.246937 578.024073 -547.886379
v -371.715077 566.920313 -821.822719
v -552.216786 508.965541 -1057.057094
v -787.451039 397.046168 -1237.558803
v -1061.387196 245.780512 -1351.026943
v -1355.426014 141.362025 -1385.907070
v -1355.426014 95.465724 -1385.907070
v -1061.387196 199.884028 -1351.026943
v -787.451039 351.149684 -1237.558803
v -552.216786 463.069056 -1057.057094
v -371.715077 521.023829 -821.822719
v -258.246937 532.127589 -547.886379
v -223.366688 532.127589 -282.945217
v -223.366810 532.127650 -66.620998
v -621.967762 578.024134 -66.620998
v -621.967762 569.247706 -256.819485
v -646.588368 532.845057 -443.830654
v -719.892445 464.898402 -620.802395
v -836.502308 374.022212 -772.771389
v -988.471424 279.845698 -889.381313
v -1165.443104 208.230708 -962.685390
v -1355.426014 141.362025 -987.305935
v -1355.426014 95.465724 -987.305935
v -1165.443104 162.334101 -962.685390
v -988.471424 233.949153 -889.381313
v -836.502308 328.125727 -772.771389
v -719.892445 419.001917 -620.802395
v -646.588368 486.948573 -443.830654
v -621.967762 523.351222 -256.819485
v -621.967762 532.127650 -66.620998
v -666.256825 16.613368 -66.620998
v -666.256825 2.229334 -253.916652
v -621.967762 7.837733 -256.819485
v -621.967762 16.613062 -66.620998
v -1355.426014 -420.048742 -987.305935
v -1165.443104 -353.180089 -962.685390
v -1177.004872 -356.300329 -919.536403
v -1355.426014 -420.048925 -943.016933
v -1010.807118 -288.370153 -850.694973
v -988.471424 -281.564672 -889.381313
v -868.089588 -197.891210 -741.184109
v -836.502308 -187.388769 -772.771389
v -758.578724 -108.583288 -598.466823
v -719.892445 -96.512182 -620.802395
v -689.737294 -39.018834 -432.268917
v -646.588368 -28.566015 -443.830654
v -1048.540760 -310.931188 -1398.970424
v -1355.426014 -420.048559 -1435.117031
v -1061.387196 -315.631078 -1351.026943
v -1355.426014 -420.048742 -1385.907070
v -787.451039 -164.364538 -1237.558803
v -762.633778 -155.933263 -1280.543667
v -552.216786 -52.445531 -1057.057094
v -517.119740 -36.775854 -1092.154140
v -371.715077 5.509181 -821.822719
v -328.730213 11.720667 -846.640041
v -258.246937 16.613246 -547.886379
v -210.303578 16.613246 -560.732815
v -223.366688 16.612818 -282.945217
v -174.156727 16.612879 -286.170620
v -223.366810 16.612635 -66.620998
v -174.156727 16.613001 -66.620998
v -666.256825 68.164805 -66.620998
v -666.256825 53.780779 -253.916652
v -689.737294 12.532622 -432.268947
v -758.578724 -57.031839 -598.466823
v -868.089588 -146.339727 -741.184109
v -1010.807118 -236.818639 -850.694973
v -1177.004872 -304.748784 -919.536465
v -1355.426014 -368.497472 -943.016933
v -1355.426014 -368.497289 -987.305935
v -1165.443104 -301.628667 -962.685390
v -988.471424 -230.013280 -889.381313
v -836.502308 -135.837316 -772.771389
v -719.892445 -44.960760 -620.802395
v -646.588368 22.985457 -443.830654
v -621.967762 59.389094 -256.819485
v -621.967762 68.164530 -66.620998
v -1048.540760 -259.379613 -1398.970424
v -762.633778 -104.381818 -1280.543667
v -517.119740 14.775569 -1092.154140
v -328.730213 63.272193 -846.640041
v -210.303578 68.164691 -560.732754
v -174.156727 68.164363 -286.170620
v -174.156727 68.164477 -66.620998
v -223.366810 68.164149 -66.620998
v -223.366688 68.164309 -282.945217
v -258.246937 68.164691 -547.886379
v -371.715077 57.060660 -821.822719
v -552.216786 -0.894060 -1057.057094
v -787.451039 -112.813100 -1237.558803
v -1061.387196 -264.079564 -1351.026943
v -1355.426014 -368.497289 -1385.907070
v -1355.426014 -368.497106 -1435.117031
v -1048.540760 -53.929086 -1398.970424
v -1048.540760 -0.866483 -1398.970424
v -762.633778 100.933741 -1280.543789
v -762.633778 154.265467 -1280.543789
v -517.119862 221.384318 -1092.154140
v -517.119862 272.129481 -1092.154140
v -328.730213 270.751399 -846.640102
v -328.730213 319.756709 -846.640102
v -210.303456 275.790553 -560.732570
v -210.303456 324.501734 -560.732570
v -174.156727 275.793452 -286.170345
v -174.156727 324.498530 -286.170345
v -174.156727 275.793543 -66.621105
v -174.156727 324.498622 -66.621059
v -223.367054 275.793391 -66.621105
v -223.367054 324.498469 -66.621059
v -223.366932 275.793452 -282.945278
v -223.366932 324.498530 -282.945278
v -258.247059 275.793604 -547.886318
v -258.247059 324.498683 -547.886318
v -371.715321 264.450740 -821.822719
v -371.715321 313.633723 -821.822719
v -552.216786 205.666010 -1057.056972
v -552.216786 256.508967 -1057.056972
v -787.451039 92.484217 -1237.559048
v -787.451039 145.852351 -1237.559048
v -1061.387196 -58.678182 -1351.026943
v -1061.387196 -5.517274 -1351.026943
v -1355.426014 -161.603292 -1385.907558
v -1355.426014 -111.428365 -1385.907558
v -1355.426014 -161.605199 -1435.116909
v -1355.426014 -111.426374 -1435.116909
v -666.256825 275.757899 -66.621105
v -666.256825 324.534693 -66.621059
v -666.256825 261.057826 -253.916775
v -666.256825 310.466578 -253.916775
v -689.737294 218.966899 -432.269008
v -689.737294 270.061366 -432.269008
v -758.578724 148.300395 -598.466823
v -758.578724 201.598796 -598.466823
v -868.089588 58.418032 -741.184109
v -868.089588 112.865801 -741.184109
v -1010.807118 -31.482120 -850.694973
v -1010.807118 21.808161 -850.694973
v -1177.004872 -98.700117 -919.536465
v -1177.004872 -46.833803 -919.536465
v -1355.426014 -161.609945 -943.016933
v -1355.426014 -111.422056 -943.016933
v -1355.426014 -161.588811 -987.305996
v -1355.426014 -111.442846 -987.305996
v -1165.443104 -95.543310 -962.685390
v -1165.443104 -43.751027 -962.685390
v -988.471180 -24.599752 -889.381252
v -988.471180 28.535679 -889.381252
v -836.502308 69.098872 -772.771389
v -836.502308 123.189601 -772.771389
v -719.892445 160.623896 -620.802456
v -719.892445 213.417231 -620.802456
v -646.588368 229.646449 -443.830715
v -646.588368 280.287562 -443.830746
v -621.967884 266.779963 -256.819546
v -621.967884 315.960322 -256.819546
v -621.967884 275.780635 -66.621105
v -621.967884 324.511592 -66.621059
v -1048.541004 62.062113 -1398.970424
v -1048.540760 115.124713 -1398.970424
v -762.633778 270.256159 -1280.543789
v -762.633778 216.924449 -1280.543789
v -517.119862 388.120112 -1092.154140
v -517.119862 337.374934 -1092.154140
v -328.730213 435.747492 -846.640102
v -328.730213 386.742182 -846.640102
v -210.303456 440.489222 -560.732632
v -210.303456 391.784144 -560.732570
v -174.156727 440.489161 -286.170437
v -174.156727 391.784083 -286.170376
v -174.156727 440.489222 -66.620937
v -174.156727 391.784144 -66.620968
v -223.366932 440.489161 -66.620937
v -223.367054 391.784083 -66.620968
v -223.366932 440.489161 -282.945247
v -223.366932 391.784083 -282.945247
v -258.246937 440.506281 -547.886257
v -258.246937 391.767085 -547.886257
v -371.715321 429.624537 -821.822719
v -371.715321 380.441554 -821.822719
v -552.216786 372.499690 -1057.056972
v -552.216786 321.656733 -1057.056972
v -787.451039 261.843073 -1237.559048
v -787.451039 208.474940 -1237.559048
v -1061.387196 110.473651 -1351.026943
v -1061.387196 57.312743 -1351.026943
v -1355.426014 4.562530 -1385.907436
v -1355.426014 -45.612401 -1385.907558
v -1355.426014 4.564487 -1435.116909
v -1355.426014 -45.614347 -1435.116909
v -1048.540760 -169.919851 -1398.970424
v -1048.540760 -116.857259 -1398.970424
v -762.633778 38.274706 -1280.543789
v -762.633778 -15.057015 -1280.543789
v -517.119862 156.138819 -1092.154140
v -517.119862 105.393649 -1092.154140
v -328.730213 203.765742 -846.640102
v -328.730213 154.760401 -846.640102
v -210.303456 208.507960 -560.732570
v -210.303456 159.802882 -560.732632
v -174.156727 208.507716 -286.170345
v -174.156727 159.802638 -286.170406
v -174.156727 208.507792 -66.621105
v -174.156727 159.802714 -66.621074
v -223.367054 208.507578 -66.621105
v -223.366932 159.802500 -66.621074
v -223.366932 208.507685 -282.945278
v -223.366932 159.802607 -282.945278
v -258.247059 208.525019 -547.886318
v -258.247059 159.785823 -547.886318
v -371.715321 197.642924 -821.822719
v -371.715199 148.459971 -821.822719
v -552.216786 140.518183 -1057.056972
v -552.216786 89.675219 -1057.056972
v -787.451039 29.861647 -1237.559048
v -787.451039 -23.506465 -1237.559048
v -1061.387196 -121.507993 -1351.026943
v -1061.387196 -174.668905 -1351.026943
v -1355.426014 -227.418981 -1385.907558
v -1355.426014 -277.593908 -1385.907436
v -1355.426014 -227.416952 -1435.116909
v -1355.426014 -277.595769 -1435.116909
v -666.256825 159.767130 -66.621074
v -666.256825 208.543894 -66.621105
v -666.256825 194.475901 -253.916775
v -666.256825 145.067149 -253.916744
v -689.737294 154.070613 -432.269008
v -689.737294 102.976138 -432.269008
v -758.578724 85.608058 -598.466823
v -758.578724 32.309649 -598.466823
v -868.089588 -3.125028 -741.184109
v -868.089588 -57.572805 -741.184109
v -1010.807118 -94.182721 -850.694973
v -1010.807118 -147.472997 -850.694973
v -1177.004872 -162.824575 -919.536465
v -1177.004872 -214.690877 -919.536465
v -1355.426014 -227.412649 -943.016933
v -1355.426014 -277.600530 -943.016933
v -1355.426014 -227.433462 -987.305996
v -1355.426014 -277.579412 -987.305996
v -1165.443104 -159.741857 -962.685390
v -1165.443104 -211.534139 -962.685390
v -988.471180 -87.454946 -889.381252
v -988.471180 -140.590398 -889.381252
v -836.502308 7.198727 -772.771389
v -836.502308 -46.891996 -772.771389
v -719.892445 97.426516 -620.802456
v -719.892445 44.633185 -620.802456
v -646.588368 164.296824 -443.830715
v -646.588368 113.655718 -443.830715
v -621.967884 199.969782 -256.819546
v -621.967884 150.789424 -256.819546
v -621.967884 208.520777 -66.621105
v -621.967884 159.789790 -66.621074
v -666.256825 391.748408 -66.620968
v -666.256825 440.525202 -66.620937
v -666.256825 426.457270 -253.916714
v -666.256825 377.048518 -253.916714
v -689.737294 386.052119 -432.269039
v -689.737294 334.957636 -432.269069
v -758.578724 317.589533 -598.466823
v -758.578724 264.291133 -598.466823
v -868.089588 228.856593 -741.184109
v -868.089588 174.408839 -741.184109
v -1010.807118 137.799037 -850.694973
v -1010.807118 84.508761 -850.694973
v -1177.004872 69.157183 -919.536465
v -1177.005116 17.290866 -919.536465
v -1355.426014 4.568931 -943.016933
v -1355.426014 -45.618955 -943.016933
v -1355.426014 4.548043 -987.305996
v -1355.426014 -45.597913 -987.305996
v -1165.443104 72.239474 -962.685390
v -1165.442860 20.447219 -962.685390
v -988.471424 144.526240 -889.381252
v -988.471180 91.390803 -889.381252
v -836.502308 239.180354 -772.771389
v -836.502308 185.089625 -772.771389
v -719.892445 329.407893 -620.802456
v -719.892445 276.614558 -620.802456
v -646.588368 396.278376 -443.830776
v -646.588368 345.637263 -443.830776
v -621.967884 431.950770 -256.819485
v -621.967884 382.770411 -256.819485
v -621.967884 440.502162 -66.620937
v -621.967884 391.771205 -66.620968
v -1045.976795 -53.929086 -1408.807949
v -1045.976795 -0.866483 -1408.807949
v -1365.495838 -111.426374 -1446.442592
v -1365.495838 -161.605199 -1446.442592
v -757.555287 100.933741 -1289.339931
v -757.555287 154.265467 -1289.339931
v -509.937733 221.384318 -1099.336147
v -509.937733 272.129481 -1099.336147
v -319.933949 270.751399 -851.718593
v -319.933949 319.756709 -851.718593
v -200.492665 275.790553 -563.361355
v -200.492665 324.501734 -563.361355
v -164.086659 275.793452 -286.830379
v -164.086659 324.498530 -286.830379
v -164.086659 275.793543 -56.551105
v -164.086659 324.498622 -56.551067
v -233.437001 275.793360 -56.551105
v -233.437001 324.498438 -56.551067
v -233.437001 275.793452 -282.285244
v -233.437001 324.498530 -282.285244
v -268.057850 275.793604 -545.257534
v -268.057850 324.498683 -545.257534
v -380.511463 264.450740 -816.744228
v -380.511463 313.633723 -816.744228
v -559.398670 205.666010 -1049.874965
v -559.398670 256.508967 -1049.874965
v -792.529408 92.484217 -1228.763027
v -792.529408 145.852351 -1228.763027
v -1063.955311 -58.678182 -1341.190883
v -1063.955311 -5.517274 -1341.190883
v -1365.495838 -161.603292 -1376.961513
v -1365.495838 -111.428365 -1376.961513
v -676.326893 275.757899 -56.551105
v -676.326893 324.534693 -56.551067
v -611.897816 324.511592 -56.551067
v -611.897816 275.780635 -56.551105
v -676.326893 261.057826 -253.256740
v -676.326893 310.466578 -253.256740
v -699.548207 218.966899 -429.640224
v -699.548207 270.061366 -429.640224
v -767.374867 148.300395 -593.388393
v -767.374867 201.598796 -593.388393
v -875.271595 58.418032 -734.002102
v -875.271595 112.865801 -734.002102
v -1015.885731 -31.482120 -841.898769
v -1015.885731 21.808161 -841.898769
v -1179.633534 -98.700117 -909.725551
v -1179.633534 -46.833803 -909.725551
v -1365.495838 -161.609945 -934.185390
v -1365.495838 -111.422056 -934.185390
v -1365.495838 -161.588811 -998.765224
v -1365.495838 -111.442846 -998.765224
v -1162.823719 -95.543310 -972.500149
v -1162.823719 -43.751027 -972.500149
v -983.392811 -24.599752 -898.177395
v -983.392811 28.535679 -898.177395
v -829.320301 69.098872 -779.953396
v -829.320301 123.189601 -779.953335
v -711.096302 160.623896 -625.880886
v -711.096302 213.417231 -625.880886
v -636.777577 229.646449 -446.459499
v -636.777577 280.287562 -446.459530
v -611.897816 266.779963 -257.479580
v -611.897816 315.960322 -257.479580
v -1045.976795 62.062113 -1408.808071
v -1045.976795 115.124713 -1408.808071
v -1365.495838 4.564487 -1446.442592
v -1365.495838 -45.614347 -1446.442592
v -757.555287 216.924449 -1289.339931
v -757.555287 270.256159 -1289.339931
v -509.937733 337.374934 -1099.336147
v -509.937733 388.120112 -1099.336147
v -319.933949 386.742182 -851.718593
v -319.933949 435.747492 -851.718593
v -200.492665 391.784144 -563.361355
v -200.492665 440.489222 -563.361416
v -164.086659 391.784083 -286.830410
v -164.086659 440.489161 -286.830471
v -164.086659 391.784144 -56.550968
v -164.086659 440.489222 -56.550945
v -233.437001 391.784114 -56.550968
v -233.437001 440.489192 -56.550945
v -233.437001 391.784114 -282.285244
v -233.437001 440.489192 -282.285244
v -268.057728 391.767085 -545.257473
v -268.057728 440.506281 -545.257473
v -380.511463 380.441554 -816.744289
v -380.511463 429.624537 -816.744228
v -559.398670 321.656733 -1049.874965
v -559.398670 372.499690 -1049.874965
v -792.529408 208.474940 -1228.763027
v -792.529408 261.843073 -1228.763027
v -1063.955311 57.312735 -1341.191006
v -1063.955311 110.473643 -1341.191006
v -1365.495838 -45.612413 -1376.961513
v -1365.495838 4.562519 -1376.961391
v -1045.976795 -169.919851 -1408.807827
v -1045.976795 -116.857259 -1408.807827
v -1365.495838 -227.416952 -1446.442592
v -1365.495838 -277.595769 -1446.442592
v -757.555287 -15.057015 -1289.339931
v -757.555287 38.274706 -1289.339931
v -509.937733 105.393649 -1099.336147
v -509.937733 156.138819 -1099.336147
v -319.934071 154.760401 -851.718532
v -319.934071 203.765742 -851.718532
v -200.492665 159.802882 -563.361416
v -200.492665 208.507960 -563.361355
v -164.086659 159.802638 -286.830440
v -164.086659 208.507716 -286.830379
v -164.086659 159.802699 -56.551082
v -164.086659 208.507777 -56.551105
v -233.437001 159.802485 -56.551082
v -233.437001 208.507563 -56.551105
v -233.436878 159.802607 -282.285274
v -233.437001 208.507685 -282.285274
v -268.057728 159.785823 -545.257534
v -268.057728 208.525019 -545.257534
v -380.511341 148.459971 -816.744289
v -380.511463 197.642924 -816.744289
v -559.398670 89.675219 -1049.874965
v -559.398670 140.518183 -1049.874965
v -792.529408 -23.506465 -1228.762905
v -792.529408 29.861647 -1228.762905
v -1063.955311 -174.668905 -1341.191006
v -1063.955311 -121.507985 -1341.191006
v -1365.495838 -277.593908 -1376.961391
v -1365.495838 -227.418966 -1376.961513
v -676.326893 159.767146 -56.551082
v -676.326893 208.543910 -56.551105
v -611.897816 208.520777 -56.551105
v -611.897816 159.789790 -56.551082
v -676.326893 145.067149 -253.256710
v -676.326893 194.475901 -253.256740
v -699.548207 102.976138 -429.640224
v -699.548207 154.070613 -429.640224
v -767.374867 32.309649 -593.388393
v -767.374867 85.608058 -593.388393
v -875.271595 -57.572805 -734.002102
v -875.271595 -3.125029 -734.002102
v -1015.885487 -147.472997 -841.898830
v -1015.885731 -94.182721 -841.898830
v -1179.633534 -214.690877 -909.725551
v -1179.633534 -162.824575 -909.725551
v -1365.495838 -277.600530 -934.185390
v -1365.495838 -227.412649 -934.185390
v -1365.495838 -277.579412 -998.765224
v -1365.495838 -227.433462 -998.765224
v -1162.823719 -211.534139 -972.500149
v -1162.823719 -159.741857 -972.500149
v -983.392811 -140.590398 -898.177456
v -983.392811 -87.454946 -898.177456
v -829.320301 -46.891996 -779.953457
v -829.320301 7.198726 -779.953457
v -711.096302 44.633185 -625.880947
v -711.096302 97.426516 -625.880947
v -636.777577 113.655718 -446.459499
v -636.777577 164.296824 -446.459499
v -611.897816 150.789424 -257.479580
v -611.897816 199.969782 -257.479580
v -676.326893 391.748408 -56.550968
v -676.326893 440.525202 -56.550945
v -611.897816 440.502162 -56.550945
v -611.897816 391.771205 -56.550968
v -676.326893 377.048518 -253.256679
v -676.326893 426.457270 -253.256679
v -699.548207 334.957636 -429.640255
v -699.548207 386.052119 -429.640224
v -767.374989 264.291133 -593.388393
v -767.374867 317.589533 -593.388393
v -875.271595 174.408839 -734.002041
v -875.271595 228.856593 -734.002041
v -1015.885731 84.508761 -841.898769
v -1015.885731 137.799037 -841.898769
v -1179.633534 17.290867 -909.725551
v -1179.633534 69.157183 -909.725551
v -1365.495838 -45.618955 -934.185390
v -1365.495838 4.568932 -934.185390
v -1365.495838 -45.597913 -998.765224
v -1365.495838 4.548044 -998.765224
v -1162.823719 20.447220 -972.500088
v -1162.823719 72.239474 -972.500088
v -983.392811 91.390803 -898.177395
v -983.392811 144.526240 -898.177395
v -829.320301 185.089625 -779.953396
v -829.320301 239.180354 -779.953396
v -711.096302 276.614558 -625.880947
v -711.096302 329.407893 -625.880947
v -636.777577 345.637263 -446.459560
v -636.777577 396.278376 -446.459560
v -611.897816 382.770411 -257.479519
v -611.897816 431.950770 -257.479519
v -1045.976795 100.987322 -1408.808071
v -1045.976795 92.724711 -1408.808071
v -1045.976795 84.462107 -1408.808071
v -1045.976795 76.199496 -1408.808071
v -1365.495838 -32.254369 -1446.442592
v -1365.495838 -24.434743 -1446.442592
v -1365.495838 -16.615117 -1446.442592
v -1365.495838 -8.795492 -1446.442592
v -1365.495838 -32.263067 -1376.961513
v -1365.495838 -24.437654 -1376.961513
v -1365.495838 -16.612241 -1376.961513
v -1365.495838 -8.786827 -1376.961513
v -1063.955311 71.443263 -1341.191006
v -1063.955311 79.743212 -1341.191006
v -1063.955311 88.043170 -1341.191006
v -1063.955311 96.343119 -1341.191006
v -792.529408 222.637187 -1228.763027
v -792.529408 230.985072 -1228.763027
v -792.529408 239.332942 -1228.763027
v -792.529408 247.680827 -1228.763027
v -559.398670 335.158290 -1049.874965
v -559.398670 343.104914 -1049.874965
v -559.398670 351.051509 -1049.874965
v -559.398670 358.998133 -1049.874965
v -380.511463 393.508845 -816.744228
v -380.511463 401.191645 -816.744228
v -380.511463 408.874446 -816.744228
v -380.511463 416.557246 -816.744228
v -268.057728 404.726435 -545.257473
v -268.057728 412.333277 -545.257473
v -268.057728 419.940089 -545.257473
v -268.057728 427.546931 -545.257473
v -233.437001 404.726405 -282.285244
v -233.437001 412.333247 -282.285244
v -233.437001 419.940058 -282.285244
v -233.437001 427.546900 -282.285244
v -233.437001 404.726405 -56.550960
v -233.437001 412.333247 -56.550960
v -233.437001 419.940058 -56.550953
v -233.437001 427.546900 -56.550953
v -164.086659 404.726435 -56.550960
v -164.086659 412.333277 -56.550960
v -164.086659 419.940089 -56.550953
v -164.086659 427.546931 -56.550953
v -164.086659 404.726374 -286.830440
v -164.086659 412.333216 -286.830440
v -164.086659 419.940028 -286.830440
v -164.086659 427.546870 -286.830440
v -200.492665 404.725062 -563.361416
v -200.492665 412.332820 -563.361416
v -200.492665 419.940547 -563.361416
v -200.492665 427.548304 -563.361416
v -319.933949 399.765437 -851.718593
v -319.933949 407.418360 -851.718593
v -319.933949 415.071314 -851.718593
v -319.933949 422.724238 -851.718593
v -509.937733 350.867213 -1099.336147
v -509.937733 358.787409 -1099.336147
v -509.937733 366.707636 -1099.336147
v -509.937733 374.627833 -1099.336147
v -757.555287 231.113963 -1289.339931
v -757.555287 239.431513 -1289.339931
v -757.555287 247.749064 -1289.339931
v -757.555287 256.066615 -1289.339931
v -1045.976795 -15.003875 -1408.807949
v -1045.976795 -23.266481 -1408.807949
v -1045.976795 -31.529086 -1408.807949
v -1045.976795 -39.791692 -1408.807949
v -1365.495838 -148.245214 -1446.442592
v -1365.495838 -140.425588 -1446.442592
v -1365.495838 -132.605962 -1446.442592
v -1365.495838 -124.786344 -1446.442592
v -1365.495838 -148.253942 -1376.961513
v -1365.495838 -140.428533 -1376.961513
v -1365.495838 -132.603124 -1376.961513
v -1365.495838 -124.777707 -1376.961513
v -1063.955311 -44.547658 -1341.190883
v -1063.955311 -36.247709 -1341.190883
v -1063.955311 -27.947755 -1341.190883
v -1063.955311 -19.647804 -1341.190883
v -792.529408 106.646456 -1228.763027
v -792.529408 114.994341 -1228.763027
v -792.529408 123.342219 -1228.763027
v -792.529408 131.690104 -1228.763027
v -559.398670 219.167582 -1049.874965
v -559.398670 227.114192 -1049.874965
v -559.398670 235.060786 -1049.874965
v -559.398670 243.007395 -1049.874965
v -380.511463 277.518031 -816.744228
v -380.511463 285.200831 -816.744228
v -380.511463 292.883631 -816.744228
v -380.511463 300.566432 -816.744228
v -268.057850 288.735896 -545.257534
v -268.057850 296.342738 -545.257534
v -268.057850 303.949549 -545.257534
v -268.057850 311.556391 -545.257534
v -233.437001 288.735743 -282.285244
v -233.437001 296.342585 -282.285244
v -233.437001 303.949397 -282.285244
v -233.437001 311.556239 -282.285244
v -233.437001 288.735652 -56.551090
v -233.437001 296.342494 -56.551082
v -233.437001 303.949305 -56.551082
v -233.437001 311.556147 -56.551075
v -164.086659 288.735835 -56.551090
v -164.086659 296.342677 -56.551082
v -164.086659 303.949488 -56.551082
v -164.086659 311.556330 -56.551075
v -164.086659 288.735743 -286.830379
v -164.086659 296.342585 -286.830379
v -164.086659 303.949397 -286.830379
v -164.086659 311.556239 -286.830379
v -200.492665 288.734522 -563.361355
v -200.492665 296.342280 -563.361355
v -200.492665 303.950007 -563.361355
v -200.492665 311.557765 -563.361355
v -319.933949 283.774653 -851.718593
v -319.933949 291.427577 -851.718593
v -319.933949 299.080531 -851.718593
v -319.933949 306.733454 -851.718593
v -509.937733 234.876567 -1099.336147
v -509.937733 242.796778 -1099.336147
v -509.937733 250.716990 -1099.336147
v -509.937733 258.637202 -1099.336147
v -757.555287 115.123271 -1289.339931
v -757.555287 123.440829 -1289.339931
v -757.555287 131.758387 -1289.339931
v -757.555287 140.075938 -1289.339931
v -1045.976795 -130.994649 -1408.807827
v -1045.976795 -139.257253 -1408.807827
v -1045.976795 -147.519857 -1408.807827
v -1045.976795 -155.782461 -1408.807827
v -1365.495838 -264.235784 -1446.442592
v -1365.495838 -256.416173 -1446.442592
v -1365.495838 -248.596547 -1446.442592
v -1365.495838 -240.776922 -1446.442592
v -1365.495838 -264.244573 -1376.961513
v -1365.495838 -256.419164 -1376.961513
v -1365.495838 -248.593740 -1376.961513
v -1365.495838 -240.768331 -1376.961513
v -1063.955311 -160.538381 -1341.191006
v -1063.955311 -152.238424 -1341.191006
v -1063.955311 -143.938466 -1341.191006
v -1063.955311 -135.638509 -1341.191006
v -792.529408 -9.344233 -1228.762905
v -792.529408 -0.996350 -1228.762905
v -792.529408 7.351532 -1228.762905
v -792.529408 15.699415 -1228.762905
v -559.398670 103.176798 -1049.874965
v -559.398670 111.123400 -1049.874965
v -559.398670 119.070010 -1049.874965
v -559.398670 127.016612 -1049.874965
v -380.511341 161.527247 -816.744289
v -380.511341 169.210047 -816.744289
v -380.511341 176.892848 -816.744289
v -380.511341 184.575648 -816.744289
v -268.057728 172.745188 -545.257534
v -268.057728 180.352015 -545.257534
v -268.057728 187.958827 -545.257534
v -268.057728 195.565653 -545.257534
v -233.436878 172.744914 -282.285274
v -233.436878 180.351740 -282.285274
v -233.436878 187.958552 -282.285274
v -233.436878 195.565379 -282.285274
v -233.437001 172.744792 -56.551090
v -233.437001 180.351618 -56.551090
v -233.437001 187.958430 -56.551098
v -233.437001 195.565257 -56.551098
v -164.086659 172.745005 -56.551090
v -164.086659 180.351832 -56.551090
v -164.086659 187.958644 -56.551098
v -164.086659 195.565470 -56.551098
v -164.086659 172.744944 -286.830410
v -164.086659 180.351771 -286.830410
v -164.086659 187.958583 -286.830410
v -164.086659 195.565409 -286.830410
v -200.492665 172.743785 -563.361416
v -200.492665 180.351542 -563.361416
v -200.492665 187.959300 -563.361416
v -200.492665 195.567057 -563.361416
v -319.934071 167.783671 -851.718532
v -319.934071 175.436610 -851.718532
v -319.934071 183.089533 -851.718532
v -319.934071 190.742472 -851.718532
v -509.937733 118.885913 -1099.336147
v -509.937733 126.806124 -1099.336147
v -509.937733 134.726344 -1099.336147
v -509.937733 142.646556 -1099.336147
v -757.555287 -0.867488 -1289.339931
v -757.555287 7.450068 -1289.339931
v -757.555287 15.767624 -1289.339931
v -757.555287 24.085179 -1289.339931
v -676.326893 195.580989 -56.551098
v -676.326893 187.964015 -56.551098
v -676.326893 180.347041 -56.551090
v -676.326893 172.730067 -56.551090
v -611.897816 172.734172 -56.551090
v -611.897816 180.348246 -56.551090
v -611.897816 187.962321 -56.551098
v -611.897816 195.576396 -56.551098
v -611.897816 163.860819 -257.479580
v -611.897816 171.540003 -257.479580
v -611.897816 179.219203 -257.479580
v -611.897816 186.898387 -257.479580
v -636.777577 127.123820 -446.459499
v -636.777577 135.025447 -446.459499
v -636.777577 142.927088 -446.459499
v -636.777577 150.828715 -446.459499
v -711.096302 58.686782 -625.880947
v -711.096302 66.915492 -625.880947
v -711.096302 75.144206 -625.880947
v -711.096302 83.372920 -625.880947
v -829.320301 -32.486024 -779.953457
v -829.320301 -24.059766 -779.953457
v -829.320301 -15.633506 -779.953457
v -829.320301 -7.207248 -779.953457
v -983.392811 -126.443838 -898.177456
v -983.392811 -118.163061 -898.177456
v -983.392811 -109.882284 -898.177456
v -983.392811 -101.601507 -898.177456
v -1162.823719 -197.721380 -972.500149
v -1162.823719 -189.665792 -972.500149
v -1162.823719 -181.610219 -972.500149
v -1162.823719 -173.554632 -972.500149
v -1365.495838 -264.214300 -998.765224
v -1365.495838 -256.409063 -998.765224
v -1365.495838 -248.603826 -998.765224
v -1365.495838 -240.798589 -998.765224
v -1365.495838 -264.237676 -934.185390
v -1365.495838 -256.416967 -934.185390
v -1365.495838 -248.596242 -934.185390
v -1365.495838 -240.775518 -934.185390
v -1179.633534 -200.893468 -909.725551
v -1179.633534 -192.802968 -909.725551
v -1179.633534 -184.712484 -909.725551
v -1179.633534 -176.621984 -909.725551
v -1015.885487 -133.343145 -841.898830
v -1015.885487 -124.999624 -841.898830
v -1015.885487 -116.656095 -841.898830
v -1015.885487 -108.312574 -841.898830
v -875.271595 -43.142862 -734.002102
v -875.271595 -34.613565 -734.002102
v -875.271595 -26.084268 -734.002102
v -875.271595 -17.554971 -734.002102
v -767.374867 46.441592 -593.388393
v -767.374867 54.786433 -593.388393
v -767.374867 63.131274 -593.388393
v -767.374867 71.476115 -593.388393
v -699.548207 116.538104 -429.640224
v -699.548207 124.528277 -429.640224
v -699.548207 132.518458 -429.640224
v -699.548207 140.508631 -429.640224
v -676.326893 158.194728 -253.256740
v -676.326893 165.912593 -253.256740
v -676.326893 173.630458 -253.256740
v -676.326893 181.348323 -253.256740
v -676.326893 311.571772 -56.551075
v -676.326893 303.954798 -56.551082
v -676.326893 296.337794 -56.551082
v -676.326893 288.720820 -56.551090
v -611.897816 288.725001 -56.551090
v -611.897816 296.339076 -56.551082
v -611.897816 303.953150 -56.551082
v -611.897816 311.567225 -56.551075
v -611.897816 279.851344 -257.479580
v -611.897816 287.530543 -257.479580
v -611.897816 295.209742 -257.479580
v -611.897816 302.888941 -257.479580
v -636.777577 243.114558 -446.459499
v -636.777577 251.016184 -446.459499
v -636.777577 258.917811 -446.459499
v -636.777577 266.819453 -446.459499
v -711.096302 174.677500 -625.880886
v -711.096302 182.906214 -625.880886
v -711.096302 191.134913 -625.880886
v -711.096302 199.363627 -625.880886
v -829.320301 83.504840 -779.953335
v -829.320301 91.931101 -779.953335
v -829.320301 100.357363 -779.953335
v -829.320301 108.783625 -779.953335
v -983.392811 -10.453200 -898.177395
v -983.392811 -2.172423 -898.177395
v -983.392811 6.108353 -898.177395
v -983.392811 14.389129 -898.177395
v -1162.823719 -81.730535 -972.500149
v -1162.823719 -73.674955 -972.500149
v -1162.823719 -65.619375 -972.500149
v -1162.823719 -57.563798 -972.500149
v -1365.495838 -148.223684 -998.765224
v -1365.495838 -140.418447 -998.765224
v -1365.495838 -132.613210 -998.765224
v -1365.495838 -124.807966 -998.765224
v -1365.495838 -148.247075 -934.185390
v -1365.495838 -140.426351 -934.185390
v -1365.495838 -132.605642 -934.185390
v -1365.495838 -124.784917 -934.185390
v -1179.633534 -84.902707 -909.725551
v -1179.633534 -76.812208 -909.725551
v -1179.633534 -68.721708 -909.725551
v -1179.633534 -60.631208 -909.725551
v -1015.885731 -17.352264 -841.898769
v -1015.885731 -9.008741 -841.898769
v -1015.885731 -0.665218 -841.898769
v -1015.885731 7.678305 -841.898769
v -875.271595 72.847972 -734.002102
v -875.271595 81.377268 -734.002102
v -875.271595 89.906565 -734.002102
v -875.271595 98.435862 -734.002102
v -767.374867 162.432337 -593.388393
v -767.374867 170.777171 -593.388393
v -767.374867 179.122019 -593.388393
v -767.374867 187.466853 -593.388393
v -699.548207 232.528865 -429.640224
v -699.548207 240.519038 -429.640224
v -699.548207 248.509211 -429.640224
v -699.548207 256.499385 -429.640224
v -676.326893 274.185389 -253.256740
v -676.326893 281.903254 -253.256740
v -676.326893 289.621150 -253.256740
v -676.326893 297.339015 -253.256740
v -676.326893 427.562281 -56.550953
v -676.326893 419.945307 -56.550953
v -676.326893 412.328303 -56.550960
v -676.326893 404.711329 -56.550960
v -611.897816 404.715571 -56.550960
v -611.897816 412.329646 -56.550960
v -611.897816 419.943720 -56.550953
v -611.897816 427.557795 -56.550953
v -611.897816 395.841822 -257.479519
v -611.897816 403.520991 -257.479519
v -611.897816 411.200190 -257.479519
v -611.897816 418.879359 -257.479519
v -636.777577 359.105372 -446.459560
v -636.777577 367.007014 -446.459560
v -636.777577 374.908625 -446.459560
v -636.777577 382.810267 -446.459560
v -711.096302 290.668147 -625.880947
v -711.096302 298.896876 -625.880947
v -711.096302 307.125575 -625.880947
v -711.096302 315.354304 -625.880947
v -829.320301 199.495600 -779.953396
v -829.320301 207.921855 -779.953396
v -829.320301 216.348124 -779.953396
v -829.320301 224.774378 -779.953396
v -983.392811 105.537356 -898.177395
v -983.392811 113.818133 -898.177395
v -983.392811 122.098918 -898.177395
v -983.392811 130.379695 -898.177395
v -1162.823719 34.259986 -972.500088
v -1162.823719 42.315562 -972.500088
v -1162.823719 50.371134 -972.500088
v -1162.823719 58.426711 -972.500088
v -1365.495838 -32.232793 -998.765224
v -1365.495838 -24.427554 -998.765224
v -1365.495838 -16.622314 -998.765224
v -1365.495838 -8.817075 -998.765224
v -1365.495838 -32.256090 -934.185390
v -1365.495838 -24.435369 -934.185390
v -1365.495838 -16.614650 -934.185390
v -1365.495838 -8.793929 -934.185390
v -1179.633534 31.088271 -909.725551
v -1179.633534 39.178771 -909.725551
v -1179.633534 47.269274 -909.725551
v -1179.633534 55.359774 -909.725551
v -1015.885731 98.638613 -841.898769
v -1015.885731 106.982134 -841.898769
v -1015.885731 115.325656 -841.898769
v -1015.885731 123.669177 -841.898769
v -875.271595 188.838771 -734.002041
v -875.271595 197.368067 -734.002041
v -875.271595 205.897364 -734.002041
v -875.271595 214.426661 -734.002041
v -767.374867 278.423060 -593.388393
v -767.374867 286.767909 -593.388393
v -767.374867 295.112757 -593.388393
v -767.374867 303.457606 -593.388393
v -699.548207 348.519618 -429.640224
v -699.548207 356.509791 -429.640224
v -699.548207 364.499964 -429.640224
v -699.548207 372.490138 -429.640224
v -676.326893 390.176081 -253.256679
v -676.326893 397.893946 -253.256679
v -676.326893 405.611842 -253.256679
v -676.326893 413.329707 -253.256679
v -1046.470692 76.199496 -1406.912929
v -1046.470692 84.462107 -1406.912929
v -1363.555897 -24.434743 -1444.260708
v -1363.555897 -32.254369 -1444.260708
v -1363.555897 -24.437654 -1378.685024
v -1363.555897 -32.263067 -1378.685024
v -1063.460682 79.743212 -1343.086025
v -1063.460682 71.443263 -1343.086025
v -791.551136 230.985072 -1230.457607
v -791.551136 222.637187 -1230.457607
v -558.015126 343.104914 -1051.258632
v -558.015126 335.158290 -1051.258632
v -378.816883 401.191645 -817.722561
v -378.816883 393.508845 -817.722561
v -266.167713 412.333277 -545.763882
v -266.167713 404.726435 -545.763882
v -231.497059 412.333247 -282.412411
v -231.497059 404.726405 -282.412411
v -231.497059 412.333247 -58.490963
v -231.497059 404.726405 -58.490963
v -166.026722 412.333277 -58.490963
v -166.026722 404.726435 -58.490963
v -166.026722 412.333216 -286.703274
v -166.026722 404.726374 -286.703274
v -202.382679 412.332820 -562.855007
v -202.382679 404.725062 -562.855007
v -321.628529 407.418360 -850.740200
v -321.628529 399.765437 -850.740200
v -511.321400 358.787409 -1097.952480
v -511.321400 350.867213 -1097.952480
v -758.533680 239.431513 -1287.645351
v -758.533680 231.113963 -1287.645351
v -1046.470692 92.724711 -1406.912807
v -1046.470692 100.987322 -1406.912807
v -1363.555897 -8.795492 -1444.260708
v -1363.555897 -16.615117 -1444.260708
v -1363.555897 -8.786827 -1378.685024
v -1363.555897 -16.612241 -1378.685024
v -1063.460682 96.343119 -1343.086025
v -1063.460682 88.043170 -1343.086025
v -791.551014 247.680827 -1230.457607
v -791.551014 239.332942 -1230.457607
v -558.015126 358.998133 -1051.258632
v -558.015126 351.051509 -1051.258632
v -378.816883 416.557246 -817.722622
v -378.816883 408.874446 -817.722622
v -266.167591 427.546931 -545.763943
v -266.167591 419.940089 -545.763943
v -231.497059 427.546900 -282.412380
v -231.497059 419.940058 -282.412380
v -231.497059 427.546900 -58.490955
v -231.497059 419.940058 -58.490955
v -166.026722 427.546931 -58.490955
v -166.026722 419.940089 -58.490955
v -166.026722 427.546870 -286.703274
v -166.026722 419.940028 -286.703274
v -202.382679 427.548304 -562.854946
v -202.382679 419.940547 -562.854946
v -321.628529 422.724238 -850.740200
v -321.628529 415.071314 -850.740200
v -511.321400 374.627833 -1097.952480
v -511.321400 366.707636 -1097.952480
v -758.533680 256.066615 -1287.645229
v -758.533680 247.749064 -1287.645229
v -1046.470692 -39.791692 -1406.912685
v -1046.470692 -31.529086 -1406.912685
v -1363.555897 -140.425588 -1444.260708
v -1363.555897 -148.245214 -1444.260708
v -1363.555897 -140.428533 -1378.685024
v -1363.555897 -148.253942 -1378.685024
v -1063.460682 -36.247709 -1343.085903
v -1063.460682 -44.547658 -1343.085903
v -791.551136 114.994341 -1230.457607
v -791.551136 106.646456 -1230.457607
v -558.015126 227.114192 -1051.258632
v -558.015126 219.167582 -1051.258632
v -378.816883 285.200831 -817.722622
v -378.816883 277.518031 -817.722622
v -266.167713 296.342738 -545.764004
v -266.167713 288.735896 -545.764004
v -231.497059 296.342585 -282.412411
v -231.497059 288.735743 -282.412411
v -231.497059 296.342494 -58.491085
v -231.497059 288.735652 -58.491093
v -166.026722 296.342677 -58.491085
v -166.026722 288.735835 -58.491093
v -166.026722 296.342585 -286.703213
v -166.026722 288.735743 -286.703213
v -202.382801 296.342280 -562.854885
v -202.382801 288.734522 -562.854885
v -321.628529 291.427577 -850.740200
v -321.628529 283.774653 -850.740200
v -511.321400 242.796778 -1097.952480
v -511.321400 234.876567 -1097.952480
v -758.533680 123.440829 -1287.645351
v -758.533680 115.123271 -1287.645351
v -1046.470692 -23.266481 -1406.912685
v -1046.470692 -15.003875 -1406.912685
v -1363.555897 -124.786344 -1444.260708
v -1363.555897 -132.605962 -1444.260708
v -1363.555897 -124.777707 -1378.685024
v -1363.555897 -132.603124 -1378.685024
v -1063.460682 -19.647804 -1343.085781
v -1063.460682 -27.947755 -1343.085781
v -791.551136 131.690104 -1230.457607
v -791.551136 123.342219 -1230.457607
v -558.015126 243.007395 -1051.258632
v -558.015126 235.060786 -1051.258632
v -378.816883 300.566432 -817.722622
v -378.816883 292.883631 -817.722622
v -266.167836 311.556391 -545.764004
v -266.167836 303.949549 -545.764004
v -231.497059 311.556239 -282.412380
v -231.497059 303.949397 -282.412380
v -231.497059 311.556147 -58.491077
v -231.497059 303.949305 -58.491085
v -166.026722 311.556330 -58.491077
v -166.026722 303.949488 -58.491085
v -166.026722 311.556239 -286.703213
v -166.026722 303.949397 -286.703213
v -202.382801 311.557765 -562.854946
v -202.382801 303.950007 -562.854946
v -321.628529 306.733454 -850.740200
v -321.628529 299.080531 -850.740200
v -511.321278 258.637202 -1097.952480
v -511.321278 250.716990 -1097.952480
v -758.533680 140.075938 -1287.645351
v -758.533680 131.758387 -1287.645351
v -1046.470692 -155.782461 -1406.912685
v -1046.470692 -147.519857 -1406.912685
v -1363.555897 -256.416173 -1444.260708
v -1363.555897 -264.235784 -1444.260708
v -1363.555897 -256.419164 -1378.685024
v -1363.555897 -264.244573 -1378.685024
v -1063.460682 -152.238424 -1343.086025
v -1063.460682 -160.538381 -1343.086025
v -791.551014 -0.996350 -1230.457485
v -791.551014 -9.344233 -1230.457485
v -558.015126 111.123400 -1051.258632
v -558.015126 103.176798 -1051.258632
v -378.816761 169.210047 -817.722683
v -378.816761 161.527247 -817.722683
v -266.167591 180.352015 -545.764004
v -266.167591 172.745188 -545.764004
v -231.496815 180.351740 -282.412441
v -231.496815 172.744914 -282.412441
v -231.497059 180.351618 -58.491093
v -231.497059 172.744792 -58.491093
v -166.026722 180.351832 -58.491093
v -166.026722 172.745005 -58.491093
v -166.026722 180.351771 -286.703243
v -166.026722 172.744944 -286.703243
v -202.382801 180.351542 -562.854946
v -202.382801 172.743785 -562.854946
v -321.628651 175.436610 -850.740200
v -321.628651 167.783671 -850.740200
v -511.321400 126.806124 -1097.952480
v -511.321400 118.885913 -1097.952480
v -758.533680 7.450068 -1287.645351
v -758.533680 -0.867488 -1287.645351
v -1046.470692 -139.257253 -1406.912685
v -1046.470692 -130.994649 -1406.912685
v -1363.555897 -240.776922 -1444.260708
v -1363.555897 -248.596547 -1444.260708
v -1363.555897 -240.768331 -1378.685024
v -1363.555897 -248.593740 -1378.685024
v -1063.460682 -135.638509 -1343.086025
v -1063.460682 -143.938466 -1343.086025
v -791.551014 15.699415 -1230.457485
v -791.551014 7.351532 -1230.457485
v -558.015126 127.016612 -1051.258632
v -558.015126 119.070010 -1051.258632
v -378.816761 184.575648 -817.722683
v -378.816761 176.892848 -817.722683
v -266.167591 195.565653 -545.764004
v -266.167591 187.958827 -545.764004
v -231.496815 195.565379 -282.412441
v -231.496815 187.958552 -282.412441
v -231.497059 195.565257 -58.491100
v -231.497059 187.958430 -58.491100
v -166.026722 195.565470 -58.491100
v -166.026722 187.958644 -58.491100
v -166.026722 195.565409 -286.703243
v -166.026722 187.958583 -286.703243
v -202.382679 195.567057 -562.854946
v -202.382679 187.959300 -562.854946
v -321.628651 190.742472 -850.740200
v -321.628651 183.089533 -850.740200
v -511.321400 142.646556 -1097.952602
v -511.321400 134.726344 -1097.952602
v -758.533680 24.085179 -1287.645351
v -758.533680 15.767624 -1287.645351
v -674.386830 172.730067 -58.491093
v -674.386830 180.347041 -58.491093
v -613.837879 180.348246 -58.491093
v -613.837879 172.734172 -58.491093
v -613.837879 171.540003 -257.352413
v -613.837879 163.860819 -257.352413
v -638.667591 135.025447 -445.953060
v -638.667591 127.123820 -445.953060
v -712.790882 66.915492 -624.902553
v -712.790882 58.686782 -624.902553
v -830.703968 -24.059766 -778.569851
v -830.703968 -32.486024 -778.569851
v -984.371083 -118.163061 -896.482876
v -984.371083 -126.443838 -896.482876
v -1163.328358 -189.665792 -970.609340
v -1163.328358 -197.721380 -970.609340
v -1363.555897 -256.409063 -996.557583
v -1363.555897 -264.214300 -996.557583
v -1363.555897 -256.416967 -935.886806
v -1363.555897 -264.237676 -935.886806
v -1179.127186 -192.802968 -911.615627
v -1179.127186 -200.893468 -911.615627
v -1014.907215 -124.999624 -843.593410
v -1014.907215 -133.343145 -843.593410
v -873.887928 -34.613565 -735.385708
v -873.887928 -43.142862 -735.385708
v -765.680287 54.786433 -594.366787
v -765.680287 46.441592 -594.366787
v -697.658070 124.528277 -430.146663
v -697.658070 116.538104 -430.146663
v -674.386830 165.912593 -253.383907
v -674.386830 158.194728 -253.383907
v -674.386830 187.964015 -58.491100
v -674.386830 195.580989 -58.491100
v -613.837879 195.576396 -58.491100
v -613.837879 187.962321 -58.491100
v -613.837879 186.898387 -257.352413
v -613.837879 179.219203 -257.352413
v -638.667591 150.828715 -445.953060
v -638.667591 142.927088 -445.953060
v -712.790882 83.372920 -624.902553
v -712.790882 75.144206 -624.902553
v -830.703968 -7.207248 -778.569851
v -830.703968 -15.633506 -778.569851
v -984.371083 -101.601507 -896.482876
v -984.371083 -109.882284 -896.482876
v -1163.328358 -173.554632 -970.609340
v -1163.328358 -181.610219 -970.609340
v -1363.555897 -240.798589 -996.557583
v -1363.555897 -248.603826 -996.557583
v -1363.555897 -240.775518 -935.886806
v -1363.555897 -248.596242 -935.886806
v -1179.127186 -176.621984 -911.615566
v -1179.127186 -184.712484 -911.615566
v -1014.907215 -108.312574 -843.593410
v -1014.907215 -116.656095 -843.593410
v -873.887928 -17.554971 -735.385708
v -873.887928 -26.084268 -735.385708
v -765.680287 71.476115 -594.366787
v -765.680287 63.131274 -594.366787
v -697.658070 140.508631 -430.146663
v -697.658070 132.518458 -430.146663
v -674.386830 181.348323 -253.383907
v -674.386830 173.630458 -253.383907
v -674.386830 288.720820 -58.491093
v -674.386830 296.337794 -58.491085
v -613.837879 296.339076 -58.491085
v -613.837879 288.725001 -58.491093
v -613.837879 287.530543 -257.352413
v -613.837879 279.851344 -257.352413
v -638.667591 251.016184 -445.953060
v -638.667591 243.114558 -445.953060
v -712.790882 182.906214 -624.902492
v -712.790882 174.677500 -624.902492
v -830.703968 91.931101 -778.569729
v -830.703968 83.504840 -778.569729
v -984.371083 -2.172423 -896.482876
v -984.371083 -10.453200 -896.482876
v -1163.328358 -73.674955 -970.609340
v -1163.328358 -81.730535 -970.609340
v -1363.555897 -140.418447 -996.557583
v -1363.555897 -148.223684 -996.557583
v -1363.555897 -140.426351 -935.886806
v -1363.555897 -148.247075 -935.886806
v -1179.127186 -76.812208 -911.615627
v -1179.127186 -84.902707 -911.615627
v -1014.907215 -9.008741 -843.593349
v -1014.907215 -17.352264 -843.593349
v -873.887928 81.377268 -735.385708
v -873.887928 72.847972 -735.385708
v -765.680287 170.777171 -594.366787
v -765.680287 162.432337 -594.366787
v -697.658070 240.519038 -430.146663
v -697.658070 232.528865 -430.146663
v -674.386830 281.903254 -253.383907
v -674.386830 274.185389 -253.383907
v -674.386830 303.954798 -58.491085
v -674.386830 311.571772 -58.491077
v -613.837879 311.567225 -58.491077
v -613.837879 303.953150 -58.491085
v -613.837879 302.888941 -257.352413
v -613.837879 295.209742 -257.352413
v -638.667591 266.819453 -445.953060
v -638.667591 258.917811 -445.953060
v -712.790882 199.363627 -624.902492
v -712.790882 191.134913 -624.902492
v -830.703968 108.783625 -778.569729
v -830.703968 100.357363 -778.569729
v -984.371083 14.389129 -896.482815
v -984.371083 6.108353 -896.482815
v -1163.328358 -57.563798 -970.609340
v -1163.328358 -65.619375 -970.609340
v -1363.555897 -124.807966 -996.557583
v -1363.555897 -132.613210 -996.557583
v -1363.555897 -124.784917 -935.886806
v -1363.555897 -132.605642 -935.886806
v -1179.127186 -60.631208 -911.615566
v -1179.127186 -68.721708 -911.615566
v -1014.907215 7.678305 -843.593349
v -1014.907215 -0.665218 -843.593349
v -873.887928 98.435862 -735.385708
v -873.887928 89.906565 -735.385708
v -765.680287 187.466853 -594.366787
v -765.680287 179.122019 -594.366787
v -697.658070 256.499385 -430.146663
v -697.658070 248.509211 -430.146663
v -674.386830 297.339015 -253.383907
v -674.386830 289.621150 -253.383907
v -674.386830 404.711329 -58.490963
v -674.386830 412.328303 -58.490963
v -613.837879 412.329646 -58.490963
v -613.837879 404.715571 -58.490963
v -613.837879 403.520991 -257.352352
v -613.837879 395.841822 -257.352352
v -638.667591 367.007014 -445.953121
v -638.667591 359.105372 -445.953121
v -712.790882 298.896876 -624.902553
v -712.790882 290.668147 -624.902553
v -830.703968 207.921855 -778.569790
v -830.703968 199.495600 -778.569790
v -984.371327 113.818133 -896.482815
v -984.371327 105.537356 -896.482815
v -1163.328358 42.315562 -970.609340
v -1163.328358 34.259986 -970.609340
v -1363.555897 -24.427554 -996.557644
v -1363.555897 -32.232793 -996.557644
v -1363.555897 -24.435369 -935.886806
v -1363.555897 -32.256090 -935.886806
v -1179.127186 39.178771 -911.615688
v -1179.127186 31.088271 -911.615688
v -1014.907215 106.982134 -843.593349
v -1014.907215 98.638613 -843.593349
v -873.887928 197.368067 -735.385647
v -873.887928 188.838771 -735.385647
v -765.680287 286.767909 -594.366787
v -765.680287 278.423060 -594.366787
v -697.658070 356.509791 -430.146663
v -697.658070 348.519618 -430.146663
v -674.386830 397.893946 -253.383846
v -674.386830 390.176081 -253.383846
v -674.386830 419.945307 -58.490955
v -674.386830 427.562281 -58.490955
v -613.837879 427.557795 -58.490955
v -613.837879 419.943720 -58.490955
v -613.837879 418.879359 -257.352352
v -613.837879 411.200190 -257.352352
v -638.667591 382.810267 -445.953121
v -638.667591 374.908625 -445.953121
v -712.790882 315.354304 -624.902553
v -712.790882 307.125575 -624.902553
v -830.703968 224.774378 -778.569790
v -830.703968 216.348124 -778.569790
v -984.371327 130.379695 -896.482876
v -984.371327 122.098918 -896.482876
v -1163.328358 58.426711 -970.609279
v -1163.328358 50.371134 -970.609279
v -1363.555897 -8.817075 -996.557583
v -1363.555897 -16.622314 -996.557583
v -1363.555897 -8.793929 -935.886806
v -1363.555897 -16.614650 -935.886806
v -1179.127186 55.359774 -911.615627
v -1179.127186 47.269274 -911.615627
v -1014.907215 123.669177 -843.593349
v -1014.907215 115.325656 -843.593349
v -873.887928 214.426661 -735.385647
v -873.887928 205.897364 -735.385647
v -765.680287 303.457606 -594.366787
v -765.680287 295.112757 -594.366787
v -697.658070 372.490138 -430.146663
v -697.658070 364.499964 -430.146663
v -674.386830 413.329707 -253.383846
v -674.386830 405.611842 -253.383846
v -406.778065 578.024134 -66.620998
v -438.556629 578.024134 -66.620998
v -438.556629 532.127650 -66.620998
v -406.778065 532.127650 -66.620998
v -438.551503 527.389674 -268.841244
v -406.777455 528.089259 -270.923824
v -467.789051 507.749781 -491.739742
v -437.008534 511.330744 -499.987331
v -559.273182 466.066126 -713.536037
v -532.293568 473.971583 -729.112697
v -705.162953 390.469264 -904.110866
v -683.386463 400.806025 -925.887356
v -895.718739 288.026576 -1050.033657
v -881.581288 296.316767 -1077.839321
v -1117.563710 179.612010 -1141.373623
v -1109.286366 182.599009 -1172.265224
v -1355.426014 95.465724 -1170.664028
v -1355.426014 95.465724 -1202.549038
v -1355.426014 141.362025 -1170.664028
v -1355.426014 141.362025 -1202.549038
v -1117.542958 225.516017 -1141.450771
v -1109.286366 228.495555 -1172.265224
v -895.666493 333.953547 -1050.124111
v -881.667103 342.162623 -1077.646084
v -705.007557 436.439540 -904.266262
v -683.542103 446.628657 -925.731716
v -559.273182 511.962580 -713.536037
v -532.293568 519.868067 -729.112697
v -467.789051 553.646327 -491.739742
v -437.008534 557.227259 -499.987331
v -438.549427 573.286219 -268.841366
v -406.779530 573.985682 -270.923702
v -1355.426014 -368.497289 -1202.549038
v -1355.426014 -368.497289 -1170.664028
v -1117.542958 -284.343664 -1141.450771
v -1109.286366 -281.364171 -1172.265224
v -895.666493 -175.905584 -1050.124111
v -881.667103 -167.696523 -1077.646084
v -705.007557 -73.420019 -904.266262
v -683.542103 -63.230909 -925.731716
v -467.789051 43.786780 -491.739742
v -437.008534 47.367751 -499.987331
v -438.549427 63.427054 -268.841366
v -406.779530 64.126467 -270.923702
v -438.556629 68.164355 -66.620998
v -406.778065 68.164324 -66.620998
v -438.556629 16.612866 -66.620998
v -406.778065 16.612832 -66.620998
v -438.551503 11.875588 -268.841244
v -406.777455 12.575085 -270.923824
v -467.789051 -7.764680 -491.739742
v -437.008534 -4.183710 -499.987331
v -705.162953 -125.045255 -904.110866
v -683.386463 -114.708501 -925.887356
v -895.718739 -227.487417 -1050.033657
v -881.581288 -219.197271 -1077.839321
v -1117.563710 -335.902593 -1141.373623
v -1109.286366 -332.915685 -1172.265224
v -1355.426014 -420.048742 -1170.664028
v -1355.426014 -420.048742 -1202.549038
v -406.725453 527.639002 -66.524090
v -438.504017 527.639002 -66.524090
v -406.572254 523.604640 -270.718715
v -438.346302 522.905177 -268.636135
v -436.321278 506.893611 -499.656154
v -467.101673 503.312647 -491.408596
v -530.908558 469.693690 -728.810940
v -557.888050 461.788233 -713.234279
v -681.464466 396.744288 -925.747890
v -703.240956 386.407557 -903.971401
v -879.537098 292.318629 -1077.832607
v -893.674549 284.028437 -1050.026943
v -1107.534413 178.456156 -1172.273159
v -1115.811756 175.469172 -1141.381557
v -1353.927479 91.233096 -1202.552822
v -1353.927479 91.233096 -1170.667812
v -1356.924061 -364.264654 -1202.545254
v -1356.924061 -364.264654 -1170.660244
v -1111.038075 -277.221288 -1172.257534
v -1119.294911 -280.200780 -1141.443081
v -883.711293 -163.698400 -1077.652920
v -897.710682 -171.907445 -1050.130947
v -685.463368 -59.168798 -925.871792
v -706.928822 -69.357900 -904.406338
v -437.695912 51.804881 -500.318508
v -468.476307 48.223914 -492.070888
v -406.984852 68.610987 -271.128811
v -438.754628 67.911578 -269.046474
v -406.830555 72.652972 -66.717892
v -438.609120 72.653002 -66.717892
v -836.502308 -187.388769 -772.771389
v -836.502308 -187.388769 -772.771389
v -836.502308 -187.388769 -772.771389
v -836.502308 -187.388769 -772.771389
v -719.892445 -96.512182 -620.802395
v -719.892445 -96.512182 -620.802395
v -719.892445 -96.512182 -620.802395
v -646.588368 -28.566015 -443.830654
v -646.588368 -28.566015 -443.830654
v -646.588368 -28.566015 -443.830654
v -646.588368 -28.566015 -443.830654
v -552.216786 -52.445531 -1057.057094
v -552.216786 -52.445531 -1057.057094
v -552.216786 -52.445531 -1057.057094
v -552.216786 -52.445531 -1057.057094
v -371.715077 5.509181 -821.822719
v -371.715077 5.509181 -821.822719
v -371.715077 5.509181 -821.822719
v -258.246937 16.613246 -547.886379
v -258.246937 16.613246 -547.886379
v -258.246937 16.613246 -547.886379
v -258.246937 16.613246 -547.886379
v -467.789051 -7.764680 -491.739742
v -467.789051 -7.764680 -491.739742
v -467.789051 -7.764680 -491.739742
v -437.008534 -4.183710 -499.987331
v -437.008534 -4.183710 -499.987331
v -437.008534 -4.183710 -499.987331
v -705.162953 -125.045255 -904.110866
v -705.162953 -125.045255 -904.110866
v -705.162953 -125.045255 -904.110866
v -683.386463 -114.708501 -925.887356
v -683.386463 -114.708501 -925.887356
v -683.386463 -114.708501 -925.887356
vt 0.484029 0.705736
vt 0.477826 0.705736
vt 0.477826 0.676063
vt 0.484029 0.676063
vt 0.676778 0.901683
vt 0.670928 0.901683
vt 0.657019 0.862566
vt 0.662870 0.862566
vt 0.637263 0.826123
vt 0.643113 0.826123
vt 0.460709 0.541669
vt 0.476813 0.567131
vt 0.470610 0.567131
vt 0.454506 0.541669
vt 0.483368 0.600313
vt 0.477165 0.600313
vt 0.484029 0.638955
vt 0.477826 0.638955
vt 0.066865 0.215815
vt 0.064936 0.240939
vt 0.058779 0.240939
vt 0.060708 0.215815
vt 0.916756 0.936787
vt 0.922609 0.936787
vt 0.914480 0.959539
vt 0.908627 0.959539
vt 0.925419 0.915593
vt 0.931271 0.915593
vt 0.025954 0.320992
vt 0.019797 0.320992
vt 0.031934 0.306302
vt 0.038091 0.306302
vt 0.043914 0.287158
vt 0.050071 0.287158
vt 0.053246 0.264863
vt 0.059402 0.264863
vt 0.984137 0.493767
vt 0.978410 0.493767
vt 0.978410 0.488241
vt 0.984137 0.488241
vt 0.340548 0.844993
vt 0.340548 0.820875
vt 0.346251 0.820501
vt 0.346251 0.844993
vt 0.176448 0.451875
vt 0.176448 0.427768
vt 0.182148 0.427768
vt 0.182148 0.452249
vt 0.838443 0.924708
vt 0.844171 0.924708
vt 0.844171 0.930235
vt 0.838443 0.930235
vt 0.112196 0.543103
vt 0.087743 0.546272
vt 0.087743 0.540571
vt 0.110708 0.537549
vt 0.362503 0.749581
vt 0.386967 0.752752
vt 0.385478 0.758308
vt 0.362503 0.755284
vt 0.132100 0.528688
vt 0.134974 0.533668
vt 0.406879 0.767173
vt 0.409755 0.762191
vt 0.150469 0.514593
vt 0.154535 0.518659
vt 0.425256 0.781274
vt 0.429324 0.777207
vt 0.164565 0.496223
vt 0.169544 0.499098
vt 0.311661 0.059187
vt 0.297559 0.040809
vt 0.301627 0.036742
vt 0.316643 0.056310
vt 0.173425 0.474832
vt 0.178979 0.476320
vt 0.860940 0.114497
vt 0.852075 0.093096
vt 0.857057 0.090220
vt 0.866496 0.113008
vt 0.337525 0.797909
vt 0.343081 0.796420
vt 0.233453 0.455612
vt 0.233453 0.427768
vt 0.239787 0.427768
vt 0.239787 0.456027
vt 0.228964 0.489713
vt 0.235135 0.491367
vt 0.214359 0.524972
vt 0.219892 0.528167
vt 0.191126 0.555250
vt 0.195644 0.559767
vt 0.160849 0.578483
vt 0.164043 0.584016
vt 0.125589 0.593088
vt 0.127243 0.599259
vt 0.087743 0.603911
vt 0.087743 0.597577
vt 0.838443 0.979979
vt 0.844171 0.979979
vt 0.844171 0.986121
vt 0.838443 0.986121
vt 0.362503 0.691917
vt 0.402020 0.696572
vt 0.400366 0.702746
vt 0.362503 0.698254
vt 0.435640 0.717357
vt 0.438836 0.711822
vt 0.465931 0.740600
vt 0.470450 0.736080
vt 0.255859 0.310064
vt 0.232616 0.279774
vt 0.237135 0.275254
vt 0.261394 0.306869
vt 0.187280 0.415748
vt 0.172669 0.380474
vt 0.178204 0.377278
vt 0.193453 0.414094
vt 0.397578 0.817137
vt 0.393087 0.783021
vt 0.399261 0.781367
vt 0.403915 0.816722
vt 0.397578 0.844993
vt 0.403915 0.844993
vt 0.984137 0.438502
vt 0.978410 0.438502
vt 0.978410 0.432362
vt 0.984137 0.432362
vt 0.648191 0.348288
vt 0.641276 0.348288
vt 0.643205 0.323163
vt 0.650121 0.323163
vt 0.642658 0.372213
vt 0.635743 0.372213
vt 0.633326 0.394508
vt 0.626411 0.394508
vt 0.621346 0.413653
vt 0.614431 0.413653
vt 0.609209 0.428344
vt 0.602293 0.428344
vt 0.022516 0.775811
vt 0.015942 0.775811
vt 0.024604 0.754617
vt 0.031178 0.754617
vt 0.014386 0.798563
vt 0.007812 0.798563
vt 0.973409 0.366577
vt 0.966975 0.366577
vt 0.966975 0.361049
vt 0.973409 0.361049
vt 0.843522 0.314413
vt 0.837088 0.314413
vt 0.837088 0.308885
vt 0.843522 0.308885
vt 0.303950 0.823430
vt 0.310521 0.823430
vt 0.330277 0.859873
vt 0.323706 0.859873
vt 0.750256 0.033301
vt 0.743289 0.033301
vt 0.727184 0.007840
vt 0.734152 0.007840
vt 0.756811 0.066484
vt 0.749843 0.066484
vt 0.757472 0.105125
vt 0.750505 0.105125
vt 0.757472 0.142233
vt 0.750505 0.142233
vt 0.757472 0.171907
vt 0.750505 0.171907
vt 0.843522 0.259136
vt 0.837088 0.259136
vt 0.837088 0.252994
vt 0.843522 0.252994
vt 0.973409 0.422471
vt 0.966975 0.422471
vt 0.966975 0.416329
vt 0.973409 0.416329
vt 0.344186 0.898991
vt 0.337615 0.898991
vt 0.046534 0.240939
vt 0.048421 0.215815
vt 0.443331 0.127057
vt 0.444509 0.152589
vt 0.432209 0.152589
vt 0.431061 0.127057
vt 0.966979 0.493767
vt 0.966976 0.488241
vt 0.255269 0.154066
vt 0.246743 0.129842
vt 0.258231 0.129842
vt 0.266861 0.154066
vt 0.897036 0.959539
vt 0.905272 0.936787
vt 0.827097 0.930235
vt 0.827100 0.924708
vt 0.914025 0.915593
vt 0.237612 0.107278
vt 0.249014 0.107278
vt 0.007812 0.320992
vt 0.020027 0.306302
vt 0.404481 0.042141
vt 0.417123 0.057795
vt 0.405183 0.057795
vt 0.392477 0.042141
vt 0.031930 0.287158
vt 0.429323 0.078195
vt 0.417295 0.078195
vt 0.041114 0.264863
vt 0.438444 0.101952
vt 0.426272 0.101952
vt 0.674273 0.862566
vt 0.688365 0.901683
vt 0.087661 0.268931
vt 0.074351 0.306411
vt 0.062765 0.306411
vt 0.076264 0.268931
vt 0.827099 0.986121
vt 0.827099 0.979979
vt 0.106942 0.234014
vt 0.095559 0.234014
vt 0.654499 0.826123
vt 0.234815 0.734682
vt 0.219700 0.759060
vt 0.207638 0.759060
vt 0.222583 0.734682
vt 0.458363 0.567131
vt 0.442433 0.541669
vt 0.242642 0.702911
vt 0.230298 0.702911
vt 0.464800 0.600313
vt 0.244142 0.665914
vt 0.231768 0.665914
vt 0.465441 0.638955
vt 0.244142 0.630132
vt 0.231766 0.630132
vt 0.465441 0.676063
vt 0.244142 0.600916
vt 0.231766 0.600916
vt 0.465441 0.705736
vt 0.966975 0.438502
vt 0.966975 0.432362
vt 0.787132 0.839004
vt 0.795117 0.839004
vt 0.814887 0.875440
vt 0.806868 0.875440
vt 0.796862 0.033269
vt 0.788055 0.033269
vt 0.772145 0.007840
vt 0.780603 0.007840
vt 0.803525 0.066409
vt 0.794483 0.066409
vt 0.804205 0.105002
vt 0.795123 0.105002
vt 0.804206 0.142063
vt 0.795123 0.142063
vt 0.804206 0.171698
vt 0.795123 0.171698
vt 0.007812 0.016239
vt 0.007812 0.007840
vt 0.013955 0.007840
vt 0.013955 0.016239
vt 0.825307 0.279233
vt 0.816229 0.279233
vt 0.816229 0.250048
vt 0.825307 0.250048
vt 0.825307 0.314977
vt 0.816231 0.314977
vt 0.823776 0.351934
vt 0.814763 0.351934
vt 0.815846 0.383670
vt 0.807056 0.383670
vt 0.800576 0.408022
vt 0.792127 0.408022
vt 0.723711 0.302951
vt 0.715703 0.302951
vt 0.734994 0.268040
vt 0.742975 0.268040
vt 0.710594 0.340424
vt 0.702206 0.340424
vt 0.981962 0.086046
vt 0.981962 0.077831
vt 0.988104 0.077831
vt 0.988104 0.086047
vt 0.828977 0.914550
vt 0.820590 0.914550
vt 0.135316 0.036530
vt 0.126400 0.036530
vt 0.128284 0.011447
vt 0.137285 0.011447
vt 0.129680 0.060415
vt 0.120989 0.060415
vt 0.120216 0.082672
vt 0.111820 0.082672
vt 0.108179 0.101785
vt 0.099937 0.101785
vt 0.096140 0.116450
vt 0.087743 0.116450
vt 0.024223 0.237593
vt 0.016047 0.237593
vt 0.024799 0.216403
vt 0.032794 0.216403
vt 0.016202 0.260342
vt 0.007812 0.260342
vt 0.457420 0.117279
vt 0.457420 0.109061
vt 0.462947 0.109064
vt 0.462947 0.117276
vt 0.796176 0.920016
vt 0.804361 0.920016
vt 0.812991 0.944237
vt 0.804597 0.944237
vt 0.787132 0.897454
vt 0.795145 0.897454
vt 0.503385 0.055776
vt 0.495087 0.055776
vt 0.482398 0.040144
vt 0.490824 0.040144
vt 0.515654 0.076148
vt 0.507182 0.076148
vt 0.524907 0.099872
vt 0.516146 0.099872
vt 0.529885 0.124941
vt 0.520928 0.124941
vt 0.531091 0.150438
vt 0.522075 0.150438
vt 0.027795 0.097191
vt 0.027795 0.088802
vt 0.033323 0.088799
vt 0.033323 0.097193
vt 0.682223 0.831088
vt 0.690209 0.831088
vt 0.709980 0.867526
vt 0.701960 0.867526
vt 0.801857 0.493119
vt 0.793050 0.493119
vt 0.777141 0.467690
vt 0.785598 0.467690
vt 0.808521 0.526259
vt 0.799479 0.526259
vt 0.809201 0.564851
vt 0.800119 0.564851
vt 0.809201 0.601912
vt 0.800119 0.601912
vt 0.809201 0.631548
vt 0.800119 0.631548
vt 0.807114 0.016239
vt 0.807114 0.007840
vt 0.813257 0.007840
vt 0.813257 0.016239
vt 0.810320 0.670623
vt 0.801242 0.670623
vt 0.801242 0.641438
vt 0.810320 0.641438
vt 0.810317 0.706367
vt 0.801242 0.706367
vt 0.808789 0.743324
vt 0.799776 0.743324
vt 0.800859 0.775060
vt 0.792069 0.775060
vt 0.785589 0.799412
vt 0.777141 0.799412
vt 0.034311 0.437637
vt 0.026304 0.437637
vt 0.045593 0.402729
vt 0.053573 0.402729
vt 0.021195 0.475106
vt 0.012808 0.475106
vt 0.007812 0.097011
vt 0.007812 0.088799
vt 0.013953 0.088799
vt 0.013953 0.097012
vt 0.724070 0.906637
vt 0.715683 0.906637
vt 0.292564 0.823430
vt 0.312303 0.859873
vt 0.762504 0.033301
vt 0.746224 0.007840
vt 0.769176 0.066484
vt 0.769857 0.105125
vt 0.769857 0.142233
vt 0.769857 0.171907
vt 0.854960 0.259136
vt 0.854960 0.252994
vt 0.569153 0.298533
vt 0.556783 0.298533
vt 0.556783 0.269333
vt 0.569153 0.269333
vt 0.569151 0.334296
vt 0.556783 0.334296
vt 0.567622 0.371272
vt 0.555285 0.371272
vt 0.559687 0.403025
vt 0.547462 0.403025
vt 0.544409 0.427390
vt 0.532354 0.427390
vt 0.482125 0.417800
vt 0.470729 0.417800
vt 0.490010 0.382884
vt 0.501392 0.382884
vt 0.469006 0.455279
vt 0.457420 0.455279
vt 0.984755 0.422471
vt 0.984756 0.416329
vt 0.326028 0.898991
vt 0.660437 0.348288
vt 0.662409 0.323163
vt 0.654791 0.372213
vt 0.645311 0.394508
vt 0.633254 0.413653
vt 0.621194 0.428344
vt 0.034000 0.775811
vt 0.042571 0.754617
vt 0.025978 0.798563
vt 0.984757 0.366577
vt 0.984755 0.361049
vt 0.016859 0.921983
vt 0.028347 0.921983
vt 0.036874 0.946208
vt 0.025281 0.946208
vt 0.007812 0.899416
vt 0.019215 0.899416
vt 0.701825 0.023503
vt 0.689878 0.023503
vt 0.677228 0.007840
vt 0.689239 0.007840
vt 0.714119 0.043916
vt 0.702085 0.043916
vt 0.723391 0.067688
vt 0.711212 0.067688
vt 0.728379 0.092808
vt 0.716101 0.092808
vt 0.729588 0.118356
vt 0.717280 0.118356
vt 0.854955 0.314413
vt 0.854958 0.308885
vt 0.799735 0.206671
vt 0.790819 0.206671
vt 0.792703 0.181589
vt 0.801704 0.181589
vt 0.794099 0.230555
vt 0.785408 0.230555
vt 0.784635 0.252812
vt 0.776240 0.252812
vt 0.772598 0.271924
vt 0.764357 0.271924
vt 0.760559 0.286590
vt 0.752162 0.286590
vt 0.408887 0.446069
vt 0.400711 0.446069
vt 0.409463 0.424879
vt 0.417457 0.424879
vt 0.400866 0.468817
vt 0.392477 0.468817
vt 0.707202 0.136462
vt 0.707202 0.128247
vt 0.712727 0.128249
vt 0.712727 0.136459
vt 0.966028 0.162449
vt 0.974213 0.162449
vt 0.982844 0.186671
vt 0.974449 0.186671
vt 0.956984 0.139886
vt 0.964997 0.139886
vt 0.648258 0.205676
vt 0.639960 0.205676
vt 0.627271 0.190044
vt 0.635697 0.190044
vt 0.660527 0.226048
vt 0.652056 0.226048
vt 0.669780 0.249772
vt 0.661020 0.249772
vt 0.674758 0.274841
vt 0.665802 0.274841
vt 0.675964 0.300338
vt 0.666948 0.300338
vt 0.452424 0.099168
vt 0.452424 0.090779
vt 0.457952 0.090776
vt 0.457952 0.099171
vt 0.118110 0.215688
vt 0.118436 0.216941
vt 0.077751 0.221733
vt 0.079033 0.220291
vt 0.173951 0.207260
vt 0.172669 0.205818
vt 0.213353 0.210610
vt 0.213026 0.211862
vt 0.250077 0.225821
vt 0.249430 0.226941
vt 0.154514 0.200609
vt 0.155161 0.201729
vt 0.281606 0.250014
vt 0.280691 0.250929
vt 0.185776 0.176621
vt 0.186691 0.177535
vt 0.305799 0.281543
vt 0.304679 0.282190
vt 0.209764 0.145359
vt 0.210884 0.146006
vt 0.321007 0.318259
vt 0.319758 0.318594
vt 0.224843 0.108954
vt 0.226093 0.109289
vt 0.325643 0.353470
vt 0.324361 0.353554
vt 0.229446 0.073994
vt 0.230728 0.074078
vt 0.325643 0.382791
vt 0.324361 0.381509
vt 0.229446 0.046038
vt 0.230728 0.044756
vt 0.316812 0.382791
vt 0.318095 0.381509
vt 0.223180 0.046038
vt 0.221898 0.044756
vt 0.316812 0.354049
vt 0.318095 0.353964
vt 0.223180 0.073583
vt 0.221898 0.073499
vt 0.312404 0.320565
vt 0.313653 0.320230
vt 0.218739 0.107318
vt 0.217490 0.106984
vt 0.298086 0.285996
vt 0.299205 0.285350
vt 0.204291 0.142199
vt 0.203171 0.141552
vt 0.275308 0.256312
vt 0.276222 0.255398
vt 0.181307 0.172152
vt 0.180393 0.171237
vt 0.245624 0.233535
vt 0.246270 0.232415
vt 0.151354 0.195135
vt 0.150708 0.194015
vt 0.211063 0.219219
vt 0.211390 0.217967
vt 0.116474 0.209583
vt 0.116147 0.208331
vt 0.172669 0.214665
vt 0.173951 0.213525
vt 0.079033 0.214025
vt 0.077751 0.212886
vt 0.127736 0.368350
vt 0.126441 0.367055
vt 0.134729 0.367055
vt 0.133433 0.368350
vt 0.328259 0.654180
vt 0.329554 0.655475
vt 0.321266 0.655475
vt 0.322562 0.654180
vt 0.321266 0.630172
vt 0.322562 0.630088
vt 0.127736 0.392444
vt 0.126441 0.392359
vt 0.318279 0.607484
vt 0.319541 0.607146
vt 0.124716 0.415387
vt 0.123453 0.415049
vt 0.309554 0.586420
vt 0.310686 0.585767
vt 0.115860 0.436767
vt 0.114728 0.436114
vt 0.295675 0.568333
vt 0.296599 0.567409
vt 0.101772 0.455126
vt 0.100848 0.454202
vt 0.277588 0.554453
vt 0.278241 0.553322
vt 0.083413 0.469213
vt 0.082760 0.468082
vt 0.256524 0.545729
vt 0.256862 0.544467
vt 0.062034 0.478069
vt 0.061695 0.476807
vt 0.232616 0.542582
vt 0.233911 0.541446
vt 0.039082 0.481089
vt 0.037786 0.479953
vt 0.232616 0.534275
vt 0.233911 0.535749
vt 0.039082 0.486787
vt 0.037786 0.488261
vt 0.258686 0.537654
vt 0.258350 0.538916
vt 0.063521 0.483620
vt 0.063858 0.484882
vt 0.281767 0.547214
vt 0.281114 0.548346
vt 0.086287 0.474190
vt 0.086940 0.475321
vt 0.301586 0.562422
vt 0.300662 0.563346
vt 0.105836 0.459189
vt 0.106760 0.460113
vt 0.316794 0.582241
vt 0.315662 0.582894
vt 0.120836 0.439640
vt 0.121968 0.440293
vt 0.326354 0.605320
vt 0.325092 0.605658
vt 0.130266 0.416874
vt 0.131528 0.417213
vt 0.329554 0.629629
vt 0.328259 0.629714
vt 0.133433 0.392817
vt 0.134729 0.392902
vt 0.048171 0.178772
vt 0.048497 0.180024
vt 0.007812 0.184817
vt 0.009095 0.183374
vt 0.213916 0.168024
vt 0.212634 0.166582
vt 0.253317 0.171374
vt 0.252991 0.172626
vt 0.290042 0.186586
vt 0.289395 0.187705
vt 0.084576 0.163692
vt 0.085222 0.164812
vt 0.321570 0.210778
vt 0.320656 0.211693
vt 0.115837 0.139704
vt 0.116752 0.140619
vt 0.345763 0.242307
vt 0.344643 0.242954
vt 0.139825 0.108443
vt 0.140945 0.109089
vt 0.360972 0.279023
vt 0.359722 0.279358
vt 0.154905 0.072038
vt 0.156154 0.072373
vt 0.365607 0.314233
vt 0.364325 0.314317
vt 0.159507 0.037077
vt 0.160790 0.037161
vt 0.365607 0.343555
vt 0.364325 0.342272
vt 0.159507 0.009122
vt 0.160790 0.007840
vt 0.356777 0.343555
vt 0.358059 0.342272
vt 0.153241 0.009122
vt 0.151959 0.007840
vt 0.356777 0.314812
vt 0.358059 0.314728
vt 0.153241 0.036667
vt 0.151959 0.036583
vt 0.352369 0.281328
vt 0.353618 0.280994
vt 0.148800 0.070402
vt 0.147551 0.070067
vt 0.338050 0.246760
vt 0.339170 0.246114
vt 0.134352 0.105283
vt 0.133232 0.104636
vt 0.315273 0.217076
vt 0.316187 0.216162
vt 0.111369 0.135236
vt 0.110454 0.134321
vt 0.285589 0.194299
vt 0.286235 0.193179
vt 0.081416 0.158219
vt 0.080769 0.157099
vt 0.251028 0.179983
vt 0.251355 0.178731
vt 0.046535 0.172667
vt 0.046208 0.171415
vt 0.212634 0.175429
vt 0.213916 0.174290
vt 0.009095 0.177109
vt 0.007812 0.175969
vt 0.073149 0.200472
vt 0.073475 0.201725
vt 0.032791 0.206517
vt 0.034073 0.205075
vt 0.173951 0.009277
vt 0.172669 0.007835
vt 0.213353 0.012627
vt 0.213027 0.013880
vt 0.250078 0.027839
vt 0.249432 0.028959
vt 0.109554 0.185393
vt 0.110201 0.186513
vt 0.281608 0.052033
vt 0.280693 0.052947
vt 0.140815 0.161405
vt 0.141730 0.162320
vt 0.305801 0.083562
vt 0.304681 0.084209
vt 0.164803 0.130143
vt 0.165923 0.130790
vt 0.321010 0.120279
vt 0.319761 0.120614
vt 0.179883 0.093739
vt 0.181132 0.094073
vt 0.325646 0.155490
vt 0.324363 0.155574
vt 0.184485 0.058778
vt 0.185768 0.058862
vt 0.325646 0.184812
vt 0.324363 0.183529
vt 0.184485 0.030823
vt 0.185768 0.029540
vt 0.316815 0.184812
vt 0.318097 0.183529
vt 0.178219 0.030823
vt 0.176937 0.029540
vt 0.316815 0.156069
vt 0.318097 0.155985
vt 0.178219 0.058368
vt 0.176937 0.058284
vt 0.312407 0.122584
vt 0.313656 0.122249
vt 0.173778 0.092103
vt 0.172529 0.091768
vt 0.298088 0.088015
vt 0.299208 0.087369
vt 0.159330 0.126983
vt 0.158210 0.126337
vt 0.275310 0.058330
vt 0.276224 0.057416
vt 0.136346 0.156936
vt 0.135432 0.156022
vt 0.245625 0.035552
vt 0.246272 0.034432
vt 0.106394 0.179920
vt 0.105747 0.178800
vt 0.211064 0.021237
vt 0.211391 0.019984
vt 0.071513 0.194368
vt 0.071186 0.193115
vt 0.172669 0.016682
vt 0.173951 0.015543
vt 0.034073 0.198809
vt 0.032791 0.197670
vt 0.682252 0.338560
vt 0.680956 0.337265
vt 0.689244 0.337265
vt 0.687949 0.338560
vt 0.433187 0.297186
vt 0.434483 0.298482
vt 0.426193 0.298482
vt 0.427489 0.297186
vt 0.426193 0.273173
vt 0.427489 0.273088
vt 0.682252 0.362654
vt 0.680956 0.362569
vt 0.423206 0.250480
vt 0.424468 0.250141
vt 0.679231 0.385597
vt 0.677969 0.385259
vt 0.414479 0.229412
vt 0.415611 0.228758
vt 0.670376 0.406976
vt 0.669244 0.406323
vt 0.400597 0.211320
vt 0.401521 0.210396
vt 0.656288 0.425335
vt 0.655364 0.424412
vt 0.382506 0.197438
vt 0.383159 0.196306
vt 0.637929 0.439423
vt 0.637276 0.438291
vt 0.361438 0.188712
vt 0.361776 0.187449
vt 0.616549 0.448279
vt 0.616211 0.447017
vt 0.337525 0.185565
vt 0.338820 0.184428
vt 0.593597 0.451299
vt 0.592302 0.450163
vt 0.337525 0.177256
vt 0.338820 0.178730
vt 0.593597 0.456996
vt 0.592302 0.458471
vt 0.363600 0.180635
vt 0.363263 0.181898
vt 0.618037 0.453829
vt 0.618374 0.455092
vt 0.386686 0.190197
vt 0.386033 0.191329
vt 0.640802 0.444399
vt 0.641456 0.445531
vt 0.406509 0.205408
vt 0.405585 0.206332
vt 0.660351 0.429399
vt 0.661275 0.430323
vt 0.421720 0.225231
vt 0.420588 0.225885
vt 0.675352 0.409850
vt 0.676484 0.410503
vt 0.431282 0.248316
vt 0.430020 0.248654
vt 0.684782 0.387084
vt 0.686044 0.387422
vt 0.434483 0.272630
vt 0.433187 0.272715
vt 0.687949 0.363027
vt 0.689244 0.363112
vt 0.122747 0.229384
vt 0.121452 0.228088
vt 0.129740 0.228088
vt 0.128445 0.229384
vt 0.647989 0.311977
vt 0.649285 0.313273
vt 0.640996 0.313273
vt 0.642292 0.311977
vt 0.640996 0.287967
vt 0.642292 0.287882
vt 0.122747 0.253479
vt 0.121452 0.253394
vt 0.638009 0.265276
vt 0.639271 0.264938
vt 0.119727 0.276424
vt 0.118464 0.276086
vt 0.629283 0.244210
vt 0.630415 0.243557
vt 0.110870 0.297806
vt 0.109738 0.297152
vt 0.615403 0.226121
vt 0.616327 0.225197
vt 0.096782 0.316166
vt 0.095858 0.315242
vt 0.597313 0.212240
vt 0.597966 0.211108
vt 0.078421 0.330254
vt 0.077768 0.329123
vt 0.576248 0.203514
vt 0.576586 0.202252
vt 0.057040 0.339111
vt 0.056702 0.337849
vt 0.552337 0.200368
vt 0.553632 0.199231
vt 0.034086 0.342132
vt 0.032791 0.340995
vt 0.552337 0.192060
vt 0.553632 0.193534
vt 0.034086 0.347829
vt 0.032791 0.349304
vt 0.578410 0.195439
vt 0.578073 0.196701
vt 0.058527 0.344662
vt 0.058864 0.345925
vt 0.601493 0.205000
vt 0.600840 0.206132
vt 0.081295 0.335231
vt 0.081948 0.336363
vt 0.621314 0.220209
vt 0.620390 0.221133
vt 0.100845 0.320230
vt 0.101769 0.321154
vt 0.636523 0.240030
vt 0.635392 0.240683
vt 0.115847 0.300679
vt 0.116979 0.301332
vt 0.646084 0.263112
vt 0.644822 0.263450
vt 0.125278 0.277912
vt 0.126540 0.278250
vt 0.649285 0.287424
vt 0.647989 0.287509
vt 0.128445 0.253853
vt 0.129740 0.253938
vt 0.633093 0.914619
vt 0.646918 0.955041
vt 0.645922 0.955041
vt 0.632040 0.914619
vt 0.653086 0.082353
vt 0.666969 0.123091
vt 0.665973 0.123091
vt 0.652032 0.082353
vt 0.368338 0.891589
vt 0.382276 0.932009
vt 0.381279 0.932009
vt 0.367285 0.891589
vt 0.068588 0.908328
vt 0.082414 0.948752
vt 0.081417 0.948752
vt 0.067534 0.908328
vt 0.772977 0.504456
vt 0.786859 0.545187
vt 0.785862 0.545187
vt 0.771924 0.504456
vt 0.088583 0.891080
vt 0.102522 0.931503
vt 0.101525 0.931503
vt 0.087530 0.891080
vt 0.857897 0.914043
vt 0.871723 0.954465
vt 0.870726 0.954465
vt 0.856844 0.914043
vt 0.158514 0.878317
vt 0.172396 0.919048
vt 0.171399 0.919048
vt 0.157461 0.878317
vt 0.258437 0.888081
vt 0.272376 0.928506
vt 0.271379 0.928506
vt 0.257383 0.888081
vt 0.687219 0.300560
vt 0.687220 0.293020
vt 0.688168 0.293020
vt 0.688168 0.300560
vt 0.392477 0.262726
vt 0.392477 0.254653
vt 0.393431 0.254653
vt 0.393431 0.262726
vt 0.976966 0.297734
vt 0.976966 0.290167
vt 0.977918 0.290167
vt 0.977918 0.297734
vt 0.532354 0.296903
vt 0.532355 0.289337
vt 0.533306 0.289337
vt 0.533306 0.296903
vt 0.797123 0.264757
vt 0.797123 0.256739
vt 0.798071 0.256739
vt 0.798071 0.264757
vt 0.941997 0.290300
vt 0.941997 0.282733
vt 0.942948 0.282733
vt 0.942949 0.290300
vt 0.622276 0.286434
vt 0.622276 0.278867
vt 0.623228 0.278867
vt 0.623228 0.286434
vt 0.976966 0.262834
vt 0.976966 0.254789
vt 0.977917 0.254789
vt 0.977917 0.262834
vt 0.172669 0.285272
vt 0.172669 0.277705
vt 0.173620 0.277705
vt 0.173621 0.285272
vt 0.638831 0.870377
vt 0.652557 0.911109
vt 0.650854 0.911109
vt 0.637029 0.870377
vt 0.617280 0.833609
vt 0.619089 0.833609
vt 0.875212 0.529226
vt 0.873384 0.529226
vt 0.857071 0.503492
vt 0.858993 0.503492
vt 0.881834 0.562763
vt 0.880070 0.562763
vt 0.882506 0.601817
vt 0.880753 0.601817
vt 0.882506 0.639269
vt 0.880753 0.639269
vt 0.882506 0.670458
vt 0.880753 0.670458
vt 0.988572 0.154877
vt 0.986957 0.154877
vt 0.986957 0.146224
vt 0.988572 0.146224
vt 0.868645 0.739348
vt 0.866893 0.739348
vt 0.866893 0.708797
vt 0.868645 0.708797
vt 0.868645 0.774939
vt 0.866893 0.774939
vt 0.867127 0.811683
vt 0.865358 0.811683
vt 0.859229 0.843235
vt 0.857402 0.843235
vt 0.844001 0.867446
vt 0.842084 0.867446
vt 0.137633 0.637330
vt 0.135832 0.637330
vt 0.155099 0.602733
vt 0.156905 0.602733
vt 0.124414 0.675766
vt 0.122712 0.675766
vt 0.728851 0.136913
vt 0.727184 0.136913
vt 0.727184 0.128247
vt 0.728850 0.128247
vt 0.517367 0.186300
vt 0.517370 0.178265
vt 0.518985 0.178265
vt 0.518984 0.186300
vt 0.828213 0.747597
vt 0.826448 0.747597
vt 0.828424 0.721160
vt 0.830166 0.721160
vt 0.822614 0.771302
vt 0.820791 0.771302
vt 0.813193 0.793310
vt 0.811294 0.793310
vt 0.801153 0.812208
vt 0.799214 0.812208
vt 0.789031 0.826709
vt 0.787132 0.826709
vt 0.612074 0.621168
vt 0.610315 0.621168
vt 0.618885 0.600289
vt 0.620687 0.600289
vt 0.603997 0.644866
vt 0.602293 0.644866
vt 0.563998 0.167200
vt 0.562331 0.167200
vt 0.562328 0.159146
vt 0.563995 0.159146
vt 0.361601 0.933143
vt 0.363363 0.933143
vt 0.371785 0.958990
vt 0.370081 0.958990
vt 0.352511 0.910261
vt 0.354316 0.910261
vt 0.736743 0.483607
vt 0.734804 0.483607
vt 0.722189 0.467690
vt 0.724093 0.467690
vt 0.749018 0.504350
vt 0.747126 0.504350
vt 0.758232 0.528507
vt 0.756419 0.528507
vt 0.763178 0.553950
vt 0.761419 0.553950
vt 0.764373 0.581002
vt 0.762630 0.581002
vt 0.274149 0.874594
vt 0.287875 0.915325
vt 0.286172 0.915325
vt 0.272347 0.874594
vt 0.252599 0.837827
vt 0.254408 0.837827
vt 0.865221 0.224506
vt 0.863393 0.224506
vt 0.847080 0.198772
vt 0.849001 0.198772
vt 0.871844 0.258044
vt 0.870080 0.258044
vt 0.872515 0.297099
vt 0.870763 0.297099
vt 0.872515 0.334553
vt 0.870763 0.334553
vt 0.872515 0.365742
vt 0.870763 0.365742
vt 0.733795 0.155457
vt 0.732180 0.155457
vt 0.732180 0.146803
vt 0.733795 0.146803
vt 0.888627 0.744301
vt 0.886875 0.744301
vt 0.886875 0.713751
vt 0.888627 0.713751
vt 0.888627 0.779891
vt 0.886873 0.779891
vt 0.887108 0.816634
vt 0.885340 0.816634
vt 0.879211 0.848185
vt 0.877384 0.848185
vt 0.863983 0.872395
vt 0.862066 0.872395
vt 0.457353 0.869686
vt 0.455552 0.869686
vt 0.474820 0.835088
vt 0.476625 0.835088
vt 0.444135 0.908121
vt 0.442433 0.908121
vt 0.863735 0.074534
vt 0.862066 0.074534
vt 0.862067 0.065856
vt 0.863734 0.065856
vt 0.299126 0.875784
vt 0.312851 0.916513
vt 0.311148 0.916513
vt 0.297324 0.875784
vt 0.277577 0.839019
vt 0.279386 0.839019
vt 0.855234 0.557638
vt 0.853406 0.557638
vt 0.837088 0.531897
vt 0.839010 0.531897
vt 0.861858 0.591183
vt 0.860094 0.591183
vt 0.862530 0.630247
vt 0.860777 0.630247
vt 0.862530 0.667710
vt 0.860777 0.667710
vt 0.862530 0.698906
vt 0.860777 0.698906
vt 0.339143 0.144718
vt 0.337525 0.144718
vt 0.337525 0.136049
vt 0.339143 0.136049
vt 0.883632 0.044876
vt 0.881880 0.044876
vt 0.881880 0.014325
vt 0.883632 0.014325
vt 0.883632 0.080467
vt 0.881878 0.080467
vt 0.882113 0.117211
vt 0.880345 0.117211
vt 0.874216 0.148763
vt 0.872389 0.148763
vt 0.858987 0.172974
vt 0.857071 0.172974
vt 0.522297 0.859707
vt 0.520496 0.859707
vt 0.539763 0.825110
vt 0.541569 0.825110
vt 0.509078 0.898143
vt 0.507376 0.898143
vt 0.958651 0.125269
vt 0.956984 0.125269
vt 0.956984 0.116599
vt 0.958650 0.116599
vt 0.607289 0.190141
vt 0.607292 0.182122
vt 0.608903 0.182122
vt 0.608902 0.190141
vt 0.348638 0.731252
vt 0.346873 0.731252
vt 0.348849 0.704812
vt 0.350592 0.704812
vt 0.343039 0.754961
vt 0.341216 0.754961
vt 0.333616 0.776972
vt 0.331717 0.776972
vt 0.321575 0.795873
vt 0.319635 0.795873
vt 0.309450 0.810376
vt 0.307551 0.810376
vt 0.257385 0.494218
vt 0.255626 0.494218
vt 0.264198 0.473336
vt 0.266000 0.473336
vt 0.249307 0.517921
vt 0.247603 0.517921
vt 0.339196 0.162670
vt 0.337527 0.162670
vt 0.337525 0.154609
vt 0.339192 0.154609
vt 0.616376 0.938127
vt 0.618137 0.938127
vt 0.626557 0.963965
vt 0.624853 0.963965
vt 0.607289 0.915252
vt 0.609093 0.915252
vt 0.357075 0.214008
vt 0.355136 0.214008
vt 0.342520 0.198090
vt 0.344425 0.198090
vt 0.369351 0.234752
vt 0.367459 0.234752
vt 0.378565 0.258909
vt 0.376752 0.258909
vt 0.383512 0.284354
vt 0.381752 0.284354
vt 0.384706 0.311407
vt 0.382963 0.311407
vt 0.692215 0.182879
vt 0.692218 0.174844
vt 0.693832 0.174844
vt 0.693831 0.182879
vt 0.408592 0.289111
vt 0.406827 0.289111
vt 0.408803 0.262666
vt 0.410546 0.262666
vt 0.402992 0.312823
vt 0.401168 0.312823
vt 0.393568 0.334837
vt 0.391668 0.334837
vt 0.381524 0.353741
vt 0.379584 0.353741
vt 0.369398 0.368247
vt 0.367498 0.368247
vt 0.207426 0.693449
vt 0.205667 0.693449
vt 0.214237 0.672573
vt 0.216039 0.672573
vt 0.199350 0.717146
vt 0.197647 0.717146
vt 0.479073 0.162143
vt 0.477405 0.162143
vt 0.477402 0.154081
vt 0.479070 0.154081
vt 0.251691 0.940980
vt 0.253452 0.940980
vt 0.261869 0.966810
vt 0.260166 0.966810
vt 0.242607 0.918112
vt 0.244410 0.918112
vt 0.257163 0.070575
vt 0.255223 0.070575
vt 0.242607 0.054657
vt 0.244512 0.054657
vt 0.269438 0.091320
vt 0.267546 0.091320
vt 0.278653 0.115477
vt 0.276840 0.115477
vt 0.283599 0.140922
vt 0.281839 0.140922
vt 0.284794 0.167975
vt 0.283051 0.167975
vt 0.293165 0.341635
vt 0.291462 0.341635
vt 0.277369 0.300906
vt 0.279171 0.300906
vt 0.988624 0.095937
vt 0.988624 0.104607
vt 0.986957 0.104607
vt 0.986958 0.095937
vt 0.432659 0.446090
vt 0.419157 0.484534
vt 0.417455 0.484534
vt 0.430858 0.446090
vt 0.451958 0.411485
vt 0.450152 0.411485
vt 0.898942 0.145903
vt 0.883966 0.170114
vt 0.882049 0.170114
vt 0.897115 0.145903
vt 0.906673 0.114351
vt 0.904905 0.114351
vt 0.908146 0.077608
vt 0.906392 0.077608
vt 0.908144 0.042017
vt 0.906392 0.042017
vt 0.908144 0.011466
vt 0.906392 0.011466
vt 0.229237 0.139518
vt 0.229237 0.148179
vt 0.227621 0.148179
vt 0.227621 0.139518
vt 0.897035 0.511410
vt 0.897035 0.542598
vt 0.895282 0.542598
vt 0.895282 0.511410
vt 0.897035 0.473957
vt 0.895283 0.473957
vt 0.896393 0.434903
vt 0.894629 0.434903
vt 0.889943 0.401366
vt 0.888115 0.401366
vt 0.873979 0.375633
vt 0.872058 0.375633
vt 0.257594 0.264140
vt 0.259403 0.264140
vt 0.043383 0.909618
vt 0.041680 0.909618
vt 0.027587 0.868890
vt 0.029389 0.868890
vt 0.299226 0.133832
vt 0.299226 0.142498
vt 0.297559 0.142498
vt 0.297561 0.133832
vt 0.172880 0.618014
vt 0.159383 0.656442
vt 0.157682 0.656442
vt 0.171079 0.618014
vt 0.192170 0.583424
vt 0.190365 0.583424
vt 0.903937 0.672257
vt 0.888961 0.696467
vt 0.887045 0.696467
vt 0.902110 0.672257
vt 0.911668 0.640705
vt 0.909900 0.640705
vt 0.913139 0.603963
vt 0.911387 0.603963
vt 0.913139 0.568373
vt 0.911387 0.568373
vt 0.913139 0.537822
vt 0.911387 0.537822
vt 0.009429 0.138983
vt 0.009429 0.147644
vt 0.007812 0.147644
vt 0.007812 0.138983
vt 0.892042 0.318652
vt 0.892042 0.349843
vt 0.890289 0.349843
vt 0.890289 0.318652
vt 0.892042 0.281197
vt 0.890289 0.281197
vt 0.891399 0.242139
vt 0.889635 0.242139
vt 0.884948 0.208600
vt 0.883121 0.208600
vt 0.868984 0.182864
vt 0.867062 0.182864
vt 0.007812 0.832125
vt 0.009621 0.832125
vt 0.567926 0.149256
vt 0.566223 0.149256
vt 0.552129 0.108526
vt 0.553932 0.108526
vt 0.244274 0.084523
vt 0.244275 0.093194
vt 0.242607 0.093194
vt 0.242608 0.084523
vt 0.607505 0.577432
vt 0.594004 0.615872
vt 0.592302 0.615872
vt 0.605704 0.577432
vt 0.626801 0.542831
vt 0.624996 0.542831
vt 0.898941 0.853354
vt 0.883966 0.877563
vt 0.882049 0.877563
vt 0.897114 0.853354
vt 0.906672 0.821803
vt 0.904904 0.821803
vt 0.908145 0.785062
vt 0.906391 0.785062
vt 0.908142 0.749473
vt 0.906391 0.749473
vt 0.908142 0.718923
vt 0.906391 0.718923
vt 0.179281 0.136363
vt 0.179280 0.145024
vt 0.177664 0.145024
vt 0.177664 0.136363
vt 0.847081 0.685062
vt 0.847081 0.716254
vt 0.845329 0.716254
vt 0.845329 0.685062
vt 0.847081 0.647605
vt 0.845329 0.647605
vt 0.846439 0.608547
vt 0.844675 0.608547
vt 0.839988 0.575007
vt 0.838160 0.575007
vt 0.824023 0.549271
vt 0.822101 0.549271
vt 0.532354 0.071760
vt 0.534163 0.071760
vt 0.677228 0.165082
vt 0.678845 0.165082
vt 0.678848 0.173133
vt 0.677228 0.173133
vt 0.642897 0.789179
vt 0.644048 0.816232
vt 0.642305 0.816232
vt 0.641137 0.789179
vt 0.638094 0.763735
vt 0.636280 0.763735
vt 0.629090 0.739577
vt 0.627198 0.739577
vt 0.616942 0.718833
vt 0.615003 0.718833
vt 0.604198 0.702915
vt 0.602293 0.702915
vt 0.711422 0.701268
vt 0.702206 0.678393
vt 0.704009 0.678393
vt 0.713182 0.701268
vt 0.720051 0.727106
vt 0.721755 0.727106
vt 0.299230 0.152389
vt 0.299228 0.160450
vt 0.297559 0.160450
vt 0.297562 0.152389
vt 0.522309 0.459465
vt 0.514075 0.483159
vt 0.512372 0.483159
vt 0.520550 0.459465
vt 0.531060 0.438590
vt 0.529258 0.438590
vt 0.746314 0.820493
vt 0.734079 0.834992
vt 0.732180 0.834992
vt 0.744375 0.820493
vt 0.758238 0.801598
vt 0.756339 0.801598
vt 0.767438 0.779594
vt 0.765615 0.779594
vt 0.772867 0.755893
vt 0.771103 0.755893
vt 0.774758 0.729460
vt 0.773016 0.729460
vt 0.427446 0.162480
vt 0.429064 0.162480
vt 0.429066 0.170531
vt 0.427447 0.170531
vt 0.717832 0.782941
vt 0.718983 0.809994
vt 0.717240 0.809994
vt 0.716072 0.782941
vt 0.713029 0.757496
vt 0.711215 0.757496
vt 0.704025 0.733339
vt 0.702133 0.733339
vt 0.691877 0.712594
vt 0.689937 0.712594
vt 0.679133 0.696677
vt 0.677228 0.696677
vt 0.341744 0.587218
vt 0.332529 0.564343
vt 0.334332 0.564343
vt 0.343505 0.587218
vt 0.350374 0.613056
vt 0.352078 0.613056
vt 0.818780 0.076361
vt 0.818777 0.084438
vt 0.817106 0.084438
vt 0.817109 0.076361
vt 0.487340 0.299878
vt 0.479106 0.323572
vt 0.477402 0.323572
vt 0.485581 0.299878
vt 0.496090 0.279003
vt 0.494289 0.279003
vt 0.281734 0.814616
vt 0.269486 0.829128
vt 0.267586 0.829128
vt 0.279793 0.814616
vt 0.293668 0.795703
vt 0.291768 0.795703
vt 0.302877 0.773678
vt 0.301052 0.773678
vt 0.308311 0.749954
vt 0.306546 0.749954
vt 0.310203 0.723497
vt 0.308460 0.723497
vt 0.472407 0.172033
vt 0.474024 0.172033
vt 0.474027 0.180085
vt 0.472407 0.180085
vt 0.537989 0.764747
vt 0.539140 0.791800
vt 0.537397 0.791800
vt 0.536229 0.764747
vt 0.533186 0.739302
vt 0.531372 0.739302
vt 0.524182 0.715145
vt 0.522290 0.715145
vt 0.512034 0.694400
vt 0.510094 0.694400
vt 0.499290 0.678482
vt 0.497385 0.678482
vt 0.496612 0.560433
vt 0.487394 0.537551
vt 0.489198 0.537551
vt 0.498374 0.560433
vt 0.505245 0.586279
vt 0.506949 0.586279
vt 0.519035 0.160329
vt 0.519033 0.168375
vt 0.517367 0.168375
vt 0.517370 0.160329
vt 0.542294 0.168884
vt 0.534058 0.192584
vt 0.532354 0.192584
vt 0.540535 0.168884
vt 0.551047 0.148004
vt 0.549245 0.148004
vt 0.251751 0.817148
vt 0.239511 0.831652
vt 0.237612 0.831652
vt 0.249811 0.817148
vt 0.263678 0.798247
vt 0.261779 0.798247
vt 0.272881 0.776237
vt 0.271058 0.776237
vt 0.278312 0.752528
vt 0.276547 0.752528
vt 0.280203 0.726087
vt 0.278460 0.726087
vt 0.382485 0.227022
vt 0.382486 0.218843
vt 0.383462 0.218843
vt 0.383461 0.227022
vt 0.837089 0.226382
vt 0.837088 0.218203
vt 0.838064 0.218203
vt 0.838065 0.226382
vt 0.232617 0.198142
vt 0.232616 0.189472
vt 0.233593 0.189472
vt 0.233592 0.198142
vt 0.207638 0.965556
vt 0.220980 0.927297
vt 0.222038 0.927297
vt 0.208636 0.965556
vt 0.941997 0.973456
vt 0.955223 0.935184
vt 0.956281 0.935184
vt 0.942995 0.973456
vt 0.437437 0.968543
vt 0.450713 0.930119
vt 0.451770 0.930119
vt 0.438434 0.968543
vt 0.240268 0.892631
vt 0.241332 0.892631
vt 0.974505 0.900506
vt 0.975570 0.900506
vt 0.469985 0.895533
vt 0.471048 0.895533
vt 0.747167 0.971792
vt 0.762291 0.947533
vt 0.763366 0.947533
vt 0.748297 0.971792
vt 0.197647 0.927611
vt 0.212880 0.903351
vt 0.213956 0.903351
vt 0.198777 0.927611
vt 0.467411 0.944623
vt 0.482589 0.920407
vt 0.483664 0.920407
vt 0.468541 0.944623
vt 0.770118 0.915918
vt 0.771158 0.915918
vt 0.220779 0.871735
vt 0.221819 0.871735
vt 0.490452 0.888848
vt 0.491492 0.888848
vt 0.771616 0.879102
vt 0.772646 0.879102
vt 0.222298 0.834917
vt 0.223328 0.834917
vt 0.491960 0.852098
vt 0.492990 0.852098
vt 0.771616 0.843451
vt 0.772646 0.843451
vt 0.222298 0.799265
vt 0.223328 0.799265
vt 0.491960 0.816499
vt 0.492990 0.816499
vt 0.771616 0.813138
vt 0.772646 0.813138
vt 0.222298 0.768950
vt 0.223328 0.768950
vt 0.491960 0.785942
vt 0.492990 0.785942
vt 0.532354 0.261978
vt 0.532354 0.253824
vt 0.533302 0.253824
vt 0.533302 0.261978
vt 0.547341 0.255573
vt 0.547341 0.247392
vt 0.548292 0.247392
vt 0.548292 0.255573
vt 0.247603 0.203339
vt 0.247603 0.194679
vt 0.248553 0.194679
vt 0.248553 0.203339
vt 0.955330 0.501683
vt 0.955330 0.470770
vt 0.956360 0.470770
vt 0.956360 0.501683
vt 0.915563 0.346546
vt 0.915563 0.315625
vt 0.916594 0.315625
vt 0.916594 0.346546
vt 0.945433 0.174815
vt 0.945433 0.143624
vt 0.946463 0.143624
vt 0.946463 0.174815
vt 0.955330 0.433363
vt 0.956360 0.433363
vt 0.915563 0.278209
vt 0.916594 0.278209
vt 0.945433 0.106170
vt 0.946463 0.106170
vt 0.954670 0.394367
vt 0.955707 0.394367
vt 0.914891 0.239202
vt 0.915928 0.239202
vt 0.944767 0.067113
vt 0.945804 0.067113
vt 0.948119 0.360881
vt 0.949192 0.360881
vt 0.908266 0.205707
vt 0.909339 0.205707
vt 0.938180 0.033575
vt 0.939253 0.033575
vt 0.932005 0.335186
vt 0.933132 0.335186
vt 0.892040 0.180005
vt 0.893167 0.180005
vt 0.922014 0.007840
vt 0.923141 0.007840
vt 0.347516 0.854883
vt 0.348576 0.854883
vt 0.632267 0.045581
vt 0.633328 0.045581
vt 0.612285 0.877914
vt 0.613345 0.877914
vt 0.277577 0.217764
vt 0.277577 0.209572
vt 0.278555 0.209572
vt 0.278554 0.217764
vt 0.292565 0.229237
vt 0.292564 0.221072
vt 0.293538 0.221072
vt 0.293539 0.229237
vt 0.202643 0.194593
vt 0.202642 0.185917
vt 0.203619 0.185917
vt 0.203619 0.194593
vt 0.552337 0.948987
vt 0.565684 0.910714
vt 0.566743 0.910714
vt 0.553335 0.948987
vt 0.307551 0.981831
vt 0.320777 0.943559
vt 0.321835 0.943559
vt 0.308549 0.981831
vt 0.112721 0.969367
vt 0.125994 0.930950
vt 0.127051 0.930950
vt 0.113718 0.969367
vt 0.584979 0.876037
vt 0.586043 0.876037
vt 0.340059 0.908881
vt 0.341124 0.908881
vt 0.145262 0.896370
vt 0.146326 0.896370
vt 0.946992 0.733814
vt 0.962116 0.709556
vt 0.963191 0.709556
vt 0.948122 0.733814
vt 0.577315 0.944550
vt 0.592547 0.920292
vt 0.593623 0.920292
vt 0.578445 0.944550
vt 0.397472 0.949805
vt 0.412648 0.925591
vt 0.413724 0.925591
vt 0.398602 0.949805
vt 0.969943 0.677942
vt 0.970983 0.677942
vt 0.600446 0.888678
vt 0.601486 0.888678
vt 0.420511 0.894035
vt 0.421551 0.894035
vt 0.971441 0.641127
vt 0.972471 0.641127
vt 0.601965 0.851863
vt 0.602994 0.851863
vt 0.422019 0.857288
vt 0.423048 0.857288
vt 0.971441 0.605477
vt 0.972471 0.605477
vt 0.601965 0.816213
vt 0.602994 0.816213
vt 0.422019 0.821693
vt 0.423048 0.821693
vt 0.971441 0.575165
vt 0.972471 0.575165
vt 0.601965 0.785901
vt 0.602994 0.785901
vt 0.422019 0.791138
vt 0.423048 0.791138
vt 0.447429 0.248205
vt 0.447429 0.240024
vt 0.448379 0.240024
vt 0.448379 0.248205
vt 0.222625 0.248304
vt 0.222625 0.240123
vt 0.223575 0.240123
vt 0.223575 0.248304
vt 0.422450 0.203302
vt 0.422450 0.194670
vt 0.423397 0.194670
vt 0.423397 0.203302
vt 0.965315 0.351158
vt 0.965315 0.320254
vt 0.966345 0.320254
vt 0.966345 0.351158
vt 0.930542 0.325295
vt 0.930542 0.294385
vt 0.931572 0.294385
vt 0.931572 0.325295
vt 0.935442 0.852148
vt 0.935442 0.820956
vt 0.936473 0.820956
vt 0.936473 0.852148
vt 0.965315 0.282857
vt 0.966345 0.282857
vt 0.930542 0.256981
vt 0.931572 0.256981
vt 0.935442 0.783500
vt 0.936473 0.783500
vt 0.964655 0.243871
vt 0.965692 0.243871
vt 0.929870 0.217989
vt 0.930907 0.217989
vt 0.934777 0.744442
vt 0.935813 0.744442
vt 0.958106 0.210394
vt 0.959179 0.210394
vt 0.923247 0.184505
vt 0.924320 0.184505
vt 0.928190 0.710901
vt 0.929263 0.710901
vt 0.941997 0.184705
vt 0.943123 0.184705
vt 0.907027 0.158812
vt 0.908154 0.158812
vt 0.912023 0.685165
vt 0.913149 0.685165
vt 0.067760 0.854374
vt 0.068820 0.854374
vt 0.752162 0.467690
vt 0.753223 0.467690
vt 0.047778 0.871619
vt 0.048838 0.871619
vt 0.262590 0.209080
vt 0.262590 0.200887
vt 0.263568 0.200887
vt 0.263567 0.209080
vt 0.502382 0.229171
vt 0.502381 0.220992
vt 0.503357 0.220992
vt 0.503357 0.229171
vt 0.217630 0.196364
vt 0.217629 0.187695
vt 0.218606 0.187695
vt 0.218605 0.196364
vt 0.887045 0.925508
vt 0.900392 0.887236
vt 0.901450 0.887236
vt 0.888043 0.925508
vt 0.652250 0.984498
vt 0.665471 0.946239
vt 0.666529 0.946239
vt 0.653247 0.984498
vt 0.502381 0.958577
vt 0.515668 0.920119
vt 0.516726 0.920119
vt 0.503379 0.958577
vt 0.919686 0.852558
vt 0.920751 0.852558
vt 0.684747 0.911574
vt 0.685811 0.911574
vt 0.534957 0.885502
vt 0.536022 0.885502
vt 0.946992 0.909431
vt 0.962115 0.885173
vt 0.963191 0.885173
vt 0.948122 0.909431
vt 0.532354 0.932544
vt 0.547587 0.908285
vt 0.548662 0.908285
vt 0.533484 0.932544
vt 0.927010 0.905702
vt 0.942184 0.881491
vt 0.943260 0.881491
vt 0.928139 0.905702
vt 0.969943 0.853560
vt 0.970983 0.853560
vt 0.555486 0.876671
vt 0.556526 0.876671
vt 0.950046 0.849938
vt 0.951086 0.849938
vt 0.971441 0.816745
vt 0.972471 0.816745
vt 0.557004 0.839855
vt 0.558034 0.839855
vt 0.951554 0.813194
vt 0.952584 0.813194
vt 0.971441 0.781095
vt 0.972471 0.781095
vt 0.557004 0.804204
vt 0.558034 0.804204
vt 0.951554 0.777602
vt 0.952584 0.777602
vt 0.971441 0.750783
vt 0.972471 0.750783
vt 0.557004 0.773891
vt 0.558034 0.773891
vt 0.951554 0.747051
vt 0.952584 0.747051
vt 0.602293 0.246690
vt 0.602293 0.238509
vt 0.603244 0.238509
vt 0.603244 0.246690
vt 0.237612 0.256961
vt 0.237612 0.248807
vt 0.238559 0.248807
vt 0.238559 0.256961
vt 0.007812 0.203362
vt 0.007812 0.194703
vt 0.008762 0.194703
vt 0.008762 0.203362
vt 0.950336 0.699822
vt 0.950336 0.668906
vt 0.951367 0.668906
vt 0.951367 0.699822
vt 0.915555 0.526216
vt 0.915555 0.495306
vt 0.916585 0.495306
vt 0.916586 0.526216
vt 0.940438 0.523419
vt 0.940438 0.492228
vt 0.941468 0.492228
vt 0.941468 0.523419
vt 0.950336 0.631496
vt 0.951367 0.631496
vt 0.915555 0.457903
vt 0.916585 0.457903
vt 0.940438 0.454771
vt 0.941469 0.454771
vt 0.949677 0.592497
vt 0.950713 0.592497
vt 0.914883 0.418910
vt 0.915920 0.418910
vt 0.939772 0.415713
vt 0.940809 0.415713
vt 0.943125 0.559007
vt 0.944198 0.559007
vt 0.908260 0.385426
vt 0.909333 0.385426
vt 0.933185 0.382173
vt 0.934258 0.382173
vt 0.927010 0.533310
vt 0.928137 0.533310
vt 0.892040 0.359733
vt 0.893167 0.359733
vt 0.917018 0.356437
vt 0.918145 0.356437
vt 0.237612 0.851371
vt 0.238672 0.851371
vt 0.137699 0.841551
vt 0.138759 0.841551
vt 0.837088 0.877337
vt 0.838149 0.877337
vt 0.182796 0.829760
vt 0.181619 0.802986
vt 0.182653 0.802986
vt 0.183821 0.829760
vt 0.202953 0.824610
vt 0.201758 0.797839
vt 0.202792 0.797839
vt 0.203978 0.824610
vt 0.112947 0.817532
vt 0.111761 0.790479
vt 0.112795 0.790479
vt 0.113972 0.817532
vt 0.176732 0.777593
vt 0.177796 0.777593
vt 0.196813 0.772450
vt 0.197877 0.772450
vt 0.106845 0.765035
vt 0.107909 0.765035
vt 0.167606 0.753500
vt 0.168714 0.753500
vt 0.187600 0.748359
vt 0.188708 0.748359
vt 0.097675 0.740877
vt 0.098783 0.740877
vt 0.155384 0.732810
vt 0.156519 0.732810
vt 0.175326 0.727672
vt 0.176460 0.727672
vt 0.085426 0.720133
vt 0.086560 0.720133
vt 0.142695 0.716934
vt 0.143810 0.716934
vt 0.162677 0.711799
vt 0.163792 0.711799
vt 0.072756 0.704215
vt 0.073871 0.704215
vt 0.273637 0.938397
vt 0.282780 0.961210
vt 0.281753 0.961210
vt 0.272581 0.938397
vt 0.973026 0.196561
vt 0.982112 0.219374
vt 0.981085 0.219374
vt 0.971970 0.196561
vt 0.048834 0.919509
vt 0.057952 0.942392
vt 0.056925 0.942392
vt 0.047778 0.919509
vt 0.291320 0.986734
vt 0.290326 0.986734
vt 0.990588 0.244898
vt 0.989593 0.244898
vt 0.066464 0.968238
vt 0.065469 0.968238
vt 0.007812 0.277810
vt 0.007813 0.270233
vt 0.008790 0.270233
vt 0.008787 0.277810
vt 0.447431 0.265700
vt 0.447429 0.258096
vt 0.448409 0.258096
vt 0.448410 0.265700
vt 0.442434 0.230133
vt 0.442433 0.222065
vt 0.443410 0.222065
vt 0.443409 0.230133
vt 0.971970 0.735870
vt 0.980117 0.712353
vt 0.981148 0.712353
vt 0.972968 0.735870
vt 0.472407 0.988671
vt 0.480484 0.965154
vt 0.481516 0.965154
vt 0.473404 0.988671
vt 0.417455 0.965778
vt 0.425566 0.942079
vt 0.426598 0.942079
vt 0.418452 0.965778
vt 0.988795 0.691412
vt 0.989859 0.691412
vt 0.489098 0.944214
vt 0.490162 0.944214
vt 0.434212 0.921199
vt 0.435276 0.921199
vt 0.042782 0.861728
vt 0.054958 0.847182
vt 0.056104 0.847182
vt 0.043904 0.861728
vt 0.807114 0.233505
vt 0.819240 0.218958
vt 0.820387 0.218958
vt 0.808236 0.233505
vt 0.437437 0.854563
vt 0.449590 0.840056
vt 0.450737 0.840056
vt 0.438559 0.854563
vt 0.066952 0.828224
vt 0.068073 0.828224
vt 0.831283 0.200000
vt 0.832405 0.200000
vt 0.461610 0.821150
vt 0.462732 0.821150
vt 0.076279 0.806147
vt 0.077354 0.806147
vt 0.840707 0.177923
vt 0.841781 0.177923
vt 0.470987 0.799134
vt 0.472061 0.799134
vt 0.081806 0.782384
vt 0.082844 0.782384
vt 0.846307 0.154160
vt 0.847345 0.154160
vt 0.476551 0.775419
vt 0.477589 0.775419
vt 0.084757 0.756184
vt 0.083733 0.756184
vt 0.479516 0.748971
vt 0.478492 0.748971
vt 0.849285 0.127960
vt 0.848261 0.127960
vt 0.147811 0.831660
vt 0.146635 0.804896
vt 0.147668 0.804896
vt 0.148836 0.831660
vt 0.622591 0.823718
vt 0.621397 0.796944
vt 0.622431 0.796944
vt 0.623617 0.823718
vt 0.697433 0.817965
vt 0.696247 0.790915
vt 0.697281 0.790915
vt 0.698458 0.817965
vt 0.141750 0.779512
vt 0.142814 0.779512
vt 0.616451 0.771551
vt 0.617514 0.771551
vt 0.691331 0.765473
vt 0.692395 0.765473
vt 0.132627 0.755428
vt 0.133735 0.755428
vt 0.607236 0.747458
vt 0.608344 0.747458
vt 0.682162 0.741318
vt 0.683270 0.741318
vt 0.120410 0.734746
vt 0.121544 0.734746
vt 0.594961 0.726768
vt 0.596096 0.726768
vt 0.669914 0.720576
vt 0.671049 0.720576
vt 0.107725 0.718877
vt 0.108840 0.718877
vt 0.582311 0.710893
vt 0.583426 0.710893
vt 0.657245 0.704660
vt 0.658360 0.704660
vt 0.783192 0.937184
vt 0.792335 0.959997
vt 0.791308 0.959997
vt 0.782136 0.937184
vt 0.138755 0.939593
vt 0.147846 0.962418
vt 0.146819 0.962418
vt 0.137699 0.939593
vt 0.153742 0.918954
vt 0.162861 0.941837
vt 0.161833 0.941837
vt 0.152686 0.918954
vt 0.800875 0.985521
vt 0.799880 0.985521
vt 0.156327 0.987956
vt 0.155332 0.987956
vt 0.171372 0.967683
vt 0.170377 0.967683
vt 0.532354 0.279446
vt 0.532355 0.271868
vt 0.533332 0.271868
vt 0.533329 0.279446
vt 0.787135 0.282199
vt 0.787132 0.274648
vt 0.788105 0.274648
vt 0.788106 0.282199
vt 0.532355 0.243933
vt 0.532354 0.235892
vt 0.533328 0.235892
vt 0.533327 0.243933
vt 0.827097 0.857793
vt 0.835242 0.834278
vt 0.836274 0.834278
vt 0.828094 0.857793
vt 0.217629 0.992188
vt 0.225706 0.968673
vt 0.226737 0.968673
vt 0.218626 0.992188
vt 0.082747 0.986976
vt 0.090857 0.963280
vt 0.091889 0.963280
vt 0.083744 0.986976
vt 0.843920 0.813339
vt 0.844984 0.813339
vt 0.234318 0.947735
vt 0.235382 0.947735
vt 0.099502 0.942403
vt 0.100566 0.942403
vt 0.817106 0.113412
vt 0.829285 0.098861
vt 0.830432 0.098861
vt 0.818228 0.113412
vt 0.797123 0.458478
vt 0.809252 0.443927
vt 0.810399 0.443927
vt 0.798245 0.458478
vt 0.807114 0.832883
vt 0.819274 0.818368
vt 0.820421 0.818368
vt 0.808237 0.832883
vt 0.841282 0.079899
vt 0.842404 0.079899
vt 0.821299 0.424964
vt 0.822421 0.424964
vt 0.831300 0.799452
vt 0.832423 0.799452
vt 0.850612 0.057816
vt 0.851687 0.057816
vt 0.830725 0.402882
vt 0.831799 0.402882
vt 0.840682 0.777424
vt 0.841757 0.777424
vt 0.856140 0.034047
vt 0.857178 0.034047
vt 0.836326 0.379112
vt 0.837364 0.379112
vt 0.846249 0.753696
vt 0.847287 0.753696
vt 0.859092 0.007840
vt 0.858068 0.007840
vt 0.849216 0.727235
vt 0.848191 0.727235
vt 0.839305 0.352905
vt 0.838281 0.352905
vt 0.517504 0.828452
vt 0.516326 0.801678
vt 0.517360 0.801678
vt 0.518529 0.828452
vt 0.582621 0.826941
vt 0.581427 0.800170
vt 0.582461 0.800170
vt 0.583646 0.826941
vt 0.672453 0.821198
vt 0.671267 0.794148
vt 0.672301 0.794148
vt 0.673478 0.821198
vt 0.511440 0.776285
vt 0.512504 0.776285
vt 0.576481 0.774780
vt 0.577545 0.774780
vt 0.666352 0.768708
vt 0.667415 0.768708
vt 0.502314 0.752192
vt 0.503422 0.752192
vt 0.567268 0.750690
vt 0.568376 0.750690
vt 0.657183 0.744554
vt 0.658290 0.744554
vt 0.490092 0.731502
vt 0.491226 0.731502
vt 0.554994 0.730003
vt 0.556129 0.730003
vt 0.644935 0.723812
vt 0.646070 0.723812
vt 0.477402 0.715627
vt 0.478517 0.715627
vt 0.542346 0.714130
vt 0.543460 0.714130
vt 0.632267 0.707897
vt 0.633382 0.707897
vt 0.343575 0.938735
vt 0.352716 0.961542
vt 0.351690 0.961542
vt 0.342520 0.938735
vt 0.973026 0.934760
vt 0.982109 0.957566
vt 0.981083 0.957566
vt 0.971970 0.934760
vt 0.178719 0.928938
vt 0.187831 0.951802
vt 0.186804 0.951802
vt 0.177664 0.928938
vt 0.361254 0.987059
vt 0.360259 0.987059
vt 0.990583 0.983083
vt 0.989588 0.983083
vt 0.196335 0.977628
vt 0.195341 0.977628
vt 0.617280 0.268976
vt 0.617281 0.261399
vt 0.618258 0.261399
vt 0.618255 0.268976
vt 0.976969 0.280276
vt 0.976966 0.272725
vt 0.977939 0.272725
vt 0.977940 0.280276
vt 0.397473 0.244762
vt 0.397472 0.236721
vt 0.398446 0.236721
vt 0.398445 0.244762
vt 0.442433 0.814067
vt 0.450579 0.790551
vt 0.451610 0.790551
vt 0.443430 0.814067
vt 0.582311 0.988610
vt 0.590388 0.965093
vt 0.591420 0.965093
vt 0.583308 0.988610
vt 0.727184 0.978029
vt 0.735295 0.954333
vt 0.736326 0.954333
vt 0.728181 0.978029
vt 0.459257 0.769611
vt 0.460320 0.769611
vt 0.599002 0.944152
vt 0.600066 0.944152
vt 0.743939 0.933456
vt 0.745003 0.933456
vt 0.822101 0.526672
vt 0.834277 0.512125
vt 0.835424 0.512125
vt 0.823223 0.526672
vt 0.027795 0.837525
vt 0.039924 0.822975
vt 0.041071 0.822975
vt 0.028917 0.837525
vt 0.812110 0.481171
vt 0.824266 0.466660
vt 0.825413 0.466660
vt 0.813232 0.481171
vt 0.846271 0.493167
vt 0.847393 0.493167
vt 0.051971 0.804012
vt 0.053093 0.804012
vt 0.836289 0.447749
vt 0.837411 0.447749
vt 0.855599 0.471091
vt 0.856673 0.471091
vt 0.061397 0.781929
vt 0.062471 0.781929
vt 0.845669 0.425727
vt 0.846743 0.425727
vt 0.861126 0.447328
vt 0.862163 0.447328
vt 0.066998 0.758160
vt 0.068036 0.758160
vt 0.851234 0.402006
vt 0.852272 0.402006
vt 0.864077 0.421127
vt 0.863053 0.421127
vt 0.854200 0.375551
vt 0.853175 0.375551
vt 0.069977 0.731953
vt 0.068953 0.731953
vt 0.203354 0.306258
vt 0.203291 0.306499
vt 0.162924 0.301744
vt 0.162677 0.301467
vt 0.442433 0.531783
vt 0.442680 0.531506
vt 0.483043 0.526751
vt 0.483106 0.526993
vt 0.162924 0.310093
vt 0.162677 0.310312
vt 0.442433 0.522939
vt 0.442680 0.523158
vt 0.201129 0.314625
vt 0.201065 0.314866
vt 0.480818 0.518385
vt 0.480881 0.518626
vt 0.235745 0.328963
vt 0.235620 0.329179
vt 0.515369 0.504074
vt 0.515494 0.504289
vt 0.265475 0.351776
vt 0.265299 0.351952
vt 0.545046 0.481302
vt 0.545222 0.481478
vt 0.288289 0.381507
vt 0.288073 0.381632
vt 0.567817 0.451625
vt 0.568033 0.451750
vt 0.302630 0.416129
vt 0.302389 0.416194
vt 0.582132 0.417066
vt 0.582373 0.417131
vt 0.307043 0.449656
vt 0.306796 0.449672
vt 0.586539 0.383591
vt 0.586786 0.383607
vt 0.307043 0.478163
vt 0.306796 0.478410
vt 0.586539 0.354856
vt 0.586786 0.355103
vt 0.315378 0.478163
vt 0.315625 0.478410
vt 0.595367 0.354856
vt 0.595120 0.355103
vt 0.315378 0.449110
vt 0.315625 0.449094
vt 0.595367 0.384169
vt 0.595120 0.384153
vt 0.310750 0.413954
vt 0.310991 0.413889
vt 0.590733 0.419371
vt 0.590492 0.419306
vt 0.295569 0.377304
vt 0.295785 0.377179
vt 0.575529 0.456077
vt 0.575313 0.455953
vt 0.271420 0.345832
vt 0.271596 0.345656
vt 0.551342 0.487598
vt 0.551166 0.487422
vt 0.239948 0.321683
vt 0.240072 0.321467
vt 0.519821 0.511785
vt 0.519697 0.511569
vt 0.303267 0.012626
vt 0.303204 0.012867
vt 0.262837 0.008113
vt 0.262590 0.007835
vt 0.367498 0.418523
vt 0.367745 0.418245
vt 0.408110 0.413491
vt 0.408173 0.413732
vt 0.262837 0.016461
vt 0.262590 0.016681
vt 0.367498 0.409678
vt 0.367745 0.409898
vt 0.301042 0.020993
vt 0.300979 0.021234
vt 0.405884 0.405125
vt 0.405947 0.405366
vt 0.335658 0.035332
vt 0.335533 0.035547
vt 0.440437 0.390813
vt 0.440562 0.391028
vt 0.365389 0.058145
vt 0.365213 0.058321
vt 0.470114 0.368040
vt 0.470291 0.368216
vt 0.388202 0.087876
vt 0.387987 0.088001
vt 0.492887 0.338363
vt 0.493102 0.338487
vt 0.402543 0.122499
vt 0.402303 0.122563
vt 0.507202 0.303802
vt 0.507443 0.303867
vt 0.406957 0.156026
vt 0.406710 0.156042
vt 0.511609 0.270326
vt 0.511856 0.270342
vt 0.406957 0.184533
vt 0.406710 0.184780
vt 0.511609 0.241590
vt 0.511856 0.241837
vt 0.415292 0.184533
vt 0.415539 0.184780
vt 0.520438 0.241590
vt 0.520191 0.241837
vt 0.415292 0.155479
vt 0.415539 0.155463
vt 0.520438 0.270905
vt 0.520191 0.270888
vt 0.410664 0.120323
vt 0.410904 0.120258
vt 0.515803 0.306107
vt 0.515563 0.306042
vt 0.395483 0.083673
vt 0.395699 0.083548
vt 0.500598 0.342815
vt 0.500383 0.342690
vt 0.371333 0.052201
vt 0.371510 0.052025
vt 0.476411 0.374337
vt 0.476235 0.374160
vt 0.339861 0.028051
vt 0.339986 0.027835
vt 0.444889 0.398524
vt 0.444765 0.398308
vt 0.483107 0.012626
vt 0.483044 0.012867
vt 0.442680 0.008113
vt 0.442433 0.007835
vt 0.372494 0.525241
vt 0.372741 0.524963
vt 0.413106 0.520209
vt 0.413169 0.520450
vt 0.442680 0.016460
vt 0.442433 0.016680
vt 0.372494 0.516396
vt 0.372741 0.516615
vt 0.480881 0.020992
vt 0.480818 0.021233
vt 0.410880 0.511842
vt 0.410943 0.512084
vt 0.515494 0.035329
vt 0.515370 0.035545
vt 0.445432 0.497530
vt 0.445557 0.497746
vt 0.545223 0.058141
vt 0.545046 0.058317
vt 0.475110 0.474758
vt 0.475286 0.474934
vt 0.568034 0.087869
vt 0.567818 0.087994
vt 0.497882 0.445081
vt 0.498098 0.445205
vt 0.582374 0.122488
vt 0.582133 0.122553
vt 0.512197 0.410521
vt 0.512438 0.410585
vt 0.586787 0.156012
vt 0.586540 0.156028
vt 0.516604 0.377044
vt 0.516851 0.377061
vt 0.586787 0.184517
vt 0.586540 0.184764
vt 0.516604 0.348309
vt 0.516851 0.348556
vt 0.595121 0.184517
vt 0.595368 0.184764
vt 0.525433 0.348309
vt 0.525186 0.348556
vt 0.595121 0.155466
vt 0.595368 0.155450
vt 0.525433 0.377623
vt 0.525186 0.377607
vt 0.590493 0.120313
vt 0.590734 0.120248
vt 0.520798 0.412825
vt 0.520558 0.412761
vt 0.575314 0.083666
vt 0.575529 0.083541
vt 0.505593 0.449533
vt 0.505378 0.449408
vt 0.551166 0.052197
vt 0.551343 0.052021
vt 0.481406 0.481054
vt 0.481230 0.480878
vt 0.519697 0.028049
vt 0.519822 0.027834
vt 0.449885 0.505242
vt 0.449760 0.505026
vt 0.178375 0.351920
vt 0.178312 0.352162
vt 0.137946 0.347407
vt 0.137699 0.347129
vt 0.322538 0.403310
vt 0.322785 0.403032
vt 0.363151 0.398277
vt 0.363214 0.398518
vt 0.137946 0.355755
vt 0.137699 0.355974
vt 0.322538 0.394464
vt 0.322785 0.394684
vt 0.176149 0.360287
vt 0.176086 0.360528
vt 0.360926 0.389910
vt 0.360988 0.390152
vt 0.210764 0.374625
vt 0.210639 0.374841
vt 0.395480 0.375598
vt 0.395604 0.375813
vt 0.240494 0.397437
vt 0.240318 0.397614
vt 0.425159 0.352824
vt 0.425335 0.353000
vt 0.263306 0.427167
vt 0.263091 0.427292
vt 0.447932 0.323145
vt 0.448148 0.323270
vt 0.277647 0.461788
vt 0.277406 0.461853
vt 0.462248 0.288583
vt 0.462489 0.288648
vt 0.282061 0.495314
vt 0.281814 0.495330
vt 0.466655 0.255105
vt 0.466902 0.255121
vt 0.282061 0.523820
vt 0.281814 0.524067
vt 0.466655 0.226368
vt 0.466902 0.226615
vt 0.290395 0.523820
vt 0.290642 0.524067
vt 0.475484 0.226368
vt 0.475237 0.226615
vt 0.290395 0.494768
vt 0.290642 0.494751
vt 0.475484 0.255684
vt 0.475237 0.255668
vt 0.285767 0.459613
vt 0.286008 0.459548
vt 0.470850 0.290888
vt 0.470609 0.290824
vt 0.270587 0.422964
vt 0.270802 0.422839
vt 0.455644 0.327598
vt 0.455428 0.327473
vt 0.246438 0.391493
vt 0.246614 0.391317
vt 0.431455 0.359121
vt 0.431279 0.358945
vt 0.214967 0.367345
vt 0.215092 0.367129
vt 0.399932 0.383309
vt 0.399808 0.383094
vt 0.393187 0.012626
vt 0.393124 0.012867
vt 0.352758 0.008113
vt 0.352511 0.007835
vt 0.007812 0.395785
vt 0.008059 0.395507
vt 0.048428 0.390752
vt 0.048491 0.390994
vt 0.352758 0.016461
vt 0.352511 0.016680
vt 0.007812 0.386939
vt 0.008059 0.387159
vt 0.390962 0.020993
vt 0.390899 0.021234
vt 0.046202 0.382385
vt 0.046265 0.382627
vt 0.425577 0.035331
vt 0.425452 0.035546
vt 0.080758 0.368072
vt 0.080882 0.368288
vt 0.455307 0.058143
vt 0.455130 0.058319
vt 0.110438 0.345298
vt 0.110614 0.345474
vt 0.478119 0.087873
vt 0.477903 0.087998
vt 0.133212 0.315617
vt 0.133428 0.315742
vt 0.492460 0.122495
vt 0.492219 0.122559
vt 0.147529 0.281054
vt 0.147769 0.281119
vt 0.496874 0.156020
vt 0.496627 0.156036
vt 0.151936 0.247575
vt 0.152183 0.247591
vt 0.496874 0.184526
vt 0.496627 0.184773
vt 0.151936 0.218836
vt 0.152183 0.219083
vt 0.505208 0.184526
vt 0.505455 0.184773
vt 0.160765 0.218836
vt 0.160518 0.219083
vt 0.505208 0.155474
vt 0.505455 0.155458
vt 0.160765 0.248153
vt 0.160518 0.248137
vt 0.500580 0.120319
vt 0.500820 0.120254
vt 0.156130 0.283359
vt 0.155890 0.283294
vt 0.485399 0.083670
vt 0.485615 0.083546
vt 0.140924 0.320070
vt 0.140709 0.319945
vt 0.461251 0.052199
vt 0.461427 0.052023
vt 0.116735 0.351594
vt 0.116558 0.351418
vt 0.429780 0.028050
vt 0.429904 0.027835
vt 0.085210 0.375784
vt 0.085086 0.375568
vt 0.508083 0.197685
vt 0.508020 0.197926
vt 0.467658 0.193172
vt 0.467411 0.192894
vt 0.007812 0.546947
vt 0.008059 0.546669
vt 0.048423 0.541915
vt 0.048486 0.542156
vt 0.467658 0.201519
vt 0.467411 0.201738
vt 0.007812 0.538102
vt 0.008059 0.538322
vt 0.505858 0.206050
vt 0.505794 0.206292
vt 0.046198 0.533549
vt 0.046261 0.533790
vt 0.540469 0.220387
vt 0.540345 0.220603
vt 0.080749 0.519237
vt 0.080874 0.519453
vt 0.570196 0.243197
vt 0.570020 0.243374
vt 0.110426 0.496465
vt 0.110602 0.496641
vt 0.593007 0.272925
vt 0.592791 0.273049
vt 0.133198 0.466788
vt 0.133414 0.466913
vt 0.607346 0.307542
vt 0.607105 0.307607
vt 0.147513 0.432229
vt 0.147754 0.432293
vt 0.611759 0.341065
vt 0.611512 0.341081
vt 0.151920 0.398753
vt 0.152167 0.398770
vt 0.611759 0.369568
vt 0.611512 0.369815
vt 0.151920 0.370018
vt 0.152167 0.370265
vt 0.620093 0.369568
vt 0.620340 0.369815
vt 0.160748 0.370018
vt 0.160501 0.370265
vt 0.620093 0.340519
vt 0.620340 0.340502
vt 0.160748 0.399332
vt 0.160501 0.399316
vt 0.615465 0.305367
vt 0.615706 0.305302
vt 0.156114 0.434534
vt 0.155873 0.434469
vt 0.600286 0.268722
vt 0.600502 0.268597
vt 0.140909 0.471241
vt 0.140694 0.471116
vt 0.576140 0.237254
vt 0.576316 0.237078
vt 0.116722 0.502761
vt 0.116546 0.502585
vt 0.544672 0.213108
vt 0.544797 0.212892
vt 0.085202 0.526948
vt 0.085077 0.526733
vt 0.681021 0.129129
vt 0.681271 0.128879
vt 0.689066 0.128879
vt 0.689315 0.129129
vt 0.719138 0.576906
vt 0.718888 0.577155
vt 0.711106 0.577155
vt 0.710856 0.576906
vt 0.689066 0.103279
vt 0.689315 0.103263
vt 0.719138 0.602732
vt 0.718888 0.602716
vt 0.685869 0.079000
vt 0.686113 0.078935
vt 0.715940 0.627022
vt 0.715697 0.626957
vt 0.676327 0.055963
vt 0.676545 0.055837
vt 0.706387 0.650083
vt 0.706170 0.649958
vt 0.661148 0.036181
vt 0.661326 0.036003
vt 0.691192 0.669887
vt 0.691014 0.669709
vt 0.641366 0.021002
vt 0.641491 0.020784
vt 0.671389 0.685082
vt 0.671263 0.684865
vt 0.618328 0.011459
vt 0.618393 0.011216
vt 0.648326 0.694635
vt 0.648261 0.694392
vt 0.592552 0.008119
vt 0.592302 0.007835
vt 0.622276 0.698011
vt 0.622525 0.697727
vt 0.592552 0.015929
vt 0.592302 0.016148
vt 0.622276 0.689710
vt 0.622525 0.689929
vt 0.616294 0.019054
vt 0.616229 0.019297
vt 0.646165 0.686567
vt 0.646230 0.686810
vt 0.637435 0.027810
vt 0.637309 0.028028
vt 0.667212 0.677849
vt 0.667338 0.678066
vt 0.655589 0.041740
vt 0.655410 0.041919
vt 0.685285 0.663980
vt 0.685463 0.664158
vt 0.669518 0.059894
vt 0.669300 0.060020
vt 0.699154 0.645907
vt 0.699372 0.646033
vt 0.678275 0.081035
vt 0.678032 0.081100
vt 0.707872 0.624860
vt 0.708115 0.624925
vt 0.681271 0.103790
vt 0.681021 0.103807
vt 0.710856 0.602189
vt 0.711106 0.602205
vt 0.096448 0.705508
vt 0.096698 0.705259
vt 0.104485 0.705259
vt 0.104735 0.705508
vt 0.644279 0.583044
vt 0.644029 0.583294
vt 0.636241 0.583294
vt 0.635991 0.583044
vt 0.104485 0.679682
vt 0.104735 0.679666
vt 0.644279 0.608890
vt 0.644029 0.608874
vt 0.101292 0.655426
vt 0.101535 0.655361
vt 0.641078 0.633199
vt 0.640835 0.633134
vt 0.091759 0.632411
vt 0.091977 0.632285
vt 0.631519 0.656279
vt 0.631301 0.656153
vt 0.076593 0.612647
vt 0.076771 0.612469
vt 0.616311 0.676098
vt 0.616133 0.675920
vt 0.056830 0.597482
vt 0.056956 0.597264
vt 0.596492 0.691305
vt 0.596366 0.691087
vt 0.033814 0.587949
vt 0.033879 0.587705
vt 0.573412 0.700865
vt 0.573347 0.700622
vt 0.008062 0.584611
vt 0.007812 0.584327
vt 0.547341 0.704244
vt 0.547591 0.703960
vt 0.008062 0.592414
vt 0.007812 0.592633
vt 0.547341 0.695937
vt 0.547591 0.696156
vt 0.031782 0.595536
vt 0.031717 0.595779
vt 0.571249 0.692791
vt 0.571314 0.693034
vt 0.052903 0.604284
vt 0.052777 0.604502
vt 0.592313 0.684066
vt 0.592439 0.684284
vt 0.071040 0.618201
vt 0.070862 0.618379
vt 0.610400 0.670187
vt 0.610578 0.670365
vt 0.084956 0.636338
vt 0.084738 0.636464
vt 0.624279 0.652099
vt 0.624497 0.652225
vt 0.093705 0.657459
vt 0.093462 0.657524
vt 0.633004 0.631036
vt 0.633247 0.631101
vt 0.096698 0.680193
vt 0.096448 0.680209
vt 0.635991 0.608347
vt 0.636241 0.608363
vt 0.740809 0.258149
vt 0.741059 0.257900
vt 0.748839 0.257900
vt 0.749089 0.258149
vt 0.714188 0.354239
vt 0.713938 0.354488
vt 0.706152 0.354488
vt 0.705902 0.354239
vt 0.748839 0.232346
vt 0.749089 0.232329
vt 0.714188 0.380077
vt 0.713938 0.380061
vt 0.745649 0.208110
vt 0.745892 0.208045
vt 0.710988 0.404378
vt 0.710745 0.404313
vt 0.736124 0.185115
vt 0.736341 0.184989
vt 0.701431 0.427451
vt 0.701213 0.427325
vt 0.720972 0.165368
vt 0.721149 0.165190
vt 0.686229 0.447263
vt 0.686051 0.447085
vt 0.701225 0.150216
vt 0.701351 0.149998
vt 0.666416 0.462466
vt 0.666290 0.462248
vt 0.678229 0.140691
vt 0.678293 0.140448
vt 0.643342 0.472023
vt 0.643278 0.471780
vt 0.652499 0.137356
vt 0.652250 0.137073
vt 0.617280 0.475401
vt 0.617530 0.475117
vt 0.652499 0.145153
vt 0.652250 0.145371
vt 0.617280 0.467097
vt 0.617530 0.467315
vt 0.676198 0.148271
vt 0.676133 0.148514
vt 0.641181 0.463951
vt 0.641246 0.464194
vt 0.697301 0.157012
vt 0.697175 0.157230
vt 0.662238 0.455229
vt 0.662363 0.455447
vt 0.715422 0.170917
vt 0.715245 0.171095
vt 0.680320 0.441354
vt 0.680497 0.441532
vt 0.729327 0.189039
vt 0.729109 0.189164
vt 0.694194 0.423272
vt 0.694412 0.423398
vt 0.738068 0.210141
vt 0.737825 0.210206
vt 0.702916 0.402216
vt 0.703159 0.402281
vt 0.741059 0.232856
vt 0.740809 0.232872
vt 0.705902 0.379534
vt 0.706152 0.379550
vt 0.296288 0.688192
vt 0.296537 0.687942
vt 0.304326 0.687942
vt 0.304576 0.688192
vt 0.214628 0.587824
vt 0.214378 0.588074
vt 0.206592 0.588074
vt 0.206342 0.587824
vt 0.304326 0.662362
vt 0.304576 0.662345
vt 0.214628 0.613663
vt 0.214378 0.613647
vt 0.301132 0.638102
vt 0.301375 0.638036
vt 0.211428 0.637966
vt 0.211185 0.637901
vt 0.291597 0.615083
vt 0.291815 0.614957
vt 0.201871 0.661039
vt 0.201653 0.660913
vt 0.276430 0.595316
vt 0.276608 0.595138
vt 0.186668 0.680852
vt 0.186490 0.680674
vt 0.256663 0.580148
vt 0.256789 0.579930
vt 0.166854 0.696056
vt 0.166728 0.695838
vt 0.233643 0.570613
vt 0.233708 0.570370
vt 0.143780 0.705613
vt 0.143715 0.705370
vt 0.207888 0.567276
vt 0.207638 0.566992
vt 0.117717 0.708991
vt 0.117966 0.708707
vt 0.207888 0.575080
vt 0.207638 0.575299
vt 0.117717 0.700686
vt 0.117966 0.700905
vt 0.231611 0.578202
vt 0.231546 0.578445
vt 0.141618 0.697541
vt 0.141683 0.697784
vt 0.252735 0.586952
vt 0.252609 0.587170
vt 0.162676 0.688818
vt 0.162801 0.689036
vt 0.270875 0.600871
vt 0.270697 0.601049
vt 0.180758 0.674943
vt 0.180936 0.675121
vt 0.284794 0.619011
vt 0.284576 0.619137
vt 0.194634 0.656860
vt 0.194852 0.656986
vt 0.293544 0.640135
vt 0.293301 0.640200
vt 0.203356 0.635803
vt 0.203599 0.635868
vt 0.296537 0.662872
vt 0.296288 0.662889
vt 0.206342 0.613120
vt 0.206592 0.613136
vt 0.695925 0.283130
vt 0.696175 0.282880
vt 0.703962 0.282880
vt 0.704212 0.283130
vt 0.104796 0.007840
vt 0.104547 0.008089
vt 0.096754 0.008089
vt 0.096505 0.007840
vt 0.703962 0.257304
vt 0.704212 0.257287
vt 0.104796 0.033698
vt 0.104547 0.033682
vt 0.700769 0.233047
vt 0.701012 0.232982
vt 0.101594 0.058019
vt 0.101351 0.057953
vt 0.691236 0.210032
vt 0.691453 0.209906
vt 0.092030 0.081109
vt 0.091812 0.080983
vt 0.676070 0.190268
vt 0.676248 0.190090
vt 0.076815 0.100937
vt 0.076637 0.100759
vt 0.656307 0.175103
vt 0.656433 0.174885
vt 0.056987 0.116152
vt 0.056861 0.115934
vt 0.633290 0.165569
vt 0.633355 0.165326
vt 0.033895 0.125717
vt 0.033830 0.125474
vt 0.607538 0.162232
vt 0.607289 0.161948
vt 0.007812 0.129097
vt 0.008062 0.128813
vt 0.607538 0.170035
vt 0.607289 0.170254
vt 0.007812 0.120786
vt 0.008062 0.121005
vt 0.631258 0.173157
vt 0.631193 0.173400
vt 0.031732 0.117638
vt 0.031797 0.117882
vt 0.652379 0.181905
vt 0.652254 0.182123
vt 0.052805 0.108909
vt 0.052931 0.109128
vt 0.670516 0.195822
vt 0.670338 0.196000
vt 0.070902 0.095024
vt 0.071080 0.095202
vt 0.684433 0.213959
vt 0.684215 0.214085
vt 0.084787 0.076928
vt 0.085005 0.077054
vt 0.693182 0.235080
vt 0.692939 0.235145
vt 0.093516 0.055854
vt 0.093759 0.055919
vt 0.696175 0.257814
vt 0.695925 0.257830
vt 0.096505 0.033155
vt 0.096754 0.033171
vt 0.735849 0.603817
vt 0.736098 0.603567
vt 0.743882 0.603567
vt 0.744131 0.603817
vt 0.374409 0.595133
vt 0.374160 0.595383
vt 0.366380 0.595383
vt 0.366130 0.595133
vt 0.743882 0.578003
vt 0.744131 0.577986
vt 0.374409 0.620951
vt 0.374160 0.620935
vt 0.740690 0.553758
vt 0.740933 0.553693
vt 0.371212 0.645234
vt 0.370969 0.645169
vt 0.731161 0.530753
vt 0.731379 0.530627
vt 0.361663 0.668288
vt 0.361445 0.668162
vt 0.716003 0.510999
vt 0.716181 0.510821
vt 0.346472 0.688085
vt 0.346294 0.687908
vt 0.696249 0.495841
vt 0.696374 0.495623
vt 0.326674 0.703276
vt 0.326549 0.703059
vt 0.673243 0.486312
vt 0.673308 0.486069
vt 0.303619 0.712826
vt 0.303554 0.712583
vt 0.647503 0.482976
vt 0.647254 0.482692
vt 0.277577 0.716201
vt 0.277826 0.715918
vt 0.647503 0.490775
vt 0.647254 0.490994
vt 0.277577 0.707903
vt 0.277826 0.708122
vt 0.671212 0.493895
vt 0.671147 0.494138
vt 0.301459 0.704760
vt 0.301524 0.705003
vt 0.692323 0.502640
vt 0.692197 0.502858
vt 0.322499 0.696045
vt 0.322625 0.696263
vt 0.710452 0.516550
vt 0.710274 0.516728
vt 0.340567 0.682181
vt 0.340745 0.682359
vt 0.724362 0.534679
vt 0.724144 0.534805
vt 0.354431 0.664113
vt 0.354649 0.664239
vt 0.733106 0.555790
vt 0.732864 0.555855
vt 0.363147 0.643073
vt 0.363389 0.643138
vt 0.736098 0.578513
vt 0.735849 0.578529
vt 0.366130 0.620409
vt 0.366380 0.620425
vt 0.209846 0.427768
vt 0.209846 0.454064
vt 0.205757 0.453796
vt 0.205756 0.427768
vt 0.984137 0.465354
vt 0.978410 0.465354
vt 0.978410 0.461389
vt 0.984137 0.461389
vt 0.635153 0.154005
vt 0.635173 0.127999
vt 0.639261 0.127731
vt 0.639241 0.154005
vt 0.631473 0.099336
vt 0.635433 0.098275
vt 0.619792 0.070794
vt 0.623263 0.068790
vt 0.601090 0.046252
vt 0.603891 0.043451
vt 0.576587 0.027460
vt 0.578406 0.023882
vt 0.548005 0.015705
vt 0.549070 0.011731
vt 0.517367 0.011937
vt 0.517367 0.007835
vt 0.838443 0.953118
vt 0.844171 0.953118
vt 0.844171 0.957097
vt 0.838443 0.957097
vt 0.087743 0.569873
vt 0.118361 0.566112
vt 0.119424 0.570079
vt 0.087743 0.573977
vt 0.146920 0.554358
vt 0.148722 0.557900
vt 0.171460 0.535584
vt 0.174223 0.538347
vt 0.190218 0.511034
vt 0.193691 0.513039
vt 0.201993 0.482486
vt 0.205955 0.483548
vt 0.973409 0.393443
vt 0.966975 0.393443
vt 0.966975 0.389463
vt 0.973409 0.389463
vt 0.612197 0.138330
vt 0.608369 0.107199
vt 0.612406 0.106117
vt 0.616374 0.138330
vt 0.596407 0.078169
vt 0.600012 0.076335
vt 0.577315 0.053174
vt 0.580127 0.050362
vt 0.922014 0.116279
vt 0.925730 0.088394
vt 0.929702 0.088654
vt 0.925863 0.117310
vt 0.925748 0.063097
vt 0.929722 0.063097
vt 0.843522 0.285994
vt 0.837088 0.285994
vt 0.837088 0.282027
vt 0.843522 0.282027
vt 0.369869 0.844993
vt 0.369869 0.818953
vt 0.373961 0.818685
vt 0.373961 0.844993
vt 0.366104 0.790251
vt 0.370068 0.789189
vt 0.446236 0.760294
vt 0.421699 0.741504
vt 0.423519 0.737924
vt 0.449040 0.757490
vt 0.393132 0.729742
vt 0.394198 0.725765
vt 0.362503 0.725971
vt 0.362503 0.721865
vt 0.603019 0.486896
vt 0.596839 0.509958
vt 0.572319 0.506781
vt 0.572319 0.483116
vt 0.619680 0.519419
vt 0.631651 0.498685
vt 0.639294 0.534469
vt 0.656245 0.517518
vt 0.654344 0.554083
vt 0.675074 0.542114
vt 0.663805 0.576923
vt 0.686881 0.570740
vt 0.666982 0.601060
vt 0.690655 0.599508
vt 0.666982 0.625607
vt 0.690654 0.625607
vt 0.352410 0.472318
vt 0.375826 0.466044
vt 0.379653 0.497204
vt 0.355635 0.497204
vt 0.446236 0.760294
vt 0.429324 0.777207
vt 0.343081 0.796420
vt 0.366104 0.790251
vt 0.960066 0.511573
vt 0.983028 0.511573
vt 0.983029 0.536890
vt 0.960066 0.535385
vt 0.979368 0.564796
vt 0.956984 0.558798
vt 0.327533 0.429230
vt 0.344758 0.412006
vt 0.363863 0.436980
vt 0.342808 0.449137
vt 0.424487 0.664762
vt 0.448061 0.663217
vt 0.448061 0.691022
vt 0.424487 0.691022
vt 0.420601 0.635320
vt 0.443578 0.629164
vt 0.408354 0.605870
vt 0.428993 0.593954
vt 0.388934 0.580578
vt 0.405793 0.563719
vt 0.363459 0.561048
vt 0.375558 0.540519
vt 0.334192 0.548911
vt 0.340349 0.525934
vt 0.302555 0.521451
vt 0.302555 0.545018
vt 0.354865 0.131727
vt 0.378306 0.125445
vt 0.382880 0.164002
vt 0.358836 0.164002
vt 0.342458 0.101879
vt 0.363427 0.089525
vt 0.322538 0.075899
vt 0.339758 0.058679
vt 0.960759 0.033358
vt 0.983669 0.034860
vt 0.979312 0.067952
vt 0.956984 0.061969
vt 0.960760 0.007840
vt 0.983669 0.007840
vt 0.370068 0.789189
vt 0.393087 0.783021
vt 0.465931 0.740600
vt 0.449040 0.757490
vt 0.977850 0.465348
vt 0.977850 0.461382
vt 0.340848 0.376891
vt 0.340224 0.376904
vt 0.339664 0.348552
vt 0.340287 0.348524
vt 0.271391 0.654864
vt 0.270769 0.654835
vt 0.271426 0.626781
vt 0.272049 0.626795
vt 0.337344 0.316765
vt 0.337960 0.316719
vt 0.268665 0.685803
vt 0.268049 0.685757
vt 0.332179 0.284947
vt 0.332773 0.284905
vt 0.262879 0.716589
vt 0.262286 0.716547
vt 0.322050 0.257603
vt 0.322614 0.257584
vt 0.252386 0.743042
vt 0.251822 0.743022
vt 0.307551 0.236486
vt 0.308106 0.236486
vt 0.238167 0.763296
vt 0.237612 0.763295
vt 0.956984 0.076146
vt 0.957491 0.075886
vt 0.971958 0.104854
vt 0.971432 0.105076
vt 0.828335 0.036259
vt 0.827808 0.036037
vt 0.841602 0.007812
vt 0.842110 0.008072
vt 0.983040 0.136159
vt 0.982502 0.136349
vt 0.837915 0.957097
vt 0.837915 0.953118
vt 0.817643 0.066481
vt 0.817106 0.066291
vt 0.973938 0.389462
vt 0.973938 0.393442
vt 0.752463 0.914322
vt 0.751912 0.914517
vt 0.740581 0.882510
vt 0.741121 0.882282
vt 0.448388 0.181041
vt 0.448927 0.181269
vt 0.437988 0.212190
vt 0.437437 0.211995
vt 0.725804 0.852919
vt 0.726324 0.852653
vt 0.462498 0.152169
vt 0.463018 0.152435
vt 0.712197 0.827113
vt 0.712726 0.826863
vt 0.475834 0.127360
vt 0.476362 0.127610
vt 0.941997 0.218594
vt 0.942552 0.218553
vt 0.944656 0.247243
vt 0.944094 0.247268
vt 0.489853 0.241101
vt 0.490414 0.241127
vt 0.487949 0.269051
vt 0.487394 0.269010
vt 0.945162 0.272831
vt 0.944600 0.272843
vt 0.844083 0.282034
vt 0.844083 0.286000
vt 0.490446 0.215781
vt 0.491008 0.215793
vt 0.704287 0.067688
vt 0.695160 0.043916
vt 0.695160 0.043916
vt 0.682953 0.023503
vt 0.540503 0.403025
vt 0.548326 0.371272
vt 0.548326 0.371272
vt 0.549825 0.334296
vt 0.924655 0.149884
vt 0.922014 0.127184
vt 0.928560 0.127184
vt 0.931201 0.149884
vt 0.922014 0.042100
vt 0.925923 0.041645
vt 0.926010 0.048755
vt 0.922101 0.049210
vt 0.204193 0.033863
vt 0.206834 0.056568
vt 0.200288 0.056568
vt 0.197647 0.033863
vt 0.057769 0.147267
vt 0.067022 0.127774
vt 0.074684 0.127752
vt 0.065420 0.147267
vt 0.044684 0.137041
vt 0.035434 0.156529
vt 0.027795 0.156506
vt 0.037035 0.137041
vt 0.665487 0.017647
vt 0.662285 0.016127
vt 0.662241 0.007821
vt 0.665489 0.009363
vn 1.000000 0.000000 0.000000
vn 1.000000 0.000000 0.000000
vn 0.997335 0.000001 -0.072960
vn 0.997335 0.000000 -0.072960
vn 0.116977 -0.000001 -0.993135
vn 0.116977 0.000000 -0.993135
vn 0.285149 0.000000 -0.958483
vn 0.262868 0.000000 -0.964832
vn 0.530807 0.000000 -0.847493
vn 0.510047 -0.000000 -0.860147
vn 0.723527 0.000000 -0.690296
vn 0.712617 -0.000000 -0.701554
vn 0.869756 0.000000 -0.493482
vn 0.867346 -0.000000 -0.497705
vn 0.964186 0.000000 -0.265227
vn 0.964078 0.000000 -0.265621
vn -1.000000 0.000000 0.000000
vn -0.998346 0.000000 0.057498
vn -0.998086 -0.000000 0.061843
vn -1.000000 -0.000001 0.000000
vn -0.267611 -0.000000 0.963527
vn -0.286867 0.000000 0.957971
vn -0.130476 0.000000 0.991451
vn -0.130476 -0.000000 0.991451
vn -0.509244 -0.000000 0.860622
vn -0.528748 0.000000 0.848779
vn -0.715838 0.000000 0.698266
vn -0.734061 0.000000 0.679084
vn -0.871811 0.000000 0.489843
vn -0.883369 0.000000 0.468678
vn -0.968142 0.000000 0.250403
vn -0.972350 0.000000 0.233527
vn 0.000000 0.000000 1.000000
vn 0.000000 0.000000 1.000000
vn 0.000000 0.000000 1.000000
vn 0.000000 0.000000 1.000000
vn 0.065062 -0.996009 0.061106
vn 0.137323 -0.983143 0.120712
vn 0.066021 -0.993991 0.087315
vn 0.022139 -0.998976 0.039468
vn -0.137316 0.983144 -0.120712
vn -0.065056 0.996009 -0.061108
vn -0.022139 0.998975 -0.039472
vn -0.066021 0.993991 -0.087316
vn -1.000000 0.000000 0.000000
vn -1.000000 0.000000 0.000000
vn -1.000000 0.000000 0.000000
vn -1.000000 0.000000 0.000000
vn -0.371720 0.928334 0.004460
vn -0.332952 0.942944 -0.000749
vn -0.332946 0.942889 -0.010390
vn -0.347985 0.937196 -0.023859
vn 0.332951 -0.942944 0.000748
vn 0.371707 -0.928339 -0.004460
vn 0.347990 -0.937195 0.023843
vn 0.332945 -0.942889 0.010377
vn -0.408413 0.908966 -0.083547
vn -0.444316 0.895753 -0.014495
vn 0.408421 -0.908964 0.083532
vn 0.444310 -0.895756 0.014498
vn -0.445314 0.880251 -0.163868
vn -0.455775 0.886529 -0.079601
vn 0.452800 -0.882054 0.130202
vn 0.452800 -0.882054 0.130202
vn -0.394157 0.894320 -0.211736
vn -0.354409 0.923684 -0.145608
vn 0.436281 -0.876971 0.201449
vn 0.436281 -0.876971 0.201449
vn 0.436281 -0.876971 0.201449
vn 0.436281 -0.876971 0.201449
vn -0.280342 0.938303 -0.202473
vn -0.192594 0.969613 -0.150858
vn 0.343543 -0.912220 0.223235
vn 0.343543 -0.912220 0.223235
vn 0.343543 -0.912220 0.223235
vn 0.343543 -0.912220 0.223235
vn 0.206110 -0.962316 0.177390
vn 0.206110 -0.962316 0.177390
vn -0.033963 0.999333 -0.013418
vn -0.008860 0.999933 -0.007512
vn -0.000000 1.000000 -0.000000
vn -0.000000 1.000000 -0.000000
vn -0.113441 0.993460 -0.012984
vn -0.036022 0.999351 -0.000123
vn -0.253078 0.967411 -0.008189
vn -0.172500 0.985007 -0.002086
vn -0.389370 0.921064 -0.005695
vn -0.341173 0.939812 -0.018849
vn -0.452657 0.891614 -0.011277
vn -0.434639 0.899330 -0.047910
vn -0.403282 0.915019 -0.010205
vn -0.402222 0.914961 -0.032610
vn -0.334973 0.942227 0.001293
vn -0.334472 0.942405 0.000902
vn -1.000000 0.000000 0.000000
vn -1.000000 0.000000 0.000000
vn -1.000000 0.000000 0.000000
vn -1.000000 0.000001 0.000000
vn 0.334969 -0.942228 -0.001291
vn 0.402220 -0.914962 0.032613
vn 0.403269 -0.915025 0.010216
vn 0.334469 -0.942406 -0.000901
vn 0.452651 -0.891616 0.011288
vn 0.434640 -0.899329 0.047911
vn 0.411335 -0.910831 0.034489
vn 0.411335 -0.910831 0.034489
vn 0.272592 -0.962122 0.003874
vn 0.272592 -0.962122 0.003874
vn 0.272592 -0.962122 0.003874
vn 0.272592 -0.962122 0.003874
vn 0.068251 -0.997668 0.000236
vn 0.068251 -0.997668 0.000236
vn 0.068251 -0.997668 0.000236
vn 0.068251 -0.997668 0.000236
vn 0.033962 -0.999333 0.013416
vn 0.000000 -1.000000 -0.000002
vn 0.000000 -1.000000 -0.000002
vn 0.000002 -1.000000 -0.000001
vn 0.008859 -0.999933 0.007510
vn 0.000004 -1.000000 -0.000000
vn 0.000000 0.000000 1.000000
vn 0.000000 0.000000 1.000000
vn 0.000000 0.000000 1.000000
vn 0.000000 0.000000 1.000000
vn -0.997841 0.000001 0.065670
vn -0.997540 0.000000 0.070096
vn -1.000000 0.000000 0.000000
vn -1.000000 0.000000 0.000000
vn -0.964285 -0.000000 0.264868
vn -0.959489 0.000000 0.281747
vn -0.861549 -0.000000 0.507675
vn -0.848648 0.000000 0.528958
vn -0.699746 0.000000 0.714392
vn -0.679178 0.000000 0.733974
vn -0.491598 0.000000 0.870822
vn -0.468646 0.000001 0.883386
vn -0.250679 0.000000 0.968070
vn -0.230082 0.000001 0.973171
vn -0.130476 0.000000 0.991452
vn -0.130476 0.000000 0.991452
vn -1.000000 0.000000 0.000000
vn -1.000000 0.000000 0.000000
vn -1.000000 0.000000 0.000000
vn -1.000000 0.000000 0.000000
vn -0.000000 0.000001 1.000000
vn -0.000000 0.000000 1.000000
vn 0.000000 0.000000 1.000000
vn 0.000000 0.000000 1.000000
vn 0.492131 0.000000 -0.870521
vn 0.470443 0.000000 -0.882430
vn 0.216427 0.000000 -0.976299
vn 0.242565 0.000000 -0.970135
vn 0.703293 0.000000 -0.710900
vn 0.692444 0.000000 -0.721472
vn 0.865159 0.000000 -0.501498
vn 0.862570 0.000000 -0.505939
vn 0.963970 -0.000000 -0.266012
vn 0.963835 0.000001 -0.266500
vn 0.997335 -0.000000 -0.072960
vn 0.997335 0.000001 -0.072960
vn 1.000000 0.000000 0.000000
vn 1.000000 0.000000 0.000000
vn 0.000000 0.000000 1.000000
vn 0.000000 0.000000 1.000000
vn -0.000000 0.000000 1.000000
vn -0.000000 0.000001 1.000000
vn -1.000000 0.000000 0.000000
vn -1.000000 0.000000 0.000000
vn -1.000000 0.000000 0.000000
vn -1.000000 0.000000 0.000000
vn 0.116976 0.000000 -0.993135
vn 0.116976 0.000000 -0.993135
vn -0.997563 0.000000 0.069772
vn -1.000000 -0.000001 0.000000
vn 0.998211 -0.000001 -0.059796
vn 1.000000 -0.000002 0.000000
vn 1.000000 -0.000002 0.000000
vn 0.997576 -0.000001 -0.069580
vn 0.000000 0.000001 1.000000
vn 0.000000 0.000001 1.000000
vn 0.128519 0.000000 -0.991707
vn 0.285320 -0.000000 -0.958432
vn 0.228447 -0.000000 -0.973556
vn 0.128519 0.000000 -0.991707
vn -0.130476 -0.000000 0.991451
vn -0.229254 -0.000001 0.973367
vn -1.000000 0.000000 0.000000
vn -1.000000 0.000000 0.000000
vn -0.468037 -0.000001 0.883709
vn 0.528038 -0.000001 -0.849221
vn 0.468649 -0.000001 -0.883385
vn -0.679223 0.000000 0.733932
vn 0.733406 -0.000000 -0.679791
vn 0.680186 -0.000000 -0.733039
vn -0.849138 0.000000 0.528171
vn 0.882770 0.000001 -0.469806
vn 0.850180 0.000000 -0.526492
vn -0.959790 0.000001 0.280719
vn 0.971633 0.000000 -0.236496
vn 0.960205 0.000001 -0.279296
vn 0.215722 -0.000000 -0.976455
vn 0.116977 -0.000001 -0.993135
vn -0.285090 -0.000002 0.958501
vn -0.117799 -0.000002 0.993037
vn -0.117799 -0.000002 0.993037
vn -0.215811 -0.000002 0.976435
vn -1.000000 0.000001 0.000000
vn -1.000000 0.000001 0.000000
vn -0.531310 -0.000001 0.847178
vn -0.471053 -0.000001 0.882105
vn 0.470948 0.000000 -0.882161
vn -0.724737 0.000001 0.689026
vn -0.692072 0.000001 0.721828
vn 0.693175 -0.000000 -0.720770
vn -0.871246 0.000003 0.490847
vn -0.861647 0.000003 0.507508
vn 0.862818 -0.000000 -0.505514
vn -0.964575 0.000001 0.263807
vn -0.963754 0.000001 0.266792
vn 0.963855 0.000001 -0.266429
vn -0.997384 0.000001 0.072283
vn -0.997384 0.000001 0.072282
vn 0.997335 0.000001 -0.072960
vn -1.000000 0.000004 -0.000000
vn -1.000000 0.000004 -0.000000
vn 1.000000 0.000001 0.000000
vn 0.000000 0.000001 1.000000
vn 0.000000 0.000001 1.000000
vn 0.531828 0.000000 -0.846853
vn 0.471592 0.000000 -0.881817
vn 0.214720 0.000000 -0.976676
vn 0.283377 0.000000 -0.959009
vn 0.725184 0.000000 -0.688555
vn 0.694165 0.000000 -0.719816
vn 0.870323 0.000000 -0.492482
vn 0.863140 0.000000 -0.504965
vn 0.964230 0.000000 -0.265066
vn 0.963879 0.000000 -0.266340
vn 0.997335 0.000000 -0.072959
vn 0.997335 0.000000 -0.072959
vn 1.000000 0.000000 0.000000
vn 1.000000 0.000000 0.000000
vn -0.000000 0.000000 1.000000
vn -0.000000 0.000000 1.000000
vn -0.000000 0.000000 1.000000
vn -0.000000 0.000000 1.000000
vn -0.997384 0.000000 0.072282
vn -0.997384 0.000000 0.072281
vn -1.000000 0.000000 -0.000001
vn -1.000000 0.000000 -0.000001
vn -0.964624 0.000000 0.263631
vn -0.963793 0.000000 0.266650
vn -0.871651 0.000000 0.490127
vn -0.861985 0.000000 0.506933
vn -0.725836 0.000000 0.687867
vn -0.693030 0.000000 0.720909
vn -0.532003 0.000000 0.846742
vn -0.471698 0.000000 0.881760
vn -0.283842 0.000000 0.958871
vn -0.214802 0.000000 0.976658
vn -0.117800 0.000000 0.993037
vn -0.117800 0.000000 0.993037
vn -1.000000 0.000000 0.000000
vn -1.000000 0.000000 0.000000
vn -1.000000 0.000000 0.000000
vn -1.000000 0.000000 0.000000
vn 0.116976 0.000000 -0.993135
vn 0.116976 0.000000 -0.993135
vn -0.998386 0.000000 0.056796
vn -0.997588 0.000000 0.069410
vn -1.000000 0.000000 0.000000
vn -1.000000 0.000000 0.000000
vn -0.972891 0.000000 0.231265
vn -0.960135 0.000000 0.279536
vn -0.884267 0.000000 0.466981
vn -0.849701 0.000000 0.527265
vn -0.734015 0.000000 0.679134
vn -0.679221 0.000000 0.733934
vn -0.527455 0.000000 0.849583
vn -0.467323 0.000000 0.884087
vn -0.285103 0.000000 0.958497
vn -0.228313 0.000000 0.973588
vn -0.130476 0.000000 0.991452
vn -0.130476 0.000000 0.991451
vn -1.000000 0.000000 0.000000
vn -1.000000 0.000000 0.000000
vn -1.000000 0.000000 0.000000
vn -1.000000 0.000000 0.000000
vn 0.284126 0.000000 -0.958787
vn 0.227534 0.000000 -0.973770
vn 0.128519 0.000000 -0.991707
vn 0.128519 0.000000 -0.991707
vn 0.527230 0.000000 -0.849722
vn 0.468013 0.000000 -0.883722
vn 0.733461 0.000000 -0.679732
vn 0.680265 0.000000 -0.732966
vn 0.883418 0.000000 -0.468586
vn 0.850757 0.000000 -0.525560
vn 0.971992 0.000000 -0.235016
vn 0.960523 0.000000 -0.278202
vn 0.998235 0.000000 -0.059388
vn 0.997597 0.000000 -0.069283
vn 1.000000 0.000000 0.000000
vn 1.000000 0.000000 0.000000
vn -0.000000 0.000000 1.000000
vn -0.000000 0.000000 1.000000
vn -0.000000 0.000000 1.000000
vn -0.000000 0.000000 1.000000
vn 0.531827 0.000000 -0.846853
vn 0.471591 0.000001 -0.881818
vn 0.214720 0.000001 -0.976676
vn 0.283376 0.000001 -0.959009
vn 0.725184 0.000000 -0.688555
vn 0.694164 0.000000 -0.719817
vn 0.870323 0.000000 -0.492482
vn 0.863140 0.000000 -0.504965
vn 0.964230 0.000000 -0.265066
vn 0.963879 0.000000 -0.266339
vn 0.997335 0.000000 -0.072959
vn 0.997335 0.000000 -0.072959
vn 1.000000 0.000000 0.000000
vn 1.000000 0.000000 0.000000
vn 0.000000 -0.000001 1.000000
vn 0.000000 -0.000001 1.000000
vn 0.000000 -0.000001 1.000000
vn 0.000000 -0.000001 1.000000
vn -0.997384 0.000001 0.072280
vn -0.997384 0.000001 0.072282
vn -1.000000 0.000000 -0.000001
vn -1.000000 0.000000 -0.000001
vn -0.964624 0.000001 0.263631
vn -0.963793 0.000001 0.266651
vn -0.871650 0.000000 0.490129
vn -0.861987 0.000000 0.506931
vn -0.725837 0.000000 0.687867
vn -0.693030 0.000000 0.720909
vn -0.532003 0.000000 0.846743
vn -0.471698 0.000000 0.881760
vn -0.283842 0.000000 0.958871
vn -0.214801 0.000000 0.976658
vn -0.117800 0.000000 0.993037
vn -0.117800 0.000000 0.993037
vn -1.000000 0.000000 0.000000
vn -1.000000 0.000000 0.000000
vn -1.000000 0.000000 0.000000
vn -1.000000 0.000000 0.000000
vn 0.116977 0.000000 -0.993135
vn 0.116977 0.000000 -0.993135
vn 0.531220 0.000001 -0.847234
vn 0.284380 -0.000000 -0.958712
vn 0.724253 0.000000 -0.689534
vn 0.870010 0.000000 -0.493035
vn 0.964206 -0.000001 -0.265155
vn 0.997335 -0.000001 -0.072960
vn 1.000000 0.000000 0.000000
vn -0.000000 0.000001 1.000000
vn -0.000000 0.000001 1.000000
vn -0.997384 -0.000002 0.072282
vn -0.997384 -0.000002 0.072283
vn -1.000000 -0.000002 -0.000000
vn -1.000000 -0.000002 -0.000000
vn -0.964585 -0.000002 0.263774
vn -0.963745 -0.000002 0.266824
vn -0.871324 -0.000002 0.490709
vn -0.861580 -0.000002 0.507622
vn -0.724938 -0.000001 0.688814
vn -0.691892 -0.000000 0.722001
vn -0.531396 0.000001 0.847123
vn -0.470895 0.000001 0.882189
vn -0.284857 0.000002 0.958570
vn -0.215974 0.000002 0.976399
vn -0.117800 0.000002 0.993037
vn -0.117800 0.000002 0.993037
vn -1.000000 0.000000 0.000000
vn -1.000000 0.000000 0.000000
vn 0.116976 0.000001 -0.993135
vn -0.998365 0.000001 0.057154
vn -1.000000 0.000000 0.000000
vn -0.972610 0.000000 0.232443
vn -0.883779 -0.000001 0.467904
vn -0.734016 0.000000 0.679132
vn -0.528155 0.000000 0.849148
vn -0.286040 0.000000 0.958218
vn -0.130476 0.000000 0.991451
vn -1.000000 0.000000 0.000000
vn -1.000000 0.000000 0.000000
vn 0.285034 0.000000 -0.958517
vn 0.228725 0.000000 -0.973491
vn 0.128519 -0.000000 -0.991707
vn 0.128519 -0.000000 -0.991707
vn 0.527853 0.000000 -0.849336
vn 0.468831 0.000001 -0.883288
vn 0.733388 0.000000 -0.679810
vn 0.680122 0.000000 -0.733099
vn 0.882915 -0.000001 -0.469533
vn 0.850003 -0.000001 -0.526778
vn 0.971726 -0.000001 -0.236113
vn 0.960110 -0.000001 -0.279623
vn 0.998217 0.000001 -0.059685
vn 0.997570 0.000001 -0.069674
vn 1.000000 0.000002 -0.000000
vn 1.000000 0.000002 -0.000000
vn -0.000000 0.000001 1.000000
vn -0.000000 0.000001 1.000000
vn -0.998386 -0.000000 0.056796
vn -0.997588 0.000000 0.069410
vn -1.000000 -0.000002 0.000000
vn -1.000000 -0.000002 0.000000
vn -0.972891 0.000002 0.231265
vn -0.960135 0.000001 0.279536
vn -0.884267 0.000000 0.466981
vn -0.849701 0.000000 0.527265
vn -0.734015 0.000000 0.679134
vn -0.679221 0.000000 0.733934
vn -0.527455 0.000000 0.849583
vn -0.467322 0.000000 0.884087
vn -0.285102 0.000000 0.958497
vn -0.228313 0.000000 0.973588
vn -0.130476 0.000000 0.991452
vn -0.130476 0.000000 0.991451
vn -1.000000 0.000000 0.000000
vn -1.000000 0.000000 0.000000
vn -1.000000 0.000000 0.000000
vn -1.000000 0.000000 0.000000
vn 0.284126 -0.000002 -0.958787
vn 0.227534 -0.000001 -0.973770
vn 0.128520 -0.000001 -0.991707
vn 0.128520 -0.000001 -0.991707
vn 0.527231 -0.000001 -0.849722
vn 0.468014 -0.000002 -0.883721
vn 0.733461 0.000000 -0.679732
vn 0.680265 0.000000 -0.732966
vn 0.883418 0.000000 -0.468585
vn 0.850757 0.000000 -0.525560
vn 0.971991 0.000001 -0.235016
vn 0.960523 0.000001 -0.278202
vn 0.998235 0.000001 -0.059388
vn 0.997597 0.000001 -0.069283
vn 1.000000 0.000000 0.000000
vn 1.000000 0.000000 0.000000
vn -0.000000 -0.000001 1.000000
vn -0.000000 -0.000001 1.000000
vn -0.000000 -0.000001 1.000000
vn -0.000000 -0.000001 1.000000
vn -0.382902 0.923430 -0.025762
vn -0.383055 0.923348 -0.026400
vn -0.297722 0.948795 0.105595
vn -0.293389 0.950313 0.104059
vn 0.286503 -0.952676 -0.101608
vn 0.290567 -0.951289 -0.103050
vn 0.378914 -0.925011 0.027895
vn 0.378737 -0.925104 0.027234
vn 0.351911 -0.915597 0.194527
vn 0.351713 -0.915656 0.194607
vn -0.349520 0.916899 -0.192698
vn -0.349743 0.916830 -0.192619
vn 0.195274 -0.965048 0.174784
vn 0.194828 -0.965179 0.174562
vn -0.190336 0.966840 -0.170270
vn -0.190763 0.966718 -0.170486
vn 0.051281 -0.996210 0.070263
vn 0.051235 -0.996216 0.070207
vn -0.049373 0.996491 -0.067580
vn -0.049415 0.996486 -0.067631
vn 0.003276 -0.999963 0.007912
vn 0.003276 -0.999963 0.007912
vn -0.003083 0.999968 -0.007441
vn -0.003083 0.999968 -0.007441
vn 0.000001 -1.000000 0.000006
vn 0.000001 -1.000000 0.000006
vn 0.000001 1.000000 0.000006
vn 0.000001 1.000000 0.000006
vn 0.000000 -1.000000 -0.000000
vn 0.000000 -1.000000 -0.000000
vn -0.000000 1.000000 -0.000000
vn -0.000000 1.000000 -0.000000
vn 0.000002 -1.000000 -0.000001
vn 0.000002 -1.000000 -0.000001
vn -0.000002 1.000000 0.000001
vn -0.000002 1.000000 0.000001
vn 0.000001 -1.000000 -0.000001
vn 0.000001 -1.000000 -0.000001
vn -0.000001 1.000000 0.000000
vn -0.000001 1.000000 0.000000
vn 0.007730 -0.999796 0.018662
vn 0.007730 -0.999796 0.018663
vn -0.007405 0.999813 -0.017876
vn -0.007404 0.999813 -0.017875
vn 0.067462 -0.993089 0.096036
vn 0.067544 -0.993075 0.096129
vn -0.065560 0.993486 -0.093206
vn -0.065484 0.993499 -0.093119
vn 0.204197 -0.960718 0.187951
vn 0.204526 -0.960623 0.188076
vn -0.199984 0.962411 -0.183770
vn -0.199671 0.962499 -0.183649
vn 0.355422 -0.914018 0.195569
vn 0.355675 -0.913937 0.195487
vn -0.353393 0.915242 -0.193507
vn -0.353111 0.915334 -0.193587
vn 0.361793 -0.913263 0.187236
vn 0.362096 -0.913156 0.187168
vn -0.365835 0.911134 -0.189737
vn -0.365563 0.911227 -0.189814
vn 0.256320 -0.951079 0.172478
vn 0.253520 -0.952169 0.170594
vn -0.260119 0.949582 -0.175022
vn -0.263123 0.948379 -0.177043
vn -0.030258 0.997917 -0.056971
vn -0.030288 0.997913 -0.057026
vn 0.016072 0.999286 -0.034201
vn 0.016066 0.999286 -0.034189
vn -0.016720 -0.999213 0.035981
vn -0.016727 -0.999212 0.035995
vn 0.031834 -0.997716 0.059579
vn 0.031800 -0.997721 0.059515
vn 0.039170 -0.987941 0.149793
vn 0.039168 -0.987930 0.149867
vn -0.037575 0.988881 -0.143885
vn -0.037576 0.988890 -0.143819
vn 0.090444 -0.954225 0.285086
vn 0.090634 -0.954145 0.285295
vn -0.087908 0.957057 -0.276252
vn -0.087730 0.957130 -0.276053
vn 0.209002 -0.913393 0.349331
vn 0.209207 -0.913336 0.349357
vn -0.205971 0.916476 -0.342999
vn -0.205756 0.916538 -0.342963
vn 0.315779 -0.894747 0.315771
vn 0.315779 -0.894747 0.315771
vn -0.316330 0.894740 -0.315240
vn -0.316312 0.894741 -0.315255
vn 0.342408 -0.916609 0.206361
vn 0.342465 -0.916531 0.206612
vn -0.347276 0.914116 -0.209266
vn -0.347224 0.914193 -0.209015
vn 0.310692 -0.935393 0.168848
vn 0.310705 -0.935394 0.168820
vn -0.317152 0.932566 -0.172438
vn -0.317140 0.932565 -0.172467
vn 0.236976 -0.958027 0.161328
vn 0.233437 -0.959299 0.158912
vn -0.239070 0.957234 -0.162937
vn -0.242851 0.955840 -0.165508
vn 0.268956 -0.958528 -0.094265
vn 0.263930 -0.960095 -0.092511
vn -0.269900 0.958245 0.094446
vn -0.275245 0.956536 0.096324
vn 0.327154 -0.944948 0.006558
vn 0.327159 -0.944947 0.006448
vn -0.333572 0.942704 -0.006203
vn -0.333567 0.942705 -0.006313
vn 0.333987 -0.920893 0.201018
vn 0.333942 -0.920958 0.200798
vn -0.337996 0.918998 -0.202980
vn -0.338037 0.918935 -0.203198
vn 0.304410 -0.902911 0.303458
vn 0.304396 -0.902911 0.303470
vn -0.304417 0.903220 -0.302530
vn -0.304448 0.903217 -0.302508
vn 0.196917 -0.924342 0.326826
vn 0.196705 -0.924404 0.326780
vn -0.193435 0.927275 -0.320537
vn -0.193653 0.927211 -0.320592
vn 0.081937 -0.963938 0.253199
vn 0.081773 -0.964006 0.252995
vn -0.079291 0.966291 -0.244938
vn -0.079443 0.966230 -0.245130
vn 0.004801 -0.993034 0.117734
vn 0.004782 -0.993040 0.117681
vn -0.004712 0.993598 -0.112873
vn -0.004730 0.993593 -0.112921
vn -0.382902 0.923430 -0.025763
vn -0.383055 0.923348 -0.026400
vn -0.297721 0.948795 0.105594
vn -0.293388 0.950313 0.104058
vn 0.286499 -0.952678 -0.101603
vn 0.290563 -0.951291 -0.103045
vn 0.378914 -0.925011 0.027902
vn 0.378736 -0.925104 0.027238
vn 0.351913 -0.915596 0.194530
vn 0.351715 -0.915655 0.194610
vn -0.349521 0.916899 -0.192697
vn -0.349744 0.916830 -0.192618
vn 0.195274 -0.965048 0.174785
vn 0.194828 -0.965179 0.174562
vn -0.190336 0.966841 -0.170269
vn -0.190763 0.966718 -0.170485
vn 0.051283 -0.996209 0.070267
vn 0.051237 -0.996216 0.070211
vn -0.049371 0.996492 -0.067575
vn -0.049413 0.996486 -0.067626
vn 0.003277 -0.999963 0.007912
vn 0.003277 -0.999963 0.007912
vn -0.003082 0.999968 -0.007441
vn -0.003082 0.999968 -0.007441
vn -0.000000 -1.000000 -0.000000
vn -0.000000 -1.000000 -0.000000
vn 0.000000 1.000000 -0.000000
vn 0.000000 1.000000 -0.000000
vn 0.000000 -1.000000 0.000001
vn 0.000000 -1.000000 0.000001
vn -0.000000 1.000000 -0.000001
vn -0.000000 1.000000 -0.000001
vn -0.000002 -1.000000 0.000001
vn -0.000002 -1.000000 0.000001
vn 0.000002 1.000000 -0.000001
vn 0.000002 1.000000 -0.000001
vn 0.000004 -1.000000 0.000034
vn 0.000004 -1.000000 0.000034
vn 0.000008 1.000000 0.000035
vn 0.000008 1.000000 0.000035
vn 0.007722 -0.999796 0.018663
vn 0.007723 -0.999796 0.018664
vn -0.007411 0.999813 -0.017874
vn -0.007410 0.999813 -0.017873
vn 0.067450 -0.993092 0.096010
vn 0.067532 -0.993078 0.096104
vn -0.065571 0.993483 -0.093232
vn -0.065496 0.993496 -0.093145
vn 0.204197 -0.960717 0.187951
vn 0.204526 -0.960623 0.188077
vn -0.199985 0.962411 -0.183770
vn -0.199672 0.962499 -0.183649
vn 0.355422 -0.914017 0.195569
vn 0.355676 -0.913937 0.195486
vn -0.353390 0.915244 -0.193506
vn -0.353108 0.915336 -0.193586
vn 0.361795 -0.913262 0.187236
vn 0.362098 -0.913156 0.187167
vn -0.365829 0.911136 -0.189737
vn -0.365557 0.911229 -0.189814
vn 0.256321 -0.951079 0.172478
vn 0.253521 -0.952168 0.170594
vn -0.260113 0.949583 -0.175023
vn -0.263117 0.948380 -0.177045
vn -0.382898 0.923431 -0.025762
vn -0.383051 0.923350 -0.026400
vn -0.297717 0.948796 0.105596
vn -0.293384 0.950314 0.104060
vn 0.286499 -0.952678 -0.101608
vn 0.290562 -0.951291 -0.103049
vn 0.378911 -0.925013 0.027896
vn 0.378734 -0.925105 0.027234
vn 0.351909 -0.915598 0.194528
vn 0.351711 -0.915657 0.194608
vn -0.349516 0.916900 -0.192699
vn -0.349740 0.916831 -0.192620
vn 0.195275 -0.965048 0.174785
vn 0.194829 -0.965179 0.174562
vn -0.190334 0.966841 -0.170271
vn -0.190761 0.966719 -0.170487
vn 0.051283 -0.996209 0.070269
vn 0.051237 -0.996215 0.070212
vn -0.049370 0.996492 -0.067576
vn -0.049412 0.996486 -0.067627
vn 0.003278 -0.999963 0.007913
vn 0.003278 -0.999963 0.007913
vn -0.003082 0.999968 -0.007441
vn -0.003082 0.999968 -0.007441
vn -0.000000 -1.000000 -0.000000
vn -0.000000 -1.000000 -0.000000
vn 0.000000 1.000000 0.000000
vn 0.000000 1.000000 0.000000
vn 0.000000 -1.000000 0.000000
vn 0.000000 -1.000000 0.000000
vn -0.000000 1.000000 -0.000000
vn -0.000000 1.000000 -0.000000
vn 0.000001 -1.000000 -0.000000
vn 0.000001 -1.000000 -0.000000
vn -0.000001 1.000000 0.000000
vn -0.000001 1.000000 0.000000
vn 0.000006 -1.000000 0.000034
vn 0.000006 -1.000000 0.000034
vn 0.000006 1.000000 0.000035
vn 0.000006 1.000000 0.000035
vn 0.007723 -0.999796 0.018663
vn 0.007724 -0.999796 0.018665
vn -0.007411 0.999813 -0.017874
vn -0.007411 0.999813 -0.017873
vn 0.067452 -0.993092 0.096010
vn 0.067533 -0.993078 0.096104
vn -0.065570 0.993483 -0.093232
vn -0.065495 0.993496 -0.093146
vn 0.204197 -0.960717 0.187951
vn 0.204526 -0.960623 0.188076
vn -0.199984 0.962411 -0.183770
vn -0.199671 0.962499 -0.183649
vn 0.355421 -0.914018 0.195569
vn 0.355675 -0.913937 0.195486
vn -0.353393 0.915242 -0.193507
vn -0.353111 0.915334 -0.193587
vn 0.361794 -0.913262 0.187236
vn 0.362098 -0.913156 0.187167
vn -0.365838 0.911132 -0.189738
vn -0.365566 0.911226 -0.189814
vn 0.256322 -0.951079 0.172477
vn 0.253522 -0.952168 0.170594
vn -0.260124 0.949580 -0.175023
vn -0.263128 0.948377 -0.177045
vn -0.030257 0.997917 -0.056969
vn -0.030287 0.997913 -0.057025
vn 0.016071 0.999286 -0.034198
vn 0.016065 0.999286 -0.034187
vn -0.016720 -0.999213 0.035981
vn -0.016727 -0.999212 0.035994
vn 0.031833 -0.997716 0.059579
vn 0.031799 -0.997721 0.059516
vn 0.039169 -0.987941 0.149792
vn 0.039168 -0.987930 0.149866
vn -0.037574 0.988881 -0.143886
vn -0.037575 0.988890 -0.143819
vn 0.090442 -0.954226 0.285084
vn 0.090632 -0.954145 0.285293
vn -0.087908 0.957057 -0.276252
vn -0.087730 0.957130 -0.276053
vn 0.209001 -0.913393 0.349331
vn 0.209206 -0.913336 0.349357
vn -0.205971 0.916476 -0.342999
vn -0.205756 0.916537 -0.342963
vn 0.315776 -0.894749 0.315768
vn 0.315776 -0.894749 0.315768
vn -0.316330 0.894739 -0.315240
vn -0.316313 0.894740 -0.315255
vn 0.342404 -0.916612 0.206356
vn 0.342460 -0.916534 0.206606
vn -0.347274 0.914117 -0.209266
vn -0.347222 0.914194 -0.209015
vn 0.310690 -0.935395 0.168846
vn 0.310702 -0.935395 0.168818
vn -0.317149 0.932568 -0.172437
vn -0.317137 0.932566 -0.172466
vn 0.236974 -0.958027 0.161329
vn 0.233436 -0.959299 0.158913
vn -0.239068 0.957235 -0.162937
vn -0.242850 0.955841 -0.165507
vn 0.268953 -0.958529 -0.094265
vn 0.263927 -0.960096 -0.092511
vn -0.269898 0.958246 0.094448
vn -0.275243 0.956537 0.096326
vn 0.327154 -0.944948 0.006558
vn 0.327159 -0.944947 0.006448
vn -0.333572 0.942704 -0.006202
vn -0.333567 0.942706 -0.006311
vn 0.333990 -0.920892 0.201018
vn 0.333945 -0.920957 0.200798
vn -0.337998 0.918998 -0.202980
vn -0.338038 0.918935 -0.203197
vn 0.304414 -0.902910 0.303457
vn 0.304399 -0.902910 0.303470
vn -0.304418 0.903219 -0.302530
vn -0.304450 0.903216 -0.302507
vn 0.196919 -0.924342 0.326826
vn 0.196707 -0.924403 0.326780
vn -0.193437 0.927275 -0.320537
vn -0.193656 0.927210 -0.320592
vn 0.081938 -0.963938 0.253199
vn 0.081774 -0.964005 0.252995
vn -0.079291 0.966292 -0.244936
vn -0.079443 0.966230 -0.245128
vn 0.004802 -0.993034 0.117734
vn 0.004782 -0.993040 0.117681
vn -0.004713 0.993599 -0.112871
vn -0.004730 0.993593 -0.112918
vn -0.030258 0.997917 -0.056969
vn -0.030288 0.997913 -0.057025
vn 0.016071 0.999286 -0.034200
vn 0.016066 0.999286 -0.034188
vn -0.016721 -0.999213 0.035982
vn -0.016727 -0.999212 0.035996
vn 0.031834 -0.997716 0.059578
vn 0.031800 -0.997721 0.059515
vn 0.039170 -0.987942 0.149791
vn 0.039168 -0.987930 0.149865
vn -0.037574 0.988881 -0.143884
vn -0.037576 0.988891 -0.143817
vn 0.090445 -0.954226 0.285085
vn 0.090635 -0.954145 0.285294
vn -0.087908 0.957057 -0.276250
vn -0.087730 0.957131 -0.276051
vn 0.209003 -0.913393 0.349330
vn 0.209207 -0.913336 0.349356
vn -0.205973 0.916477 -0.342995
vn -0.205757 0.916538 -0.342960
vn 0.315775 -0.894750 0.315767
vn 0.315775 -0.894750 0.315767
vn -0.316332 0.894740 -0.315237
vn -0.316314 0.894741 -0.315252
vn 0.342405 -0.916611 0.206358
vn 0.342461 -0.916533 0.206609
vn -0.347278 0.914115 -0.209266
vn -0.347226 0.914192 -0.209015
vn 0.310692 -0.935394 0.168845
vn 0.310704 -0.935395 0.168817
vn -0.317152 0.932566 -0.172437
vn -0.317140 0.932565 -0.172466
vn 0.236975 -0.958027 0.161326
vn 0.233437 -0.959299 0.158910
vn -0.239070 0.957234 -0.162937
vn -0.242851 0.955840 -0.165508
vn 0.268958 -0.958528 -0.094268
vn 0.263931 -0.960095 -0.092513
vn -0.269899 0.958246 0.094445
vn -0.275244 0.956537 0.096323
vn 0.327156 -0.944948 0.006553
vn 0.327161 -0.944947 0.006446
vn -0.333571 0.942705 -0.006206
vn -0.333565 0.942706 -0.006315
vn 0.333989 -0.920893 0.201018
vn 0.333943 -0.920957 0.200798
vn -0.337995 0.918998 -0.202985
vn -0.338036 0.918934 -0.203205
vn 0.304412 -0.902911 0.303456
vn 0.304398 -0.902911 0.303468
vn -0.304417 0.903220 -0.302531
vn -0.304448 0.903217 -0.302508
vn 0.196920 -0.924342 0.326826
vn 0.196708 -0.924403 0.326779
vn -0.193437 0.927275 -0.320537
vn -0.193655 0.927210 -0.320592
vn 0.081938 -0.963938 0.253200
vn 0.081775 -0.964005 0.252996
vn -0.079292 0.966291 -0.244937
vn -0.079444 0.966230 -0.245129
vn 0.004801 -0.993034 0.117734
vn 0.004782 -0.993040 0.117681
vn -0.004712 0.993599 -0.112871
vn -0.004729 0.993593 -0.112918
vn 0.217306 0.000000 -0.976104
vn 0.116978 0.000000 -0.993135
vn 0.116978 0.000000 -0.993135
vn 0.284826 0.000000 -0.958579
vn 0.216998 0.000000 -0.976172
vn 0.116984 0.000000 -0.993134
vn 0.116984 0.000000 -0.993134
vn 0.284381 0.000000 -0.958711
vn 0.217205 0.000000 -0.976126
vn 0.116978 0.000000 -0.993135
vn 0.116978 0.000000 -0.993135
vn 0.284956 0.000000 -0.958541
vn 0.217299 0.000000 -0.976105
vn 0.116976 0.000000 -0.993135
vn 0.116976 0.000000 -0.993135
vn 0.284816 0.000000 -0.958582
vn 0.216994 0.000000 -0.976173
vn 0.116977 0.000000 -0.993135
vn 0.116977 0.000000 -0.993135
vn 0.284379 0.000000 -0.958712
vn 0.217208 0.000000 -0.976125
vn 0.116982 0.000000 -0.993134
vn 0.116982 0.000000 -0.993134
vn 0.284959 0.000000 -0.958540
vn 0.217298 0.000000 -0.976105
vn 0.116971 0.000000 -0.993135
vn 0.116971 0.000000 -0.993135
vn 0.284818 0.000000 -0.958582
vn 0.216992 0.000000 -0.976173
vn 0.116979 0.000000 -0.993134
vn 0.116979 0.000000 -0.993134
vn 0.284375 0.000000 -0.958713
vn 0.217207 0.000000 -0.976126
vn 0.116977 0.000000 -0.993135
vn 0.116977 0.000000 -0.993135
vn 0.284960 0.000000 -0.958539
vn 0.000000 0.000000 1.000000
vn 0.000000 0.000000 1.000000
vn 0.000000 0.000000 1.000000
vn 0.000000 0.000000 1.000000
vn -0.000000 0.000001 1.000000
vn -0.000000 0.000001 1.000000
vn -0.000000 0.000001 1.000000
vn -0.000000 0.000001 1.000000
vn 0.000000 0.000000 1.000000
vn 0.000000 0.000000 1.000000
vn 0.000000 0.000000 1.000000
vn 0.000000 0.000000 1.000000
vn 0.000000 -0.000001 1.000000
vn 0.000000 -0.000001 1.000000
vn 0.000000 -0.000001 1.000000
vn 0.000000 -0.000001 1.000000
vn 0.000000 0.000000 1.000000
vn 0.000000 0.000000 1.000000
vn 0.000000 0.000000 1.000000
vn 0.000000 0.000000 1.000000
vn 0.000000 -0.000001 1.000000
vn 0.000000 -0.000001 1.000000
vn 0.000000 -0.000001 1.000000
vn 0.000000 -0.000001 1.000000
vn 0.000000 0.000000 1.000000
vn 0.000000 0.000000 1.000000
vn 0.000000 0.000000 1.000000
vn 0.000000 0.000000 1.000000
vn 0.000000 -0.000001 1.000000
vn 0.000000 -0.000001 1.000000
vn 0.000000 -0.000001 1.000000
vn 0.000000 -0.000001 1.000000
vn 0.000000 0.000000 1.000000
vn 0.000000 0.000000 1.000000
vn 0.000000 0.000000 1.000000
vn 0.000000 0.000000 1.000000
vn 0.217072 0.000000 -0.976156
vn 0.116976 0.000000 -0.993135
vn 0.116976 0.000000 -0.993135
vn 0.284196 0.000000 -0.958766
vn 0.529397 0.000000 -0.848374
vn 0.469253 0.000000 -0.883064
vn 0.721579 0.000000 -0.692332
vn 0.690389 0.000000 -0.723438
vn 0.869079 0.000000 -0.494673
vn 0.861840 0.000000 -0.507180
vn 0.964108 0.000000 -0.265509
vn 0.963752 0.000000 -0.266799
vn 0.997430 0.000000 -0.071651
vn 0.997430 0.000000 -0.071651
vn 1.000000 0.000000 0.000000
vn 1.000000 0.000000 0.000000
vn -0.000000 -0.000001 1.000000
vn -0.000000 -0.000001 1.000000
vn -0.000000 -0.000001 1.000000
vn -0.000000 -0.000001 1.000000
vn -0.997500 0.000000 0.070665
vn -0.997500 0.000000 0.070665
vn -1.000000 0.000000 0.000000
vn -1.000000 0.000000 0.000000
vn -0.964504 0.000000 0.264069
vn -0.963652 0.000000 0.267160
vn -0.870460 0.000000 0.492239
vn -0.860572 0.000000 0.509329
vn -0.722703 0.000000 0.691159
vn -0.689188 0.000000 0.724582
vn -0.530122 0.000000 0.847921
vn -0.468949 0.000000 0.883226
vn -0.284925 0.000000 0.958550
vn -0.216403 0.000000 0.976304
vn -0.117796 0.000000 0.993038
vn -0.117796 0.000000 0.993038
vn -1.000000 0.000000 0.000000
vn -1.000000 0.000000 0.000000
vn -1.000000 0.000000 0.000000
vn -1.000000 0.000000 0.000000
vn 0.000000 -0.000001 1.000000
vn 0.000000 -0.000001 1.000000
vn 0.000000 -0.000001 1.000000
vn 0.000000 -0.000001 1.000000
vn -0.998417 -0.000007 0.056241
vn -0.997620 -0.000006 0.068958
vn -1.000000 -0.000012 0.000000
vn -1.000000 -0.000012 0.000000
vn -0.971990 0.000000 0.235022
vn -0.958705 0.000000 0.284403
vn -0.882784 0.000000 0.469780
vn -0.847232 0.000000 0.531223
vn -0.734381 0.000000 0.678737
vn -0.678767 0.000000 0.734353
vn -0.530165 0.000000 0.847894
vn -0.469647 0.000000 0.882854
vn -0.284577 0.000000 0.958653
vn -0.228854 0.000000 0.973461
vn -0.130478 0.000000 0.991451
vn -0.130478 0.000000 0.991451
vn -1.000000 0.000000 0.000000
vn -1.000000 0.000000 0.000000
vn -1.000000 0.000000 0.000000
vn -1.000000 0.000000 0.000000
vn 0.283227 0.000000 -0.959053
vn 0.228987 0.000000 -0.973430
vn 0.128519 0.000000 -0.991707
vn 0.128519 0.000000 -0.991707
vn 0.529045 0.000000 -0.848594
vn 0.470883 0.000000 -0.882196
vn 0.732917 0.000000 -0.680318
vn 0.680197 0.000000 -0.733029
vn 0.881383 0.000000 -0.472402
vn 0.848622 0.000000 -0.528999
vn 0.970849 0.000000 -0.239693
vn 0.959193 0.000000 -0.282754
vn 0.998245 0.000007 -0.059217
vn 0.997613 0.000006 -0.069051
vn 1.000000 0.000012 0.000000
vn 1.000000 0.000012 0.000000
vn 0.217071 0.000000 -0.976156
vn 0.116976 0.000000 -0.993135
vn 0.116976 0.000000 -0.993135
vn 0.284194 0.000000 -0.958767
vn 0.529397 0.000000 -0.848374
vn 0.469252 0.000000 -0.883064
vn 0.721580 0.000000 -0.692331
vn 0.690390 0.000000 -0.723437
vn 0.869075 0.000000 -0.494680
vn 0.861836 0.000000 -0.507187
vn 0.964108 -0.000004 -0.265510
vn 0.963752 -0.000004 -0.266799
vn 0.997430 -0.000005 -0.071647
vn 0.997430 -0.000005 -0.071647
vn 1.000000 0.000000 0.000000
vn 1.000000 0.000000 0.000000
vn 0.000000 -0.000001 1.000000
vn 0.000000 -0.000001 1.000000
vn 0.000000 -0.000001 1.000000
vn 0.000000 -0.000001 1.000000
vn -0.997499 0.000000 0.070686
vn -0.997499 0.000000 0.070687
vn -1.000000 0.000000 0.000000
vn -1.000000 0.000000 0.000000
vn -0.964504 0.000000 0.264068
vn -0.963652 0.000000 0.267160
vn -0.870482 0.000000 0.492201
vn -0.860595 0.000000 0.509291
vn -0.722702 0.000000 0.691159
vn -0.689188 0.000000 0.724583
vn -0.530123 0.000000 0.847921
vn -0.468950 0.000000 0.883225
vn -0.284929 0.000000 0.958549
vn -0.216406 0.000000 0.976303
vn -0.117800 0.000000 0.993037
vn -0.117800 0.000000 0.993037
vn -1.000000 0.000000 0.000000
vn -1.000000 0.000000 0.000000
vn -1.000000 0.000000 0.000000
vn -1.000000 0.000000 0.000000
vn 0.217075 0.000000 -0.976155
vn 0.116981 0.000000 -0.993134
vn 0.116981 0.000000 -0.993134
vn 0.284198 0.000000 -0.958766
vn 0.529398 0.000000 -0.848373
vn 0.469254 0.000000 -0.883063
vn 0.721580 0.000000 -0.692331
vn 0.690391 0.000000 -0.723437
vn 0.869075 0.000000 -0.494680
vn 0.861836 0.000000 -0.507186
vn 0.964108 0.000000 -0.265509
vn 0.963752 0.000000 -0.266799
vn 0.997430 0.000000 -0.071647
vn 0.997430 0.000000 -0.071647
vn 1.000000 0.000000 0.000000
vn 1.000000 0.000000 0.000000
vn 0.000000 0.000001 1.000000
vn 0.000000 0.000001 1.000000
vn 0.000000 0.000001 1.000000
vn 0.000000 0.000001 1.000000
vn -0.997499 0.000000 0.070686
vn -0.997499 0.000000 0.070687
vn -1.000000 0.000000 -0.000001
vn -1.000000 0.000000 -0.000001
vn -0.964504 0.000000 0.264069
vn -0.963652 0.000000 0.267160
vn -0.870481 0.000000 0.492201
vn -0.860595 0.000000 0.509291
vn -0.722703 0.000000 0.691159
vn -0.689188 0.000000 0.724582
vn -0.530122 0.000000 0.847921
vn -0.468949 0.000000 0.883226
vn -0.284927 0.000001 0.958549
vn -0.216405 0.000002 0.976304
vn -0.117800 0.000004 0.993037
vn -0.117800 0.000004 0.993037
vn -1.000000 0.000000 0.000000
vn -1.000000 0.000000 0.000000
vn -1.000000 0.000000 0.000000
vn -1.000000 0.000000 0.000000
vn 0.000000 0.000001 1.000000
vn 0.000000 0.000001 1.000000
vn 0.000000 0.000001 1.000000
vn 0.000000 0.000001 1.000000
vn -0.998417 0.000000 0.056241
vn -0.997620 0.000000 0.068958
vn -1.000000 0.000000 0.000000
vn -1.000000 0.000000 0.000000
vn -0.971990 0.000000 0.235022
vn -0.958705 0.000000 0.284403
vn -0.882784 0.000000 0.469779
vn -0.847233 0.000000 0.531222
vn -0.734383 0.000000 0.678735
vn -0.678769 0.000000 0.734352
vn -0.530166 0.000000 0.847894
vn -0.469647 0.000000 0.882855
vn -0.284575 0.000000 0.958654
vn -0.228852 0.000000 0.973461
vn -0.130477 0.000000 0.991451
vn -0.130477 0.000000 0.991451
vn -1.000000 0.000000 0.000000
vn -1.000000 0.000000 0.000000
vn -1.000000 0.000000 0.000000
vn -1.000000 0.000000 0.000000
vn 0.283226 0.000000 -0.959053
vn 0.228986 0.000000 -0.973430
vn 0.128519 0.000000 -0.991707
vn 0.128519 0.000000 -0.991707
vn 0.529044 0.000000 -0.848595
vn 0.470881 0.000000 -0.882197
vn 0.732917 0.000000 -0.680318
vn 0.680197 0.000000 -0.733030
vn 0.881383 0.000000 -0.472402
vn 0.848623 0.000000 -0.528999
vn 0.970849 0.000000 -0.239693
vn 0.959193 0.000000 -0.282754
vn 0.998245 0.000000 -0.059217
vn 0.997613 0.000000 -0.069051
vn 1.000000 0.000000 0.000000
vn 1.000000 0.000000 0.000000
vn -0.000000 -0.000001 1.000000
vn -0.000000 -0.000001 1.000000
vn -0.000000 -0.000001 1.000000
vn -0.000000 -0.000001 1.000000
vn -0.998417 0.000000 0.056241
vn -0.997620 0.000000 0.068958
vn -1.000000 0.000000 0.000000
vn -1.000000 0.000000 0.000000
vn -0.971990 0.000000 0.235021
vn -0.958705 0.000000 0.284402
vn -0.882785 0.000000 0.469778
vn -0.847233 0.000000 0.531221
vn -0.734382 0.000000 0.678736
vn -0.678768 0.000000 0.734353
vn -0.530164 0.000000 0.847895
vn -0.469645 0.000000 0.882855
vn -0.284574 0.000000 0.958654
vn -0.228852 0.000000 0.973461
vn -0.130477 0.000000 0.991451
vn -0.130477 0.000000 0.991451
vn -1.000000 0.000000 0.000000
vn -1.000000 0.000000 0.000000
vn -1.000000 0.000000 0.000000
vn -1.000000 0.000000 0.000000
vn 0.283228 0.000000 -0.959053
vn 0.228989 0.000000 -0.973429
vn 0.128522 0.000000 -0.991707
vn 0.128522 0.000000 -0.991707
vn 0.529046 0.000000 -0.848593
vn 0.470883 0.000000 -0.882196
vn 0.732917 0.000000 -0.680318
vn 0.680197 0.000000 -0.733029
vn 0.881383 0.000000 -0.472402
vn 0.848622 0.000000 -0.529000
vn 0.970849 0.000000 -0.239693
vn 0.959193 0.000000 -0.282753
vn 0.998245 0.000000 -0.059217
vn 0.997613 0.000000 -0.069051
vn 1.000000 0.000000 0.000000
vn 1.000000 0.000000 0.000000
vn 0.116976 0.000000 -0.993135
vn 0.116976 0.000000 -0.993135
vn 0.284509 0.000000 -0.958673
vn 0.216846 0.000000 -0.976206
vn -1.000000 0.000008 0.000000
vn -1.000000 0.000008 0.000000
vn -1.000000 0.000008 0.000000
vn -1.000000 0.000008 0.000000
vn -0.285270 -0.000001 0.958447
vn -0.117805 -0.000004 0.993037
vn -0.117805 -0.000004 0.993037
vn -0.216168 -0.000002 0.976356
vn -0.529997 0.000000 0.848000
vn -0.469185 0.000000 0.883100
vn -0.722399 0.000000 0.691476
vn -0.689454 0.000000 0.724329
vn -0.870365 0.000000 0.492408
vn -0.860695 0.000000 0.509120
vn -0.964490 0.000000 0.264118
vn -0.963665 0.000000 0.267112
vn -0.997499 -0.000003 0.070687
vn -0.997499 -0.000003 0.070686
vn -1.000000 -0.000007 0.000000
vn -1.000000 -0.000007 0.000000
vn 0.000000 -0.000001 1.000000
vn 0.000000 -0.000001 1.000000
vn 0.000000 -0.000001 1.000000
vn 0.000000 -0.000001 1.000000
vn 0.997430 0.000004 -0.071648
vn 1.000000 0.000008 0.000000
vn 1.000000 0.000008 0.000000
vn 0.997430 0.000004 -0.071647
vn 0.964100 0.000000 -0.265538
vn 0.963760 0.000000 -0.266771
vn 0.868970 0.000000 -0.494865
vn 0.861928 0.000000 -0.507031
vn 0.721283 0.000000 -0.692641
vn 0.690646 0.000000 -0.723193
vn 0.529283 0.000000 -0.848446
vn 0.469476 0.000000 -0.882945
vn 0.116976 0.000000 -0.993135
vn 0.116976 0.000000 -0.993135
vn 0.284508 0.000000 -0.958674
vn 0.216845 0.000000 -0.976206
vn -1.000000 0.000000 0.000000
vn -1.000000 0.000000 0.000000
vn -1.000000 0.000000 0.000000
vn -1.000000 0.000000 0.000000
vn -0.285266 0.000000 0.958448
vn -0.117799 0.000000 0.993037
vn -0.117799 0.000000 0.993037
vn -0.216164 0.000000 0.976357
vn -0.529996 0.000000 0.848000
vn -0.469183 0.000000 0.883101
vn -0.722400 0.000000 0.691476
vn -0.689454 0.000000 0.724329
vn -0.870343 0.000000 0.492447
vn -0.860674 0.000000 0.509157
vn -0.964490 0.000000 0.264118
vn -0.963665 0.000000 0.267113
vn -0.997500 -0.000003 0.070665
vn -0.997500 -0.000003 0.070665
vn -1.000000 -0.000007 0.000000
vn -1.000000 -0.000007 0.000000
vn 0.000000 -0.000001 1.000000
vn 0.000000 -0.000001 1.000000
vn 0.000000 -0.000001 1.000000
vn 0.000000 -0.000001 1.000000
vn 0.997430 0.000000 -0.071651
vn 1.000000 0.000000 0.000000
vn 1.000000 0.000000 0.000000
vn 0.997430 0.000000 -0.071651
vn 0.964101 0.000000 -0.265538
vn 0.963760 0.000000 -0.266771
vn 0.868974 0.000000 -0.494858
vn 0.861932 0.000000 -0.507024
vn 0.721283 0.000000 -0.692641
vn 0.690646 0.000000 -0.723193
vn 0.529283 0.000000 -0.848445
vn 0.469475 0.000000 -0.882946
vn 0.116976 0.000000 -0.993135
vn 0.116976 0.000000 -0.993135
vn 0.284505 0.000000 -0.958675
vn 0.216844 0.000000 -0.976206
vn -1.000000 0.000000 0.000000
vn -1.000000 0.000000 0.000000
vn -1.000000 0.000000 0.000000
vn -1.000000 0.000000 0.000000
vn -0.285266 0.000000 0.958448
vn -0.117797 0.000000 0.993038
vn -0.117797 0.000000 0.993038
vn -0.216163 0.000000 0.976357
vn -0.529996 0.000000 0.848000
vn -0.469183 0.000000 0.883101
vn -0.722399 0.000000 0.691476
vn -0.689454 0.000000 0.724330
vn -0.870364 -0.000004 0.492408
vn -0.860695 -0.000004 0.509120
vn -0.964490 -0.000004 0.264118
vn -0.963665 -0.000004 0.267113
vn -0.997499 0.000003 0.070687
vn -0.997499 0.000003 0.070686
vn -1.000000 0.000007 -0.000000
vn -1.000000 0.000007 -0.000000
vn 0.000000 0.000001 1.000000
vn 0.000000 0.000001 1.000000
vn 0.000000 0.000001 1.000000
vn 0.000000 0.000001 1.000000
vn 0.997430 0.000004 -0.071647
vn 1.000000 0.000003 0.000000
vn 1.000000 0.000003 0.000000
vn 0.997430 0.000004 -0.071647
vn 0.964101 -0.000002 -0.265537
vn 0.963760 -0.000002 -0.266771
vn 0.868970 -0.000004 -0.494865
vn 0.861928 -0.000004 -0.507031
vn 0.721282 0.000000 -0.692641
vn 0.690645 0.000000 -0.723194
vn 0.529280 0.000000 -0.848447
vn 0.469472 0.000000 -0.882947
vn -0.000000 0.000001 1.000000
vn -0.000000 0.000001 1.000000
vn -0.000000 0.000001 1.000000
vn -0.000000 0.000001 1.000000
vn 0.998236 -0.000007 -0.059376
vn 1.000000 -0.000012 0.000000
vn 1.000000 -0.000012 0.000000
vn 0.997622 -0.000006 -0.068917
vn 0.970711 0.000000 -0.240249
vn 0.959330 0.000000 -0.282287
vn 0.881169 0.000000 -0.472801
vn 0.848876 0.000000 -0.528592
vn 0.732942 0.000000 -0.680291
vn 0.680290 0.000000 -0.732943
vn 0.529315 0.000000 -0.848425
vn 0.470612 0.000000 -0.882340
vn 0.283628 0.000000 -0.958934
vn 0.228584 0.000000 -0.973524
vn 0.128519 0.000000 -0.991707
vn 0.128519 0.000000 -0.991707
vn -1.000000 0.000000 0.000000
vn -1.000000 0.000000 0.000000
vn -1.000000 0.000000 0.000000
vn -1.000000 0.000000 0.000000
vn -0.285032 0.000000 0.958518
vn -0.130477 0.000000 0.991451
vn -0.130477 0.000000 0.991451
vn -0.228394 0.000000 0.973569
vn -0.530491 0.000000 0.847691
vn -0.469309 0.000000 0.883034
vn -0.734447 0.000000 0.678666
vn -0.678837 0.000000 0.734289
vn -0.882565 0.000000 0.470190
vn -0.847509 0.000000 0.530782
vn -0.971835 0.000000 0.235663
vn -0.958868 0.000000 0.283854
vn -0.998406 0.000004 0.056446
vn -0.997632 0.000003 0.068786
vn -1.000000 0.000007 0.000000
vn -1.000000 0.000007 0.000000
vn -0.000000 -0.000001 1.000000
vn -0.000000 -0.000001 1.000000
vn -0.000000 -0.000001 1.000000
vn -0.000000 -0.000001 1.000000
vn 0.998236 0.000008 -0.059375
vn 1.000000 0.000012 0.000000
vn 1.000000 0.000012 0.000000
vn 0.997622 0.000007 -0.068917
vn 0.970711 0.000002 -0.240249
vn 0.959330 0.000001 -0.282287
vn 0.881169 0.000000 -0.472801
vn 0.848876 0.000000 -0.528591
vn 0.732942 0.000000 -0.680291
vn 0.680290 0.000000 -0.732943
vn 0.529314 0.000000 -0.848426
vn 0.470610 0.000000 -0.882341
vn 0.283627 0.000000 -0.958935
vn 0.228583 0.000000 -0.973525
vn 0.128518 0.000000 -0.991707
vn 0.128518 0.000000 -0.991707
vn -1.000000 0.000000 0.000000
vn -1.000000 0.000000 0.000000
vn -1.000000 0.000000 0.000000
vn -1.000000 0.000000 0.000000
vn -0.285034 0.000000 0.958517
vn -0.130479 0.000000 0.991451
vn -0.130479 0.000000 0.991451
vn -0.228396 0.000000 0.973568
vn -0.530495 0.000000 0.847688
vn -0.469311 0.000000 0.883033
vn -0.734448 0.000000 0.678665
vn -0.678839 0.000000 0.734287
vn -0.882565 0.000000 0.470190
vn -0.847509 0.000000 0.530782
vn -0.971835 0.000000 0.235663
vn -0.958868 0.000000 0.283854
vn -0.998406 -0.000004 0.056446
vn -0.997632 -0.000003 0.068786
vn -1.000000 -0.000007 0.000000
vn -1.000000 -0.000007 0.000000
vn -0.000000 -0.000001 1.000000
vn -0.000000 -0.000001 1.000000
vn -0.000000 -0.000001 1.000000
vn -0.000000 -0.000001 1.000000
vn 0.998236 0.000007 -0.059376
vn 1.000000 0.000012 0.000000
vn 1.000000 0.000012 0.000000
vn 0.997622 0.000006 -0.068917
vn 0.970711 0.000000 -0.240249
vn 0.959330 0.000000 -0.282287
vn 0.881169 0.000000 -0.472801
vn 0.848876 0.000000 -0.528591
vn 0.732942 0.000000 -0.680291
vn 0.680290 0.000000 -0.732943
vn 0.529314 0.000000 -0.848426
vn 0.470611 0.000000 -0.882341
vn 0.283627 0.000000 -0.958935
vn 0.228583 0.000000 -0.973525
vn 0.128518 0.000000 -0.991707
vn 0.128518 0.000000 -0.991707
vn -1.000000 0.000000 0.000000
vn -1.000000 0.000000 0.000000
vn -1.000000 0.000000 0.000000
vn -1.000000 0.000000 0.000000
vn -0.285032 0.000000 0.958518
vn -0.130477 0.000000 0.991451
vn -0.130477 0.000000 0.991451
vn -0.228394 0.000000 0.973569
vn -0.530492 0.000000 0.847690
vn -0.469308 0.000000 0.883034
vn -0.734447 0.000000 0.678666
vn -0.678837 0.000000 0.734289
vn -0.882565 0.000000 0.470190
vn -0.847508 0.000000 0.530783
vn -0.971835 0.000000 0.235663
vn -0.958868 0.000000 0.283854
vn -0.998406 -0.000004 0.056446
vn -0.997631 -0.000003 0.068786
vn -1.000000 -0.000007 0.000000
vn -1.000000 -0.000007 0.000000
vn -1.000000 0.000000 0.000000
vn -1.000000 0.000000 0.000000
vn -1.000000 0.000000 0.000000
vn -1.000000 0.000000 0.000000
vn -1.000000 0.000000 0.000000
vn -1.000000 0.000000 0.000000
vn -1.000000 0.000000 0.000000
vn -1.000000 0.000000 0.000000
vn -1.000000 0.000000 0.000000
vn -1.000000 0.000000 0.000000
vn -1.000000 0.000000 0.000000
vn -1.000000 0.000000 0.000000
vn -0.117799 0.000000 0.993038
vn -0.216792 0.000000 0.976218
vn -0.285781 0.000000 0.958295
vn -0.117799 0.000000 0.993038
vn -0.117798 0.000000 0.993038
vn -0.216897 0.000000 0.976195
vn -0.285628 0.000000 0.958341
vn -0.117798 0.000000 0.993038
vn -0.117807 0.000000 0.993037
vn -0.216445 0.000000 0.976295
vn -0.285247 0.000000 0.958454
vn -0.117807 0.000000 0.993037
vn -0.469232 0.000000 0.883075
vn -0.530046 0.000000 0.847969
vn -0.469128 0.000000 0.883130
vn -0.530095 0.000000 0.847939
vn -0.469137 0.000000 0.883125
vn -0.530121 0.000000 0.847922
vn -0.689363 0.000000 0.724416
vn -0.722422 0.000000 0.691452
vn -0.689248 0.000000 0.724526
vn -0.722551 0.000000 0.691317
vn -0.689279 0.000000 0.724496
vn -0.722515 0.000000 0.691355
vn -0.860636 0.000000 0.509220
vn -0.870353 0.000000 0.492428
vn -0.860592 0.000000 0.509294
vn -0.870403 0.000000 0.492339
vn -0.860607 0.000000 0.509270
vn -0.870388 0.000000 0.492367
vn -0.963655 0.000000 0.267149
vn -0.964486 0.000000 0.264132
vn -0.963649 0.000000 0.267170
vn -0.964492 0.000000 0.264112
vn -0.963657 0.000000 0.267143
vn -0.964495 0.000000 0.264100
vn -0.997478 0.000000 0.070973
vn -0.997478 0.000000 0.070973
vn -0.997478 0.000000 0.070973
vn -0.997478 0.000000 0.070973
vn -0.997500 0.000000 0.070665
vn -0.997500 0.000000 0.070665
vn -1.000000 0.000000 0.000000
vn -1.000000 0.000000 0.000000
vn -1.000000 0.000000 0.000000
vn -1.000000 0.000000 0.000000
vn -1.000000 0.000000 0.000000
vn -1.000000 0.000000 0.000000
vn 0.000000 0.000000 1.000000
vn 0.000000 0.000000 1.000000
vn 0.000000 0.000000 1.000000
vn 0.000000 0.000000 1.000000
vn 0.000000 0.000000 1.000000
vn 0.000000 0.000000 1.000000
vn 0.000000 0.000000 1.000000
vn 0.000000 0.000000 1.000000
vn 0.000000 -0.000001 1.000000
vn 0.000000 -0.000001 1.000000
vn 0.000000 -0.000001 1.000000
vn 0.000000 -0.000001 1.000000
vn 1.000000 0.000000 0.000000
vn 0.997412 0.000000 -0.071898
vn 0.997412 0.000000 -0.071898
vn 1.000000 0.000000 0.000000
vn 1.000000 0.000000 0.000000
vn 0.997412 0.000000 -0.071898
vn 0.997412 0.000000 -0.071898
vn 1.000000 0.000000 0.000000
vn 1.000000 -0.000006 0.000000
vn 0.997430 -0.000003 -0.071651
vn 0.997430 -0.000003 -0.071651
vn 1.000000 -0.000006 0.000000
vn 0.963765 0.000000 -0.266754
vn 0.964110 0.000000 -0.265502
vn 0.963762 0.000000 -0.266766
vn 0.964114 0.000000 -0.265490
vn 0.963758 0.000000 -0.266777
vn 0.964107 0.000000 -0.265515
vn 0.861929 0.000000 -0.507030
vn 0.869040 0.000000 -0.494742
vn 0.861890 0.000000 -0.507095
vn 0.869084 0.000000 -0.494665
vn 0.861914 0.000000 -0.507055
vn 0.869055 0.000000 -0.494716
vn 0.690628 0.000000 -0.723211
vn 0.721474 0.000000 -0.692442
vn 0.690520 0.000000 -0.723313
vn 0.721599 0.000000 -0.692312
vn 0.690594 0.000000 -0.723243
vn 0.721509 0.000000 -0.692405
vn 0.469506 0.000000 -0.882929
vn 0.529489 0.000000 -0.848317
vn 0.469418 0.000000 -0.882976
vn 0.529537 0.000000 -0.848287
vn 0.469500 0.000000 -0.882933
vn 0.529463 0.000000 -0.848333
vn -1.000000 0.000000 0.000000
vn -1.000000 0.000000 0.000000
vn -1.000000 0.000000 0.000000
vn -1.000000 0.000000 0.000000
vn -1.000000 0.000000 0.000000
vn -1.000000 0.000000 0.000000
vn -1.000000 0.000000 0.000000
vn -1.000000 0.000000 0.000000
vn -1.000000 0.000000 0.000000
vn -1.000000 0.000000 0.000000
vn -1.000000 0.000000 0.000000
vn -1.000000 0.000000 0.000000
vn -0.117800 0.000000 0.993037
vn -0.216791 0.000000 0.976218
vn -0.285777 0.000000 0.958296
vn -0.117800 0.000000 0.993037
vn -0.117796 0.000000 0.993038
vn -0.216895 0.000000 0.976195
vn -0.285627 0.000000 0.958341
vn -0.117796 0.000000 0.993038
vn -0.117798 0.000000 0.993038
vn -0.216439 0.000000 0.976296
vn -0.285243 0.000000 0.958455
vn -0.117798 0.000000 0.993038
vn -0.469229 0.000000 0.883077
vn -0.530044 0.000000 0.847970
vn -0.469130 0.000000 0.883129
vn -0.530097 0.000000 0.847937
vn -0.469137 0.000000 0.883125
vn -0.530122 0.000000 0.847921
vn -0.689362 0.000000 0.724417
vn -0.722420 0.000000 0.691454
vn -0.689250 0.000000 0.724524
vn -0.722553 0.000000 0.691316
vn -0.689280 0.000000 0.724495
vn -0.722515 0.000000 0.691355
vn -0.860635 0.000000 0.509222
vn -0.870352 0.000000 0.492430
vn -0.860593 0.000000 0.509294
vn -0.870404 0.000000 0.492338
vn -0.860606 0.000000 0.509271
vn -0.870387 0.000000 0.492368
vn -0.963655 0.000000 0.267150
vn -0.964486 0.000000 0.264133
vn -0.963650 0.000000 0.267169
vn -0.964492 0.000000 0.264111
vn -0.963657 0.000000 0.267144
vn -0.964495 0.000000 0.264101
vn -0.997478 0.000000 0.070973
vn -0.997478 0.000000 0.070973
vn -0.997478 0.000000 0.070973
vn -0.997478 0.000000 0.070973
vn -0.997500 0.000000 0.070665
vn -0.997500 0.000000 0.070665
vn -1.000000 0.000000 0.000000
vn -1.000000 0.000000 0.000000
vn -1.000000 0.000000 0.000000
vn -1.000000 0.000000 0.000000
vn -1.000000 0.000000 0.000000
vn -1.000000 0.000000 0.000000
vn 0.000000 -0.000001 1.000000
vn 0.000000 -0.000001 1.000000
vn 0.000000 -0.000001 1.000000
vn 0.000000 -0.000001 1.000000
vn 0.000000 -0.000001 1.000000
vn 0.000000 -0.000001 1.000000
vn 0.000000 -0.000001 1.000000
vn 0.000000 -0.000001 1.000000
vn 0.000000 0.000000 1.000000
vn 0.000000 0.000000 1.000000
vn 0.000000 0.000000 1.000000
vn 0.000000 0.000000 1.000000
vn 1.000000 -0.000006 0.000000
vn 0.997412 -0.000003 -0.071899
vn 0.997412 -0.000003 -0.071899
vn 1.000000 -0.000006 0.000000
vn 1.000000 -0.000006 0.000000
vn 0.997412 -0.000003 -0.071898
vn 0.997412 -0.000003 -0.071898
vn 1.000000 -0.000006 0.000000
vn 1.000000 0.000000 0.000000
vn 0.997430 0.000000 -0.071651
vn 0.997430 0.000000 -0.071651
vn 1.000000 0.000000 0.000000
vn 0.963765 0.000000 -0.266753
vn 0.964110 0.000000 -0.265501
vn 0.963761 0.000000 -0.266766
vn 0.964114 0.000000 -0.265490
vn 0.963758 0.000000 -0.266777
vn 0.964107 0.000000 -0.265515
vn 0.861929 0.000000 -0.507029
vn 0.869040 0.000000 -0.494741
vn 0.861890 0.000000 -0.507095
vn 0.869084 0.000000 -0.494665
vn 0.861914 0.000000 -0.507054
vn 0.869055 0.000000 -0.494715
vn 0.690628 0.000000 -0.723210
vn 0.721474 0.000000 -0.692441
vn 0.690520 0.000000 -0.723313
vn 0.721599 0.000000 -0.692312
vn 0.690594 0.000000 -0.723242
vn 0.721509 0.000000 -0.692405
vn 0.469508 0.000000 -0.882928
vn 0.529490 0.000000 -0.848316
vn 0.469409 0.000000 -0.882981
vn 0.529533 0.000000 -0.848290
vn 0.469500 0.000000 -0.882932
vn 0.529463 0.000000 -0.848333
vn -1.000000 0.000000 0.000000
vn -1.000000 0.000000 0.000000
vn -1.000000 0.000000 0.000000
vn -1.000000 0.000000 0.000000
vn -1.000000 0.000000 0.000000
vn -1.000000 0.000000 0.000000
vn -1.000000 0.000000 0.000000
vn -1.000000 0.000000 0.000000
vn -1.000000 0.000000 0.000000
vn -1.000000 0.000000 0.000000
vn -1.000000 0.000000 0.000000
vn -1.000000 0.000000 0.000000
vn -0.117802 0.000000 0.993037
vn -0.216796 0.000000 0.976217
vn -0.285784 0.000000 0.958294
vn -0.117802 0.000000 0.993037
vn -0.117796 0.000000 0.993038
vn -0.216899 0.000000 0.976194
vn -0.285633 0.000000 0.958339
vn -0.117796 0.000000 0.993038
vn -0.117794 0.000000 0.993038
vn -0.216435 0.000000 0.976297
vn -0.285239 0.000000 0.958457
vn -0.117794 0.000000 0.993038
vn -0.469235 0.000000 0.883073
vn -0.530050 0.000000 0.847967
vn -0.469134 0.000000 0.883127
vn -0.530099 0.000000 0.847936
vn -0.469135 0.000000 0.883127
vn -0.530120 0.000000 0.847922
vn -0.689364 0.000000 0.724415
vn -0.722422 0.000000 0.691452
vn -0.689248 0.000000 0.724525
vn -0.722551 0.000000 0.691318
vn -0.689279 0.000000 0.724496
vn -0.722515 0.000000 0.691355
vn -0.860636 0.000000 0.509221
vn -0.870353 0.000000 0.492429
vn -0.860591 0.000000 0.509296
vn -0.870403 0.000000 0.492340
vn -0.860606 0.000000 0.509271
vn -0.870387 0.000000 0.492368
vn -0.963655 0.000000 0.267149
vn -0.964486 0.000000 0.264132
vn -0.963649 0.000000 0.267170
vn -0.964492 0.000000 0.264111
vn -0.963657 0.000000 0.267143
vn -0.964495 0.000000 0.264100
vn -0.997478 0.000000 0.070973
vn -0.997478 0.000000 0.070973
vn -0.997478 0.000000 0.070973
vn -0.997478 0.000000 0.070973
vn -0.997500 0.000000 0.070664
vn -0.997500 0.000000 0.070664
vn -1.000000 0.000000 -0.000001
vn -1.000000 0.000000 -0.000001
vn -1.000000 0.000000 -0.000001
vn -1.000000 0.000000 -0.000001
vn -1.000000 0.000000 -0.000001
vn -1.000000 0.000000 -0.000001
vn 0.000000 0.000000 1.000000
vn 0.000000 0.000000 1.000000
vn 0.000000 0.000000 1.000000
vn 0.000000 0.000000 1.000000
vn 0.000000 0.000000 1.000000
vn 0.000000 0.000000 1.000000
vn 0.000000 0.000000 1.000000
vn 0.000000 0.000000 1.000000
vn 0.000000 0.000001 1.000000
vn 0.000000 0.000001 1.000000
vn 0.000000 0.000001 1.000000
vn 0.000000 0.000001 1.000000
vn 1.000000 0.000000 0.000000
vn 0.997412 0.000000 -0.071898
vn 0.997412 0.000000 -0.071898
vn 1.000000 0.000000 0.000000
vn 1.000000 0.000000 0.000000
vn 0.997412 0.000000 -0.071898
vn 0.997412 0.000000 -0.071898
vn 1.000000 0.000000 0.000000
vn 1.000000 -0.000012 0.000000
vn 0.997430 -0.000006 -0.071651
vn 0.997430 -0.000006 -0.071651
vn 1.000000 -0.000012 0.000000
vn 0.963764 0.000000 -0.266755
vn 0.964110 0.000000 -0.265503
vn 0.963761 0.000000 -0.266766
vn 0.964113 0.000000 -0.265491
vn 0.963758 0.000000 -0.266776
vn 0.964107 0.000000 -0.265515
vn 0.861928 0.000000 -0.507031
vn 0.869039 0.000000 -0.494744
vn 0.861890 0.000000 -0.507096
vn 0.869084 0.000000 -0.494665
vn 0.861914 0.000000 -0.507054
vn 0.869055 0.000000 -0.494715
vn 0.690629 0.000000 -0.723209
vn 0.721474 0.000000 -0.692441
vn 0.690522 0.000000 -0.723312
vn 0.721600 0.000000 -0.692310
vn 0.690595 0.000000 -0.723242
vn 0.721510 0.000000 -0.692404
vn 0.469512 0.000000 -0.882926
vn 0.529493 0.000000 -0.848314
vn 0.469414 0.000000 -0.882978
vn 0.529537 0.000000 -0.848287
vn 0.469498 0.000000 -0.882934
vn 0.529463 0.000000 -0.848333
vn 1.000000 0.000000 0.000000
vn 0.997604 0.000000 -0.069190
vn 0.998227 0.000000 -0.059526
vn 1.000000 0.000000 0.000000
vn 1.000000 0.000000 0.000000
vn 0.997600 0.000000 -0.069246
vn 0.998231 0.000000 -0.059460
vn 1.000000 0.000000 0.000000
vn 1.000000 -0.000012 0.000000
vn 0.997621 -0.000006 -0.068930
vn 0.998244 -0.000006 -0.059241
vn 1.000000 -0.000012 0.000000
vn 0.959330 0.000000 -0.282287
vn 0.970812 0.000000 -0.239843
vn 0.959272 0.000000 -0.282483
vn 0.970869 0.000000 -0.239611
vn 0.959303 0.000000 -0.282380
vn 0.970817 0.000000 -0.239820
vn 0.848834 0.000000 -0.528659
vn 0.881332 0.000000 -0.472498
vn 0.848727 0.000000 -0.528831
vn 0.881421 0.000000 -0.472332
vn 0.848819 0.000000 -0.528684
vn 0.881338 0.000000 -0.472487
vn 0.680214 0.000000 -0.733014
vn 0.732997 0.000000 -0.680232
vn 0.680176 0.000000 -0.733049
vn 0.732987 0.000000 -0.680243
vn 0.680256 0.000000 -0.732975
vn 0.732932 0.000000 -0.680302
vn 0.470670 0.000000 -0.882309
vn 0.529359 0.000000 -0.848398
vn 0.470791 0.000000 -0.882245
vn 0.529244 0.000000 -0.848470
vn 0.470803 0.000000 -0.882238
vn 0.529235 0.000000 -0.848475
vn 0.229162 0.000000 -0.973388
vn 0.284335 0.000000 -0.958725
vn 0.229340 0.000000 -0.973346
vn 0.284165 0.000000 -0.958776
vn 0.228831 0.000000 -0.973466
vn 0.283470 0.000000 -0.958981
vn 0.128517 0.000000 -0.991707
vn 0.128517 0.000000 -0.991707
vn 0.128517 0.000000 -0.991707
vn 0.128517 0.000000 -0.991707
vn 0.128521 0.000000 -0.991707
vn 0.128521 0.000000 -0.991707
vn -1.000000 0.000000 0.000000
vn -1.000000 0.000000 0.000000
vn -1.000000 0.000000 0.000000
vn -1.000000 0.000000 0.000000
vn -1.000000 0.000000 0.000000
vn -1.000000 0.000000 0.000000
vn -1.000000 0.000000 0.000000
vn -1.000000 0.000000 0.000000
vn -1.000000 0.000000 0.000000
vn -1.000000 0.000000 0.000000
vn -1.000000 0.000000 0.000000
vn -1.000000 0.000000 0.000000
vn -0.130479 0.000000 0.991451
vn -0.229385 0.000000 0.973336
vn -0.285877 0.000000 0.958266
vn -0.130479 0.000000 0.991451
vn -0.130477 0.000000 0.991451
vn -0.229592 0.000000 0.973287
vn -0.285674 0.000000 0.958327
vn -0.130477 0.000000 0.991451
vn -0.130475 0.000000 0.991452
vn -0.228869 0.000000 0.973457
vn -0.285047 0.000000 0.958513
vn -0.130475 0.000000 0.991452
vn -0.469681 0.000000 0.882836
vn -0.530521 0.000000 0.847672
vn -0.469832 0.000000 0.882756
vn -0.530373 0.000000 0.847764
vn -0.469673 0.000000 0.882841
vn -0.530519 0.000000 0.847673
vn -0.678893 0.000000 0.734238
vn -0.734357 0.000000 0.678763
vn -0.678862 0.000000 0.734266
vn -0.734328 0.000000 0.678795
vn -0.678809 0.000000 0.734315
vn -0.734412 0.000000 0.678704
vn -0.847440 0.000000 0.530891
vn -0.882550 0.000000 0.470218
vn -0.847320 0.000000 0.531082
vn -0.882645 0.000000 0.470041
vn -0.847337 0.000000 0.531056
vn -0.882643 0.000000 0.470045
vn -0.958795 0.000000 0.284099
vn -0.971829 0.000000 0.235687
vn -0.958724 0.000000 0.284338
vn -0.971897 0.000000 0.235409
vn -0.958757 0.000000 0.284226
vn -0.971890 0.000000 0.235436
vn -0.997600 0.000000 0.069245
vn -0.998387 0.000000 0.056782
vn -0.997594 0.000000 0.069320
vn -0.998392 0.000000 0.056693
vn -0.997623 0.000005 0.068904
vn -0.998410 0.000007 0.056373
vn -1.000000 0.000000 0.000000
vn -1.000000 0.000000 0.000000
vn -1.000000 0.000012 0.000000
vn -1.000000 0.000012 0.000000
vn -1.000000 0.000000 0.000000
vn -1.000000 0.000000 0.000000
vn 1.000000 -0.000009 0.000000
vn 0.997604 -0.000004 -0.069190
vn 0.998227 -0.000005 -0.059526
vn 1.000000 -0.000009 0.000000
vn 1.000000 -0.000009 0.000000
vn 0.997600 -0.000004 -0.069246
vn 0.998231 -0.000005 -0.059460
vn 1.000000 -0.000009 0.000000
vn 1.000000 0.000000 0.000000
vn 0.997621 0.000000 -0.068930
vn 0.998244 0.000000 -0.059241
vn 1.000000 0.000000 0.000000
vn 0.959330 0.000000 -0.282287
vn 0.970812 0.000000 -0.239843
vn 0.959272 0.000000 -0.282483
vn 0.970869 0.000000 -0.239611
vn 0.959303 0.000000 -0.282380
vn 0.970817 0.000000 -0.239820
vn 0.848834 0.000000 -0.528660
vn 0.881332 0.000000 -0.472498
vn 0.848727 0.000000 -0.528831
vn 0.881421 0.000000 -0.472332
vn 0.848819 0.000000 -0.528683
vn 0.881338 0.000000 -0.472486
vn 0.680215 0.000000 -0.733013
vn 0.732998 0.000000 -0.680231
vn 0.680177 0.000000 -0.733048
vn 0.732987 0.000000 -0.680243
vn 0.680258 0.000000 -0.732973
vn 0.732934 0.000000 -0.680300
vn 0.470670 0.000000 -0.882309
vn 0.529360 0.000000 -0.848398
vn 0.470792 0.000000 -0.882244
vn 0.529245 0.000000 -0.848469
vn 0.470805 0.000000 -0.882237
vn 0.529238 0.000000 -0.848474
vn 0.229163 0.000000 -0.973388
vn 0.284335 0.000000 -0.958725
vn 0.229340 0.000000 -0.973346
vn 0.284165 0.000000 -0.958775
vn 0.228832 0.000000 -0.973466
vn 0.283470 0.000000 -0.958981
vn 0.128519 0.000000 -0.991707
vn 0.128519 0.000000 -0.991707
vn 0.128517 0.000000 -0.991707
vn 0.128517 0.000000 -0.991707
vn 0.128521 0.000000 -0.991707
vn 0.128521 0.000000 -0.991707
vn -1.000000 0.000000 0.000000
vn -1.000000 0.000000 0.000000
vn -1.000000 0.000000 0.000000
vn -1.000000 0.000000 0.000000
vn -1.000000 0.000000 0.000000
vn -1.000000 0.000000 0.000000
vn -1.000000 0.000000 0.000000
vn -1.000000 0.000000 0.000000
vn -1.000000 0.000000 0.000000
vn -1.000000 0.000000 0.000000
vn -1.000000 0.000000 0.000000
vn -1.000000 0.000000 0.000000
vn -0.130479 0.000000 0.991451
vn -0.229384 0.000000 0.973336
vn -0.285876 0.000000 0.958267
vn -0.130479 0.000000 0.991451
vn -0.130474 0.000000 0.991452
vn -0.229589 0.000000 0.973288
vn -0.285671 0.000000 0.958328
vn -0.130474 0.000000 0.991452
vn -0.130478 0.000000 0.991451
vn -0.228871 0.000000 0.973457
vn -0.285049 0.000000 0.958513
vn -0.130478 0.000000 0.991451
vn -0.469680 0.000000 0.882837
vn -0.530521 0.000000 0.847672
vn -0.469833 0.000000 0.882756
vn -0.530375 0.000000 0.847763
vn -0.469673 0.000000 0.882841
vn -0.530520 0.000000 0.847673
vn -0.678894 0.000000 0.734237
vn -0.734359 0.000000 0.678761
vn -0.678865 0.000000 0.734263
vn -0.734331 0.000000 0.678792
vn -0.678809 0.000000 0.734315
vn -0.734410 0.000000 0.678706
vn -0.847441 0.000000 0.530889
vn -0.882551 0.000000 0.470217
vn -0.847321 0.000000 0.531080
vn -0.882645 0.000000 0.470040
vn -0.847336 0.000000 0.531057
vn -0.882643 0.000000 0.470045
vn -0.958795 0.000000 0.284099
vn -0.971829 0.000000 0.235687
vn -0.958724 0.000000 0.284337
vn -0.971897 0.000000 0.235408
vn -0.958757 0.000000 0.284226
vn -0.971890 0.000000 0.235436
vn -0.997600 0.000004 0.069245
vn -0.998387 0.000005 0.056782
vn -0.997595 0.000004 0.069320
vn -0.998392 0.000005 0.056693
vn -0.997623 0.000000 0.068904
vn -0.998410 0.000000 0.056373
vn -1.000000 0.000009 0.000000
vn -1.000000 0.000009 0.000000
vn -1.000000 0.000000 0.000000
vn -1.000000 0.000000 0.000000
vn -1.000000 0.000009 0.000000
vn -1.000000 0.000009 0.000000
vn 1.000000 0.000000 0.000000
vn 0.997604 0.000000 -0.069190
vn 0.998227 0.000000 -0.059526
vn 1.000000 0.000000 0.000000
vn 1.000000 0.000000 0.000000
vn 0.997600 0.000000 -0.069246
vn 0.998231 0.000000 -0.059460
vn 1.000000 0.000000 0.000000
vn 1.000000 -0.000009 0.000000
vn 0.997621 -0.000004 -0.068930
vn 0.998244 -0.000005 -0.059241
vn 1.000000 -0.000009 0.000000
vn 0.959330 0.000000 -0.282287
vn 0.970812 0.000000 -0.239843
vn 0.959273 0.000000 -0.282482
vn 0.970869 0.000000 -0.239610
vn 0.959303 0.000000 -0.282380
vn 0.970817 0.000000 -0.239820
vn 0.848834 0.000000 -0.528660
vn 0.881332 0.000000 -0.472499
vn 0.848728 0.000000 -0.528830
vn 0.881421 0.000000 -0.472331
vn 0.848819 0.000000 -0.528684
vn 0.881338 0.000000 -0.472487
vn 0.680215 0.000000 -0.733012
vn 0.732998 0.000000 -0.680231
vn 0.680175 0.000000 -0.733049
vn 0.732987 0.000000 -0.680243
vn 0.680257 0.000000 -0.732974
vn 0.732933 0.000000 -0.680301
vn 0.470676 0.000000 -0.882306
vn 0.529364 0.000000 -0.848395
vn 0.470789 0.000000 -0.882246
vn 0.529242 0.000000 -0.848471
vn 0.470805 0.000000 -0.882237
vn 0.529238 0.000000 -0.848474
vn 0.229168 0.000000 -0.973387
vn 0.284342 0.000000 -0.958723
vn 0.229339 0.000000 -0.973347
vn 0.284164 0.000000 -0.958776
vn 0.228829 0.000000 -0.973467
vn 0.283468 0.000000 -0.958982
vn 0.128522 0.000000 -0.991707
vn 0.128522 0.000000 -0.991707
vn 0.128517 0.000000 -0.991707
vn 0.128517 0.000000 -0.991707
vn 0.128516 0.000000 -0.991707
vn 0.128516 0.000000 -0.991707
vn -1.000000 0.000000 0.000000
vn -1.000000 0.000000 0.000000
vn -1.000000 0.000000 0.000000
vn -1.000000 0.000000 0.000000
vn -1.000000 0.000000 0.000000
vn -1.000000 0.000000 0.000000
vn -1.000000 0.000000 0.000000
vn -1.000000 0.000000 0.000000
vn -1.000000 0.000000 0.000000
vn -1.000000 0.000000 0.000000
vn -1.000000 0.000000 0.000000
vn -1.000000 0.000000 0.000000
vn -0.130474 0.000000 0.991452
vn -0.229381 0.000000 0.973337
vn -0.285873 0.000000 0.958268
vn -0.130474 0.000000 0.991452
vn -0.130477 0.000000 0.991451
vn -0.229592 0.000000 0.973287
vn -0.285674 0.000000 0.958327
vn -0.130477 0.000000 0.991451
vn -0.130479 0.000000 0.991451
vn -0.228874 0.000000 0.973456
vn -0.285052 0.000000 0.958512
vn -0.130479 0.000000 0.991451
vn -0.469678 0.000000 0.882838
vn -0.530520 0.000000 0.847673
vn -0.469832 0.000000 0.882756
vn -0.530373 0.000000 0.847765
vn -0.469675 0.000000 0.882839
vn -0.530521 0.000000 0.847672
vn -0.678893 0.000000 0.734237
vn -0.734358 0.000000 0.678763
vn -0.678863 0.000000 0.734265
vn -0.734329 0.000000 0.678794
vn -0.678808 0.000000 0.734316
vn -0.734410 0.000000 0.678707
vn -0.847441 0.000000 0.530890
vn -0.882551 0.000000 0.470218
vn -0.847321 0.000000 0.531081
vn -0.882645 0.000000 0.470040
vn -0.847336 0.000000 0.531058
vn -0.882643 0.000000 0.470045
vn -0.958795 0.000000 0.284099
vn -0.971829 0.000000 0.235687
vn -0.958724 0.000000 0.284337
vn -0.971897 0.000000 0.235408
vn -0.958758 0.000000 0.284225
vn -0.971890 0.000000 0.235435
vn -0.997600 0.000000 0.069245
vn -0.998387 0.000000 0.056782
vn -0.997595 0.000000 0.069320
vn -0.998392 0.000000 0.056693
vn -0.997623 0.000004 0.068904
vn -0.998410 0.000005 0.056373
vn -1.000000 0.000000 0.000000
vn -1.000000 0.000000 0.000000
vn -1.000000 0.000009 0.000000
vn -1.000000 0.000009 0.000000
vn -1.000000 0.000000 0.000000
vn -1.000000 0.000000 0.000000
vn 0.377457 -0.925633 0.027026
vn 0.377280 -0.925724 0.026370
vn 0.280336 -0.954738 -0.099438
vn 0.284747 -0.953267 -0.101002
vn -0.283667 0.953628 0.100633
vn -0.279300 0.955078 0.099086
vn -0.376628 0.925983 -0.026585
vn -0.376809 0.925890 -0.027243
vn 0.249205 -0.953829 0.167650
vn 0.252290 -0.952651 0.169725
vn -0.251208 0.953066 -0.168998
vn -0.248159 0.954226 -0.166945
vn 0.362692 -0.912810 0.187707
vn 0.362387 -0.912916 0.187774
vn -0.361754 0.913252 -0.187363
vn -0.362063 0.913143 -0.187296
vn 0.355811 -0.913940 0.195223
vn 0.355540 -0.914028 0.195306
vn -0.355889 0.913825 -0.195620
vn -0.356155 0.913739 -0.195536
vn 0.203308 -0.961115 0.186882
vn 0.202978 -0.961209 0.186756
vn -0.203706 0.960921 -0.187443
vn -0.204038 0.960826 -0.187570
vn 0.066946 -0.993201 0.095240
vn 0.066867 -0.993215 0.095150
vn -0.067183 0.993149 -0.095615
vn -0.067263 0.993134 -0.095706
vn 0.007619 -0.999802 0.018396
vn 0.007619 -0.999802 0.018395
vn -0.007671 0.999799 -0.018521
vn -0.007671 0.999799 -0.018522
vn -0.000000 -1.000000 -0.000001
vn -0.000000 -1.000000 -0.000001
vn 0.000000 1.000000 0.000001
vn 0.000000 1.000000 0.000001
vn 0.000000 -1.000000 0.000000
vn 0.000000 -1.000000 0.000000
vn -0.000000 1.000000 0.000000
vn -0.000000 1.000000 0.000000
vn 0.000000 -1.000000 0.000000
vn 0.000000 -1.000000 0.000000
vn -0.000000 1.000000 -0.000000
vn -0.000000 1.000000 -0.000000
vn 0.000000 -1.000000 0.000001
vn 0.000000 -1.000000 0.000001
vn -0.000000 1.000000 -0.000003
vn -0.000000 1.000000 -0.000003
vn 0.003185 -0.999965 0.007689
vn 0.003185 -0.999965 0.007689
vn -0.003214 0.999965 -0.007759
vn -0.003214 0.999965 -0.007759
vn 0.050277 -0.996359 0.068858
vn 0.050322 -0.996353 0.068912
vn -0.050608 0.996310 -0.069315
vn -0.050563 0.996316 -0.069260
vn 0.192319 -0.966106 0.172201
vn 0.192754 -0.965980 0.172419
vn -0.193443 0.965724 -0.173079
vn -0.193006 0.965851 -0.172859
vn 0.349765 -0.916691 0.193238
vn 0.349972 -0.916629 0.193160
vn -0.350290 0.916448 -0.193444
vn -0.350087 0.916509 -0.193523
vn 0.378756 -0.925115 0.026581
vn 0.378586 -0.925203 0.025934
vn 0.282412 -0.954053 -0.100136
vn 0.286911 -0.952540 -0.101734
vn -0.285833 0.952903 0.101366
vn -0.281378 0.954395 0.099785
vn -0.377946 0.925458 -0.026152
vn -0.378119 0.925369 -0.026801
vn 0.251251 -0.953044 0.169059
vn 0.254405 -0.951827 0.171179
vn -0.253327 0.952246 -0.170451
vn -0.250207 0.953443 -0.168353
vn 0.363913 -0.912151 0.188541
vn 0.363618 -0.912254 0.188612
vn -0.362986 0.912590 -0.188203
vn -0.363286 0.912485 -0.188134
vn 0.355117 -0.914338 0.194621
vn 0.354842 -0.914428 0.194702
vn -0.355191 0.914226 -0.195013
vn -0.355462 0.914138 -0.194931
vn 0.201861 -0.961683 0.185523
vn 0.201537 -0.961775 0.185398
vn -0.202266 0.961491 -0.186074
vn -0.202593 0.961398 -0.186199
vn 0.066314 -0.993332 0.094311
vn 0.066235 -0.993346 0.094221
vn -0.066552 0.993281 -0.094680
vn -0.066631 0.993267 -0.094771
vn 0.007515 -0.999807 0.018144
vn 0.007515 -0.999807 0.018143
vn -0.007567 0.999804 -0.018269
vn -0.007567 0.999804 -0.018270
vn -0.000000 -1.000000 0.000000
vn -0.000000 -1.000000 0.000000
vn 0.000000 1.000000 0.000000
vn 0.000000 1.000000 0.000000
vn 0.000000 -1.000000 0.000000
vn 0.000000 -1.000000 0.000000
vn -0.000000 1.000000 0.000000
vn -0.000000 1.000000 0.000000
vn 0.000000 -1.000000 0.000000
vn 0.000000 -1.000000 0.000000
vn -0.000000 1.000000 -0.000000
vn -0.000000 1.000000 -0.000000
vn -0.000001 -1.000000 -0.000002
vn -0.000001 -1.000000 -0.000002
vn 0.000000 1.000000 0.000002
vn 0.000000 1.000000 0.000002
vn 0.003125 -0.999967 0.007546
vn 0.003125 -0.999967 0.007546
vn -0.003155 0.999966 -0.007618
vn -0.003155 0.999966 -0.007618
vn 0.049704 -0.996442 0.068062
vn 0.049748 -0.996437 0.068115
vn -0.050038 0.996394 -0.068521
vn -0.049994 0.996400 -0.068467
vn 0.190933 -0.966614 0.170889
vn 0.191362 -0.966490 0.171105
vn -0.192055 0.966237 -0.171759
vn -0.191623 0.966361 -0.171542
vn 0.349111 -0.917064 0.192655
vn 0.349328 -0.916998 0.192575
vn -0.349657 0.916813 -0.192856
vn -0.349445 0.916878 -0.192935
vn 0.377466 -0.925629 0.027021
vn 0.377290 -0.925720 0.026368
vn 0.280347 -0.954735 -0.099437
vn 0.284758 -0.953264 -0.101001
vn -0.283677 0.953625 0.100629
vn -0.279310 0.955075 0.099082
vn -0.376618 0.925987 -0.026586
vn -0.376798 0.925895 -0.027242
vn 0.249186 -0.953834 0.167652
vn 0.252270 -0.952655 0.169728
vn -0.251228 0.953061 -0.168997
vn -0.248179 0.954221 -0.166944
vn 0.362691 -0.912809 0.187709
vn 0.362387 -0.912916 0.187777
vn -0.361786 0.913240 -0.187360
vn -0.362095 0.913131 -0.187293
vn 0.355821 -0.913935 0.195227
vn 0.355550 -0.914023 0.195311
vn -0.355905 0.913818 -0.195621
vn -0.356171 0.913733 -0.195537
vn 0.203311 -0.961113 0.186885
vn 0.202981 -0.961207 0.186759
vn -0.203703 0.960922 -0.187443
vn -0.204034 0.960826 -0.187570
vn 0.066950 -0.993200 0.095239
vn 0.066870 -0.993215 0.095147
vn -0.067186 0.993149 -0.095607
vn -0.067268 0.993135 -0.095701
vn 0.007619 -0.999802 0.018394
vn 0.007619 -0.999802 0.018393
vn -0.007671 0.999799 -0.018518
vn -0.007671 0.999799 -0.018519
vn -0.000000 -1.000000 -0.000001
vn -0.000000 -1.000000 -0.000001
vn 0.000000 1.000000 0.000000
vn 0.000000 1.000000 0.000000
vn 0.000000 -1.000000 -0.000000
vn 0.000000 -1.000000 -0.000000
vn -0.000000 1.000000 0.000000
vn -0.000000 1.000000 0.000000
vn 0.000000 -1.000000 0.000000
vn 0.000000 -1.000000 0.000000
vn -0.000000 1.000000 -0.000000
vn -0.000000 1.000000 -0.000000
vn 0.000000 -1.000000 0.000000
vn 0.000000 -1.000000 0.000000
vn -0.000000 1.000000 -0.000003
vn -0.000000 1.000000 -0.000003
vn 0.003184 -0.999965 0.007687
vn 0.003184 -0.999965 0.007687
vn -0.003214 0.999965 -0.007762
vn -0.003214 0.999965 -0.007761
vn 0.050276 -0.996359 0.068859
vn 0.050321 -0.996353 0.068914
vn -0.050608 0.996310 -0.069317
vn -0.050562 0.996316 -0.069262
vn 0.192319 -0.966106 0.172198
vn 0.192754 -0.965981 0.172416
vn -0.193431 0.965727 -0.173076
vn -0.192994 0.965854 -0.172857
vn 0.349772 -0.916691 0.193229
vn 0.349979 -0.916629 0.193150
vn -0.350265 0.916458 -0.193441
vn -0.350063 0.916518 -0.193520
vn 0.378750 -0.925117 0.026582
vn 0.378580 -0.925205 0.025936
vn 0.282394 -0.954058 -0.100137
vn 0.286893 -0.952545 -0.101735
vn -0.285814 0.952909 0.101366
vn -0.281360 0.954400 0.099786
vn -0.377930 0.925465 -0.026152
vn -0.378103 0.925376 -0.026802
vn 0.251220 -0.953051 0.169064
vn 0.254374 -0.951835 0.171185
vn -0.253334 0.952243 -0.170454
vn -0.250215 0.953441 -0.168355
vn 0.363896 -0.912157 0.188547
vn 0.363600 -0.912260 0.188618
vn -0.363012 0.912581 -0.188199
vn -0.363313 0.912475 -0.188129
vn 0.355123 -0.914337 0.194615
vn 0.354843 -0.914429 0.194698
vn -0.355210 0.914220 -0.195008
vn -0.355485 0.914130 -0.194925
vn 0.201871 -0.961682 0.185513
vn 0.201547 -0.961774 0.185388
vn -0.202266 0.961491 -0.186074
vn -0.202593 0.961398 -0.186199
vn 0.066321 -0.993331 0.094310
vn 0.066242 -0.993345 0.094219
vn -0.066555 0.993280 -0.094682
vn -0.066635 0.993266 -0.094773
vn 0.007516 -0.999807 0.018142
vn 0.007515 -0.999807 0.018141
vn -0.007567 0.999805 -0.018266
vn -0.007568 0.999805 -0.018268
vn -0.000000 -1.000000 -0.000000
vn -0.000000 -1.000000 -0.000000
vn 0.000000 1.000000 0.000000
vn 0.000000 1.000000 0.000000
vn 0.000000 -1.000000 -0.000000
vn 0.000000 -1.000000 -0.000000
vn -0.000000 1.000000 -0.000003
vn -0.000000 1.000000 -0.000003
vn 0.000000 -1.000000 0.000000
vn 0.000000 -1.000000 0.000000
vn -0.000000 1.000000 -0.000004
vn -0.000000 1.000000 -0.000004
vn -0.000001 -1.000000 -0.000002
vn -0.000001 -1.000000 -0.000002
vn 0.000000 1.000000 0.000001
vn 0.000000 1.000000 0.000001
vn 0.003125 -0.999967 0.007543
vn 0.003125 -0.999967 0.007543
vn -0.003155 0.999966 -0.007619
vn -0.003155 0.999966 -0.007619
vn 0.049710 -0.996442 0.068055
vn 0.049753 -0.996437 0.068108
vn -0.050040 0.996394 -0.068514
vn -0.049996 0.996400 -0.068461
vn 0.190938 -0.966614 0.170879
vn 0.191372 -0.966490 0.171098
vn -0.192062 0.966236 -0.171756
vn -0.191625 0.966362 -0.171536
vn 0.349117 -0.917062 0.192652
vn 0.349331 -0.916997 0.192574
vn -0.349649 0.916816 -0.192859
vn -0.349439 0.916879 -0.192938
vn 0.377447 -0.925637 0.027023
vn 0.377270 -0.925728 0.026368
vn 0.280336 -0.954737 -0.099438
vn 0.284747 -0.953267 -0.101002
vn -0.283667 0.953628 0.100633
vn -0.279300 0.955078 0.099086
vn -0.376618 0.925987 -0.026585
vn -0.376799 0.925894 -0.027244
vn 0.249186 -0.953834 0.167654
vn 0.252270 -0.952655 0.169730
vn -0.251228 0.953061 -0.168995
vn -0.248179 0.954221 -0.166941
vn 0.362691 -0.912808 0.187718
vn 0.362386 -0.912915 0.187786
vn -0.361775 0.913243 -0.187366
vn -0.362084 0.913134 -0.187299
vn 0.355813 -0.913936 0.195241
vn 0.355546 -0.914022 0.195323
vn -0.355890 0.913822 -0.195632
vn -0.356152 0.913737 -0.195550
vn 0.203304 -0.961114 0.186892
vn 0.202975 -0.961208 0.186765
vn -0.203696 0.960921 -0.187452
vn -0.204028 0.960826 -0.187579
vn 0.066950 -0.993200 0.095239
vn 0.066870 -0.993215 0.095147
vn -0.067186 0.993149 -0.095614
vn -0.067267 0.993134 -0.095708
vn 0.007619 -0.999802 0.018394
vn 0.007619 -0.999802 0.018393
vn -0.007671 0.999799 -0.018519
vn -0.007671 0.999799 -0.018520
vn -0.000000 -1.000000 -0.000001
vn -0.000000 -1.000000 -0.000001
vn 0.000000 1.000000 0.000001
vn 0.000000 1.000000 0.000001
vn 0.000001 -1.000000 -0.000002
vn 0.000001 -1.000000 -0.000002
vn -0.000001 1.000000 0.000002
vn -0.000001 1.000000 0.000002
vn 0.000001 -1.000000 -0.000001
vn 0.000001 -1.000000 -0.000001
vn -0.000001 1.000000 0.000001
vn -0.000001 1.000000 0.000001
vn 0.000000 -1.000000 0.000001
vn 0.000000 -1.000000 0.000001
vn -0.000000 1.000000 -0.000003
vn -0.000000 1.000000 -0.000003
vn 0.003184 -0.999965 0.007688
vn 0.003184 -0.999965 0.007688
vn -0.003214 0.999965 -0.007759
vn -0.003214 0.999965 -0.007759
vn 0.050277 -0.996359 0.068861
vn 0.050320 -0.996353 0.068914
vn -0.050604 0.996310 -0.069316
vn -0.050560 0.996316 -0.069262
vn 0.192307 -0.966108 0.172203
vn 0.192742 -0.965982 0.172421
vn -0.193441 0.965725 -0.173077
vn -0.193003 0.965852 -0.172857
vn 0.349745 -0.916700 0.193234
vn 0.349951 -0.916638 0.193155
vn -0.350279 0.916452 -0.193441
vn -0.350077 0.916513 -0.193520
vn 0.378740 -0.925121 0.026581
vn 0.378570 -0.925209 0.025932
vn 0.282402 -0.954055 -0.100145
vn 0.286901 -0.952542 -0.101742
vn -0.285804 0.952912 0.101365
vn -0.281350 0.954403 0.099784
vn -0.377920 0.925469 -0.026155
vn -0.378093 0.925379 -0.026807
vn 0.251231 -0.953049 0.169058
vn 0.254386 -0.951833 0.171179
vn -0.253346 0.952240 -0.170455
vn -0.250226 0.953437 -0.168357
vn 0.363913 -0.912151 0.188544
vn 0.363618 -0.912253 0.188615
vn -0.363008 0.912582 -0.188203
vn -0.363307 0.912477 -0.188133
vn 0.355117 -0.914337 0.194626
vn 0.354841 -0.914427 0.194707
vn -0.355186 0.914227 -0.195017
vn -0.355457 0.914139 -0.194935
vn 0.201852 -0.961685 0.185519
vn 0.201527 -0.961778 0.185394
vn -0.202247 0.961494 -0.186080
vn -0.202574 0.961401 -0.186206
vn 0.066319 -0.993332 0.094307
vn 0.066241 -0.993346 0.094217
vn -0.066554 0.993281 -0.094681
vn -0.066633 0.993266 -0.094772
vn 0.007515 -0.999807 0.018144
vn 0.007515 -0.999807 0.018143
vn -0.007567 0.999805 -0.018267
vn -0.007567 0.999804 -0.018268
vn -0.000000 -1.000000 -0.000001
vn -0.000000 -1.000000 -0.000001
vn 0.000000 1.000000 0.000001
vn 0.000000 1.000000 0.000001
vn 0.000001 -1.000000 -0.000000
vn 0.000001 -1.000000 -0.000000
vn -0.000001 1.000000 0.000002
vn -0.000001 1.000000 0.000002
vn 0.000001 -1.000000 0.000000
vn 0.000001 -1.000000 0.000000
vn -0.000001 1.000000 0.000001
vn -0.000001 1.000000 0.000001
vn -0.000001 -1.000000 -0.000002
vn -0.000001 -1.000000 -0.000002
vn 0.000000 1.000000 0.000001
vn 0.000000 1.000000 0.000001
vn 0.003125 -0.999967 0.007546
vn 0.003126 -0.999967 0.007546
vn -0.003155 0.999966 -0.007615
vn -0.003155 0.999966 -0.007615
vn 0.049703 -0.996443 0.068057
vn 0.049744 -0.996437 0.068108
vn -0.050032 0.996395 -0.068512
vn -0.049990 0.996401 -0.068460
vn 0.190937 -0.966613 0.170890
vn 0.191361 -0.966491 0.171104
vn -0.192052 0.966237 -0.171764
vn -0.191625 0.966360 -0.171549
vn 0.349107 -0.917063 0.192666
vn 0.349321 -0.916998 0.192588
vn -0.349649 0.916813 -0.192874
vn -0.349439 0.916876 -0.192952
vn 0.029742 -0.997998 0.055820
vn 0.029709 -0.998002 0.055758
vn -0.015667 -0.999314 0.033545
vn -0.015674 -0.999314 0.033559
vn 0.015778 0.999304 -0.033805
vn 0.015772 0.999304 -0.033791
vn -0.029928 0.997974 -0.056145
vn -0.029961 0.997970 -0.056208
vn 0.004694 -0.993454 0.114137
vn 0.004712 -0.993448 0.114188
vn -0.004727 0.993365 -0.114904
vn -0.004708 0.993371 -0.114853
vn 0.080364 -0.965303 0.248461
vn 0.080521 -0.965239 0.248657
vn -0.080901 0.964892 -0.249877
vn -0.080743 0.964957 -0.249679
vn 0.194404 -0.926356 0.322602
vn 0.194617 -0.926294 0.322652
vn -0.195117 0.925860 -0.323595
vn -0.194905 0.925921 -0.323547
vn 0.303042 -0.903961 0.301694
vn 0.303062 -0.903960 0.301678
vn -0.303054 0.903914 -0.301824
vn -0.303036 0.903915 -0.301839
vn 0.334086 -0.920912 0.200768
vn 0.334128 -0.920850 0.200982
vn -0.333468 0.921164 -0.200638
vn -0.333425 0.921227 -0.200424
vn 0.325232 -0.945614 0.006225
vn 0.325229 -0.945614 0.006353
vn -0.324215 0.945962 -0.006371
vn -0.324218 0.945962 -0.006243
vn 0.254076 -0.963080 -0.089011
vn 0.259369 -0.961494 -0.090863
vn -0.258439 0.961771 0.090589
vn -0.253195 0.963335 0.088759
vn 0.225969 -0.961903 0.153886
vn 0.229766 -0.960585 0.156474
vn -0.228859 0.960913 -0.155785
vn -0.225104 0.962212 -0.153221
vn 0.311920 -0.934864 0.169515
vn 0.311902 -0.934864 0.169548
vn -0.310823 0.935333 -0.168942
vn -0.310841 0.935333 -0.168910
vn 0.346213 -0.914634 0.208761
vn 0.346159 -0.914711 0.208511
vn -0.345329 0.915127 -0.208062
vn -0.345384 0.915050 -0.208312
vn 0.317536 -0.893665 0.317070
vn 0.317530 -0.893665 0.317076
vn -0.317441 0.893668 -0.317159
vn -0.317444 0.893667 -0.317156
vn 0.208902 -0.913753 0.348447
vn 0.208689 -0.913813 0.348417
vn -0.209209 0.913303 -0.349443
vn -0.209420 0.913243 -0.349471
vn 0.089928 -0.954932 0.282873
vn 0.089741 -0.955012 0.282664
vn -0.090176 0.954537 -0.284125
vn -0.090366 0.954457 -0.284335
vn 0.038199 -0.988516 0.146209
vn 0.038200 -0.988527 0.146135
vn -0.038453 0.988376 -0.147089
vn -0.038452 0.988364 -0.147164
vn 0.029305 -0.998054 0.055042
vn 0.029273 -0.998058 0.054982
vn -0.015458 -0.999334 0.033050
vn -0.015464 -0.999334 0.033063
vn 0.015569 0.999324 -0.033309
vn 0.015562 0.999324 -0.033296
vn -0.029491 0.998030 -0.055369
vn -0.029523 0.998026 -0.055429
vn 0.004664 -0.993617 0.112707
vn 0.004682 -0.993612 0.112756
vn -0.004697 0.993530 -0.113473
vn -0.004679 0.993536 -0.113423
vn 0.079612 -0.965991 0.246017
vn 0.079766 -0.965929 0.246209
vn -0.080142 0.965585 -0.247433
vn -0.079987 0.965648 -0.247238
vn 0.193410 -0.927221 0.320709
vn 0.193625 -0.927158 0.320761
vn -0.194122 0.926726 -0.321708
vn -0.193908 0.926789 -0.321657
vn 0.303034 -0.904058 0.301411
vn 0.303059 -0.904056 0.301392
vn -0.303051 0.904011 -0.301537
vn -0.303029 0.904012 -0.301554
vn 0.335380 -0.920290 0.201461
vn 0.335421 -0.920229 0.201674
vn -0.334762 0.920544 -0.201328
vn -0.334720 0.920606 -0.201115
vn 0.327245 -0.944919 0.006189
vn 0.327242 -0.944919 0.006317
vn -0.326230 0.945269 -0.006328
vn -0.326234 0.945269 -0.006200
vn 0.255822 -0.962571 -0.089510
vn 0.261217 -0.960943 -0.091405
vn -0.260287 0.961220 0.091139
vn -0.254943 0.962827 0.089266
vn 0.227706 -0.961282 0.155202
vn 0.231586 -0.959924 0.157839
vn -0.230680 0.960254 -0.157158
vn -0.226842 0.961592 -0.154546
vn 0.314081 -0.933922 0.170713
vn 0.314062 -0.933922 0.170746
vn -0.312986 0.934392 -0.170153
vn -0.313004 0.934392 -0.170120
vn 0.347853 -0.913807 0.209653
vn 0.347801 -0.913884 0.209404
vn -0.346973 0.914300 -0.208960
vn -0.347027 0.914223 -0.209210
vn 0.317716 -0.893662 0.316900
vn 0.317704 -0.893662 0.316910
vn -0.317614 0.893664 -0.316994
vn -0.317623 0.893664 -0.316985
vn 0.207860 -0.914771 0.346394
vn 0.207643 -0.914833 0.346361
vn -0.208170 0.914323 -0.347389
vn -0.208385 0.914262 -0.347421
vn 0.089045 -0.955878 0.279943
vn 0.088861 -0.955955 0.279738
vn -0.089303 0.955484 -0.281203
vn -0.089489 0.955406 -0.281409
vn 0.037690 -0.988816 0.144296
vn 0.037691 -0.988827 0.144226
vn -0.037945 0.988677 -0.145180
vn -0.037944 0.988667 -0.145252
vn 0.029743 -0.997998 0.055819
vn 0.029710 -0.998002 0.055757
vn -0.015667 -0.999314 0.033545
vn -0.015674 -0.999314 0.033558
vn 0.015779 0.999304 -0.033802
vn 0.015772 0.999305 -0.033789
vn -0.029928 0.997974 -0.056141
vn -0.029962 0.997970 -0.056204
vn 0.004692 -0.993454 0.114137
vn 0.004711 -0.993448 0.114188
vn -0.004727 0.993365 -0.114905
vn -0.004708 0.993371 -0.114853
vn 0.080366 -0.965300 0.248470
vn 0.080523 -0.965236 0.248666
vn -0.080905 0.964889 -0.249886
vn -0.080746 0.964954 -0.249688
vn 0.194402 -0.926352 0.322615
vn 0.194615 -0.926290 0.322664
vn -0.195114 0.925856 -0.323606
vn -0.194902 0.925918 -0.323558
vn 0.303016 -0.903969 0.301698
vn 0.303036 -0.903968 0.301682
vn -0.303037 0.903920 -0.301825
vn -0.303019 0.903921 -0.301839
vn 0.334060 -0.920921 0.200769
vn 0.334103 -0.920859 0.200984
vn -0.333460 0.921167 -0.200638
vn -0.333416 0.921230 -0.200422
vn 0.325232 -0.945614 0.006223
vn 0.325229 -0.945614 0.006350
vn -0.324224 0.945959 -0.006368
vn -0.324227 0.945959 -0.006240
vn 0.254089 -0.963076 -0.089014
vn 0.259383 -0.961490 -0.090866
vn -0.258453 0.961767 0.090593
vn -0.253209 0.963331 0.088762
vn 0.225969 -0.961902 0.153890
vn 0.229766 -0.960584 0.156478
vn -0.228851 0.960914 -0.155792
vn -0.225096 0.962212 -0.153229
vn 0.311919 -0.934862 0.169530
vn 0.311901 -0.934862 0.169563
vn -0.310817 0.935331 -0.168961
vn -0.310835 0.935331 -0.168929
vn 0.346219 -0.914624 0.208794
vn 0.346163 -0.914705 0.208535
vn -0.345333 0.915120 -0.208089
vn -0.345390 0.915039 -0.208348
vn 0.317541 -0.893658 0.317087
vn 0.317535 -0.893658 0.317092
vn -0.317445 0.893659 -0.317177
vn -0.317449 0.893659 -0.317174
vn 0.208907 -0.913752 0.348446
vn 0.208694 -0.913813 0.348416
vn -0.209214 0.913302 -0.349442
vn -0.209425 0.913242 -0.349471
vn 0.089932 -0.954932 0.282872
vn 0.089745 -0.955012 0.282664
vn -0.090180 0.954537 -0.284123
vn -0.090370 0.954457 -0.284333
vn 0.038198 -0.988516 0.146209
vn 0.038199 -0.988527 0.146136
vn -0.038452 0.988376 -0.147089
vn -0.038451 0.988365 -0.147164
vn 0.029305 -0.998054 0.055040
vn 0.029274 -0.998058 0.054981
vn -0.015458 -0.999334 0.033049
vn -0.015464 -0.999334 0.033062
vn 0.015569 0.999324 -0.033310
vn 0.015563 0.999324 -0.033297
vn -0.029492 0.998030 -0.055369
vn -0.029525 0.998026 -0.055430
vn 0.004664 -0.993617 0.112708
vn 0.004681 -0.993612 0.112757
vn -0.004696 0.993530 -0.113473
vn -0.004678 0.993536 -0.113423
vn 0.079615 -0.965987 0.246028
vn 0.079769 -0.965926 0.246221
vn -0.080145 0.965583 -0.247441
vn -0.079990 0.965645 -0.247247
vn 0.193408 -0.927217 0.320722
vn 0.193623 -0.927154 0.320775
vn -0.194124 0.926722 -0.321719
vn -0.193910 0.926784 -0.321668
vn 0.303034 -0.904058 0.301411
vn 0.303059 -0.904056 0.301392
vn -0.303055 0.904009 -0.301538
vn -0.303033 0.904011 -0.301555
vn 0.335382 -0.920290 0.201457
vn 0.335423 -0.920228 0.201670
vn -0.334756 0.920547 -0.201327
vn -0.334714 0.920608 -0.201113
vn 0.327239 -0.944921 0.006189
vn 0.327236 -0.944921 0.006318
vn -0.326216 0.945274 -0.006336
vn -0.326219 0.945274 -0.006208
vn 0.255822 -0.962571 -0.089510
vn 0.261217 -0.960943 -0.091406
vn -0.260287 0.961221 0.091128
vn -0.254943 0.962828 0.089255
vn 0.227706 -0.961281 0.155206
vn 0.231586 -0.959924 0.157843
vn -0.230673 0.960256 -0.157159
vn -0.226835 0.961593 -0.154546
vn 0.314090 -0.933915 0.170732
vn 0.314072 -0.933915 0.170765
vn -0.312991 0.934388 -0.170166
vn -0.313009 0.934388 -0.170133
vn 0.347870 -0.913792 0.209691
vn 0.347816 -0.913872 0.209433
vn -0.346989 0.914289 -0.208986
vn -0.347044 0.914209 -0.209244
vn 0.317720 -0.893654 0.316916
vn 0.317708 -0.893655 0.316927
vn -0.317619 0.893657 -0.317010
vn -0.317628 0.893657 -0.317002
vn 0.207860 -0.914771 0.346394
vn 0.207643 -0.914833 0.346361
vn -0.208165 0.914323 -0.347391
vn -0.208380 0.914262 -0.347423
vn 0.089043 -0.955878 0.279944
vn 0.088860 -0.955955 0.279739
vn -0.089298 0.955484 -0.281205
vn -0.089484 0.955406 -0.281412
vn 0.037689 -0.988816 0.144297
vn 0.037690 -0.988827 0.144226
vn -0.037945 0.988677 -0.145181
vn -0.037944 0.988667 -0.145253
vn 0.029743 -0.997998 0.055822
vn 0.029710 -0.998002 0.055760
vn -0.015667 -0.999314 0.033549
vn -0.015674 -0.999314 0.033562
vn 0.015779 0.999304 -0.033807
vn 0.015772 0.999304 -0.033793
vn -0.029928 0.997974 -0.056144
vn -0.029961 0.997969 -0.056207
vn 0.004693 -0.993454 0.114137
vn 0.004712 -0.993448 0.114188
vn -0.004725 0.993366 -0.114902
vn -0.004707 0.993372 -0.114851
vn 0.080367 -0.965300 0.248470
vn 0.080524 -0.965236 0.248667
vn -0.080903 0.964890 -0.249885
vn -0.080745 0.964954 -0.249687
vn 0.194411 -0.926350 0.322614
vn 0.194624 -0.926288 0.322664
vn -0.195124 0.925854 -0.323605
vn -0.194912 0.925916 -0.323557
vn 0.303032 -0.903960 0.301710
vn 0.303052 -0.903958 0.301694
vn -0.303044 0.903913 -0.301837
vn -0.303027 0.903914 -0.301851
vn 0.334058 -0.920917 0.200791
vn 0.334102 -0.920853 0.201013
vn -0.333450 0.921164 -0.200668
vn -0.333405 0.921229 -0.200445
vn 0.325228 -0.945615 0.006235
vn 0.325225 -0.945615 0.006364
vn -0.324220 0.945960 -0.006381
vn -0.324223 0.945960 -0.006253
vn 0.254088 -0.963077 -0.089009
vn 0.259380 -0.961492 -0.090860
vn -0.258451 0.961768 0.090588
vn -0.253209 0.963331 0.088758
vn 0.225966 -0.961904 0.153881
vn 0.229763 -0.960587 0.156469
vn -0.228851 0.960916 -0.155785
vn -0.225095 0.962214 -0.153221
vn 0.311930 -0.934859 0.169526
vn 0.311912 -0.934859 0.169559
vn -0.310824 0.935330 -0.168956
vn -0.310841 0.935330 -0.168924
vn 0.346212 -0.914628 0.208791
vn 0.346156 -0.914708 0.208532
vn -0.345331 0.915122 -0.208083
vn -0.345388 0.915041 -0.208343
vn 0.317526 -0.893664 0.317082
vn 0.317520 -0.893664 0.317088
vn -0.317439 0.893664 -0.317171
vn -0.317443 0.893664 -0.317167
vn 0.208907 -0.913752 0.348446
vn 0.208694 -0.913812 0.348416
vn -0.209214 0.913302 -0.349442
vn -0.209425 0.913242 -0.349470
vn 0.089932 -0.954932 0.282872
vn 0.089745 -0.955012 0.282663
vn -0.090182 0.954537 -0.284124
vn -0.090371 0.954456 -0.284335
vn 0.038197 -0.988516 0.146208
vn 0.038198 -0.988527 0.146135
vn -0.038453 0.988376 -0.147089
vn -0.038452 0.988365 -0.147163
vn 0.029305 -0.998054 0.055039
vn 0.029273 -0.998058 0.054980
vn -0.015458 -0.999334 0.033050
vn -0.015464 -0.999334 0.033063
vn 0.015569 0.999324 -0.033311
vn 0.015563 0.999324 -0.033298
vn -0.029492 0.998030 -0.055368
vn -0.029524 0.998026 -0.055429
vn 0.004663 -0.993617 0.112706
vn 0.004681 -0.993612 0.112755
vn -0.004696 0.993530 -0.113473
vn -0.004678 0.993536 -0.113423
vn 0.079615 -0.965988 0.246024
vn 0.079769 -0.965927 0.246217
vn -0.080145 0.965582 -0.247443
vn -0.079990 0.965645 -0.247248
vn 0.193417 -0.927216 0.320719
vn 0.193632 -0.927153 0.320772
vn -0.194128 0.926721 -0.321719
vn -0.193915 0.926783 -0.321668
vn 0.303033 -0.904055 0.301424
vn 0.303058 -0.904053 0.301405
vn -0.303059 0.904005 -0.301547
vn -0.303036 0.904006 -0.301565
vn 0.335360 -0.920292 0.201483
vn 0.335403 -0.920228 0.201706
vn -0.334761 0.920538 -0.201358
vn -0.334718 0.920602 -0.201135
vn 0.327227 -0.944926 0.006201
vn 0.327223 -0.944926 0.006329
vn -0.326223 0.945271 -0.006346
vn -0.326226 0.945271 -0.006217
vn 0.255820 -0.962572 -0.089509
vn 0.261215 -0.960943 -0.091405
vn -0.260289 0.961220 0.091132
vn -0.254945 0.962827 0.089259
vn 0.227711 -0.961280 0.155202
vn 0.231591 -0.959923 0.157839
vn -0.230671 0.960257 -0.157155
vn -0.226833 0.961594 -0.154542
vn 0.314087 -0.933917 0.170726
vn 0.314070 -0.933917 0.170759
vn -0.312989 0.934390 -0.170160
vn -0.313007 0.934390 -0.170127
vn 0.347848 -0.913803 0.209682
vn 0.347794 -0.913883 0.209424
vn -0.346980 0.914294 -0.208979
vn -0.347035 0.914214 -0.209238
vn 0.317705 -0.893661 0.316912
vn 0.317694 -0.893662 0.316922
vn -0.317613 0.893660 -0.317007
vn -0.317622 0.893660 -0.316999
vn 0.207860 -0.914770 0.346395
vn 0.207643 -0.914832 0.346362
vn -0.208165 0.914324 -0.347389
vn -0.208380 0.914263 -0.347421
vn 0.089043 -0.955879 0.279941
vn 0.088860 -0.955956 0.279736
vn -0.089298 0.955485 -0.281200
vn -0.089484 0.955407 -0.281407
vn 0.037689 -0.988817 0.144294
vn 0.037690 -0.988827 0.144224
vn -0.037945 0.988677 -0.145180
vn -0.037944 0.988667 -0.145252
vn -0.011378 0.999871 -0.011319
vn -0.044929 0.998761 -0.021413
vn -0.050822 0.995894 -0.074919
vn -0.012066 0.999400 -0.032464
vn 0.000000 0.000000 1.000000
vn 0.000000 0.000305 1.000000
vn 0.000000 0.000310 1.000000
vn 0.000000 0.000000 1.000000
vn 0.011710 -0.999699 0.021583
vn 0.047630 -0.997757 0.047031
vn 0.047648 -0.997756 0.047044
vn 0.011710 -0.999699 0.021583
vn 0.155938 -0.985012 0.073720
vn 0.154962 -0.985170 0.073671
vn 0.311368 -0.947964 0.066443
vn 0.305989 -0.949665 0.067131
vn 0.430805 -0.901982 0.028907
vn 0.425433 -0.904412 0.032354
vn 0.454805 -0.890590 0.001326
vn 0.455629 -0.890168 0.001627
vn 0.389221 -0.921143 -0.001754
vn 0.392171 -0.919891 -0.001803
vn 0.333701 -0.942679 -0.000854
vn 0.333701 -0.942679 -0.000854
vn -0.999989 -0.004769 0.000000
vn -1.000000 0.000000 0.000000
vn -1.000000 0.000000 0.000000
vn -0.999989 -0.004774 0.000000
vn -0.333089 0.942895 0.000947
vn -0.379893 0.924992 0.008403
vn -0.400165 0.916440 -0.002348
vn -0.334229 0.942492 0.000777
vn -0.454688 0.890642 -0.003979
vn -0.458639 0.888622 0.000387
vn -0.448748 0.891420 -0.063205
vn -0.411145 0.911564 -0.003165
vn -0.335070 0.934150 -0.122846
vn -0.286585 0.957909 -0.016686
vn -0.171732 0.976685 -0.128821
vn -0.142338 0.989530 -0.023899
vn -0.999991 -0.004250 0.000000
vn -1.000000 0.000000 0.000000
vn -1.000000 0.000000 0.000000
vn -0.999991 -0.004255 0.000000
vn -0.333702 0.942678 0.000851
vn -0.389065 0.921209 0.001691
vn -0.391971 0.919976 0.001736
vn -0.333702 0.942678 0.000851
vn -0.454775 0.890606 -0.001356
vn -0.455608 0.890179 -0.001653
vn -0.466543 0.884481 -0.005574
vn -0.466543 0.884481 -0.005574
vn -0.079545 0.994397 -0.069618
vn -0.047701 0.997752 -0.047079
vn -0.047599 0.997760 -0.047007
vn -0.079545 0.994397 -0.069618
vn -0.011709 0.999699 -0.021580
vn -0.011709 0.999699 -0.021580
vn 0.000000 0.000276 1.000000
vn 0.000000 0.000000 1.000000
vn 0.000000 0.000000 1.000000
vn 0.000000 0.000272 1.000000
vn 0.012064 -0.999400 0.032460
vn 0.050820 -0.995894 0.074919
vn 0.044928 -0.998761 0.021413
vn 0.011376 -0.999871 0.011317
vn 0.079541 -0.994398 0.069619
vn 0.079541 -0.994398 0.069619
vn 0.466508 -0.884499 0.005622
vn 0.454689 -0.890642 0.003965
vn 0.458641 -0.888622 -0.000379
vn 0.466508 -0.884499 0.005622
vn 0.379915 -0.924983 -0.008407
vn 0.400152 -0.916446 0.002347
vn 0.333088 -0.942895 -0.000946
vn 0.334227 -0.942492 -0.000777
vn 0.377785 -0.925840 -0.009925
vn 0.375735 -0.926678 -0.009512
vn 0.332949 -0.942944 -0.000969
vn 0.332949 -0.942944 -0.000969
vn 0.449752 -0.893152 0.001534
vn 0.454662 -0.890653 0.004550
vn 0.457460 -0.886955 0.063572
vn 0.452611 -0.888902 0.070682
vn 0.347990 -0.927978 0.133267
vn 0.340190 -0.930568 0.135325
vn 0.177250 -0.973935 0.141539
vn 0.175175 -0.974369 0.141130
vn 0.051520 -0.995415 0.080588
vn 0.051451 -0.995425 0.080507
vn 0.012130 -0.999334 0.034416
vn 0.012130 -0.999334 0.034416
vn -0.375750 0.926672 0.009509
vn -0.377806 0.925832 0.009923
vn -0.332949 0.942944 0.000968
vn -0.332949 0.942944 0.000968
vn 0.484367 -0.874562 0.023033
vn 0.484367 -0.874562 0.023033
vn 0.088222 -0.988409 0.123547
vn 0.088222 -0.988409 0.123547
vn -0.012128 0.999334 -0.034412
vn -0.012128 0.999334 -0.034412
vn -0.051449 0.995425 -0.080507
vn -0.051518 0.995415 -0.080587
vn -0.088222 0.988409 -0.123546
vn -0.088222 0.988410 -0.123546
vn -0.484347 0.874573 -0.023027
vn -0.484347 0.874573 -0.023027
vn -0.454669 0.890649 -0.004556
vn -0.449757 0.893150 -0.001538
vn 0.044524 -0.998854 0.017587
vn 0.044504 -0.998855 0.017582
vn 0.011322 -0.999890 0.009600
vn 0.011322 -0.999890 0.009600
vn 0.140669 -0.989905 0.017363
vn 0.140098 -0.989984 0.017421
vn 0.284078 -0.958747 0.010247
vn 0.280161 -0.959898 0.010293
vn 0.409310 -0.912395 -0.000541
vn 0.403540 -0.914962 0.000566
vn 0.459029 -0.888421 -0.000640
vn 0.458027 -0.888937 -0.001837
vn 0.401202 -0.915985 0.002892
vn 0.404881 -0.914364 0.003096
vn 0.334299 -0.942467 -0.000767
vn 0.334299 -0.942467 -0.000767
vn -0.401235 0.915971 -0.002885
vn -0.404898 0.914357 -0.003088
vn -0.334298 0.942467 0.000767
vn -0.334298 0.942467 0.000767
vn -0.459029 0.888421 0.000647
vn -0.458030 0.888935 0.001838
vn -0.452131 0.891908 0.008844
vn -0.452131 0.891908 0.008844
vn -0.044523 0.998854 -0.017586
vn -0.044502 0.998855 -0.017581
vn -0.072389 0.997081 -0.024284
vn -0.072389 0.997081 -0.024284
vn -0.011320 0.999890 -0.009598
vn -0.011320 0.999890 -0.009598
vn 0.072389 -0.997081 0.024283
vn 0.072389 -0.997081 0.024283
vn 0.452120 -0.891913 -0.008858
vn 0.452120 -0.891913 -0.008858
vn 0.000000 0.021585 0.999767
vn 0.000000 0.021585 0.999767
vn 0.999588 0.028716 -0.000191
vn 0.999588 0.028716 -0.000191
vn 0.995471 0.061672 -0.072353
vn 0.995450 0.061767 -0.072561
vn -0.995522 -0.061347 0.071919
vn -0.995463 -0.061614 0.072507
vn -0.999588 -0.028699 0.000270
vn -0.999588 -0.028699 0.000270
vn 0.950489 0.140734 -0.277064
vn 0.950495 0.140728 -0.277046
vn -0.950885 -0.139990 0.276081
vn -0.949775 -0.141120 0.279306
vn 0.817389 0.221094 -0.531971
vn 0.817477 0.221060 -0.531849
vn -0.817389 -0.220103 0.532381
vn -0.814953 -0.221013 0.535728
vn 0.619090 0.246068 -0.745774
vn 0.619129 0.246071 -0.745740
vn -0.618505 -0.245252 0.746527
vn -0.616794 -0.245124 0.747983
vn 0.415518 0.192887 -0.888898
vn 0.415527 0.192891 -0.888893
vn -0.413837 -0.192093 0.889854
vn -0.413911 -0.192127 0.889812
vn 0.214250 0.096517 -0.971999
vn 0.214285 0.096535 -0.971989
vn -0.213810 -0.096311 0.972116
vn -0.214324 -0.096568 0.971977
vn 0.106960 0.042905 -0.993337
vn 0.106960 0.042905 -0.993337
vn -0.942663 -0.333748 0.000000
vn -0.942662 -0.333748 0.000000
vn -0.107060 -0.042935 0.993325
vn -0.107060 -0.042935 0.993325
vn -0.942714 -0.333601 0.000000
vn -0.942714 -0.333601 0.000000
vn 0.107105 0.042923 -0.993321
vn 0.107105 0.042923 -0.993321
vn 0.214864 0.096763 -0.971839
vn 0.214827 0.096745 -0.971849
vn -0.214370 -0.096553 0.971969
vn -0.213854 -0.096295 0.972108
vn -0.106894 -0.042848 0.993347
vn -0.106894 -0.042848 0.993347
vn 0.415814 0.192948 -0.888746
vn 0.415805 0.192944 -0.888751
vn -0.413671 -0.191897 0.889973
vn -0.413594 -0.191862 0.890016
vn 0.509704 0.235695 -0.827436
vn 0.509704 0.235695 -0.827436
vn -0.507614 -0.234628 0.829022
vn -0.507614 -0.234628 0.829022
vn 0.986325 0.090433 -0.137787
vn 0.986325 0.090433 -0.137787
vn 0.995349 0.061711 -0.073978
vn 0.995370 0.061617 -0.073769
vn -0.995364 -0.061492 0.073953
vn -0.995425 -0.061225 0.073358
vn -0.986253 -0.090316 0.138373
vn -0.986253 -0.090316 0.138373
vn 0.999589 0.028667 -0.000948
vn 0.999589 0.028667 -0.000948
vn -0.000000 0.021581 0.999767
vn -0.000000 0.021581 0.999767
vn -0.999588 -0.028684 0.001014
vn -0.999588 -0.028684 0.001014
vn 0.923880 0.000000 -0.382683
vn 0.923880 0.000000 -0.382684
vn 0.923880 0.000000 -0.382683
vn 0.923880 0.000000 -0.382683
vn 0.793354 0.000000 -0.608761
vn 0.793354 0.000000 -0.608761
vn 0.793354 0.000000 -0.608761
vn 0.793354 0.000000 -0.608761
vn -0.793353 0.000000 0.608762
vn -0.793353 0.000000 0.608762
vn -0.793353 0.000000 0.608762
vn -0.793353 0.000000 0.608762
vn -0.923880 0.000000 0.382683
vn -0.923880 0.000000 0.382683
vn -0.923880 0.000000 0.382683
vn -0.923880 0.000000 0.382683
vn -0.258819 0.000000 -0.965926
vn -0.258819 0.000000 -0.965926
vn -0.258819 0.000000 -0.965926
vn -0.258819 0.000000 -0.965926
vn -0.257845 -0.008880 -0.966146
vn -0.257845 -0.008880 -0.966145
vn -0.257845 -0.008880 -0.966145
vn -0.257845 -0.008880 -0.966146
vn -0.258819 0.000000 -0.965926
vn -0.258819 0.000000 -0.965926
vn -0.258819 0.000000 -0.965926
vn -0.258819 0.000000 -0.965926
vn 0.707107 0.000000 0.707106
vn 0.707107 0.000000 0.707106
vn 0.707107 0.000000 0.707106
vn 0.707107 0.000000 0.707106
vn 0.707107 0.000000 0.707106
vn 0.707107 0.000000 0.707106
vn 0.707107 0.000000 0.707106
vn 0.707107 0.000000 0.707106
vn 0.700670 0.026003 0.713011
vn 0.700670 0.026003 0.713011
vn 0.700670 0.026003 0.713011
vn 0.700670 0.026003 0.713011
s 1
g curva_sinistra_segreta polySurface54 polySurface63
usemtl lambert1SG
f 95/115/107 96/116/108 97/117/109 98/118/110
f 99/119/111 100/120/112 101/121/113 102/122/114
f 101/121/113 103/123/115 104/124/116 102/122/114
f 103/125/115 105/126/117 106/127/118 104/128/116
f 105/126/117 107/129/119 108/130/120 106/127/118
f 107/129/119 109/131/121 110/132/122 108/130/120
f 109/131/121 98/118/110 97/117/109 110/132/122
s 3
f 79/133/123 83/134/124 94/135/125 80/136/126
f 89/137/127 88/138/128 81/139/129 82/140/130
f 88/138/128 89/137/127 90/141/131 87/142/132
f 87/143/132 90/144/131 91/145/133 86/146/134
f 86/146/134 91/145/133 92/147/135 85/148/136
f 85/148/136 92/147/135 93/149/137 84/150/138
f 84/150/138 93/149/137 94/135/125 83/134/124
s 5
f 79/151/139 80/152/140 142/153/141 127/154/142
s 6
f 143/155/143 144/156/144 145/157/145 146/158/146
s 7
f 83/159/147 79/160/148 127/161/149 128/162/150
s 8
f 82/163/151 81/164/152 134/165/153 135/166/154
s 7
f 133/167/155 134/168/156 81/169/157 88/170/158
s 10
f 147/171/159 148/172/160 149/173/161 150/174/162
s 7
f 88/170/158 87/175/163 132/176/164 133/167/155
s 10
f 151/177/165 149/173/161 148/172/160 152/178/166
s 7
f 87/175/163 86/179/167 131/180/168 132/176/164
s 10
f 153/181/169 151/177/165 152/178/166 1452/182/170
s 7
f 86/179/167 85/183/171 130/184/172 131/180/168
s off
f 155/185/173 153/186/174 1451/187/175 1455/188/176
s 7
f 85/183/171 84/189/177 129/190/178 130/184/172
s off
f 157/191/179 155/192/180 1454/193/181 1459/194/182
s 7
f 84/189/177 83/159/147 128/162/150 129/190/178
s 6
f 144/156/144 157/195/183 1458/196/184 145/157/145
s 7
f 112/197/185 111/198/186 95/199/187 98/200/188
f 113/201/189 112/197/185 98/200/188 109/202/190
f 114/203/191 113/201/189 109/202/190 107/204/192
f 115/205/193 114/203/191 107/204/192 105/206/194
f 116/207/195 115/205/193 105/206/194 103/208/196
f 117/209/197 116/207/195 103/208/196 101/210/198
f 100/211/199 118/212/200 117/209/197 101/210/198
s 8
f 119/213/201 118/214/202 100/215/203 99/216/204
s 10
f 160/217/205 159/218/206 161/219/207 162/220/208
f 163/221/209 161/219/207 159/218/206 164/222/210
f 1463/223/211 163/221/209 164/222/210 166/224/212
s off
f 1466/225/213 1462/226/214 166/227/215 168/228/216
f 1470/229/217 1465/230/218 168/231/219 170/232/220
s 6
f 171/233/221 1469/234/222 170/235/223 172/236/224
f 173/237/225 171/233/221 172/236/224 174/238/226
s 5
f 111/239/227 126/240/228 96/241/229 95/242/230
s 16
f 176/243/231 144/244/232 143/245/233 175/246/234
f 177/247/235 157/248/236 144/244/232 176/243/231
f 178/249/237 155/250/238 157/248/236 177/247/235
f 179/251/239 153/252/240 155/250/238 178/249/237
f 180/253/241 151/254/242 153/252/240 179/251/239
f 181/255/243 149/256/244 151/257/242 180/258/241
f 182/259/245 150/260/246 149/256/244 181/255/243
s 17
f 183/261/247 147/262/248 150/263/249 182/264/250
s 18
f 175/265/251 143/266/252 146/267/253 190/268/254
s 19
f 192/269/255 164/270/256 159/271/257 191/272/258
f 193/273/259 166/274/260 164/275/256 192/276/255
f 194/277/261 168/278/262 166/274/260 193/273/259
f 195/279/263 170/280/264 168/278/262 194/277/261
f 196/281/265 172/282/266 170/280/264 195/279/263
f 197/283/267 174/284/268 172/282/266 196/281/265
s 18
f 198/285/269 173/286/270 174/287/271 197/288/272
s 17
f 206/289/273 160/290/274 162/291/275 205/292/276
s 19
f 191/272/258 159/271/257 160/293/277 206/294/278
s 3
f 80/136/126 94/135/125 369/295/279 368/296/280
s 22
f 141/297/281 142/298/282 397/299/283 395/300/284
s 5
f 142/153/141 80/152/140 368/301/285 397/302/286
s 22
f 135/303/287 136/304/288 385/305/289 383/306/290
s 3
f 89/137/127 82/140/130 381/307/291 379/308/292
s 8
f 82/163/151 135/166/154 383/309/293 381/310/294
s 3
f 90/141/131 89/137/127 379/308/292 377/311/295
s 22
f 136/304/288 137/312/296 387/313/297 385/305/289
s 3
f 91/145/133 90/144/131 377/314/295 375/315/298
s 22
f 137/316/296 138/317/299 389/318/300 387/319/297
s 3
f 92/147/135 91/145/133 375/315/298 373/320/301
s 22
f 138/317/299 139/321/302 391/322/303 389/318/300
s 3
f 93/149/137 92/147/135 373/320/301 371/323/304
s 22
f 139/321/302 140/324/305 393/325/306 391/322/303
s 3
f 94/135/125 93/149/137 371/323/304 369/295/279
s 22
f 140/324/305 141/297/281 395/300/284 393/325/306
s 1
f 99/119/111 102/122/114 272/326/307 301/327/308
s 24
f 120/328/309 119/329/310 299/330/311 297/331/312
s 8
f 119/213/201 99/216/204 301/332/313 299/333/314
s 24
f 121/334/315 120/328/309 297/331/312 295/335/316
s 1
f 102/122/114 104/124/116 273/336/317 272/326/307
s 24
f 122/337/318 121/338/315 295/339/316 293/340/319
s 1
f 104/128/116 106/127/118 275/341/320 273/342/317
s 24
f 123/343/321 122/337/318 293/340/319 291/344/322
s 1
f 106/127/118 108/130/120 277/345/323 275/341/320
s 24
f 124/346/324 123/343/321 291/344/322 289/347/325
s 1
f 108/130/120 110/132/122 279/348/326 277/345/323
s 24
f 125/349/327 124/346/324 289/347/325 287/350/328
s 1
f 110/132/122 97/117/109 281/351/329 279/348/326
s 24
f 126/352/330 125/349/327 287/350/328 285/353/331
s 1
f 97/117/109 96/116/108 283/354/332 281/351/329
s 5
f 96/241/229 126/240/228 285/355/333 283/356/334
s 25
f 209/357/335 305/358/336 304/359/337 207/360/338
f 211/361/339 307/362/340 305/363/336 209/364/335
f 213/365/341 309/366/342 307/362/340 211/361/339
f 215/367/343 311/368/344 309/366/342 213/365/341
f 217/369/345 313/370/346 311/368/344 215/367/343
f 219/371/347 315/372/348 313/370/346 217/369/345
s off
f 221/373/349 317/374/350 315/375/351 219/376/352
s 26
f 223/377/353 319/378/354 317/379/355 221/380/356
f 225/381/357 321/382/358 319/378/354 223/377/353
f 227/383/359 323/384/360 321/382/358 225/381/357
f 229/385/361 325/386/362 323/384/360 227/383/359
f 231/387/363 327/388/364 325/386/362 229/385/361
f 233/389/365 329/390/366 327/391/364 231/392/363
f 235/393/367 331/394/368 329/390/366 233/389/365
s off
f 237/395/369 333/396/370 331/397/371 235/398/372
s 25
f 207/360/338 304/359/337 333/399/373 237/400/374
s 27
f 241/401/375 337/402/376 336/403/377 239/404/378
f 243/405/379 339/406/380 337/402/376 241/401/375
f 245/407/381 341/408/382 339/406/380 243/405/379
f 247/409/383 343/410/384 341/408/382 245/407/381
f 249/411/385 345/412/386 343/410/384 247/409/383
f 251/413/387 347/414/388 345/415/386 249/416/385
f 253/417/389 349/418/390 347/414/388 251/413/387
s off
f 255/419/391 351/420/392 349/421/393 253/422/394
s 28
f 257/423/395 353/424/396 351/425/397 255/426/398
f 259/427/399 355/428/400 353/424/396 257/423/395
f 261/429/401 357/430/402 355/431/400 259/432/399
f 263/433/403 359/434/404 357/430/402 261/429/401
f 265/435/405 361/436/406 359/434/404 263/433/403
f 267/437/407 363/438/408 361/436/406 265/435/405
f 269/439/409 365/440/410 363/438/408 267/437/407
s off
f 239/441/411 336/442/412 365/443/413 269/444/414
s 29
f 274/445/415 210/446/416 208/447/417 271/448/418
f 276/449/419 212/450/420 210/451/416 274/452/415
f 278/453/421 214/454/422 212/450/420 276/449/419
f 280/455/423 216/456/424 214/454/422 278/453/421
f 282/457/425 218/458/426 216/456/424 280/455/423
f 284/459/427 220/460/428 218/458/426 282/457/425
s off
f 286/461/429 222/462/430 220/463/431 284/464/432
s 30
f 288/465/433 224/466/434 222/467/435 286/468/436
f 290/469/437 226/470/438 224/466/434 288/465/433
f 292/471/439 228/472/440 226/470/438 290/469/437
f 294/473/441 230/474/442 228/472/440 292/471/439
f 296/475/443 232/476/444 230/474/442 294/473/441
f 298/477/445 234/478/446 232/479/444 296/480/443
f 300/481/447 236/482/448 234/478/446 298/477/445
s off
f 302/483/449 238/484/450 236/485/451 300/486/452
s 29
f 271/448/418 208/447/417 238/487/453 302/488/454
s 19
f 306/489/455 192/269/255 191/272/258 303/490/456
f 308/491/457 193/273/259 192/276/255 306/492/455
f 310/493/458 194/277/261 193/273/259 308/491/457
f 312/494/459 195/279/263 194/277/261 310/493/458
f 314/495/460 196/281/265 195/279/263 312/494/459
f 316/496/461 197/283/267 196/281/265 314/495/460
s 18
f 318/497/462 198/285/269 197/288/272 316/498/463
s 31
f 320/499/464 199/500/465 198/501/466 318/502/467
f 322/503/468 200/504/469 199/500/465 320/499/464
f 324/505/470 201/506/471 200/504/469 322/503/468
f 326/507/472 202/508/473 201/506/471 324/505/470
f 328/509/474 203/510/475 202/508/473 326/507/472
f 330/511/476 204/512/477 203/513/475 328/514/474
f 332/515/478 205/516/479 204/512/477 330/511/476
s 17
f 334/517/480 206/289/273 205/292/276 332/518/481
s 19
f 303/490/456 191/272/258 206/294/278 334/519/482
s 16
f 338/520/483 176/243/231 175/246/234 335/521/484
f 340/522/485 177/247/235 176/243/231 338/520/483
f 342/523/486 178/249/237 177/247/235 340/522/485
f 344/524/487 179/251/239 178/249/237 342/523/486
f 346/525/488 180/253/241 179/251/239 344/524/487
f 348/526/489 181/255/243 180/258/241 346/527/488
f 350/528/490 182/259/245 181/255/243 348/526/489
s 17
f 352/529/491 183/261/247 182/264/250 350/530/492
s 32
f 354/531/493 184/532/494 183/533/495 352/534/496
f 356/535/497 185/536/498 184/532/494 354/531/493
f 358/537/499 186/538/500 185/539/498 356/540/497
f 360/541/501 187/542/502 186/538/500 358/537/499
f 362/543/503 188/544/504 187/542/502 360/541/501
f 364/545/505 189/546/506 188/544/504 362/543/503
f 366/547/507 190/548/508 189/546/506 364/545/505
s 18
f 335/549/509 175/265/251 190/268/254 366/550/510
s 33
f 370/551/511 242/552/512 240/553/513 367/554/514
f 372/555/515 244/556/516 242/552/512 370/551/511
f 374/557/517 246/558/518 244/556/516 372/555/515
f 376/559/519 248/560/520 246/558/518 374/557/517
f 378/561/521 250/562/522 248/560/520 376/559/519
f 380/563/523 252/564/524 250/565/522 378/566/521
f 382/567/525 254/568/526 252/564/524 380/563/523
s off
f 384/569/527 256/570/528 254/571/529 382/572/530
s 34
f 386/573/531 258/574/532 256/575/533 384/576/534
f 388/577/535 260/578/536 258/574/532 386/573/531
f 390/579/537 262/580/538 260/581/536 388/582/535
f 392/583/539 264/584/540 262/580/538 390/579/537
f 394/585/541 266/586/542 264/584/540 392/583/539
f 396/587/543 268/588/544 266/586/542 394/585/541
f 398/589/545 270/590/546 268/588/544 396/587/543
s off
f 367/591/547 240/592/548 270/593/549 398/594/550
s 35
f 208/595/551 400/596/552 401/597/553 238/598/554
s 36
f 237/599/555 402/600/556 399/601/557 207/602/558
f 207/602/558 399/601/557 403/603/559 209/604/560
s 35
f 210/605/561 404/606/562 400/596/552 208/595/551
s 36
f 209/604/560 403/603/559 405/607/563 211/608/564
s 35
f 212/609/565 406/610/566 404/606/562 210/605/561
s 36
f 211/608/564 405/607/563 407/611/567 213/612/568
s 35
f 214/613/569 408/614/570 406/610/566 212/609/565
s 36
f 213/612/568 407/611/567 409/615/571 215/616/572
s 35
f 216/617/573 410/618/574 408/614/570 214/613/569
s 36
f 215/616/572 409/615/571 411/619/575 217/620/576
s 35
f 218/621/577 412/622/578 410/618/574 216/617/573
s 36
f 217/620/576 411/619/575 413/623/579 219/624/580
s 35
f 220/625/581 414/626/582 412/622/578 218/621/577
s 36
f 219/624/580 413/623/579 415/627/583 221/628/584
s 35
f 222/629/585 416/630/586 414/626/582 220/625/581
s 36
f 221/628/584 415/627/583 417/631/587 223/632/588
s 35
f 224/633/589 418/634/590 416/630/586 222/629/585
s 36
f 223/632/588 417/631/587 419/635/591 225/636/592
s 35
f 226/637/593 420/638/594 418/634/590 224/633/589
s 36
f 225/636/592 419/635/591 421/639/595 227/640/596
s 35
f 228/641/597 422/642/598 420/638/594 226/637/593
s 36
f 227/640/596 421/639/595 423/643/599 229/644/600
s 35
f 230/645/601 424/646/602 422/642/598 228/641/597
s 36
f 229/644/600 423/643/599 425/647/603 231/648/604
s 35
f 232/649/605 426/650/606 424/646/602 230/645/601
s 36
f 231/648/604 425/647/603 427/651/607 233/652/608
s 35
f 234/653/609 428/654/610 426/650/606 232/649/605
s 36
f 233/652/608 427/651/607 429/655/611 235/656/612
s 35
f 236/657/613 430/658/614 428/654/610 234/653/609
s 36
f 235/656/612 429/655/611 402/600/556 237/599/555
s 35
f 238/598/554 401/597/553 430/658/614 236/657/613
s 37
f 240/659/615 432/660/616 433/661/617 270/662/618
s 38
f 269/663/619 434/664/620 431/665/621 239/666/622
f 239/666/622 431/665/621 435/667/623 241/668/624
s 37
f 242/669/625 436/670/626 432/660/616 240/659/615
s 38
f 241/668/624 435/667/623 437/671/627 243/672/628
s 37
f 244/673/629 438/674/630 436/670/626 242/669/625
s 38
f 243/672/628 437/671/627 439/675/631 245/676/632
s 37
f 246/677/633 440/678/634 438/674/630 244/673/629
s 38
f 245/676/632 439/675/631 441/679/635 247/680/636
s 37
f 248/681/637 442/682/638 440/678/634 246/677/633
s 38
f 247/680/636 441/679/635 443/683/639 249/684/640
s 37
f 250/685/641 444/686/642 442/682/638 248/681/637
s 38
f 249/684/640 443/683/639 445/687/643 251/688/644
s 37
f 252/689/645 446/690/646 444/686/642 250/685/641
s 38
f 251/688/644 445/687/643 447/691/647 253/692/648
s 37
f 254/693/649 448/694/650 446/690/646 252/689/645
s 38
f 253/692/648 447/691/647 449/695/651 255/696/652
s 37
f 256/697/653 450/698/654 448/694/650 254/693/649
s 38
f 255/696/652 449/695/651 451/699/655 257/700/656
s 37
f 258/701/657 452/702/658 450/698/654 256/697/653
s 38
f 257/700/656 451/699/655 453/703/659 259/704/660
s 37
f 260/705/661 454/706/662 452/702/658 258/701/657
s 38
f 259/704/660 453/703/659 455/707/663 261/708/664
s 37
f 262/709/665 456/710/666 454/706/662 260/705/661
s 38
f 261/708/664 455/707/663 457/711/667 263/712/668
s 37
f 264/713/669 458/714/670 456/710/666 262/709/665
s 38
f 263/712/668 457/711/667 459/715/671 265/716/672
s 37
f 266/717/673 460/718/674 458/714/670 264/713/669
s 38
f 265/716/672 459/715/671 461/719/675 267/720/676
s 37
f 268/721/677 462/722/678 460/718/674 266/717/673
s 38
f 267/720/676 461/719/675 434/664/620 269/663/619
s 37
f 270/662/618 433/661/617 462/722/678 268/721/677
s 39
f 272/723/679 464/724/680 465/725/681 301/726/682
s 40
f 302/727/683 466/728/684 463/729/685 271/730/686
f 271/730/686 463/729/685 467/731/687 274/732/688
s 39
f 273/733/689 468/734/690 464/724/680 272/723/679
s 40
f 274/732/688 467/731/687 469/735/691 276/736/692
s 39
f 275/737/693 470/738/694 468/734/690 273/733/689
s 40
f 276/736/692 469/735/691 471/739/695 278/740/696
s 39
f 277/741/697 472/742/698 470/738/694 275/737/693
s 40
f 278/740/696 471/739/695 473/743/699 280/744/700
s 39
f 279/745/701 474/746/702 472/742/698 277/741/697
s 40
f 280/744/700 473/743/699 475/747/703 282/748/704
s 39
f 281/749/705 476/750/706 474/746/702 279/745/701
s 40
f 282/748/704 475/747/703 477/751/707 284/752/708
s 39
f 283/753/709 478/754/710 476/750/706 281/749/705
s 40
f 284/752/708 477/751/707 479/755/711 286/756/712
s 39
f 285/757/713 480/758/714 478/754/710 283/753/709
s 40
f 286/756/712 479/755/711 481/759/715 288/760/716
s 39
f 287/761/717 482/762/718 480/758/714 285/757/713
s 40
f 288/760/716 481/759/715 483/763/719 290/764/720
s 39
f 289/765/721 484/766/722 482/762/718 287/761/717
s 40
f 290/764/720 483/763/719 485/767/723 292/768/724
s 39
f 291/769/725 486/770/726 484/766/722 289/765/721
s 40
f 292/768/724 485/767/723 487/771/727 294/772/728
s 39
f 293/773/729 488/774/730 486/770/726 291/769/725
s 40
f 294/772/728 487/771/727 489/775/731 296/776/732
s 39
f 295/777/733 490/778/734 488/774/730 293/773/729
s 40
f 296/776/732 489/775/731 491/779/735 298/780/736
s 39
f 297/781/737 492/782/738 490/778/734 295/777/733
s 40
f 298/780/736 491/779/735 493/783/739 300/784/740
s 39
f 299/785/741 494/786/742 492/782/738 297/781/737
s 40
f 300/784/740 493/783/739 466/728/684 302/727/683
s 39
f 301/726/682 465/725/681 494/786/742 299/785/741
s 41
f 304/787/743 496/788/744 497/789/745 333/790/746
s 42
f 334/791/747 498/792/748 495/793/749 303/794/750
f 303/794/750 495/793/749 499/795/751 306/796/752
s 41
f 305/797/753 500/798/754 496/788/744 304/787/743
s 42
f 306/796/752 499/795/751 501/799/755 308/800/756
s 41
f 307/801/757 502/802/758 500/798/754 305/797/753
s 42
f 308/800/756 501/799/755 503/803/759 310/804/760
s 41
f 309/805/761 504/806/762 502/802/758 307/801/757
s 42
f 310/804/760 503/803/759 505/807/763 312/808/764
s 41
f 311/809/765 506/810/766 504/806/762 309/805/761
s 42
f 312/808/764 505/807/763 507/811/767 314/812/768
s 41
f 313/813/769 508/814/770 506/810/766 311/809/765
s 42
f 314/812/768 507/811/767 509/815/771 316/816/772
s 41
f 315/817/773 510/818/774 508/814/770 313/813/769
s 42
f 316/816/772 509/815/771 511/819/775 318/820/776
s 41
f 317/821/777 512/822/778 510/818/774 315/817/773
s 42
f 318/820/776 511/819/775 513/823/779 320/824/780
s 41
f 319/825/781 514/826/782 512/822/778 317/821/777
s 42
f 320/824/780 513/823/779 515/827/783 322/828/784
s 41
f 321/829/785 516/830/786 514/826/782 319/825/781
s 42
f 322/828/784 515/827/783 517/831/787 324/832/788
s 41
f 323/833/789 518/834/790 516/830/786 321/829/785
s 42
f 324/832/788 517/831/787 519/835/791 326/836/792
s 41
f 325/837/793 520/838/794 518/834/790 323/833/789
s 42
f 326/836/792 519/835/791 521/839/795 328/840/796
s 41
f 327/841/797 522/842/798 520/838/794 325/837/793
s 42
f 328/840/796 521/839/795 523/843/799 330/844/800
s 41
f 329/845/801 524/846/802 522/842/798 327/841/797
s 42
f 330/844/800 523/843/799 525/847/803 332/848/804
s 41
f 331/849/805 526/850/806 524/846/802 329/845/801
s 42
f 332/848/804 525/847/803 498/792/748 334/791/747
s 41
f 333/790/746 497/789/745 526/850/806 331/849/805
s 43
f 336/851/807 528/852/808 529/853/809 365/854/810
s 44
f 366/855/811 530/856/812 527/857/813 335/858/814
f 335/858/814 527/857/813 531/859/815 338/860/816
s 43
f 337/861/817 532/862/818 528/852/808 336/851/807
s 44
f 338/860/816 531/859/815 533/863/819 340/864/820
s 43
f 339/865/821 534/866/822 532/862/818 337/861/817
s 44
f 340/864/820 533/863/819 535/867/823 342/868/824
s 43
f 341/869/825 536/870/826 534/866/822 339/865/821
s 44
f 342/868/824 535/867/823 537/871/827 344/872/828
s 43
f 343/873/829 538/874/830 536/870/826 341/869/825
s 44
f 344/872/828 537/871/827 539/875/831 346/876/832
s 43
f 345/877/833 540/878/834 538/874/830 343/873/829
s 44
f 346/876/832 539/875/831 541/879/835 348/880/836
s 43
f 347/881/837 542/882/838 540/878/834 345/877/833
s 44
f 348/880/836 541/879/835 543/883/839 350/884/840
s 43
f 349/885/841 544/886/842 542/882/838 347/881/837
s 44
f 350/884/840 543/883/839 545/887/843 352/888/844
s 43
f 351/889/845 546/890/846 544/886/842 349/885/841
s 44
f 352/888/844 545/887/843 547/891/847 354/892/848
s 43
f 353/893/849 548/894/850 546/890/846 351/889/845
s 44
f 354/892/848 547/891/847 549/895/851 356/896/852
s 43
f 355/897/853 550/898/854 548/894/850 353/893/849
s 44
f 356/896/852 549/895/851 551/899/855 358/900/856
s 43
f 357/901/857 552/902/858 550/898/854 355/897/853
s 44
f 358/900/856 551/899/855 553/903/859 360/904/860
s 43
f 359/905/861 554/906/862 552/902/858 357/901/857
s 44
f 360/904/860 553/903/859 555/907/863 362/908/864
s 43
f 361/909/865 556/910/866 554/906/862 359/905/861
s 44
f 362/908/864 555/907/863 557/911/867 364/912/868
s 43
f 363/913/869 558/914/870 556/910/866 361/909/865
s 44
f 364/912/868 557/911/867 530/856/812 366/855/811
s 43
f 365/854/810 529/853/809 558/914/870 363/913/869
s 45
f 368/915/871 560/916/872 561/917/873 397/918/874
s 46
f 398/919/875 562/920/876 559/921/877 367/922/878
f 367/922/878 559/921/877 563/923/879 370/924/880
s 45
f 369/925/881 564/926/882 560/916/872 368/915/871
s 46
f 370/924/880 563/923/879 565/927/883 372/928/884
s 45
f 371/929/885 566/930/886 564/926/882 369/925/881
s 46
f 372/928/884 565/927/883 567/931/887 374/932/888
s 45
f 373/933/889 568/934/890 566/930/886 371/929/885
s 46
f 374/932/888 567/931/887 569/935/891 376/936/892
s 45
f 375/937/893 570/938/894 568/934/890 373/933/889
s 46
f 376/936/892 569/935/891 571/939/895 378/940/896
s 45
f 377/941/897 572/942/898 570/938/894 375/937/893
s 46
f 378/940/896 571/939/895 573/943/899 380/944/900
s 45
f 379/945/901 574/946/902 572/942/898 377/941/897
s 46
f 380/944/900 573/943/899 575/947/903 382/948/904
s 45
f 381/949/905 576/950/906 574/946/902 379/945/901
s 46
f 382/948/904 575/947/903 577/951/907 384/952/908
s 45
f 383/953/909 578/954/910 576/950/906 381/949/905
s 46
f 384/952/908 577/951/907 579/955/911 386/956/912
s 45
f 385/957/913 580/958/914 578/954/910 383/953/909
s 46
f 386/956/912 579/955/911 581/959/915 388/960/916
s 45
f 387/961/917 582/962/918 580/958/914 385/957/913
s 46
f 388/960/916 581/959/915 583/963/919 390/964/920
s 45
f 389/965/921 584/966/922 582/962/918 387/961/917
s 46
f 390/964/920 583/963/919 585/967/923 392/968/924
s 45
f 391/969/925 586/970/926 584/966/922 389/965/921
s 46
f 392/968/924 585/967/923 587/971/927 394/972/928
s 45
f 393/973/929 588/974/930 586/970/926 391/969/925
s 46
f 394/972/928 587/971/927 589/975/931 396/976/932
s 45
f 395/977/933 590/978/934 588/974/930 393/973/929
s 46
f 396/976/932 589/975/931 562/920/876 398/919/875
s 45
f 397/918/874 561/917/873 590/978/934 395/977/933
s 47
f 975/979/935 978/980/936 977/981/937 976/982/938
s 48
f 593/983/939 596/984/940 597/985/941 592/986/942
s 49
f 1007/987/943 1010/988/944 1009/989/945 1008/990/946
s 50
f 1039/991/947 1042/992/948 1041/993/949 1040/994/950
s 51
f 657/995/951 660/996/952 661/997/953 656/998/954
s 52
f 1071/999/955 1074/1000/956 1073/1001/957 1072/1002/958
s 53
f 1103/1003/959 1106/1004/960 1105/1005/961 1104/1006/962
s 54
f 721/1007/963 724/1008/964 725/1009/965 720/1010/966
s 55
f 1135/1011/967 1138/1012/968 1137/1013/969 1136/1014/970
s off
f 1167/1015/971 1170/1016/972 1169/1017/973 1168/1018/974
f 785/1019/975 788/1020/976 789/1021/977 784/1022/978
f 1199/1023/979 1202/1024/980 1201/1025/981 1200/1026/982
f 1231/1027/983 1234/1028/984 1233/1029/985 1232/1030/986
f 849/1031/987 852/1032/988 853/1033/989 848/1034/990
f 1263/1035/991 1266/1036/992 1265/1037/993 1264/1038/994
f 1295/1039/995 1298/1040/996 1297/1041/997 1296/1042/998
f 913/1043/999 916/1044/1000 917/1045/1001 912/1046/1002
f 1327/1047/1003 1330/1048/1004 1329/1049/1005 1328/1050/1006
s 56
f 399/1051/1007 402/1052/1008 659/1053/1009 658/1054/1010
f 715/1055/1011 403/1056/1012 399/1051/1007 658/1054/1010
f 711/1057/1013 405/1058/1014 403/1059/1012 715/1060/1011
f 707/1061/1015 407/1062/1016 405/1058/1014 711/1057/1013
f 703/1063/1017 409/1064/1018 407/1062/1016 707/1061/1015
f 699/1065/1019 411/1066/1020 409/1064/1018 703/1063/1017
f 695/1067/1021 413/1068/1022 411/1066/1020 699/1065/1019
s off
f 691/1069/1023 415/1070/1024 413/1071/1025 695/1072/1026
s 57
f 687/1073/1027 417/1074/1028 415/1075/1029 691/1076/1030
f 683/1077/1031 419/1078/1032 417/1074/1028 687/1073/1027
f 679/1079/1033 421/1080/1034 419/1078/1032 683/1077/1031
f 675/1081/1035 423/1082/1036 421/1080/1034 679/1079/1033
f 671/1083/1037 425/1084/1038 423/1082/1036 675/1081/1035
f 667/1085/1039 427/1086/1040 425/1087/1038 671/1088/1037
f 663/1089/1041 429/1090/1042 427/1086/1040 667/1085/1039
s off
f 659/1091/1043 402/1092/1044 429/1093/1045 663/1094/1046
f 431/1095/1047 434/1096/1048 851/1097/1049 850/1098/1050
s 58
f 907/1099/1051 435/1100/1052 431/1101/1053 850/1102/1054
f 903/1103/1055 437/1104/1056 435/1100/1052 907/1099/1051
f 899/1105/1057 439/1106/1058 437/1104/1056 903/1103/1055
f 895/1107/1059 441/1108/1060 439/1106/1058 899/1105/1057
f 891/1109/1061 443/1110/1062 441/1108/1060 895/1107/1059
f 887/1111/1063 445/1112/1064 443/1113/1062 891/1114/1061
f 883/1115/1065 447/1116/1066 445/1112/1064 887/1111/1063
s off
f 879/1117/1067 449/1118/1068 447/1119/1069 883/1120/1070
s 59
f 875/1121/1071 451/1122/1072 449/1123/1073 879/1124/1074
f 871/1125/1075 453/1126/1076 451/1122/1072 875/1121/1071
f 867/1127/1077 455/1128/1078 453/1129/1076 871/1130/1075
f 863/1131/1079 457/1132/1080 455/1128/1078 867/1127/1077
f 859/1133/1081 459/1134/1082 457/1132/1080 863/1131/1079
f 855/1135/1083 461/1136/1084 459/1134/1082 859/1133/1081
f 851/1137/1085 434/1138/1086 461/1136/1084 855/1135/1083
s 60
f 463/1139/1087 466/1140/1088 595/1141/1089 594/1142/1090
f 651/1143/1091 467/1144/1092 463/1139/1087 594/1142/1090
f 647/1145/1093 469/1146/1094 467/1147/1092 651/1148/1091
f 643/1149/1095 471/1150/1096 469/1146/1094 647/1145/1093
f 639/1151/1097 473/1152/1098 471/1150/1096 643/1149/1095
f 635/1153/1099 475/1154/1100 473/1152/1098 639/1151/1097
f 631/1155/1101 477/1156/1102 475/1154/1100 635/1153/1099
s off
f 627/1157/1103 479/1158/1104 477/1159/1105 631/1160/1106
s 61
f 623/1161/1107 481/1162/1108 479/1163/1109 627/1164/1110
f 619/1165/1111 483/1166/1112 481/1162/1108 623/1161/1107
f 615/1167/1113 485/1168/1114 483/1166/1112 619/1165/1111
f 611/1169/1115 487/1170/1116 485/1168/1114 615/1167/1113
f 607/1171/1117 489/1172/1118 487/1170/1116 611/1169/1115
f 603/1173/1119 491/1174/1120 489/1175/1118 607/1176/1117
f 599/1177/1121 493/1178/1122 491/1174/1120 603/1173/1119
s off
f 595/1179/1123 466/1180/1124 493/1181/1125 599/1182/1126
s 62
f 495/1183/1127 498/1184/1128 723/1185/1129 722/1186/1130
f 779/1187/1131 499/1188/1132 495/1183/1127 722/1186/1130
f 775/1189/1133 501/1190/1134 499/1191/1132 779/1192/1131
f 771/1193/1135 503/1194/1136 501/1190/1134 775/1189/1133
f 767/1195/1137 505/1196/1138 503/1194/1136 771/1193/1135
f 763/1197/1139 507/1198/1140 505/1196/1138 767/1195/1137
f 759/1199/1141 509/1200/1142 507/1198/1140 763/1197/1139
s off
f 755/1201/1143 511/1202/1144 509/1203/1145 759/1204/1146
s 63
f 751/1205/1147 513/1206/1148 511/1207/1149 755/1208/1150
f 747/1209/1151 515/1210/1152 513/1206/1148 751/1205/1147
f 743/1211/1153 517/1212/1154 515/1210/1152 747/1209/1151
f 739/1213/1155 519/1214/1156 517/1212/1154 743/1211/1153
f 735/1215/1157 521/1216/1158 519/1214/1156 739/1213/1155
f 731/1217/1159 523/1218/1160 521/1219/1158 735/1220/1157
f 727/1221/1161 525/1222/1162 523/1218/1160 731/1217/1159
s off
f 723/1223/1163 498/1224/1164 525/1225/1165 727/1226/1166
f 527/1227/1167 530/1228/1168 787/1229/1169 786/1230/1170
s 64
f 843/1231/1171 531/1232/1172 527/1233/1173 786/1234/1174
f 839/1235/1175 533/1236/1176 531/1232/1172 843/1231/1171
f 835/1237/1177 535/1238/1178 533/1236/1176 839/1235/1175
f 831/1239/1179 537/1240/1180 535/1238/1178 835/1237/1177
f 827/1241/1181 539/1242/1182 537/1240/1180 831/1239/1179
f 823/1243/1183 541/1244/1184 539/1245/1182 827/1246/1181
f 819/1247/1185 543/1248/1186 541/1244/1184 823/1243/1183
s off
f 815/1249/1187 545/1250/1188 543/1251/1189 819/1252/1190
s 65
f 811/1253/1191 547/1254/1192 545/1255/1193 815/1256/1194
f 807/1257/1195 549/1258/1196 547/1254/1192 811/1253/1191
f 803/1259/1197 551/1260/1198 549/1261/1196 807/1262/1195
f 799/1263/1199 553/1264/1200 551/1260/1198 803/1259/1197
f 795/1265/1201 555/1266/1202 553/1264/1200 799/1263/1199
f 791/1267/1203 557/1268/1204 555/1266/1202 795/1265/1201
f 787/1269/1205 530/1270/1206 557/1268/1204 791/1267/1203
s off
f 559/1271/1207 562/1272/1208 915/1273/1209 914/1274/1210
s 66
f 971/1275/1211 563/1276/1212 559/1277/1213 914/1278/1214
f 967/1279/1215 565/1280/1216 563/1276/1212 971/1275/1211
f 963/1281/1217 567/1282/1218 565/1280/1216 967/1279/1215
f 959/1283/1219 569/1284/1220 567/1282/1218 963/1281/1217
f 955/1285/1221 571/1286/1222 569/1284/1220 959/1283/1219
f 951/1287/1223 573/1288/1224 571/1289/1222 955/1290/1221
f 947/1291/1225 575/1292/1226 573/1288/1224 951/1287/1223
s off
f 943/1293/1227 577/1294/1228 575/1295/1229 947/1296/1230
s 67
f 939/1297/1231 579/1298/1232 577/1299/1233 943/1300/1234
f 935/1301/1235 581/1302/1236 579/1298/1232 939/1297/1231
f 931/1303/1237 583/1304/1238 581/1305/1236 935/1306/1235
f 927/1307/1239 585/1308/1240 583/1304/1238 931/1303/1237
f 923/1309/1241 587/1310/1242 585/1308/1240 927/1307/1239
f 919/1311/1243 589/1312/1244 587/1310/1242 923/1309/1241
f 915/1313/1245 562/1314/1246 589/1312/1244 919/1311/1243
s 68
f 598/1315/1247 465/1316/1248 464/1317/1249 591/1318/1250
s off
f 494/1319/1251 465/1320/1252 598/1321/1253 602/1322/1254
s 69
f 492/1323/1255 494/1324/1256 602/1325/1257 606/1326/1258
f 490/1327/1259 492/1323/1255 606/1326/1258 610/1328/1260
f 488/1329/1261 490/1330/1259 610/1331/1260 614/1332/1262
f 486/1333/1263 488/1329/1261 614/1332/1262 618/1334/1264
f 484/1335/1265 486/1333/1263 618/1334/1264 622/1336/1266
f 482/1337/1267 484/1335/1265 622/1336/1266 626/1338/1268
f 480/1339/1269 482/1337/1267 626/1338/1268 630/1340/1270
s off
f 478/1341/1271 480/1342/1272 630/1343/1273 634/1344/1274
s 68
f 476/1345/1275 478/1346/1276 634/1347/1277 638/1348/1278
f 474/1349/1279 476/1345/1275 638/1348/1278 642/1350/1280
f 472/1351/1281 474/1349/1279 642/1350/1280 646/1352/1282
f 470/1353/1283 472/1351/1281 646/1352/1282 650/1354/1284
f 468/1355/1285 470/1353/1283 650/1354/1284 654/1356/1286
f 464/1317/1249 468/1357/1285 654/1358/1286 591/1318/1250
s 71
f 662/1359/1287 401/1360/1288 400/1361/1289 655/1362/1290
s off
f 430/1363/1291 401/1364/1292 662/1365/1293 666/1366/1294
s 72
f 428/1367/1295 430/1368/1296 666/1369/1297 670/1370/1298
f 426/1371/1299 428/1367/1295 670/1370/1298 674/1372/1300
f 424/1373/1301 426/1374/1299 674/1375/1300 678/1376/1302
f 422/1377/1303 424/1373/1301 678/1376/1302 682/1378/1304
f 420/1379/1305 422/1377/1303 682/1378/1304 686/1380/1306
f 418/1381/1307 420/1379/1305 686/1380/1306 690/1382/1308
f 416/1383/1309 418/1381/1307 690/1382/1308 694/1384/1310
s off
f 414/1385/1311 416/1386/1312 694/1387/1313 698/1388/1314
s 71
f 412/1389/1315 414/1390/1316 698/1391/1317 702/1392/1318
f 410/1393/1319 412/1389/1315 702/1392/1318 706/1394/1320
f 408/1395/1321 410/1393/1319 706/1394/1320 710/1396/1322
f 406/1397/1323 408/1395/1321 710/1396/1322 714/1398/1324
f 404/1399/1325 406/1397/1323 714/1398/1324 718/1400/1326
f 400/1361/1289 404/1401/1325 718/1402/1326 655/1362/1290
s 74
f 726/1403/1327 497/1404/1328 496/1405/1329 719/1406/1330
s off
f 526/1407/1331 497/1408/1332 726/1409/1333 730/1410/1334
s 75
f 524/1411/1335 526/1412/1336 730/1413/1337 734/1414/1338
f 522/1415/1339 524/1411/1335 734/1414/1338 738/1416/1340
f 520/1417/1341 522/1418/1339 738/1419/1340 742/1420/1342
f 518/1421/1343 520/1417/1341 742/1420/1342 746/1422/1344
f 516/1423/1345 518/1421/1343 746/1422/1344 750/1424/1346
f 514/1425/1347 516/1423/1345 750/1424/1346 754/1426/1348
f 512/1427/1349 514/1425/1347 754/1426/1348 758/1428/1350
s off
f 510/1429/1351 512/1430/1352 758/1431/1353 762/1432/1354
s 74
f 508/1433/1355 510/1434/1356 762/1435/1357 766/1436/1358
f 506/1437/1359 508/1433/1355 766/1436/1358 770/1438/1360
f 504/1439/1361 506/1437/1359 770/1438/1360 774/1440/1362
f 502/1441/1363 504/1439/1361 774/1440/1362 778/1442/1364
f 500/1443/1365 502/1441/1363 778/1442/1364 782/1444/1366
f 496/1405/1329 500/1445/1365 782/1446/1366 719/1406/1330
s off
f 790/1447/1367 529/1448/1368 528/1449/1369 783/1450/1370
s 77
f 558/1451/1371 529/1452/1372 790/1453/1373 794/1454/1374
f 556/1455/1375 558/1451/1371 794/1454/1374 798/1456/1376
f 554/1457/1377 556/1455/1375 798/1456/1376 802/1458/1378
f 552/1459/1379 554/1457/1377 802/1458/1378 806/1460/1380
f 550/1461/1381 552/1459/1379 806/1460/1380 810/1462/1382
f 548/1463/1383 550/1464/1381 810/1465/1382 814/1466/1384
f 546/1467/1385 548/1463/1383 814/1466/1384 818/1468/1386
s off
f 544/1469/1387 546/1470/1388 818/1471/1389 822/1472/1390
s 78
f 542/1473/1391 544/1474/1392 822/1475/1393 826/1476/1394
f 540/1477/1395 542/1473/1391 826/1476/1394 830/1478/1396
f 538/1479/1397 540/1480/1395 830/1481/1396 834/1482/1398
f 536/1483/1399 538/1479/1397 834/1482/1398 838/1484/1400
f 534/1485/1401 536/1483/1399 838/1484/1400 842/1486/1402
f 532/1487/1403 534/1485/1401 842/1486/1402 846/1488/1404
f 528/1489/1405 532/1487/1403 846/1488/1404 783/1490/1406
s off
f 854/1491/1407 433/1492/1408 432/1493/1409 847/1494/1410
s 79
f 462/1495/1411 433/1496/1412 854/1497/1413 858/1498/1414
f 460/1499/1415 462/1495/1411 858/1498/1414 862/1500/1416
f 458/1501/1417 460/1499/1415 862/1500/1416 866/1502/1418
f 456/1503/1419 458/1501/1417 866/1502/1418 870/1504/1420
f 454/1505/1421 456/1503/1419 870/1504/1420 874/1506/1422
f 452/1507/1423 454/1508/1421 874/1509/1422 878/1510/1424
f 450/1511/1425 452/1507/1423 878/1510/1424 882/1512/1426
s off
f 448/1513/1427 450/1514/1428 882/1515/1429 886/1516/1430
s 80
f 446/1517/1431 448/1518/1432 886/1519/1433 890/1520/1434
f 444/1521/1435 446/1517/1431 890/1520/1434 894/1522/1436
f 442/1523/1437 444/1524/1435 894/1525/1436 898/1526/1438
f 440/1527/1439 442/1523/1437 898/1526/1438 902/1528/1440
f 438/1529/1441 440/1527/1439 902/1528/1440 906/1530/1442
f 436/1531/1443 438/1529/1441 906/1530/1442 910/1532/1444
f 432/1533/1445 436/1531/1443 910/1532/1444 847/1534/1446
s off
f 918/1535/1447 561/1536/1448 560/1537/1449 911/1538/1450
s 81
f 590/1539/1451 561/1540/1452 918/1541/1453 922/1542/1454
f 588/1543/1455 590/1539/1451 922/1542/1454 926/1544/1456
f 586/1545/1457 588/1543/1455 926/1544/1456 930/1546/1458
f 584/1547/1459 586/1545/1457 930/1546/1458 934/1548/1460
f 582/1549/1461 584/1547/1459 934/1548/1460 938/1550/1462
f 580/1551/1463 582/1552/1461 938/1553/1462 942/1554/1464
f 578/1555/1465 580/1551/1463 942/1554/1464 946/1556/1466
s off
f 576/1557/1467 578/1558/1468 946/1559/1469 950/1560/1470
s 82
f 574/1561/1471 576/1562/1472 950/1563/1473 954/1564/1474
f 572/1565/1475 574/1561/1471 954/1564/1474 958/1566/1476
f 570/1567/1477 572/1568/1475 958/1569/1476 962/1570/1478
f 568/1571/1479 570/1567/1477 962/1570/1478 966/1572/1480
f 566/1573/1481 568/1571/1479 966/1572/1480 970/1574/1482
f 564/1575/1483 566/1573/1481 970/1574/1482 974/1576/1484
f 560/1577/1485 564/1575/1483 974/1576/1484 911/1578/1486
s off
f 1010/1579/1487 1012/1580/1488 1011/1581/1489 1009/1582/1490
f 978/1583/1491 980/1584/1492 979/1585/1493 977/1586/1494
f 596/1587/1495 600/1588/1496 601/1589/1497 597/1590/1498
s 83
f 1012/1591/1499 1014/1592/1500 1013/1593/1501 1011/1594/1502
s 84
f 980/1595/1503 982/1596/1504 981/1597/1505 979/1598/1506
s 85
f 600/1599/1507 604/1600/1508 605/1601/1509 601/1602/1510
s 83
f 1014/1592/1500 1016/1603/1511 1015/1604/1512 1013/1593/1501
s 84
f 982/1596/1504 984/1605/1513 983/1606/1514 981/1597/1505
s 85
f 604/1600/1508 608/1607/1515 609/1608/1516 605/1601/1509
s 83
f 1016/1609/1511 1018/1610/1517 1017/1611/1518 1015/1612/1512
s 84
f 984/1613/1513 986/1614/1519 985/1615/1520 983/1616/1514
s 85
f 608/1617/1515 612/1618/1521 613/1619/1522 609/1620/1516
s 83
f 1018/1610/1517 1020/1621/1523 1019/1622/1524 1017/1611/1518
s 84
f 986/1614/1519 988/1623/1525 987/1624/1526 985/1615/1520
s 85
f 612/1618/1521 616/1625/1527 617/1626/1528 613/1619/1522
s 83
f 1020/1621/1523 1022/1627/1529 1021/1628/1530 1019/1622/1524
s 84
f 988/1623/1525 990/1629/1531 989/1630/1532 987/1624/1526
s 85
f 616/1625/1527 620/1631/1533 621/1632/1534 617/1626/1528
s 83
f 1022/1627/1529 1024/1633/1535 1023/1634/1536 1021/1628/1530
s 84
f 990/1629/1531 992/1635/1537 991/1636/1538 989/1630/1532
s 85
f 620/1631/1533 624/1637/1539 625/1638/1540 621/1632/1534
s 83
f 1024/1633/1535 1026/1639/1541 1025/1640/1542 1023/1634/1536
s 84
f 992/1635/1537 994/1641/1543 993/1642/1544 991/1636/1538
s 85
f 624/1637/1539 628/1643/1545 629/1644/1546 625/1638/1540
s off
f 1026/1645/1547 1028/1646/1548 1027/1647/1549 1025/1648/1550
f 994/1649/1551 996/1650/1552 995/1651/1553 993/1652/1554
f 628/1653/1555 632/1654/1556 633/1655/1557 629/1656/1558
s 49
f 1028/1657/1559 1030/1658/1560 1029/1659/1561 1027/1660/1562
s 47
f 996/1661/1563 998/1662/1564 997/1663/1565 995/1664/1566
s 48
f 632/1665/1567 636/1666/1568 637/1667/1569 633/1668/1570
s 49
f 1030/1658/1560 1032/1669/1571 1031/1670/1572 1029/1659/1561
s 47
f 998/1662/1564 1000/1671/1573 999/1672/1574 997/1663/1565
s 48
f 636/1666/1568 640/1673/1575 641/1674/1576 637/1667/1569
s 49
f 1032/1669/1571 1034/1675/1577 1033/1676/1578 1031/1670/1572
s 47
f 1000/1671/1573 1002/1677/1579 1001/1678/1580 999/1672/1574
s 48
f 640/1673/1575 644/1679/1581 645/1680/1582 641/1674/1576
s 49
f 1034/1675/1577 1036/1681/1583 1035/1682/1584 1033/1676/1578
s 47
f 1002/1677/1579 1004/1683/1585 1003/1684/1586 1001/1678/1580
s 48
f 644/1679/1581 648/1685/1587 649/1686/1588 645/1680/1582
s 49
f 1036/1681/1583 1038/1687/1589 1037/1688/1590 1035/1682/1584
s 47
f 1004/1683/1585 1006/1689/1591 1005/1690/1592 1003/1684/1586
s 48
f 648/1685/1587 652/1691/1593 653/1692/1594 649/1686/1588
s 49
f 1008/990/946 1037/1693/1590 1038/1694/1589 1007/987/943
s 48
f 592/986/942 653/1695/1594 652/1696/1593 593/983/939
s 47
f 976/982/938 1005/1697/1592 1006/1698/1591 975/979/935
s off
f 1074/1699/1595 1076/1700/1596 1075/1701/1597 1073/1702/1598
f 1042/1703/1599 1044/1704/1600 1043/1705/1601 1041/1706/1602
f 660/1707/1603 664/1708/1604 665/1709/1605 661/1710/1606
s 89
f 1076/1711/1607 1078/1712/1608 1077/1713/1609 1075/1714/1610
s 90
f 1044/1715/1611 1046/1716/1612 1045/1717/1613 1043/1718/1614
s 91
f 664/1719/1615 668/1720/1616 669/1721/1617 665/1722/1618
s 89
f 1078/1712/1608 1080/1723/1619 1079/1724/1620 1077/1713/1609
s 90
f 1046/1716/1612 1048/1725/1621 1047/1726/1622 1045/1717/1613
s 91
f 668/1720/1616 672/1727/1623 673/1728/1624 669/1721/1617
s 89
f 1080/1729/1619 1082/1730/1625 1081/1731/1626 1079/1732/1620
s 90
f 1048/1733/1621 1050/1734/1627 1049/1735/1628 1047/1736/1622
s 91
f 672/1737/1623 676/1738/1629 677/1739/1630 673/1740/1624
s 89
f 1082/1730/1625 1084/1741/1631 1083/1742/1632 1081/1731/1626
s 90
f 1050/1734/1627 1052/1743/1633 1051/1744/1634 1049/1735/1628
s 91
f 676/1738/1629 680/1745/1635 681/1746/1636 677/1739/1630
s 89
f 1084/1741/1631 1086/1747/1637 1085/1748/1638 1083/1742/1632
s 90
f 1052/1743/1633 1054/1749/1639 1053/1750/1640 1051/1744/1634
s 91
f 680/1745/1635 684/1751/1641 685/1752/1642 681/1746/1636
s 89
f 1086/1747/1637 1088/1753/1643 1087/1754/1644 1085/1748/1638
s 90
f 1054/1749/1639 1056/1755/1645 1055/1756/1646 1053/1750/1640
s 91
f 684/1751/1641 688/1757/1647 689/1758/1648 685/1752/1642
s 89
f 1088/1753/1643 1090/1759/1649 1089/1760/1650 1087/1754/1644
s 90
f 1056/1755/1645 1058/1761/1651 1057/1762/1652 1055/1756/1646
s 91
f 688/1757/1647 692/1763/1653 693/1764/1654 689/1758/1648
s off
f 1090/1765/1655 1092/1766/1656 1091/1767/1657 1089/1768/1658
f 1058/1769/1659 1060/1770/1660 1059/1771/1661 1057/1772/1662
f 692/1773/1663 696/1774/1664 697/1775/1665 693/1776/1666
s 52
f 1092/1777/1667 1094/1778/1668 1093/1779/1669 1091/1780/1670
s 50
f 1060/1781/1671 1062/1782/1672 1061/1783/1673 1059/1784/1674
s 51
f 696/1785/1675 700/1786/1676 701/1787/1677 697/1788/1678
s 52
f 1094/1778/1668 1096/1789/1679 1095/1790/1680 1093/1779/1669
s 50
f 1062/1782/1672 1064/1791/1681 1063/1792/1682 1061/1783/1673
s 51
f 700/1786/1676 704/1793/1683 705/1794/1684 701/1787/1677
s 52
f 1096/1789/1679 1098/1795/1685 1097/1796/1686 1095/1790/1680
s 50
f 1064/1791/1681 1066/1797/1687 1065/1798/1688 1063/1792/1682
s 51
f 704/1793/1683 708/1799/1689 709/1800/1690 705/1794/1684
s 52
f 1098/1795/1685 1100/1801/1691 1099/1802/1692 1097/1796/1686
s 50
f 1066/1797/1687 1068/1803/1693 1067/1804/1694 1065/1798/1688
s 51
f 708/1799/1689 712/1805/1695 713/1806/1696 709/1800/1690
s 52
f 1100/1801/1691 1102/1807/1697 1101/1808/1698 1099/1802/1692
s 50
f 1068/1803/1693 1070/1809/1699 1069/1810/1700 1067/1804/1694
s 51
f 712/1805/1695 716/1811/1701 717/1812/1702 713/1806/1696
s 52
f 1072/1002/958 1101/1813/1698 1102/1814/1697 1071/999/955
s 51
f 656/998/954 717/1815/1702 716/1816/1701 657/995/951
s 50
f 1040/994/950 1069/1817/1700 1070/1818/1699 1039/991/947
s off
f 1138/1819/1703 1140/1820/1704 1139/1821/1705 1137/1822/1706
f 1106/1823/1707 1108/1824/1708 1107/1825/1709 1105/1826/1710
f 724/1827/1711 728/1828/1712 729/1829/1713 725/1830/1714
s 95
f 1140/1831/1715 1142/1832/1716 1141/1833/1717 1139/1834/1718
s 96
f 1108/1835/1719 1110/1836/1720 1109/1837/1721 1107/1838/1722
s 97
f 728/1839/1723 732/1840/1724 733/1841/1725 729/1842/1726
s 95
f 1142/1832/1716 1144/1843/1727 1143/1844/1728 1141/1833/1717
s 96
f 1110/1836/1720 1112/1845/1729 1111/1846/1730 1109/1837/1721
s 97
f 732/1840/1724 736/1847/1731 737/1848/1732 733/1841/1725
s 95
f 1144/1849/1727 1146/1850/1733 1145/1851/1734 1143/1852/1728
s 96
f 1112/1853/1729 1114/1854/1735 1113/1855/1736 1111/1856/1730
s 97
f 736/1857/1731 740/1858/1737 741/1859/1738 737/1860/1732
s 95
f 1146/1850/1733 1148/1861/1739 1147/1862/1740 1145/1851/1734
s 96
f 1114/1854/1735 1116/1863/1741 1115/1864/1742 1113/1855/1736
s 97
f 740/1858/1737 744/1865/1743 745/1866/1744 741/1859/1738
s 95
f 1148/1861/1739 1150/1867/1745 1149/1868/1746 1147/1862/1740
s 96
f 1116/1863/1741 1118/1869/1747 1117/1870/1748 1115/1864/1742
s 97
f 744/1865/1743 748/1871/1749 749/1872/1750 745/1866/1744
s 95
f 1150/1867/1745 1152/1873/1751 1151/1874/1752 1149/1868/1746
s 96
f 1118/1869/1747 1120/1875/1753 1119/1876/1754 1117/1870/1748
s 97
f 748/1871/1749 752/1877/1755 753/1878/1756 749/1872/1750
s 95
f 1152/1873/1751 1154/1879/1757 1153/1880/1758 1151/1874/1752
s 96
f 1120/1875/1753 1122/1881/1759 1121/1882/1760 1119/1876/1754
s 97
f 752/1877/1755 756/1883/1761 757/1884/1762 753/1878/1756
s off
f 1154/1885/1763 1156/1886/1764 1155/1887/1765 1153/1888/1766
f 1122/1889/1767 1124/1890/1768 1123/1891/1769 1121/1892/1770
f 756/1893/1771 760/1894/1772 761/1895/1773 757/1896/1774
s 55
f 1156/1897/1775 1158/1898/1776 1157/1899/1777 1155/1900/1778
s 53
f 1124/1901/1779 1126/1902/1780 1125/1903/1781 1123/1904/1782
s 54
f 760/1905/1783 764/1906/1784 765/1907/1785 761/1908/1786
s 55
f 1158/1898/1776 1160/1909/1787 1159/1910/1788 1157/1899/1777
s 53
f 1126/1902/1780 1128/1911/1789 1127/1912/1790 1125/1903/1781
s 54
f 764/1906/1784 768/1913/1791 769/1914/1792 765/1907/1785
s 55
f 1160/1909/1787 1162/1915/1793 1161/1916/1794 1159/1910/1788
s 53
f 1128/1911/1789 1130/1917/1795 1129/1918/1796 1127/1912/1790
s 54
f 768/1913/1791 772/1919/1797 773/1920/1798 769/1914/1792
s 55
f 1162/1915/1793 1164/1921/1799 1163/1922/1800 1161/1916/1794
s 53
f 1130/1917/1795 1132/1923/1801 1131/1924/1802 1129/1918/1796
s 54
f 772/1919/1797 776/1925/1803 777/1926/1804 773/1920/1798
s 55
f 1164/1921/1799 1166/1927/1805 1165/1928/1806 1163/1922/1800
s 53
f 1132/1923/1801 1134/1929/1807 1133/1930/1808 1131/1924/1802
s 54
f 776/1925/1803 780/1931/1809 781/1932/1810 777/1926/1804
s 55
f 1136/1014/970 1165/1933/1806 1166/1934/1805 1135/1011/967
s 54
f 720/1010/966 781/1935/1810 780/1936/1809 721/1007/963
s 53
f 1104/1006/962 1133/1937/1808 1134/1938/1807 1103/1003/959
s 101
f 1202/1939/1811 1204/1940/1812 1203/1941/1813 1201/1942/1814
s 102
f 1170/1943/1815 1172/1944/1816 1171/1945/1817 1169/1946/1818
s 103
f 788/1947/1819 792/1948/1820 793/1949/1821 789/1950/1822
s 101
f 1204/1940/1812 1206/1951/1823 1205/1952/1824 1203/1941/1813
s 102
f 1172/1944/1816 1174/1953/1825 1173/1954/1826 1171/1945/1817
s 103
f 792/1948/1820 796/1955/1827 797/1956/1828 793/1949/1821
s 101
f 1206/1951/1823 1208/1957/1829 1207/1958/1830 1205/1952/1824
s 102
f 1174/1953/1825 1176/1959/1831 1175/1960/1832 1173/1954/1826
s 103
f 796/1955/1827 800/1961/1833 801/1962/1834 797/1956/1828
s 101
f 1208/1957/1829 1210/1963/1835 1209/1964/1836 1207/1958/1830
s 102
f 1176/1959/1831 1178/1965/1837 1177/1966/1838 1175/1960/1832
s 103
f 800/1961/1833 804/1967/1839 805/1968/1840 801/1962/1834
s 101
f 1210/1963/1835 1212/1969/1841 1211/1970/1842 1209/1964/1836
s 102
f 1178/1965/1837 1180/1971/1843 1179/1972/1844 1177/1966/1838
s 103
f 804/1967/1839 808/1973/1845 809/1974/1846 805/1968/1840
s 101
f 1212/1975/1841 1214/1976/1847 1213/1977/1848 1211/1978/1842
s 102
f 1180/1979/1843 1182/1980/1849 1181/1981/1850 1179/1982/1844
s 103
f 808/1983/1845 812/1984/1851 813/1985/1852 809/1986/1846
s 101
f 1214/1976/1847 1216/1987/1853 1215/1988/1854 1213/1977/1848
s 102
f 1182/1980/1849 1184/1989/1855 1183/1990/1856 1181/1981/1850
s 103
f 812/1984/1851 816/1991/1857 817/1992/1858 813/1985/1852
s off
f 1216/1993/1859 1218/1994/1860 1217/1995/1861 1215/1996/1862
f 1184/1997/1863 1186/1998/1864 1185/1999/1865 1183/2000/1866
f 816/2001/1867 820/2002/1868 821/2003/1869 817/2004/1870
s 104
f 1218/2005/1871 1220/2006/1872 1219/2007/1873 1217/2008/1874
s 105
f 1186/2009/1875 1188/2010/1876 1187/2011/1877 1185/2012/1878
s 106
f 820/2013/1879 824/2014/1880 825/2015/1881 821/2016/1882
s 104
f 1220/2006/1872 1222/2017/1883 1221/2018/1884 1219/2007/1873
s 105
f 1188/2010/1876 1190/2019/1885 1189/2020/1886 1187/2011/1877
s 106
f 824/2014/1880 828/2021/1887 829/2022/1888 825/2015/1881
s 104
f 1222/2023/1883 1224/2024/1889 1223/2025/1890 1221/2026/1884
s 105
f 1190/2027/1885 1192/2028/1891 1191/2029/1892 1189/2030/1886
s 106
f 828/2031/1887 832/2032/1893 833/2033/1894 829/2034/1888
s 104
f 1224/2024/1889 1226/2035/1895 1225/2036/1896 1223/2025/1890
s 105
f 1192/2028/1891 1194/2037/1897 1193/2038/1898 1191/2029/1892
s 106
f 832/2032/1893 836/2039/1899 837/2040/1900 833/2033/1894
s 104
f 1226/2035/1895 1228/2041/1901 1227/2042/1902 1225/2036/1896
s 105
f 1194/2037/1897 1196/2043/1903 1195/2044/1904 1193/2038/1898
s 106
f 836/2039/1899 840/2045/1905 841/2046/1906 837/2040/1900
s 104
f 1228/2041/1901 1230/2047/1907 1229/2048/1908 1227/2042/1902
s 105
f 1196/2043/1903 1198/2049/1909 1197/2050/1910 1195/2044/1904
s 106
f 840/2045/1905 844/2051/1911 845/2052/1912 841/2046/1906
s 104
f 1200/2053/1913 1229/2048/1908 1230/2047/1907 1199/2054/1914
s 106
f 784/2055/1915 845/2052/1912 844/2051/1911 785/2056/1916
s 105
f 1168/2057/1917 1197/2050/1910 1198/2049/1909 1167/2058/1918
s 107
f 1266/2059/1919 1268/2060/1920 1267/2061/1921 1265/2062/1922
s 108
f 1234/2063/1923 1236/2064/1924 1235/2065/1925 1233/2066/1926
s 109
f 852/2067/1927 856/2068/1928 857/2069/1929 853/2070/1930
s 107
f 1268/2060/1920 1270/2071/1931 1269/2072/1932 1267/2061/1921
s 108
f 1236/2064/1924 1238/2073/1933 1237/2074/1934 1235/2065/1925
s 109
f 856/2068/1928 860/2075/1935 861/2076/1936 857/2069/1929
s 107
f 1270/2071/1931 1272/2077/1937 1271/2078/1938 1269/2072/1932
s 108
f 1238/2073/1933 1240/2079/1939 1239/2080/1940 1237/2074/1934
s 109
f 860/2075/1935 864/2081/1941 865/2082/1942 861/2076/1936
s 107
f 1272/2077/1937 1274/2083/1943 1273/2084/1944 1271/2078/1938
s 108
f 1240/2079/1939 1242/2085/1945 1241/2086/1946 1239/2080/1940
s 109
f 864/2081/1941 868/2087/1947 869/2088/1948 865/2082/1942
s 107
f 1274/2083/1943 1276/2089/1949 1275/2090/1950 1273/2084/1944
s 108
f 1242/2085/1945 1244/2091/1951 1243/2092/1952 1241/2086/1946
s 109
f 868/2087/1947 872/2093/1953 873/2094/1954 869/2088/1948
s 107
f 1276/2095/1949 1278/2096/1955 1277/2097/1956 1275/2098/1950
s 108
f 1244/2099/1951 1246/2100/1957 1245/2101/1958 1243/2102/1952
s 109
f 872/2103/1953 876/2104/1959 877/2105/1960 873/2106/1954
s 107
f 1278/2096/1955 1280/2107/1961 1279/2108/1962 1277/2097/1956
s 108
f 1246/2100/1957 1248/2109/1963 1247/2110/1964 1245/2101/1958
s 109
f 876/2104/1959 880/2111/1965 881/2112/1966 877/2105/1960
s off
f 1280/2113/1967 1282/2114/1968 1281/2115/1969 1279/2116/1970
f 1248/2117/1971 1250/2118/1972 1249/2119/1973 1247/2120/1974
f 880/2121/1975 884/2122/1976 885/2123/1977 881/2124/1978
s 110
f 1282/2125/1979 1284/2126/1980 1283/2127/1981 1281/2128/1982
s 111
f 1250/2129/1983 1252/2130/1984 1251/2131/1985 1249/2132/1986
s 112
f 884/2133/1987 888/2134/1988 889/2135/1989 885/2136/1990
s 110
f 1284/2126/1980 1286/2137/1991 1285/2138/1992 1283/2127/1981
s 111
f 1252/2130/1984 1254/2139/1993 1253/2140/1994 1251/2131/1985
s 112
f 888/2134/1988 892/2141/1995 893/2142/1996 889/2135/1989
s 110
f 1286/2143/1991 1288/2144/1997 1287/2145/1998 1285/2146/1992
s 111
f 1254/2147/1993 1256/2148/1999 1255/2149/2000 1253/2150/1994
s 112
f 892/2151/1995 896/2152/2001 897/2153/2002 893/2154/1996
s 110
f 1288/2144/1997 1290/2155/2003 1289/2156/2004 1287/2145/1998
s 111
f 1256/2148/1999 1258/2157/2005 1257/2158/2006 1255/2149/2000
s 112
f 896/2152/2001 900/2159/2007 901/2160/2008 897/2153/2002
s 110
f 1290/2155/2003 1292/2161/2009 1291/2162/2010 1289/2156/2004
s 111
f 1258/2157/2005 1260/2163/2011 1259/2164/2012 1257/2158/2006
s 112
f 900/2159/2007 904/2165/2013 905/2166/2014 901/2160/2008
s 110
f 1292/2161/2009 1294/2167/2015 1293/2168/2016 1291/2162/2010
s 111
f 1260/2163/2011 1262/2169/2017 1261/2170/2018 1259/2164/2012
s 112
f 904/2165/2013 908/2171/2019 909/2172/2020 905/2166/2014
s 110
f 1264/2173/2021 1293/2168/2016 1294/2167/2015 1263/2174/2022
s 112
f 848/2175/2023 909/2172/2020 908/2171/2019 849/2176/2024
s 111
f 1232/2177/2025 1261/2170/2018 1262/2169/2017 1231/2178/2026
s 113
f 1330/2179/2027 1332/2180/2028 1331/2181/2029 1329/2182/2030
s 114
f 1298/2183/2031 1300/2184/2032 1299/2185/2033 1297/2186/2034
s 115
f 916/2187/2035 920/2188/2036 921/2189/2037 917/2190/2038
s 113
f 1332/2180/2028 1334/2191/2039 1333/2192/2040 1331/2181/2029
s 114
f 1300/2184/2032 1302/2193/2041 1301/2194/2042 1299/2185/2033
s 115
f 920/2188/2036 924/2195/2043 925/2196/2044 921/2189/2037
s 113
f 1334/2191/2039 1336/2197/2045 1335/2198/2046 1333/2192/2040
s 114
f 1302/2193/2041 1304/2199/2047 1303/2200/2048 1301/2194/2042
s 115
f 924/2195/2043 928/2201/2049 929/2202/2050 925/2196/2044
s 113
f 1336/2197/2045 1338/2203/2051 1337/2204/2052 1335/2198/2046
s 114
f 1304/2199/2047 1306/2205/2053 1305/2206/2054 1303/2200/2048
s 115
f 928/2201/2049 932/2207/2055 933/2208/2056 929/2202/2050
s 113
f 1338/2203/2051 1340/2209/2057 1339/2210/2058 1337/2204/2052
s 114
f 1306/2205/2053 1308/2211/2059 1307/2212/2060 1305/2206/2054
s 115
f 932/2207/2055 936/2213/2061 937/2214/2062 933/2208/2056
s 113
f 1340/2215/2057 1342/2216/2063 1341/2217/2064 1339/2218/2058
s 114
f 1308/2219/2059 1310/2220/2065 1309/2221/2066 1307/2222/2060
s 115
f 936/2223/2061 940/2224/2067 941/2225/2068 937/2226/2062
s 113
f 1342/2216/2063 1344/2227/2069 1343/2228/2070 1341/2217/2064
s 114
f 1310/2220/2065 1312/2229/2071 1311/2230/2072 1309/2221/2066
s 115
f 940/2224/2067 944/2231/2073 945/2232/2074 941/2225/2068
s off
f 1344/2233/2075 1346/2234/2076 1345/2235/2077 1343/2236/2078
f 1312/2237/2079 1314/2238/2080 1313/2239/2081 1311/2240/2082
f 944/2241/2083 948/2242/2084 949/2243/2085 945/2244/2086
s 116
f 1346/2245/2087 1348/2246/2088 1347/2247/2089 1345/2248/2090
s 117
f 1314/2249/2091 1316/2250/2092 1315/2251/2093 1313/2252/2094
s 118
f 948/2253/2095 952/2254/2096 953/2255/2097 949/2256/2098
s 116
f 1348/2246/2088 1350/2257/2099 1349/2258/2100 1347/2247/2089
s 117
f 1316/2250/2092 1318/2259/2101 1317/2260/2102 1315/2251/2093
s 118
f 952/2254/2096 956/2261/2103 957/2262/2104 953/2255/2097
s 116
f 1350/2263/2099 1352/2264/2105 1351/2265/2106 1349/2266/2100
s 117
f 1318/2267/2101 1320/2268/2107 1319/2269/2108 1317/2270/2102
s 118
f 956/2271/2103 960/2272/2109 961/2273/2110 957/2274/2104
s 116
f 1352/2264/2105 1354/2275/2111 1353/2276/2112 1351/2265/2106
s 117
f 1320/2268/2107 1322/2277/2113 1321/2278/2114 1319/2269/2108
s 118
f 960/2272/2109 964/2279/2115 965/2280/2116 961/2273/2110
s 116
f 1354/2275/2111 1356/2281/2117 1355/2282/2118 1353/2276/2112
s 117
f 1322/2277/2113 1324/2283/2119 1323/2284/2120 1321/2278/2114
s 118
f 964/2279/2115 968/2285/2121 969/2286/2122 965/2280/2116
s 116
f 1356/2281/2117 1358/2287/2123 1357/2288/2124 1355/2282/2118
s 117
f 1324/2283/2119 1326/2289/2125 1325/2290/2126 1323/2284/2120
s 118
f 968/2285/2121 972/2291/2127 973/2292/2128 969/2286/2122
s 116
f 1328/2293/2129 1357/2288/2124 1358/2287/2123 1327/2294/2130
s 118
f 912/2295/2131 973/2292/2128 972/2291/2127 913/2296/2132
s 117
f 1296/2297/2133 1325/2290/2126 1326/2289/2125 1295/2298/2134
s 119
f 593/2299/2135 976/2300/2136 977/2301/2137 596/2302/2138
s 120
f 595/2303/2139 978/2304/2140 975/2305/2141 594/2306/2142
s 119
f 596/2302/2138 977/2301/2137 979/2307/2143 600/2308/2144
s 120
f 599/2309/2145 980/2310/2146 978/2304/2140 595/2303/2139
s 119
f 600/2308/2144 979/2307/2143 981/2311/2147 604/2312/2148
s 120
f 603/2313/2149 982/2314/2150 980/2310/2146 599/2309/2145
s 119
f 604/2312/2148 981/2311/2147 983/2315/2151 608/2316/2152
s 120
f 607/2317/2153 984/2318/2154 982/2314/2150 603/2313/2149
s 119
f 608/2316/2152 983/2315/2151 985/2319/2155 612/2320/2156
s 120
f 611/2321/2157 986/2322/2158 984/2318/2154 607/2317/2153
s 119
f 612/2320/2156 985/2319/2155 987/2323/2159 616/2324/2160
s 120
f 615/2325/2161 988/2326/2162 986/2322/2158 611/2321/2157
s 119
f 616/2324/2160 987/2323/2159 989/2327/2163 620/2328/2164
s 120
f 619/2329/2165 990/2330/2166 988/2326/2162 615/2325/2161
s 119
f 620/2328/2164 989/2327/2163 991/2331/2167 624/2332/2168
s 120
f 623/2333/2169 992/2334/2170 990/2330/2166 619/2329/2165
s 119
f 624/2332/2168 991/2331/2167 993/2335/2171 628/2336/2172
s 120
f 627/2337/2173 994/2338/2174 992/2334/2170 623/2333/2169
s 119
f 628/2336/2172 993/2335/2171 995/2339/2175 632/2340/2176
s 120
f 631/2341/2177 996/2342/2178 994/2338/2174 627/2337/2173
s 119
f 632/2340/2176 995/2339/2175 997/2343/2179 636/2344/2180
s 120
f 635/2345/2181 998/2346/2182 996/2342/2178 631/2341/2177
s 119
f 636/2344/2180 997/2343/2179 999/2347/2183 640/2348/2184
s 120
f 639/2349/2185 1000/2350/2186 998/2346/2182 635/2345/2181
s 119
f 640/2348/2184 999/2347/2183 1001/2351/2187 644/2352/2188
s 120
f 643/2353/2189 1002/2354/2190 1000/2350/2186 639/2349/2185
s 119
f 644/2352/2188 1001/2351/2187 1003/2355/2191 648/2356/2192
s 120
f 647/2357/2193 1004/2358/2194 1002/2354/2190 643/2353/2189
s 119
f 648/2356/2192 1003/2355/2191 1005/2359/2195 652/2360/2196
s 120
f 651/2361/2197 1006/2362/2198 1004/2358/2194 647/2357/2193
f 594/2306/2142 975/2305/2141 1006/2362/2198 651/2361/2197
s 119
f 652/2360/2196 1005/2359/2195 976/2300/2136 593/2299/2135
s 121
f 591/2363/2199 1008/2364/2200 1009/2365/2201 598/2366/2202
s 122
f 597/2367/2203 1010/2368/2204 1007/2369/2205 592/2370/2206
s 121
f 598/2366/2202 1009/2365/2201 1011/2371/2207 602/2372/2208
s 122
f 601/2373/2209 1012/2374/2210 1010/2368/2204 597/2367/2203
s 121
f 602/2372/2208 1011/2371/2207 1013/2375/2211 606/2376/2212
s 122
f 605/2377/2213 1014/2378/2214 1012/2374/2210 601/2373/2209
s 121
f 606/2376/2212 1013/2375/2211 1015/2379/2215 610/2380/2216
s 122
f 609/2381/2217 1016/2382/2218 1014/2378/2214 605/2377/2213
s 121
f 610/2380/2216 1015/2379/2215 1017/2383/2219 614/2384/2220
s 122
f 613/2385/2221 1018/2386/2222 1016/2382/2218 609/2381/2217
s 121
f 614/2384/2220 1017/2383/2219 1019/2387/2223 618/2388/2224
s 122
f 617/2389/2225 1020/2390/2226 1018/2386/2222 613/2385/2221
s 121
f 618/2388/2224 1019/2387/2223 1021/2391/2227 622/2392/2228
s 122
f 621/2393/2229 1022/2394/2230 1020/2390/2226 617/2389/2225
s 121
f 622/2392/2228 1021/2391/2227 1023/2395/2231 626/2396/2232
s 122
f 625/2397/2233 1024/2398/2234 1022/2394/2230 621/2393/2229
s 121
f 626/2396/2232 1023/2395/2231 1025/2399/2235 630/2400/2236
s 122
f 629/2401/2237 1026/2402/2238 1024/2398/2234 625/2397/2233
s 121
f 630/2400/2236 1025/2399/2235 1027/2403/2239 634/2404/2240
s 122
f 633/2405/2241 1028/2406/2242 1026/2402/2238 629/2401/2237
s 121
f 634/2404/2240 1027/2403/2239 1029/2407/2243 638/2408/2244
s 122
f 637/2409/2245 1030/2410/2246 1028/2406/2242 633/2405/2241
s 121
f 638/2408/2244 1029/2407/2243 1031/2411/2247 642/2412/2248
s 122
f 641/2413/2249 1032/2414/2250 1030/2410/2246 637/2409/2245
s 121
f 642/2412/2248 1031/2411/2247 1033/2415/2251 646/2416/2252
s 122
f 645/2417/2253 1034/2418/2254 1032/2414/2250 641/2413/2249
s 121
f 646/2416/2252 1033/2415/2251 1035/2419/2255 650/2420/2256
s 122
f 649/2421/2257 1036/2422/2258 1034/2418/2254 645/2417/2253
s 121
f 650/2420/2256 1035/2419/2255 1037/2423/2259 654/2424/2260
s 122
f 653/2425/2261 1038/2426/2262 1036/2422/2258 649/2421/2257
f 592/2370/2206 1007/2369/2205 1038/2426/2262 653/2425/2261
s 121
f 654/2424/2260 1037/2423/2259 1008/2364/2200 591/2363/2199
s 123
f 657/2427/2263 1040/2428/2264 1041/2429/2265 660/2430/2266
s 124
f 659/2431/2267 1042/2432/2268 1039/2433/2269 658/2434/2270
s 123
f 660/2430/2266 1041/2429/2265 1043/2435/2271 664/2436/2272
s 124
f 663/2437/2273 1044/2438/2274 1042/2432/2268 659/2431/2267
s 123
f 664/2436/2272 1043/2435/2271 1045/2439/2275 668/2440/2276
s 124
f 667/2441/2277 1046/2442/2278 1044/2438/2274 663/2437/2273
s 123
f 668/2440/2276 1045/2439/2275 1047/2443/2279 672/2444/2280
s 124
f 671/2445/2281 1048/2446/2282 1046/2442/2278 667/2441/2277
s 123
f 672/2444/2280 1047/2443/2279 1049/2447/2283 676/2448/2284
s 124
f 675/2449/2285 1050/2450/2286 1048/2446/2282 671/2445/2281
s 123
f 676/2448/2284 1049/2447/2283 1051/2451/2287 680/2452/2288
s 124
f 679/2453/2289 1052/2454/2290 1050/2450/2286 675/2449/2285
s 123
f 680/2452/2288 1051/2451/2287 1053/2455/2291 684/2456/2292
s 124
f 683/2457/2293 1054/2458/2294 1052/2454/2290 679/2453/2289
s 123
f 684/2456/2292 1053/2455/2291 1055/2459/2295 688/2460/2296
s 124
f 687/2461/2297 1056/2462/2298 1054/2458/2294 683/2457/2293
s 123
f 688/2460/2296 1055/2459/2295 1057/2463/2299 692/2464/2300
s 124
f 691/2465/2301 1058/2466/2302 1056/2462/2298 687/2461/2297
s 123
f 692/2464/2300 1057/2463/2299 1059/2467/2303 696/2468/2304
s 124
f 695/2469/2305 1060/2470/2306 1058/2466/2302 691/2465/2301
s 123
f 696/2468/2304 1059/2467/2303 1061/2471/2307 700/2472/2308
s 124
f 699/2473/2309 1062/2474/2310 1060/2470/2306 695/2469/2305
s 123
f 700/2472/2308 1061/2471/2307 1063/2475/2311 704/2476/2312
s 124
f 703/2477/2313 1064/2478/2314 1062/2474/2310 699/2473/2309
s 123
f 704/2476/2312 1063/2475/2311 1065/2479/2315 708/2480/2316
s 124
f 707/2481/2317 1066/2482/2318 1064/2478/2314 703/2477/2313
s 123
f 708/2480/2316 1065/2479/2315 1067/2483/2319 712/2484/2320
s 124
f 711/2485/2321 1068/2486/2322 1066/2482/2318 707/2481/2317
s 123
f 712/2484/2320 1067/2483/2319 1069/2487/2323 716/2488/2324
s 124
f 715/2489/2325 1070/2490/2326 1068/2486/2322 711/2485/2321
f 658/2434/2270 1039/2433/2269 1070/2490/2326 715/2489/2325
s 123
f 716/2488/2324 1069/2487/2323 1040/2428/2264 657/2427/2263
s 125
f 655/2491/2327 1072/2492/2328 1073/2493/2329 662/2494/2330
s 126
f 661/2495/2331 1074/2496/2332 1071/2497/2333 656/2498/2334
s 125
f 662/2494/2330 1073/2493/2329 1075/2499/2335 666/2500/2336
s 126
f 665/2501/2337 1076/2502/2338 1074/2496/2332 661/2495/2331
s 125
f 666/2500/2336 1075/2499/2335 1077/2503/2339 670/2504/2340
s 126
f 669/2505/2341 1078/2506/2342 1076/2502/2338 665/2501/2337
s 125
f 670/2504/2340 1077/2503/2339 1079/2507/2343 674/2508/2344
s 126
f 673/2509/2345 1080/2510/2346 1078/2506/2342 669/2505/2341
s 125
f 674/2508/2344 1079/2507/2343 1081/2511/2347 678/2512/2348
s 126
f 677/2513/2349 1082/2514/2350 1080/2510/2346 673/2509/2345
s 125
f 678/2512/2348 1081/2511/2347 1083/2515/2351 682/2516/2352
s 126
f 681/2517/2353 1084/2518/2354 1082/2514/2350 677/2513/2349
s 125
f 682/2516/2352 1083/2515/2351 1085/2519/2355 686/2520/2356
s 126
f 685/2521/2357 1086/2522/2358 1084/2518/2354 681/2517/2353
s 125
f 686/2520/2356 1085/2519/2355 1087/2523/2359 690/2524/2360
s 126
f 689/2525/2361 1088/2526/2362 1086/2522/2358 685/2521/2357
s 125
f 690/2524/2360 1087/2523/2359 1089/2527/2363 694/2528/2364
s 126
f 693/2529/2365 1090/2530/2366 1088/2526/2362 689/2525/2361
s 125
f 694/2528/2364 1089/2527/2363 1091/2531/2367 698/2532/2368
s 126
f 697/2533/2369 1092/2534/2370 1090/2530/2366 693/2529/2365
s 125
f 698/2532/2368 1091/2531/2367 1093/2535/2371 702/2536/2372
s 126
f 701/2537/2373 1094/2538/2374 1092/2534/2370 697/2533/2369
s 125
f 702/2536/2372 1093/2535/2371 1095/2539/2375 706/2540/2376
s 126
f 705/2541/2377 1096/2542/2378 1094/2538/2374 701/2537/2373
s 125
f 706/2540/2376 1095/2539/2375 1097/2543/2379 710/2544/2380
s 126
f 709/2545/2381 1098/2546/2382 1096/2542/2378 705/2541/2377
s 125
f 710/2544/2380 1097/2543/2379 1099/2547/2383 714/2548/2384
s 126
f 713/2549/2385 1100/2550/2386 1098/2546/2382 709/2545/2381
s 125
f 714/2548/2384 1099/2547/2383 1101/2551/2387 718/2552/2388
s 126
f 717/2553/2389 1102/2554/2390 1100/2550/2386 713/2549/2385
f 656/2498/2334 1071/2497/2333 1102/2554/2390 717/2553/2389
s 125
f 718/2552/2388 1101/2551/2387 1072/2492/2328 655/2491/2327
s 127
f 721/2555/2391 1104/2556/2392 1105/2557/2393 724/2558/2394
s 128
f 723/2559/2395 1106/2560/2396 1103/2561/2397 722/2562/2398
s 127
f 724/2558/2394 1105/2557/2393 1107/2563/2399 728/2564/2400
s 128
f 727/2565/2401 1108/2566/2402 1106/2560/2396 723/2559/2395
s 127
f 728/2564/2400 1107/2563/2399 1109/2567/2403 732/2568/2404
s 128
f 731/2569/2405 1110/2570/2406 1108/2566/2402 727/2565/2401
s 127
f 732/2568/2404 1109/2567/2403 1111/2571/2407 736/2572/2408
s 128
f 735/2573/2409 1112/2574/2410 1110/2570/2406 731/2569/2405
s 127
f 736/2572/2408 1111/2571/2407 1113/2575/2411 740/2576/2412
s 128
f 739/2577/2413 1114/2578/2414 1112/2574/2410 735/2573/2409
s 127
f 740/2576/2412 1113/2575/2411 1115/2579/2415 744/2580/2416
s 128
f 743/2581/2417 1116/2582/2418 1114/2578/2414 739/2577/2413
s 127
f 744/2580/2416 1115/2579/2415 1117/2583/2419 748/2584/2420
s 128
f 747/2585/2421 1118/2586/2422 1116/2582/2418 743/2581/2417
s 127
f 748/2584/2420 1117/2583/2419 1119/2587/2423 752/2588/2424
s 128
f 751/2589/2425 1120/2590/2426 1118/2586/2422 747/2585/2421
s 127
f 752/2588/2424 1119/2587/2423 1121/2591/2427 756/2592/2428
s 128
f 755/2593/2429 1122/2594/2430 1120/2590/2426 751/2589/2425
s 127
f 756/2592/2428 1121/2591/2427 1123/2595/2431 760/2596/2432
s 128
f 759/2597/2433 1124/2598/2434 1122/2594/2430 755/2593/2429
s 127
f 760/2596/2432 1123/2595/2431 1125/2599/2435 764/2600/2436
s 128
f 763/2601/2437 1126/2602/2438 1124/2598/2434 759/2597/2433
s 127
f 764/2600/2436 1125/2599/2435 1127/2603/2439 768/2604/2440
s 128
f 767/2605/2441 1128/2606/2442 1126/2602/2438 763/2601/2437
s 127
f 768/2604/2440 1127/2603/2439 1129/2607/2443 772/2608/2444
s 128
f 771/2609/2445 1130/2610/2446 1128/2606/2442 767/2605/2441
s 127
f 772/2608/2444 1129/2607/2443 1131/2611/2447 776/2612/2448
s 128
f 775/2613/2449 1132/2614/2450 1130/2610/2446 771/2609/2445
s 127
f 776/2612/2448 1131/2611/2447 1133/2615/2451 780/2616/2452
s 128
f 779/2617/2453 1134/2618/2454 1132/2614/2450 775/2613/2449
f 722/2562/2398 1103/2561/2397 1134/2618/2454 779/2617/2453
s 127
f 780/2616/2452 1133/2615/2451 1104/2556/2392 721/2555/2391
s 129
f 719/2619/2455 1136/2620/2456 1137/2621/2457 726/2622/2458
s 130
f 725/2623/2459 1138/2624/2460 1135/2625/2461 720/2626/2462
s 129
f 726/2622/2458 1137/2621/2457 1139/2627/2463 730/2628/2464
s 130
f 729/2629/2465 1140/2630/2466 1138/2624/2460 725/2623/2459
s 129
f 730/2628/2464 1139/2627/2463 1141/2631/2467 734/2632/2468
s 130
f 733/2633/2469 1142/2634/2470 1140/2630/2466 729/2629/2465
s 129
f 734/2632/2468 1141/2631/2467 1143/2635/2471 738/2636/2472
s 130
f 737/2637/2473 1144/2638/2474 1142/2634/2470 733/2633/2469
s 129
f 738/2636/2472 1143/2635/2471 1145/2639/2475 742/2640/2476
s 130
f 741/2641/2477 1146/2642/2478 1144/2638/2474 737/2637/2473
s 129
f 742/2640/2476 1145/2639/2475 1147/2643/2479 746/2644/2480
s 130
f 745/2645/2481 1148/2646/2482 1146/2642/2478 741/2641/2477
s 129
f 746/2644/2480 1147/2643/2479 1149/2647/2483 750/2648/2484
s 130
f 749/2649/2485 1150/2650/2486 1148/2646/2482 745/2645/2481
s 129
f 750/2648/2484 1149/2647/2483 1151/2651/2487 754/2652/2488
s 130
f 753/2653/2489 1152/2654/2490 1150/2650/2486 749/2649/2485
s 129
f 754/2652/2488 1151/2651/2487 1153/2655/2491 758/2656/2492
s 130
f 757/2657/2493 1154/2658/2494 1152/2654/2490 753/2653/2489
s 129
f 758/2656/2492 1153/2655/2491 1155/2659/2495 762/2660/2496
s 130
f 761/2661/2497 1156/2662/2498 1154/2658/2494 757/2657/2493
s 129
f 762/2660/2496 1155/2659/2495 1157/2663/2499 766/2664/2500
s 130
f 765/2665/2501 1158/2666/2502 1156/2662/2498 761/2661/2497
s 129
f 766/2664/2500 1157/2663/2499 1159/2667/2503 770/2668/2504
s 130
f 769/2669/2505 1160/2670/2506 1158/2666/2502 765/2665/2501
s 129
f 770/2668/2504 1159/2667/2503 1161/2671/2507 774/2672/2508
s 130
f 773/2673/2509 1162/2674/2510 1160/2670/2506 769/2669/2505
s 129
f 774/2672/2508 1161/2671/2507 1163/2675/2511 778/2676/2512
s 130
f 777/2677/2513 1164/2678/2514 1162/2674/2510 773/2673/2509
s 129
f 778/2676/2512 1163/2675/2511 1165/2679/2515 782/2680/2516
s 130
f 781/2681/2517 1166/2682/2518 1164/2678/2514 777/2677/2513
f 720/2626/2462 1135/2625/2461 1166/2682/2518 781/2681/2517
s 129
f 782/2680/2516 1165/2679/2515 1136/2620/2456 719/2619/2455
s 131
f 785/2683/2519 1168/2684/2520 1169/2685/2521 788/2686/2522
s 132
f 787/2687/2523 1170/2688/2524 1167/2689/2525 786/2690/2526
s 131
f 788/2686/2522 1169/2685/2521 1171/2691/2527 792/2692/2528
s 132
f 791/2693/2529 1172/2694/2530 1170/2688/2524 787/2687/2523
s 131
f 792/2692/2528 1171/2691/2527 1173/2695/2531 796/2696/2532
s 132
f 795/2697/2533 1174/2698/2534 1172/2694/2530 791/2693/2529
s 131
f 796/2696/2532 1173/2695/2531 1175/2699/2535 800/2700/2536
s 132
f 799/2701/2537 1176/2702/2538 1174/2698/2534 795/2697/2533
s 131
f 800/2700/2536 1175/2699/2535 1177/2703/2539 804/2704/2540
s 132
f 803/2705/2541 1178/2706/2542 1176/2702/2538 799/2701/2537
s 131
f 804/2704/2540 1177/2703/2539 1179/2707/2543 808/2708/2544
s 132
f 807/2709/2545 1180/2710/2546 1178/2706/2542 803/2705/2541
s 131
f 808/2708/2544 1179/2707/2543 1181/2711/2547 812/2712/2548
s 132
f 811/2713/2549 1182/2714/2550 1180/2710/2546 807/2709/2545
s 131
f 812/2712/2548 1181/2711/2547 1183/2715/2551 816/2716/2552
s 132
f 815/2717/2553 1184/2718/2554 1182/2714/2550 811/2713/2549
s 131
f 816/2716/2552 1183/2715/2551 1185/2719/2555 820/2720/2556
s 132
f 819/2721/2557 1186/2722/2558 1184/2718/2554 815/2717/2553
s 131
f 820/2720/2556 1185/2719/2555 1187/2723/2559 824/2724/2560
s 132
f 823/2725/2561 1188/2726/2562 1186/2722/2558 819/2721/2557
s 131
f 824/2724/2560 1187/2723/2559 1189/2727/2563 828/2728/2564
s 132
f 827/2729/2565 1190/2730/2566 1188/2726/2562 823/2725/2561
s 131
f 828/2728/2564 1189/2727/2563 1191/2731/2567 832/2732/2568
s 132
f 831/2733/2569 1192/2734/2570 1190/2730/2566 827/2729/2565
s 131
f 832/2732/2568 1191/2731/2567 1193/2735/2571 836/2736/2572
s 132
f 835/2737/2573 1194/2738/2574 1192/2734/2570 831/2733/2569
s 131
f 836/2736/2572 1193/2735/2571 1195/2739/2575 840/2740/2576
s 132
f 839/2741/2577 1196/2742/2578 1194/2738/2574 835/2737/2573
s 131
f 840/2740/2576 1195/2739/2575 1197/2743/2579 844/2744/2580
s 132
f 843/2745/2581 1198/2746/2582 1196/2742/2578 839/2741/2577
f 786/2690/2526 1167/2689/2525 1198/2746/2582 843/2745/2581
s 131
f 844/2744/2580 1197/2743/2579 1168/2684/2520 785/2683/2519
s 133
f 783/2747/2583 1200/2748/2584 1201/2749/2585 790/2750/2586
s 134
f 789/2751/2587 1202/2752/2588 1199/2753/2589 784/2754/2590
s 133
f 790/2750/2586 1201/2749/2585 1203/2755/2591 794/2756/2592
s 134
f 793/2757/2593 1204/2758/2594 1202/2752/2588 789/2751/2587
s 133
f 794/2756/2592 1203/2755/2591 1205/2759/2595 798/2760/2596
s 134
f 797/2761/2597 1206/2762/2598 1204/2758/2594 793/2757/2593
s 133
f 798/2760/2596 1205/2759/2595 1207/2763/2599 802/2764/2600
s 134
f 801/2765/2601 1208/2766/2602 1206/2762/2598 797/2761/2597
s 133
f 802/2764/2600 1207/2763/2599 1209/2767/2603 806/2768/2604
s 134
f 805/2769/2605 1210/2770/2606 1208/2766/2602 801/2765/2601
s 133
f 806/2768/2604 1209/2767/2603 1211/2771/2607 810/2772/2608
s 134
f 809/2773/2609 1212/2774/2610 1210/2770/2606 805/2769/2605
s 133
f 810/2772/2608 1211/2771/2607 1213/2775/2611 814/2776/2612
s 134
f 813/2777/2613 1214/2778/2614 1212/2774/2610 809/2773/2609
s 133
f 814/2776/2612 1213/2775/2611 1215/2779/2615 818/2780/2616
s 134
f 817/2781/2617 1216/2782/2618 1214/2778/2614 813/2777/2613
s 133
f 818/2780/2616 1215/2779/2615 1217/2783/2619 822/2784/2620
s 134
f 821/2785/2621 1218/2786/2622 1216/2782/2618 817/2781/2617
s 133
f 822/2784/2620 1217/2783/2619 1219/2787/2623 826/2788/2624
s 134
f 825/2789/2625 1220/2790/2626 1218/2786/2622 821/2785/2621
s 133
f 826/2788/2624 1219/2787/2623 1221/2791/2627 830/2792/2628
s 134
f 829/2793/2629 1222/2794/2630 1220/2790/2626 825/2789/2625
s 133
f 830/2792/2628 1221/2791/2627 1223/2795/2631 834/2796/2632
s 134
f 833/2797/2633 1224/2798/2634 1222/2794/2630 829/2793/2629
s 133
f 834/2796/2632 1223/2795/2631 1225/2799/2635 838/2800/2636
s 134
f 837/2801/2637 1226/2802/2638 1224/2798/2634 833/2797/2633
s 133
f 838/2800/2636 1225/2799/2635 1227/2803/2639 842/2804/2640
s 134
f 841/2805/2641 1228/2806/2642 1226/2802/2638 837/2801/2637
s 133
f 842/2804/2640 1227/2803/2639 1229/2807/2643 846/2808/2644
s 134
f 845/2809/2645 1230/2810/2646 1228/2806/2642 841/2805/2641
f 784/2754/2590 1199/2753/2589 1230/2810/2646 845/2809/2645
s 133
f 846/2808/2644 1229/2807/2643 1200/2748/2584 783/2747/2583
s 135
f 849/2811/2647 1232/2812/2648 1233/2813/2649 852/2814/2650
s 136
f 851/2815/2651 1234/2816/2652 1231/2817/2653 850/2818/2654
s 135
f 852/2814/2650 1233/2813/2649 1235/2819/2655 856/2820/2656
s 136
f 855/2821/2657 1236/2822/2658 1234/2816/2652 851/2815/2651
s 135
f 856/2820/2656 1235/2819/2655 1237/2823/2659 860/2824/2660
s 136
f 859/2825/2661 1238/2826/2662 1236/2822/2658 855/2821/2657
s 135
f 860/2824/2660 1237/2823/2659 1239/2827/2663 864/2828/2664
s 136
f 863/2829/2665 1240/2830/2666 1238/2826/2662 859/2825/2661
s 135
f 864/2828/2664 1239/2827/2663 1241/2831/2667 868/2832/2668
s 136
f 867/2833/2669 1242/2834/2670 1240/2830/2666 863/2829/2665
s 135
f 868/2832/2668 1241/2831/2667 1243/2835/2671 872/2836/2672
s 136
f 871/2837/2673 1244/2838/2674 1242/2834/2670 867/2833/2669
s 135
f 872/2836/2672 1243/2835/2671 1245/2839/2675 876/2840/2676
s 136
f 875/2841/2677 1246/2842/2678 1244/2838/2674 871/2837/2673
s 135
f 876/2840/2676 1245/2839/2675 1247/2843/2679 880/2844/2680
s 136
f 879/2845/2681 1248/2846/2682 1246/2842/2678 875/2841/2677
s 135
f 880/2844/2680 1247/2843/2679 1249/2847/2683 884/2848/2684
s 136
f 883/2849/2685 1250/2850/2686 1248/2846/2682 879/2845/2681
s 135
f 884/2848/2684 1249/2847/2683 1251/2851/2687 888/2852/2688
s 136
f 887/2853/2689 1252/2854/2690 1250/2850/2686 883/2849/2685
s 135
f 888/2852/2688 1251/2851/2687 1253/2855/2691 892/2856/2692
s 136
f 891/2857/2693 1254/2858/2694 1252/2854/2690 887/2853/2689
s 135
f 892/2856/2692 1253/2855/2691 1255/2859/2695 896/2860/2696
s 136
f 895/2861/2697 1256/2862/2698 1254/2858/2694 891/2857/2693
s 135
f 896/2860/2696 1255/2859/2695 1257/2863/2699 900/2864/2700
s 136
f 899/2865/2701 1258/2866/2702 1256/2862/2698 895/2861/2697
s 135
f 900/2864/2700 1257/2863/2699 1259/2867/2703 904/2868/2704
s 136
f 903/2869/2705 1260/2870/2706 1258/2866/2702 899/2865/2701
s 135
f 904/2868/2704 1259/2867/2703 1261/2871/2707 908/2872/2708
s 136
f 907/2873/2709 1262/2874/2710 1260/2870/2706 903/2869/2705
f 850/2818/2654 1231/2817/2653 1262/2874/2710 907/2873/2709
s 135
f 908/2872/2708 1261/2871/2707 1232/2812/2648 849/2811/2647
s 137
f 847/2875/2711 1264/2876/2712 1265/2877/2713 854/2878/2714
s 138
f 853/2879/2715 1266/2880/2716 1263/2881/2717 848/2882/2718
s 137
f 854/2878/2714 1265/2877/2713 1267/2883/2719 858/2884/2720
s 138
f 857/2885/2721 1268/2886/2722 1266/2880/2716 853/2879/2715
s 137
f 858/2884/2720 1267/2883/2719 1269/2887/2723 862/2888/2724
s 138
f 861/2889/2725 1270/2890/2726 1268/2886/2722 857/2885/2721
s 137
f 862/2888/2724 1269/2887/2723 1271/2891/2727 866/2892/2728
s 138
f 865/2893/2729 1272/2894/2730 1270/2890/2726 861/2889/2725
s 137
f 866/2892/2728 1271/2891/2727 1273/2895/2731 870/2896/2732
s 138
f 869/2897/2733 1274/2898/2734 1272/2894/2730 865/2893/2729
s 137
f 870/2896/2732 1273/2895/2731 1275/2899/2735 874/2900/2736
s 138
f 873/2901/2737 1276/2902/2738 1274/2898/2734 869/2897/2733
s 137
f 874/2900/2736 1275/2899/2735 1277/2903/2739 878/2904/2740
s 138
f 877/2905/2741 1278/2906/2742 1276/2902/2738 873/2901/2737
s 137
f 878/2904/2740 1277/2903/2739 1279/2907/2743 882/2908/2744
s 138
f 881/2909/2745 1280/2910/2746 1278/2906/2742 877/2905/2741
s 137
f 882/2908/2744 1279/2907/2743 1281/2911/2747 886/2912/2748
s 138
f 885/2913/2749 1282/2914/2750 1280/2910/2746 881/2909/2745
s 137
f 886/2912/2748 1281/2911/2747 1283/2915/2751 890/2916/2752
s 138
f 889/2917/2753 1284/2918/2754 1282/2914/2750 885/2913/2749
s 137
f 890/2916/2752 1283/2915/2751 1285/2919/2755 894/2920/2756
s 138
f 893/2921/2757 1286/2922/2758 1284/2918/2754 889/2917/2753
s 137
f 894/2920/2756 1285/2919/2755 1287/2923/2759 898/2924/2760
s 138
f 897/2925/2761 1288/2926/2762 1286/2922/2758 893/2921/2757
s 137
f 898/2924/2760 1287/2923/2759 1289/2927/2763 902/2928/2764
s 138
f 901/2929/2765 1290/2930/2766 1288/2926/2762 897/2925/2761
s 137
f 902/2928/2764 1289/2927/2763 1291/2931/2767 906/2932/2768
s 138
f 905/2933/2769 1292/2934/2770 1290/2930/2766 901/2929/2765
s 137
f 906/2932/2768 1291/2931/2767 1293/2935/2771 910/2936/2772
s 138
f 909/2937/2773 1294/2938/2774 1292/2934/2770 905/2933/2769
f 848/2882/2718 1263/2881/2717 1294/2938/2774 909/2937/2773
s 137
f 910/2936/2772 1293/2935/2771 1264/2876/2712 847/2875/2711
s 139
f 913/2939/2775 1296/2940/2776 1297/2941/2777 916/2942/2778
s 140
f 915/2943/2779 1298/2944/2780 1295/2945/2781 914/2946/2782
s 139
f 916/2942/2778 1297/2941/2777 1299/2947/2783 920/2948/2784
s 140
f 919/2949/2785 1300/2950/2786 1298/2944/2780 915/2943/2779
s 139
f 920/2948/2784 1299/2947/2783 1301/2951/2787 924/2952/2788
s 140
f 923/2953/2789 1302/2954/2790 1300/2950/2786 919/2949/2785
s 139
f 924/2952/2788 1301/2951/2787 1303/2955/2791 928/2956/2792
s 140
f 927/2957/2793 1304/2958/2794 1302/2954/2790 923/2953/2789
s 139
f 928/2956/2792 1303/2955/2791 1305/2959/2795 932/2960/2796
s 140
f 931/2961/2797 1306/2962/2798 1304/2958/2794 927/2957/2793
s 139
f 932/2960/2796 1305/2959/2795 1307/2963/2799 936/2964/2800
s 140
f 935/2965/2801 1308/2966/2802 1306/2962/2798 931/2961/2797
s 139
f 936/2964/2800 1307/2963/2799 1309/2967/2803 940/2968/2804
s 140
f 939/2969/2805 1310/2970/2806 1308/2966/2802 935/2965/2801
s 139
f 940/2968/2804 1309/2967/2803 1311/2971/2807 944/2972/2808
s 140
f 943/2973/2809 1312/2974/2810 1310/2970/2806 939/2969/2805
s 139
f 944/2972/2808 1311/2971/2807 1313/2975/2811 948/2976/2812
s 140
f 947/2977/2813 1314/2978/2814 1312/2974/2810 943/2973/2809
s 139
f 948/2976/2812 1313/2975/2811 1315/2979/2815 952/2980/2816
s 140
f 951/2981/2817 1316/2982/2818 1314/2978/2814 947/2977/2813
s 139
f 952/2980/2816 1315/2979/2815 1317/2983/2819 956/2984/2820
s 140
f 955/2985/2821 1318/2986/2822 1316/2982/2818 951/2981/2817
s 139
f 956/2984/2820 1317/2983/2819 1319/2987/2823 960/2988/2824
s 140
f 959/2989/2825 1320/2990/2826 1318/2986/2822 955/2985/2821
s 139
f 960/2988/2824 1319/2987/2823 1321/2991/2827 964/2992/2828
s 140
f 963/2993/2829 1322/2994/2830 1320/2990/2826 959/2989/2825
s 139
f 964/2992/2828 1321/2991/2827 1323/2995/2831 968/2996/2832
s 140
f 967/2997/2833 1324/2998/2834 1322/2994/2830 963/2993/2829
s 139
f 968/2996/2832 1323/2995/2831 1325/2999/2835 972/3000/2836
s 140
f 971/3001/2837 1326/3002/2838 1324/2998/2834 967/2997/2833
f 914/2946/2782 1295/2945/2781 1326/3002/2838 971/3001/2837
s 139
f 972/3000/2836 1325/2999/2835 1296/2940/2776 913/2939/2775
s 141
f 911/3003/2839 1328/3004/2840 1329/3005/2841 918/3006/2842
s 142
f 917/3007/2843 1330/3008/2844 1327/3009/2845 912/3010/2846
s 141
f 918/3006/2842 1329/3005/2841 1331/3011/2847 922/3012/2848
s 142
f 921/3013/2849 1332/3014/2850 1330/3008/2844 917/3007/2843
s 141
f 922/3012/2848 1331/3011/2847 1333/3015/2851 926/3016/2852
s 142
f 925/3017/2853 1334/3018/2854 1332/3014/2850 921/3013/2849
s 141
f 926/3016/2852 1333/3015/2851 1335/3019/2855 930/3020/2856
s 142
f 929/3021/2857 1336/3022/2858 1334/3018/2854 925/3017/2853
s 141
f 930/3020/2856 1335/3019/2855 1337/3023/2859 934/3024/2860
s 142
f 933/3025/2861 1338/3026/2862 1336/3022/2858 929/3021/2857
s 141
f 934/3024/2860 1337/3023/2859 1339/3027/2863 938/3028/2864
s 142
f 937/3029/2865 1340/3030/2866 1338/3026/2862 933/3025/2861
s 141
f 938/3028/2864 1339/3027/2863 1341/3031/2867 942/3032/2868
s 142
f 941/3033/2869 1342/3034/2870 1340/3030/2866 937/3029/2865
s 141
f 942/3032/2868 1341/3031/2867 1343/3035/2871 946/3036/2872
s 142
f 945/3037/2873 1344/3038/2874 1342/3034/2870 941/3033/2869
s 141
f 946/3036/2872 1343/3035/2871 1345/3039/2875 950/3040/2876
s 142
f 949/3041/2877 1346/3042/2878 1344/3038/2874 945/3037/2873
s 141
f 950/3040/2876 1345/3039/2875 1347/3043/2879 954/3044/2880
s 142
f 953/3045/2881 1348/3046/2882 1346/3042/2878 949/3041/2877
s 141
f 954/3044/2880 1347/3043/2879 1349/3047/2883 958/3048/2884
s 142
f 957/3049/2885 1350/3050/2886 1348/3046/2882 953/3045/2881
s 141
f 958/3048/2884 1349/3047/2883 1351/3051/2887 962/3052/2888
s 142
f 961/3053/2889 1352/3054/2890 1350/3050/2886 957/3049/2885
s 141
f 962/3052/2888 1351/3051/2887 1353/3055/2891 966/3056/2892
s 142
f 965/3057/2893 1354/3058/2894 1352/3054/2890 961/3053/2889
s 141
f 966/3056/2892 1353/3055/2891 1355/3059/2895 970/3060/2896
s 142
f 969/3061/2897 1356/3062/2898 1354/3058/2894 965/3057/2893
s 141
f 970/3060/2896 1355/3059/2895 1357/3063/2899 974/3064/2900
s 142
f 973/3065/2901 1358/3066/2902 1356/3062/2898 969/3061/2897
f 912/3010/2846 1327/3009/2845 1358/3066/2902 973/3065/2901
s 141
f 974/3064/2900 1357/3063/2899 1328/3004/2840 911/3003/2839
s 7
f 1359/3067/2903 1390/3068/2904 1389/3069/2905 1360/3070/2906
s 5
f 1360/3071/2907 1361/3072/2908 1362/3073/2909 1359/3074/2910
s 143
f 1420/3075/2911 1422/3076/2912 1421/3077/2913 1419/3078/2914
f 1422/3076/2912 1424/3079/2915 1423/3080/2916 1421/3077/2913
f 1424/3079/2915 1426/3081/2917 1425/3082/2918 1423/3080/2916
f 1426/3081/2917 1428/3083/2919 1427/3084/2920 1425/3082/2918
f 1428/3083/2919 1430/3085/2921 1429/3086/2922 1427/3084/2920
f 1430/3085/2921 1432/3087/2923 1431/3088/2924 1429/3086/2922
f 1432/3087/2923 1434/3089/2925 1433/3090/2926 1431/3088/2924
s 8
f 1375/3091/2927 1377/3092/2928 1378/3093/2929 1376/3094/2930
s 7
f 1377/3095/2931 1379/3096/2932 1380/3097/2933 1378/3098/2934
f 1379/3096/2932 1381/3099/2935 1382/3100/2936 1380/3097/2933
f 1381/3099/2935 1383/3101/2937 1384/3102/2938 1382/3100/2936
f 1383/3101/2937 1385/3103/2939 1386/3104/2940 1384/3102/2938
f 1385/3103/2939 1387/3105/2941 1388/3106/2942 1386/3104/2940
f 1387/3105/2941 1389/3069/2905 1390/3068/2904 1388/3106/2942
s 17
f 1391/3107/2943 1418/3108/2944 1417/3109/2945 1392/3110/2946
s 144
f 1436/3111/2947 1438/3112/2948 1437/3113/2949 1435/3114/2950
f 1438/3112/2948 1440/3115/2951 1439/3116/2952 1437/3113/2949
f 1440/3115/2951 1442/3117/2953 1441/3118/2954 1439/3116/2952
s 145
f 1444/3119/2955 1446/3120/2956 1445/3121/2957 1443/3122/2958
f 1446/3120/2956 1448/3123/2959 1447/3124/2960 1445/3121/2957
s 18
f 1403/3125/2961 1405/3126/2962 1406/3127/2963 1404/3128/2964
s 6
f 1405/3129/2965 1407/3130/2966 1408/3131/2967 1406/3132/2968
f 1407/3130/2966 1473/3133/2969 1476/3134/2970 1408/3131/2967
s 10
f 1479/3135/2971 1413/3136/2972 1414/3137/2973 1482/3138/2974
f 1413/3136/2972 1415/3139/2975 1416/3140/2976 1414/3137/2973
f 1415/3139/2975 1417/3141/2977 1418/3142/2978 1416/3140/2976
s 7
f 128/162/150 127/161/149 1360/3070/2906 1389/3069/2905
f 129/190/178 128/162/150 1389/3069/2905 1387/3105/2941
f 130/184/172 129/190/178 1387/3105/2941 1385/3103/2939
f 131/180/168 130/184/172 1385/3103/2939 1383/3101/2937
f 132/176/164 131/180/168 1383/3101/2937 1381/3099/2935
f 133/167/155 132/176/164 1381/3099/2935 1379/3096/2932
f 1377/3095/2931 134/168/156 133/167/155 1379/3096/2932
s 8
f 135/166/154 134/165/153 1377/3092/2928 1375/3091/2927
s 147
f 1373/3143/2979 136/3144/2980 135/3145/2981 1375/3146/2982
f 137/3147/2983 136/3144/2980 1373/3143/2979 1371/3148/2984
f 138/3149/2985 137/3147/2983 1371/3148/2984 1369/3150/2986
f 139/3151/2987 138/3149/2985 1369/3150/2986 1367/3152/2988
f 140/3153/2989 139/3151/2987 1367/3152/2988 1365/3154/2990
f 141/3155/2991 140/3153/2989 1365/3154/2990 1363/3156/2992
f 142/3157/2993 141/3155/2991 1363/3156/2992 1361/3158/2994
s 5
f 127/154/142 142/153/141 1361/3072/2908 1360/3071/2907
s 148
f 184/3159/2995 1393/3160/2996 1392/3161/2997 183/3162/2998
s 10
f 147/171/159 1417/3141/2977 1415/3139/2975 148/172/160
s 17
f 183/261/247 1392/3110/2946 1417/3109/2945 147/262/248
s 10
f 148/172/160 1415/3139/2975 1413/3136/2972 152/178/166
f 152/178/166 1413/3136/2972 1478/3163/2999 1450/3164/3000
s 6
f 1457/3165/3001 1472/3166/3002 1407/3130/2966 145/157/145
f 145/157/145 1407/3130/2966 1405/3129/2965 146/158/146
s 18
f 146/267/253 1405/3126/2962 1403/3125/2961 190/268/254
s 149
f 190/3167/3003 1403/3168/3004 1401/3169/3005 189/3170/3006
f 189/3170/3006 1401/3169/3005 1399/3171/3007 188/3172/3008
s 148
f 186/3173/3009 1397/3174/3010 1395/3175/3011 185/3176/3012
f 185/3176/3012 1395/3175/3011 1393/3160/2996 184/3159/2995
s 5
f 1362/3073/2909 126/240/228 111/239/227 1359/3074/2910
s 150
f 1364/3177/3013 125/3178/3014 126/3179/3015 1362/3180/3016
f 1366/3181/3017 124/3182/3018 125/3178/3014 1364/3177/3013
f 1368/3183/3019 123/3184/3020 124/3182/3018 1366/3181/3017
f 1370/3185/3021 122/3186/3022 123/3184/3020 1368/3183/3019
f 1372/3187/3023 121/3188/3024 122/3186/3022 1370/3185/3021
f 1374/3189/3025 120/3190/3026 121/3188/3024 1372/3187/3023
f 119/3191/3027 120/3190/3026 1374/3189/3025 1376/3192/3028
s 8
f 1378/3093/2929 118/214/202 119/213/201 1376/3094/2930
s 7
f 117/209/197 118/212/200 1378/3098/2934 1380/3097/2933
f 1382/3100/2936 116/207/195 117/209/197 1380/3097/2933
f 1384/3102/2938 115/205/193 116/207/195 1382/3100/2936
f 1386/3104/2940 114/203/191 115/205/193 1384/3102/2938
f 1388/3106/2942 113/201/189 114/203/191 1386/3104/2940
f 1390/3068/2904 112/197/185 113/201/189 1388/3106/2942
f 1359/3067/2903 111/198/186 112/197/185 1390/3068/2904
s 151
f 1394/3193/3029 204/3194/3030 205/3195/3031 1391/3196/3032
f 1396/3197/3033 203/3198/3034 204/3194/3030 1394/3193/3029
f 1398/3199/3035 202/3200/3036 203/3198/3034 1396/3197/3033
s 152
f 1402/3201/3037 199/3202/3038 200/3203/3039 1400/3204/3040
f 1404/3205/3041 198/3206/3042 199/3202/3038 1402/3201/3037
s 18
f 1406/3127/2963 173/286/270 198/285/269 1404/3128/2964
s 6
f 1408/3131/2967 171/233/221 173/237/225 1406/3132/2968
f 1475/3207/3043 1468/3208/3044 171/233/221 1408/3131/2967
s 10
f 1414/3137/2973 163/221/209 1461/3209/3045 1481/3210/3046
f 1416/3140/2976 161/219/207 163/221/209 1414/3137/2973
f 1418/3142/2978 162/220/208 161/219/207 1416/3140/2976
s 17
f 1391/3107/2943 205/292/276 162/291/275 1418/3108/2944
s 5
f 1361/3072/2908 1420/3211/3047 1419/3212/3048 1362/3073/2909
s 153
f 1362/3213/3049 1419/3214/3050 1421/3215/3051 1364/3216/3052
s 154
f 1363/3217/3053 1422/3218/3054 1420/3219/3055 1361/3220/3056
s 153
f 1364/3216/3052 1421/3215/3051 1423/3221/3057 1366/3222/3058
s 154
f 1365/3223/3059 1424/3224/3060 1422/3218/3054 1363/3217/3053
s 153
f 1366/3222/3058 1423/3221/3057 1425/3225/3061 1368/3226/3062
s 154
f 1367/3227/3063 1426/3228/3064 1424/3224/3060 1365/3223/3059
s 153
f 1368/3226/3062 1425/3225/3061 1427/3229/3065 1370/3230/3066
s 154
f 1369/3231/3067 1428/3232/3068 1426/3228/3064 1367/3227/3063
s 153
f 1370/3230/3066 1427/3229/3065 1429/3233/3069 1372/3234/3070
s 154
f 1371/3235/3071 1430/3236/3072 1428/3232/3068 1369/3231/3067
s 153
f 1372/3237/3070 1429/3238/3069 1431/3239/3073 1374/3240/3074
s 154
f 1373/3241/3075 1432/3242/3076 1430/3243/3072 1371/3244/3071
s 153
f 1374/3240/3074 1431/3239/3073 1433/3245/3077 1376/3246/3078
s 8
f 1376/3094/2930 1433/3247/3079 1434/3248/3080 1375/3091/2927
s 154
f 1375/3249/3081 1434/3250/3082 1432/3242/3076 1373/3241/3075
s 17
f 1392/3110/2946 1436/3251/3083 1435/3252/3084 1391/3107/2943
s 155
f 1391/3253/3085 1435/3254/3086 1437/3255/3087 1394/3256/3088
s 156
f 1393/3257/3089 1438/3258/3090 1436/3259/3091 1392/3260/3092
s 155
f 1394/3256/3088 1437/3255/3087 1439/3261/3093 1396/3262/3094
s 156
f 1395/3263/3095 1440/3264/3096 1438/3258/3090 1393/3257/3089
s 155
f 1396/3262/3094 1439/3261/3093 1441/3265/3097 1398/3266/3098
s 156
f 1397/3267/3099 1442/3268/3100 1440/3264/3096 1395/3263/3095
s 157
f 1400/3269/3101 1443/3270/3102 1445/3271/3103 1402/3272/3104
s 158
f 1401/3273/3105 1446/3274/3106 1444/3275/3107 1399/3276/3108
s 157
f 1402/3272/3104 1445/3271/3103 1447/3277/3109 1404/3278/3110
s 18
f 1404/3128/2964 1447/3279/3111 1448/3280/3112 1403/3125/2961
s 158
f 1403/3281/3113 1448/3282/3114 1446/3274/3106 1401/3273/3105
s off
f 1456/3283/3115 156/3284/3116 187/542/3117 188/544/3118
f 1453/3285/3119 1449/3286/3120 186/538/3121 187/542/3122
usemtl initialShadingGroup lambert1SG
f 1460/3287/3123 1464/3288/3124 201/506/3125 202/508/3126
f 167/3289/3127 1467/3290/3128 200/504/3129 201/506/3130
f 1400/3291/3131 200/3292/3132 169/3293/3133 1474/3294/3134
f 1444/3295/3135 1443/3296/3136 1410/3297/3137 1471/3298/3138
usemtl lambert1SG
f 1409/3299/3139 158/3300/3140 188/3301/3141 1399/3302/3142
usemtl initialShadingGroup lambert1SG
f 154/3303/3143 1477/3304/3144 1397/3305/3145 186/3306/3146
usemtl lambert1SG
f 202/3307/3147 1398/3308/3148 1480/3309/3149 165/3310/3150
f 1441/3311/3151 1442/3312/3152 1411/3313/3153 1412/3314/3154
